time_group,mfe_pips,max_score,max_surprise,pred_base,pred_v1,pred_v2,error_rel_base,error_rel_v1,error_rel_v2,gain_v2_vs_v1
2024-01-02 09:15:00+01:00,4.7,57.48,0.01702127659574462,12.88912296,12.88912296,12.88912296,174.23665872340422,174.23665872340422,174.23665872340422,0.0
2024-01-02 09:45:00+01:00,14.9,57.67,0.02027027027027024,12.949467340000002,12.949467340000002,12.949467340000002,13.0908232214765,13.0908232214765,13.0908232214765,0.0
2024-01-02 09:50:00+01:00,16.8,66.24,0.002380952380952415,15.67131648,15.67131648,15.67131648,6.718354285714291,6.718354285714291,6.718354285714291,0.0
2024-01-02 09:55:00+01:00,17.6,67.49,0.004640371229698277,16.06831898,16.06831898,16.06831898,8.702733068181821,8.702733068181821,8.702733068181821,0.0
2024-01-02 10:00:00+01:00,12.7,70.61,0.0045248868778279576,17.05923722,17.05923722,17.05923722,34.32470251968505,34.32470251968505,34.32470251968505,0.0
2024-01-02 10:30:00+01:00,36.6,58.29,0.004310344827586115,13.146380580000002,13.146380580000002,13.146380580000002,64.08092737704918,64.08092737704918,64.08092737704918,0.0
2024-01-02 15:45:00+01:00,10.9,71.84,0.006224066390041582,17.449887680000003,17.449887680000003,17.449887680000003,60.09071266055048,60.09071266055048,60.09071266055048,0.0
2024-01-03 16:00:00+01:00,17.9,70.95,0.006369426751592296,17.167221899999998,17.167221899999998,17.167221899999998,4.093732402234642,4.093732402234642,4.093732402234642,0.0
2024-01-04 08:45:00+01:00,7.9,62.84,0.02631578947368412,14.591469680000001,14.591469680000001,14.591469680000001,84.70214784810128,84.70214784810128,84.70214784810128,0.0
2024-01-04 09:15:00+01:00,13.6,72.52,0.0059880239520957515,17.665857039999995,17.665857039999995,17.665857039999995,29.89600764705879,29.89600764705879,29.89600764705879,0.0
2024-01-04 09:45:00+01:00,25.4,74.29,0.002061855670103122,18.22801258,18.22801258,18.22801258,28.236170944881877,28.236170944881877,28.236170944881877,0.0
2024-01-04 09:50:00+01:00,26.6,69.75,0.03160270880361187,16.7860995,16.7860995,16.7860995,36.89436278195489,36.89436278195489,36.89436278195489,0.0
2024-01-04 09:55:00+01:00,17.9,69.19,0.018595041322314022,16.60824238,16.60824238,16.60824238,7.216523016759768,7.216523016759768,7.216523016759768,0.0
2024-01-04 10:00:00+01:00,12.9,77.45,0.014553014553014464,19.2316349,19.2316349,19.2316349,49.08244108527131,49.08244108527131,49.08244108527131,0.0
2024-01-04 10:30:00+01:00,18.0,73.53,0.013282732447817755,17.98663506,17.98663506,17.98663506,0.07424966666666045,0.07424966666666045,0.07424966666666045,0.0
2024-01-04 14:00:00+01:00,20.7,55.29,0.33333333333333326,12.193574579999998,41.69520961097411,30.483936449999998,41.09384260869566,101.42613338634835,47.26539347826086,54.16073990808749
2024-01-04 14:30:00+01:00,16.1,71.98,0.06481481481481481,17.49435196,17.598022193837036,17.533228297688886,8.66057118012421,9.304485676006422,8.90203911608003,0.40244655992639267
2024-01-04 15:45:00+01:00,22.3,72.91,0.001960784313725518,17.789721819999997,17.789721819999997,17.789721819999997,20.225462690582976,20.225462690582976,20.225462690582976,0.0
2024-01-05 08:00:00+01:00,3.1,55.32,3.8,12.203102640000001,74.3794361913548,30.5077566,293.64847225806454,2299.336651334026,884.1211806451613,1415.2154706888648
2024-01-05 11:00:00+01:00,3.0,57.93,1.0,13.03204386,55.825467572620184,32.58010965,334.401462,1760.8489190873395,986.0036549999999,774.8452640873396
2024-01-05 14:30:00+01:00,28.0,86.5,0.27058823529411763,22.105933,73.28145030599713,55.2648325,21.050239285714284,161.71946537856115,97.37440178571427,64.34506359284688
2024-01-05 16:00:00+01:00,45.9,73.69,0.23809523809523808,18.03745138,58.778860026717055,45.09362845,60.70272030501089,28.058518576725618,1.7568007625272366,26.30171781419838
2024-01-08 08:00:00+01:00,5.3,46.38,0.7,9.363740759999999,36.89320656103244,23.409351899999997,76.67435396226414,596.0982370006121,341.6858849056603,254.4123520949518
2024-01-08 08:30:00+01:00,16.3,57.48,0.1333333333333333,12.88912296,39.51263299640429,13.050236997,20.925626012269944,142.40879138898336,19.937196337423313,122.47159505156004
2024-01-08 11:00:00+01:00,4.0,58.03,0.2666666666666666,13.063804059999999,43.21900073395818,32.659510149999996,226.59510149999997,980.4750183489546,716.4877537499999,263.98726459895465
2024-01-09 01:30:00+01:00,3.0,35.6,1.8,5.9399912,29.619787182130956,5.9399912,97.99970666666665,887.3262394043652,97.99970666666665,789.3265327376986
2024-01-09 08:00:00+01:00,12.7,49.75,4.499999999999999,10.4340595,66.49415254457901,26.085148750000002,17.84205118110236,423.5760042880237,105.39487204724412,318.18113224077956
2024-01-09 10:00:00+01:00,10.3,56.36,0.050632911392405104,12.533408719999997,12.536581734865822,12.53459860057468,21.683579805825207,21.714385775396316,21.69513204441437,0.019253730981947825
2024-01-09 11:00:00+01:00,9.2,56.9,0.01538461538461533,12.7049138,12.7049138,12.7049138,38.09688913043479,38.09688913043479,38.09688913043479,0.0
2024-01-10 01:30:00+01:00,9.9,34.27,0.022727272727272846,5.51758054,5.51758054,5.51758054,44.26686323232323,44.26686323232323,44.26686323232323,0.0
2024-01-11 10:00:00+01:00,14.4,58.61,6.5,13.248013219999999,92.77530666469865,33.120033049999996,7.999908194444454,544.2729629492961,130.00022951388888,414.27273343540725
2024-01-11 14:30:00+01:00,54.7,81.7,0.4999999999999999,20.581443400000005,75.59449878738181,51.45360850000001,62.3739608775137,38.19835244493932,5.934902193784267,32.26345025115505
2024-01-11 20:00:00+01:00,19.4,50.1,0.9770114942528736,10.545220200000001,44.91590769853765,26.3630505,45.64319484536081,131.52529741514257,35.892012886597946,95.63328452854464
2024-01-12 08:00:00+01:00,14.3,53.12,1.1428571428571428,11.504378239999998,50.949425834973475,28.7609456,19.549802517482537,256.2896911536606,101.1254937062937,155.16419744736692
2024-01-16 08:00:00+01:00,8.4,55.29,0.044117647058823505,12.193574579999998,12.193574579999998,12.193574579999998,45.16160214285711,45.16160214285711,45.16160214285711,0.0
2024-01-17 08:00:00+01:00,11.2,51.95,0.4999999999999999,11.132783900000002,40.89009709730726,27.831959750000003,0.6001437499999802,265.09015265452916,148.49964062500004,116.59051202952912
2024-01-17 11:00:00+01:00,9.1,59.03,8.061915511118111e-05,13.381406060000002,13.381406060000002,13.381406060000002,47.04841824175826,47.04841824175826,47.04841824175826,0.0
2024-01-17 14:30:00+01:00,15.1,78.63,1.0,19.60640526,83.98811060000375,49.01601315,29.843743443708604,456.2126529801573,224.60935860927148,231.60329437088583
2024-01-18 14:30:00+01:00,18.6,71.98,0.0966183574879227,17.49435196,17.820575141476326,17.616685653053622,5.944344301075279,4.190456228621913,5.2866362739052635,-1.0961800452833508
2024-01-19 08:00:00+01:00,5.5,50.25,5.4,10.592860499999999,70.77195251981144,26.482151249999994,92.59746363636361,1186.7627730874806,381.493659090909,805.2691139965716
2024-01-19 16:00:00+01:00,8.5,62.74,0.12571428571428567,14.559709480000002,44.41844818205982,14.725066180522859,71.2906997647059,422.5699786124685,73.23607271203363,349.33390590043484
2024-01-23 16:00:00+01:00,29.5,58.03,0.12587412587412591,13.063804059999999,39.85884336354443,13.2124847670465,55.71591844067797,35.114723266252305,55.21191604391017,-20.097192777657867
2024-01-24 01:30:00+01:00,1.4,38.38,0.004149377593361055,6.822924760000001,6.822924760000001,6.822924760000001,387.35176857142864,387.35176857142864,387.35176857142864,0.0
2024-01-24 09:15:00+01:00,8.6,68.83,0.022123893805309734,16.493905659999996,16.493905659999996,16.493905659999996,91.78960069767437,91.78960069767437,91.78960069767437,0.0
2024-01-24 09:30:00+01:00,19.6,66.28,0.03890160183066352,15.684020559999999,15.684020559999999,15.684020559999999,19.979486938775523,19.979486938775523,19.979486938775523,0.0
2024-01-24 10:00:00+01:00,37.5,63.94,0.04017857142857153,14.940831879999998,14.940831879999998,14.940831879999998,60.157781653333345,60.157781653333345,60.157781653333345,0.0
2024-01-24 10:30:00+01:00,18.4,66.86,0.012847965738757907,15.868229719999999,15.868229719999999,15.868229719999999,13.759621086956523,13.759621086956523,13.759621086956523,0.0
2024-01-24 15:45:00+01:00,32.1,71.84,0.050104384133611665,17.449887680000003,17.45061627656284,17.45016090371107,45.638979190031144,45.63670941880736,45.63812802582222,-0.0014186070148625163
2024-01-25 14:30:00+01:00,32.0,79.91,0.6499999999999999,20.01293582,77.58034307104748,50.032339549999996,37.4595755625,142.43857209702338,56.35106109374999,86.08751100327339
2024-01-26 01:01:00+01:00,8.3,20.78,0.09523809523809523,1.2331295600000003,1.2554433329904764,1.2331295600000003,85.14301734939758,84.87417671095811,85.14301734939758,-0.26884063843947104
2024-01-26 08:00:00+01:00,18.2,49.68,0.21224489795918364,10.411827359999998,33.45071087267795,26.0295684,42.79215736263737,83.7951146850437,43.01960659340659,40.77550809163711
2024-01-26 08:45:00+01:00,14.5,52.96,0.011111111111111112,11.45356192,11.45356192,11.45356192,21.009917793103448,21.009917793103448,21.009917793103448,0.0
2024-01-26 09:00:00+01:00,23.9,57.25,0.011764705882352988,12.816074500000001,12.816074500000001,12.816074500000001,46.376257322175725,46.376257322175725,46.376257322175725,0.0
2024-01-30 00:30:00+01:00,4.2,28.35,0.040000000000000036,3.6373767000000004,3.6373767000000004,3.6373767000000004,13.395792857142851,13.395792857142851,13.395792857142851,0.0
2024-01-30 01:30:00+01:00,4.8,33.03,1.7000000000000002,5.12375406,25.162873471671585,5.12375406,6.744876250000013,424.2265306598247,6.744876250000013,417.48165440982467
2024-01-30 09:00:00+01:00,8.3,64.87,0.3333333333333333,15.23620174,52.09929385812545,38.090504349999996,83.5686956626506,527.7023356400656,358.9217391566264,168.78059648343918
2024-01-30 10:00:00+01:00,5.3,61.96,0.6666666666666667,14.311979919999999,55.786672828810346,35.7799498,170.03735698113204,952.5787326190633,575.0933924528301,377.4853401662332
2024-01-30 16:00:00+01:00,20.3,60.04,0.0017391304347826335,13.70218408,13.70218408,13.70218408,32.501556256157635,32.501556256157635,32.501556256157635,0.0
2024-01-31 00:50:00+01:00,2.1,28.36,0.24999999999999994,3.64055272,11.939279598932734,3.64055272,73.35965333333333,468.53712375870157,73.35965333333333,395.17747042536826
2024-01-31 01:30:00+01:00,7.6,37.78,0.25000000000000006,6.63236356,21.750994707367646,6.63236356,12.732058421052628,186.19729878115325,12.732058421052628,173.4652403601006
2024-01-31 06:00:00+01:00,0.7,33.12,0.3548387096774194,5.152338239999999,17.796248889145446,5.152338239999999,636.0483199999999,2442.321269877921,636.0483199999999,1806.2729498779213
2024-01-31 08:45:00+01:00,5.3,62.84,0.03030303030303033,14.591469680000001,14.591469680000001,14.591469680000001,175.31074867924534,175.31074867924534,175.31074867924534,0.0
2024-01-31 09:55:00+01:00,13.0,61.5,0.01694915254237297,14.165883,14.165883,14.165883,8.968330769230763,8.968330769230763,8.968330769230763,0.0
2024-01-31 10:00:00+01:00,14.1,56.36,0.052631578947368356,12.533408719999997,12.546601781810525,12.538356118178946,11.110576453900729,11.017008639641666,11.075488523553572,-0.05847988391190562
2024-01-31 14:00:00+01:00,27.7,55.29,0.03125000000000003,12.193574579999998,12.193574579999998,12.193574579999998,55.97987516245488,55.97987516245488,55.97987516245488,0.0
2024-02-02 08:45:00+01:00,10.1,53.81,4.5,11.72352362,74.7116467898477,29.308809049999997,16.074491287128716,639.719275147007,190.1862282178218,449.5330469291852
2024-02-02 14:30:00+01:00,85.8,86.5,3.6,22.105933,132.81586731990149,55.2648325,74.23550932400931,54.797048158393345,35.58877331002331,19.20827484837003
2024-02-02 16:00:00+01:00,22.9,65.08,0.0012674271229403589,15.302898159999998,15.302898159999998,15.302898159999998,33.17511720524018,33.17511720524018,33.17511720524018,0.0
2024-02-05 09:45:00+01:00,11.5,61.47,0.007874015748031609,14.156354940000002,14.156354940000002,14.156354940000002,23.09873860869567,23.09873860869567,23.09873860869567,0.0
2024-02-05 09:50:00+01:00,12.0,68.83,0.009049773755656076,16.493905659999996,16.493905659999996,16.493905659999996,37.4492138333333,37.4492138333333,37.4492138333333,0.0
2024-02-05 09:55:00+01:00,16.9,66.28,0.002123142250530816,15.684020559999999,15.684020559999999,15.684020559999999,7.195144615384616,7.195144615384616,7.195144615384616,0.0
2024-02-05 10:30:00+01:00,11.8,66.86,0.00929368029739777,15.868229719999999,15.868229719999999,15.868229719999999,34.47652305084744,34.47652305084744,34.47652305084744,0.0
2024-02-05 15:45:00+01:00,13.6,71.42,0.007561436672967837,17.31649484,17.31649484,17.31649484,27.327167941176477,27.327167941176477,27.327167941176477,0.0
2024-02-05 16:00:00+01:00,17.7,73.69,0.026923076923076897,18.03745138,18.03745138,18.03745138,1.906504971751418,1.906504971751418,1.906504971751418,0.0
2024-02-06 01:30:00+01:00,3.9,33.03,28.0,5.12375406,49.842256240369416,5.12375406,31.378309230769247,1178.0065702658826,31.378309230769247,1146.6282610351134
2024-02-06 11:00:00+01:00,2.0,49.55,0.10000000000000009,10.370539099999997,31.111617299999992,10.448318143249999,418.5269549999998,1455.5808649999997,422.41590716249993,1033.1649578374997
2024-02-06 22:45:00+01:00,4.5,18.81,0.04761904761904766,0.607453619999999,0.607453619999999,0.607453619999999,86.5010306666667,86.5010306666667,86.5010306666667,0.0
2024-02-07 08:00:00+01:00,10.6,49.75,3.0000000000000004,10.4340595,59.70319916704354,26.085148750000002,1.565476415094336,463.23772799097685,146.08630896226418,317.15141902871267
2024-02-08 14:30:00+01:00,14.7,71.98,0.00909090909090909,17.49435196,17.49435196,17.49435196,19.009197006802722,19.009197006802722,19.009197006802722,0.0
2024-02-09 10:00:00+01:00,8.7,58.61,0.2222222222222223,13.248013219999999,42.79931889797409,33.120033049999996,52.276014022988505,391.94619422958726,280.6900350574713,111.25615917211599
2024-02-12 20:00:00+01:00,13.9,50.1,0.047619047619047616,10.545220200000001,10.545220200000001,10.545220200000001,24.13510647482014,24.13510647482014,24.13510647482014,0.0
2024-02-13 07:30:00+01:00,8.0,34.66,0.013513513513513466,5.641445319999998,5.641445319999998,5.641445319999998,29.481933500000025,29.481933500000025,29.481933500000025,0.0
2024-02-13 08:00:00+01:00,6.3,51.42,0.050000000000000044,10.964454839999998,10.964454839999998,10.964454839999998,74.0389657142857,74.0389657142857,74.0389657142857,0.0
2024-02-13 08:30:00+01:00,7.2,57.48,0.23529411764705876,12.88912296,41.93841566452811,32.2228074,79.01559666666667,482.4779953406681,347.5389916666667,134.9390036740014
2024-02-13 14:30:00+01:00,90.7,81.7,0.06896551724137938,20.581443400000005,20.737578487862073,20.639994057948282,77.30822116868798,77.13607663962284,77.24366697028854,-0.10759033066570112
2024-02-14 08:00:00+01:00,11.5,51.95,1.0,11.132783900000002,47.68959292026494,27.831959750000003,3.1931834782608566,314.69211235012995,142.01704130434786,172.6750710457821
2024-02-14 11:00:00+01:00,4.0,54.3,14.0,11.8791486,99.81718834185217,29.697871499999998,196.97871500000002,2395.4297085463045,642.4467874999999,1752.9829210463045
2024-02-15 00:50:00+01:00,2.0,29.38,1.3333333333333335,3.9645067599999995,18.264444883207354,3.9645067599999995,98.22533799999998,813.2222441603677,98.22533799999998,714.9969061603678
2024-02-15 01:30:00+01:00,4.9,33.77,0.02499999999999991,5.3587795400000005,5.3587795400000005,5.3587795400000005,9.362847755102042,9.362847755102042,9.362847755102042,0.0
2024-02-15 05:30:00+01:00,7.3,28.36,0.2222222222222223,3.64055272,11.761248591822206,3.64055272,50.12941479452054,61.11299440852337,50.12941479452054,10.983579614002828
2024-02-15 08:00:00+01:00,10.2,55.37,3.0000000000000004,12.21898274,69.91644624461719,30.54745685,19.793948431372552,585.4553553393841,199.48487107843138,385.97048426095273
2024-02-15 14:30:00+01:00,26.7,78.63,7.0,19.60640526,139.86671353805812,49.01601315,26.567770561797754,423.8453690563975,83.58057359550563,340.26479546089183
2024-02-15 15:15:00+01:00,22.7,65.88,1.3333333333333335,15.556979759999997,71.67085758120699,38.8924494,31.46704951541851,215.7306501374757,71.33237621145373,144.39827392602194
2024-02-16 08:00:00+01:00,2.0,50.25,1.4374999999999998,10.592860499999999,49.76699548060738,26.482151249999994,429.6430249999999,2388.3497740303687,1224.1075624999996,1164.242211530369
2024-02-16 14:30:00+01:00,28.3,61.26,0.08835616438356164,14.089658519999997,14.305828623320545,14.1707223087452,50.21322077738517,49.44936882218889,49.926776294186574,-0.4774074719976866
2024-02-16 16:00:00+01:00,22.7,62.74,0.024836601307189617,14.559709480000002,14.559709480000002,14.559709480000002,35.86031066079294,35.86031066079294,35.86031066079294,0.0
2024-02-21 16:00:00+01:00,11.0,58.03,0.0064102564102563875,13.063804059999999,13.063804059999999,13.063804059999999,18.761855090909084,18.761855090909084,18.761855090909084,0.0
2024-02-22 01:30:00+01:00,5.4,38.38,0.02074688796680498,6.822924760000001,6.822924760000001,6.822924760000001,26.350458518518533,26.350458518518533,26.350458518518533,0.0
2024-02-22 09:15:00+01:00,28.0,68.83,0.07586206896551717,16.493905659999996,16.664532270275856,16.557890638853447,41.093194071428584,40.48381332044337,40.86467628980912,-0.3808629693657508
2024-02-22 09:30:00+01:00,29.8,66.28,0.08242950108459879,15.684020559999999,15.887470544704554,15.760314304264208,47.36905852348994,46.686340454011564,47.113039247435545,-0.42669879342398076
2024-02-22 10:00:00+01:00,20.5,63.94,0.024590163934426288,14.940831879999998,14.940831879999998,14.940831879999998,27.117893268292697,27.117893268292697,27.117893268292697,0.0
2024-02-22 10:30:00+01:00,8.5,66.86,0.008421052631578918,15.868229719999999,15.868229719999999,15.868229719999999,86.68505552941174,86.68505552941174,86.68505552941174,0.0
2024-02-22 11:00:00+01:00,6.3,59.03,0.0001618384851917464,13.381406060000002,13.381406060000002,13.381406060000002,112.40327079365082,112.40327079365082,112.40327079365082,0.0
2024-02-22 14:30:00+01:00,27.6,71.98,0.0779816513761468,17.49435196,17.690160303038528,17.56778008863945,36.61466681159421,35.90521629333867,36.34862286724837,-0.44340657390970506
2024-02-22 15:45:00+01:00,8.1,71.84,0.019801980198019802,17.449887680000003,17.449887680000003,17.449887680000003,115.43071209876547,115.43071209876547,115.43071209876547,0.0
2024-02-23 01:01:00+01:00,9.0,20.78,0.16666666666666666,1.2331295600000003,3.8585573963468485,1.2331295600000003,86.29856044444443,57.127140040590575,86.29856044444443,-29.17142040385386
2024-02-27 00:30:00+01:00,2.5,24.63,0.11111111111111108,2.4558972599999995,7.421966304828165,2.4558972599999995,1.764109600000019,196.87865219312658,1.764109600000019,195.11454259312657
2024-02-27 08:45:00+01:00,5.8,52.96,0.03260869565217391,11.45356192,11.45356192,11.45356192,97.47520551724139,97.47520551724139,97.47520551724139,0.0
2024-02-27 14:30:00+01:00,10.8,67.41,0.35555555555555546,16.042910819999996,55.43076433814872,40.10727704999999,48.54547055555551,413.24781794582145,271.3636763888888,141.88414155693266
2024-02-27 16:00:00+01:00,13.1,60.04,0.07217391304347824,13.70218408,13.823716495318264,13.747758735744348,4.596825038167944,5.524553399376063,4.944723173620981,0.5798302257550816
2024-02-28 01:30:00+01:00,3.0,34.27,0.0555555555555556,5.51758054,5.52984183008889,5.51758054,83.91935133333334,84.32806100296301,83.91935133333334,0.4087096696296726
2024-02-28 10:00:00+01:00,10.7,57.78,0.0010319917440659888,12.984403560000002,12.984403560000002,12.984403560000002,21.34956598130844,21.34956598130844,21.34956598130844,0.0
2024-02-28 14:30:00+01:00,19.4,79.91,0.030303030303030196,20.01293582,20.01293582,20.01293582,3.159462989690725,3.159462989690725,3.159462989690725,0.0
2024-02-29 00:50:00+01:00,5.6,28.36,0.02739726027397263,3.64055272,3.64055272,3.64055272,34.99012999999999,34.99012999999999,34.99012999999999,0.0
2024-02-29 01:30:00+01:00,1.2,33.03,0.2666666666666666,5.12375406,16.95092252323335,5.12375406,326.979505,1312.5768769361125,326.979505,985.5973719361125
2024-02-29 06:00:00+01:00,4.2,33.12,0.025974025974025997,5.152338239999999,5.152338239999999,5.152338239999999,22.67471999999997,22.67471999999997,22.67471999999997,0.0
2024-02-29 08:00:00+01:00,4.3,55.32,0.06666666666666672,12.203102640000001,12.284456657600002,12.2336103966,183.79308465116281,185.68503854883727,184.5025673627907,1.1824711860465698
2024-02-29 08:45:00+01:00,13.9,62.84,0.142857142857143,14.591469680000001,44.99904771759803,14.794708007685715,4.974602014388496,223.73415624171247,6.436748256731761,217.2974079849807
2024-02-29 09:00:00+01:00,19.4,60.09,0.14285714285714282,13.718064179999999,42.30552769300564,13.909137216792857,29.288328969072165,118.06973037631774,28.30341640828424,89.7663139680335
2024-02-29 09:55:00+01:00,5.8,61.5,0.01724137931034492,14.165883,14.165883,14.165883,144.23936206896553,144.23936206896553,144.23936206896553,0.0
2024-02-29 14:00:00+01:00,14.2,55.29,0.03846153846153849,12.193574579999998,12.193574579999998,12.193574579999998,14.129756478873249,14.129756478873249,14.129756478873249,0.0
2024-02-29 14:30:00+01:00,18.4,71.98,0.023809523809523808,17.49435196,17.49435196,17.49435196,4.9220002173913,4.9220002173913,4.9220002173913,0.0
2024-03-01 09:15:00+01:00,7.4,57.48,0.03,12.88912296,12.88912296,12.88912296,74.17733729729729,74.17733729729729,74.17733729729729,0.0
2024-03-01 09:30:00+01:00,7.3,54.61,0.009009009009008978,11.97760522,11.97760522,11.97760522,64.07678383561644,64.07678383561644,64.07678383561644,0.0
2024-03-01 09:45:00+01:00,2.9,57.67,0.0081466395112016,12.949467340000002,12.949467340000002,12.949467340000002,346.53335655172424,346.53335655172424,346.53335655172424,0.0
2024-03-01 09:50:00+01:00,4.0,66.24,0.006410256410256502,15.67131648,15.67131648,15.67131648,291.782912,291.782912,291.782912,0.0
2024-03-01 09:55:00+01:00,5.8,65.78,0.004728132387706923,15.52521956,15.52521956,15.52521956,167.67619931034483,167.67619931034483,167.67619931034483,0.0
2024-03-01 10:00:00+01:00,9.0,58.34,0.008676789587852464,13.162260680000001,13.162260680000001,13.162260680000001,46.2473408888889,46.2473408888889,46.2473408888889,0.0
2024-03-01 10:30:00+01:00,14.8,55.0,0.008492569002123113,12.101469999999999,12.101469999999999,12.101469999999999,18.23331081081082,18.23331081081082,18.23331081081082,0.0
2024-03-01 11:00:00+01:00,17.2,57.93,0.09999999999999998,13.03204386,13.2926847372,13.12978418895,24.23230313953488,22.71694920232558,23.664045413081393,-0.947096210755813
2024-03-01 16:00:00+01:00,40.5,70.95,0.0343434343434344,17.167221899999998,17.167221899999998,17.167221899999998,57.61179777777778,57.61179777777778,57.61179777777778,0.0
2024-03-04 01:30:00+01:00,2.0,35.6,1.25,5.9399912,26.913718092384087,5.9399912,196.99955999999997,1245.6859046192044,196.99955999999997,1048.6863446192044
2024-03-05 08:45:00+01:00,7.5,53.81,10.0,11.72352362,91.1800048243495,29.308809049999997,56.31364826666666,1115.7333976579932,290.78412066666664,824.9492769913265
2024-03-05 09:15:00+01:00,7.1,61.53,0.02242990654205613,14.175411060000002,14.175411060000002,14.175411060000002,99.65367690140849,99.65367690140849,99.65367690140849,0.0
2024-03-05 09:45:00+01:00,7.4,61.47,0.00191204588910123,14.156354940000002,14.156354940000002,14.156354940000002,91.3020937837838,91.3020937837838,91.3020937837838,0.0
2024-03-05 09:50:00+01:00,9.5,68.83,0.008385744234800808,16.493905659999996,16.493905659999996,16.493905659999996,73.62005957894733,73.62005957894733,73.62005957894733,0.0
2024-03-05 09:55:00+01:00,10.5,66.28,0.004338394793926155,15.684020559999999,15.684020559999999,15.684020559999999,49.37162438095237,49.37162438095237,49.37162438095237,0.0
2024-03-05 10:00:00+01:00,9.3,63.94,0.006134969325153462,14.940831879999998,14.940831879999998,14.940831879999998,60.6541062365591,60.6541062365591,60.6541062365591,0.0
2024-03-05 10:30:00+01:00,6.0,55.06,0.009208103130755065,12.12052612,12.12052612,12.12052612,102.00876866666665,102.00876866666665,102.00876866666665,0.0
2024-03-05 15:45:00+01:00,29.0,72.91,0.02140077821011676,17.789721819999997,17.789721819999997,17.789721819999997,38.65613165517242,38.65613165517242,38.65613165517242,0.0
2024-03-05 16:00:00+01:00,29.3,73.69,0.24137931034482765,18.03745138,58.88280737643542,45.09362845,38.438732491467576,100.96521288885809,53.903168771331046,47.062044117527044
2024-03-06 01:30:00+01:00,4.5,39.17,0.33333333333333326,7.073830340000001,24.18854592996374,7.073830340000001,57.196229777777795,437.5232428880832,57.196229777777795,380.3270131103054
2024-03-06 11:00:00+01:00,2.4,49.55,0.23076923076923078,10.370539099999997,33.660657156112784,25.92634774999999,332.1057958333332,1302.5273815046994,980.264489583333,322.2628919213664
2024-03-07 08:00:00+01:00,9.4,46.38,0.8833333333333334,9.363740759999999,38.9247757979816,23.409351899999997,0.3857365957446965,314.09335955299576,149.03565851063826,165.0577010423575
2024-03-07 14:30:00+01:00,16.8,71.98,0.009302325581395349,17.49435196,17.49435196,17.49435196,4.133047380952373,4.133047380952373,4.133047380952373,0.0
2024-03-08 08:00:00+01:00,14.2,49.75,0.6666666666666667,10.4340595,40.670925117035836,26.085148750000002,26.520707746478866,186.41496561292843,83.69823063380284,102.71673497912559
2024-03-08 14:30:00+01:00,36.7,86.5,1.4,22.105933,103.14226553338433,55.2648325,39.765850136239784,181.04159545881288,50.58537465940053,130.45622079941234
2024-03-11 00:50:00+01:00,2.9,29.38,0.6666666666666666,3.9645067599999995,15.453252644566797,3.9645067599999995,36.7071296551724,432.8707808471309,36.7071296551724,396.1636511919585
2024-03-12 08:00:00+01:00,7.2,55.29,0.026315789473684237,12.193574579999998,12.193574579999998,12.193574579999998,69.35520249999996,69.35520249999996,69.35520249999996,0.0
2024-03-12 13:30:00+01:00,23.5,81.7,0.3333333333333335,20.581443400000005,70.37703267645081,51.45360850000001,12.419389787234023,199.4767347934077,118.95152553191492,80.52520926149278
2024-03-12 19:00:00+01:00,5.2,50.1,0.010033444816053512,10.545220200000001,10.545220200000001,10.545220200000001,102.79269615384617,102.79269615384617,102.79269615384617,0.0
2024-03-13 08:00:00+01:00,3.5,53.12,0.28571428571428564,11.504378239999998,38.43256975797475,28.7609456,228.69652114285705,998.0734216564214,721.7413028571428,276.33211879927853
2024-03-13 11:00:00+01:00,9.2,54.3,1.310344827586207,11.8791486,54.481304393094376,29.697871499999998,29.121180434782623,492.18809122928667,222.8029510869565,269.38514014233016
2024-03-14 13:30:00+01:00,13.0,78.63,0.4,19.60640526,69.10725596978288,49.01601315,50.81850199999999,431.59427669063757,277.046255,154.5480216906376
2024-03-15 08:45:00+01:00,3.2,62.84,0.03448275862068969,14.591469680000001,14.591469680000001,14.591469680000001,355.9834275,355.9834275,355.9834275,0.0
2024-03-15 10:00:00+01:00,15.7,57.88,0.11111111111111108,13.016163760000001,39.33614423465153,13.135478594466669,17.094498343949034,150.5486893926849,16.334531245435226,134.2141581472497
2024-03-15 15:00:00+01:00,4.3,62.74,0.006657789613848203,14.559709480000002,14.559709480000002,14.559709480000002,238.59789488372098,238.59789488372098,238.59789488372098,0.0
2024-03-19 13:30:00+01:00,9.0,61.26,0.06736842105263148,14.089658519999997,14.18754456866526,14.126365788249473,56.551761333333296,57.639384096280665,56.95961986943858,0.6797642268420816
2024-03-20 08:00:00+01:00,4.7,51.95,0.0285714285714286,11.132783900000002,11.132783900000002,11.132783900000002,136.8677425531915,136.8677425531915,136.8677425531915,0.0
2024-03-20 16:00:00+01:00,6.6,58.03,0.006666666666666643,13.063804059999999,13.063804059999999,13.063804059999999,97.93642515151515,97.93642515151515,97.93642515151515,0.0
2024-03-20 22:45:00+01:00,8.8,44.34,4.0,8.71583268,53.850514313923206,21.7895817,0.956446818181825,511.9376626582182,147.6088829545454,364.3287797036728
2024-03-21 01:30:00+01:00,5.7,33.77,0.07499999999999996,5.3587795400000005,5.4123673354,5.3587795400000005,5.986323859649118,5.0461870982456185,5.986323859649118,-0.9401367614034992
2024-03-21 09:15:00+01:00,35.5,68.83,0.035789473684210586,16.493905659999996,16.493905659999996,16.493905659999996,53.53829391549297,53.53829391549297,53.53829391549297,0.0
2024-03-21 09:30:00+01:00,26.8,69.27,0.14285714285714285,16.633650539999994,51.296987266008564,16.865333529664284,37.93413977611942,91.40666890301704,37.06965100871536,54.337017894301674
2024-03-21 10:00:00+01:00,23.0,63.94,0.027659574468085046,14.940831879999998,14.940831879999998,14.940831879999998,35.03986139130436,35.03986139130436,35.03986139130436,0.0
2024-03-21 10:30:00+01:00,20.9,55.06,0.04393305439330547,12.12052612,12.12052612,12.12052612,42.00705205741627,42.00705205741627,42.00705205741627,0.0
2024-03-21 13:30:00+01:00,18.6,71.98,0.023255813953488372,17.49435196,17.49435196,17.49435196,5.944344301075279,5.944344301075279,5.944344301075279,0.0
2024-03-21 14:45:00+01:00,28.2,71.84,0.01547388781431329,17.449887680000003,17.449887680000003,17.449887680000003,38.12096567375885,38.12096567375885,38.12096567375885,0.0
2024-03-22 01:01:00+01:00,6.1,20.78,0.10526315789473684,1.2331295600000003,3.7123349518283284,1.2331295600000003,79.7847613114754,39.1420499700274,79.7847613114754,-40.642711341448006
2024-03-22 08:00:00+01:00,7.9,50.25,3.0000000000000004,10.592860499999999,60.61185104227251,26.482151249999994,34.08684177215188,667.2386207882596,235.2171044303797,432.02151635787993
2024-03-26 08:00:00+01:00,11.2,49.68,0.01792114695340502,10.411827359999998,10.411827359999998,10.411827359999998,7.037255714285723,7.037255714285723,7.037255714285723,0.0
2024-03-26 13:30:00+01:00,6.5,67.41,0.27272727272727254,16.042910819999996,53.241031831070735,40.10727704999999,146.81401261538457,719.0927974010882,517.0350315384615,202.05776586262675
2024-03-26 15:00:00+01:00,11.7,60.04,0.02149532710280371,13.70218408,13.70218408,13.70218408,17.112684444444454,17.112684444444454,17.112684444444454,0.0
2024-03-27 01:30:00+01:00,5.5,34.27,0.0285714285714286,5.51758054,5.51758054,5.51758054,0.31964618181818144,0.31964618181818144,0.31964618181818144,0.0
2024-03-27 08:45:00+01:00,7.3,52.96,0.011111111111111112,11.45356192,11.45356192,11.45356192,56.89810849315069,56.89810849315069,56.89810849315069,0.0
2024-03-27 09:00:00+01:00,5.9,60.09,0.030303030303030196,13.718064179999999,13.718064179999999,13.718064179999999,132.5095623728813,132.5095623728813,132.5095623728813,0.0
2024-03-28 01:30:00+01:00,6.6,33.03,0.25000000000000006,5.12375406,16.803473819356412,5.12375406,22.367362727272717,154.59808817206687,22.367362727272717,132.23072544479416
2024-03-28 08:00:00+01:00,19.2,55.37,7.333333333333333,12.21898274,88.17684600270299,30.54745685,36.359464895833334,359.25440626407806,59.10133776041667,300.1530685036614
2024-03-28 10:00:00+01:00,16.5,57.78,0.010256410256410256,12.984403560000002,12.984403560000002,12.984403560000002,21.306645090909075,21.306645090909075,21.306645090909075,0.0
2024-03-28 13:30:00+01:00,29.0,79.91,0.06249999999999992,20.01293582,20.1130004991,20.050460074662503,30.98987648275862,30.644825865172415,30.860482501163784,-0.21565663599136897
2024-03-28 15:00:00+01:00,15.5,62.74,0.03790849673202622,14.559709480000002,14.559709480000002,14.559709480000002,6.066390451612889,6.066390451612889,6.066390451612889,0.0
2024-03-29 00:30:00+01:00,6.2,28.35,0.08333333333333341,3.6373767000000004,3.6858750560000004,3.6373767000000004,41.33263387096774,40.550402322580645,41.33263387096774,-0.7822315483870952
2024-03-29 00:50:00+01:00,4.9,26.75,0.5333333333333332,3.1292134999999996,11.640691330735976,3.1292134999999996,36.138500000000015,137.56512919869337,36.138500000000015,101.42662919869335
2024-03-29 06:00:00+01:00,2.7,33.12,0.4909090909090908,5.152338239999999,18.857120582589808,5.152338239999999,90.82734222222216,598.4118734292522,90.82734222222216,507.58453120703
2024-03-29 08:45:00+01:00,8.0,62.84,0.5714285714285714,14.591469680000001,55.04584503356466,36.4786742,82.39337100000002,588.0730629195582,355.9834275,232.0896354195582
2024-03-29 11:00:00+01:00,8.7,57.88,0.1333333333333333,13.016163760000001,39.90208668705087,13.178865807000001,49.611077701149455,358.6446745638031,51.48121617241381,307.1634583913893
2024-04-01 16:00:00+02:00,33.7,70.95,0.03925619834710741,17.167221899999998,17.167221899999998,17.167221899999998,49.05868872403562,49.05868872403562,49.05868872403562,0.0
2024-04-02 08:30:00+02:00,2.9,63.5,1.5000000000000002,14.801086999999999,70.31903889471046,37.002717499999996,410.3823103448276,2324.7944446451884,1175.955775862069,1148.8386687831194
2024-04-02 09:15:00+02:00,13.0,57.48,0.007843137254901933,12.88912296,12.88912296,12.88912296,0.8529003076923084,0.8529003076923084,0.8529003076923084,0.0
2024-04-02 09:30:00+02:00,4.8,54.61,0.006681514476614795,11.97760522,11.97760522,11.97760522,149.5334420833333,149.5334420833333,149.5334420833333,0.0
2024-04-02 09:45:00+02:00,8.4,57.67,0.03278688524590167,12.949467340000002,12.949467340000002,12.949467340000002,54.16032547619049,54.16032547619049,54.16032547619049,0.0
2024-04-02 09:50:00+02:00,9.9,66.24,0.008733624454148596,15.67131648,15.67131648,15.67131648,58.296126060606056,58.296126060606056,58.296126060606056,0.0
2024-04-02 09:55:00+02:00,11.0,65.78,0.0072115384615383925,15.52521956,15.52521956,15.52521956,41.13835963636364,41.13835963636364,41.13835963636364,0.0
2024-04-02 10:00:00+02:00,14.3,58.34,0.008752735229759268,13.162260680000001,13.162260680000001,13.162260680000001,7.956219020979018,7.956219020979018,7.956219020979018,0.0
2024-04-02 10:30:00+02:00,13.3,55.0,0.008016032064128228,12.101469999999999,12.101469999999999,12.101469999999999,9.011503759398508,9.011503759398508,9.011503759398508,0.0
2024-04-02 14:00:00+02:00,4.2,55.29,0.33333333333333326,12.193574579999998,41.69520961097411,30.483936449999998,190.32320428571424,892.743085975574,625.8080107142857,266.93507526128826
2024-04-02 16:00:00+02:00,0.9,65.08,0.3999999999999999,15.302898159999998,53.93856171993863,38.257245399999995,1600.3220177777773,5893.173524437626,4150.805044444444,1742.3684799931816
2024-04-03 10:00:00+02:00,6.0,56.36,0.041666666666666644,12.533408719999997,12.533408719999997,12.533408719999997,108.89014533333328,108.89014533333328,108.89014533333328,0.0
2024-04-03 11:00:00+02:00,9.3,57.93,0.07692307692307698,13.03204386,13.172388947723078,13.084673267896155,40.12950387096773,41.63859083573202,40.69541148275435,0.9431793529776655
2024-04-03 16:00:00+02:00,33.4,73.69,0.024667931688804632,18.03745138,18.03745138,18.03745138,45.9956545508982,45.9956545508982,45.9956545508982,0.0
2024-04-04 02:30:00+02:00,7.7,35.6,1.5757575757575757,5.9399912,28.58972935672843,5.9399912,22.857257142857147,271.29518645101854,22.857257142857147,248.4379293081614
2024-04-04 08:30:00+02:00,9.3,57.48,0.23076923076923078,12.88912296,41.83546726124794,32.2228074,38.592719999999986,349.8437339919134,246.48179999999996,103.36193399191342
2024-04-04 09:15:00+02:00,14.0,61.53,0.010810810810810836,14.175411060000002,14.175411060000002,14.175411060000002,1.252936142857156,1.252936142857156,1.252936142857156,0.0
2024-04-04 09:45:00+02:00,5.0,61.47,0.02631578947368418,14.156354940000002,14.156354940000002,14.156354940000002,183.12709880000006,183.12709880000006,183.12709880000006,0.0
2024-04-04 09:50:00+02:00,5.8,68.83,0.012578616352201137,16.493905659999996,16.493905659999996,16.493905659999996,184.3776837931034,184.3776837931034,184.3776837931034,0.0
2024-04-04 09:55:00+02:00,4.6,66.28,0.006329113924050723,15.684020559999999,15.684020559999999,15.684020559999999,240.95696869565217,240.95696869565217,240.95696869565217,0.0
2024-04-04 10:00:00+02:00,7.0,63.94,0.008016032064128228,14.940831879999998,14.940831879999998,14.940831879999998,113.4404554285714,113.4404554285714,113.4404554285714,0.0
2024-04-04 10:30:00+02:00,6.9,55.06,0.005617977528089835,12.12052612,12.12052612,12.12052612,75.65979884057968,75.65979884057968,75.65979884057968,0.0
2024-04-04 14:30:00+02:00,18.9,71.98,0.03271028037383177,17.49435196,17.49435196,17.49435196,7.4372912169312135,7.4372912169312135,7.4372912169312135,0.0
2024-04-05 08:00:00+02:00,6.7,46.38,0.7500000000000001,9.363740759999999,37.46948223005382,23.409351899999997,39.75732477611938,459.24600343363915,249.39331194029845,209.8526914933407
2024-04-05 08:45:00+02:00,9.0,53.81,0.6,11.72352362,44.67753040398383,29.308809049999997,30.261373555555554,396.41700448870927,225.65343388888888,170.76357059982038
2024-04-05 09:00:00+02:00,9.2,59.96,4.0,13.676775919999997,84.50155532910942,34.19193979999999,48.66060782608694,818.4951666207546,271.6515195652173,546.8436470555373
2024-04-05 11:00:00+02:00,2.9,49.55,0.46153846153846156,10.370539099999997,37.5126310001296,25.92634774999999,257.604796551724,1193.539000004469,794.0119913793101,399.52700862515894
2024-04-05 14:30:00+02:00,53.6,86.5,0.515,22.105933,81.66504331342385,55.2648325,58.75758768656717,52.36015543549225,3.1060307835820815,49.254124651910175
2024-04-08 08:00:00+02:00,3.1,49.75,6.0,10.4340595,71.60939716838385,26.085148750000002,236.58256451612903,2209.980553818834,741.4564112903225,1468.5241425285112
2024-04-09 07:00:00+02:00,3.0,29.67,0.0050377833753149324,4.05661134,4.05661134,4.05661134,35.220378,35.220378,35.220378,0.0
2024-04-10 20:00:00+02:00,13.3,50.1,0.1949367088607595,10.545220200000001,33.548491024185104,26.3630505,20.712630075187967,152.24429341492558,98.21842481203007,54.025868602895514
2024-04-11 10:00:00+02:00,4.2,58.61,0.8,13.248013219999999,53.803579829954224,33.120033049999996,215.4288861904761,1181.03761499891,688.5722154761904,492.4653995227195
2024-04-11 14:30:00+02:00,34.5,71.98,0.018604651162790697,17.49435196,17.49435196,17.49435196,49.29173344927536,49.29173344927536,49.29173344927536,0.0
2024-04-12 09:00:00+02:00,4.8,60.09,0.07692307692307682,13.718064179999999,13.865797178861538,13.773464054573076,185.79300374999997,188.87077455961537,186.94716780360574,1.923606756009633
2024-04-12 16:00:00+02:00,14.4,62.74,0.03527980535279812,14.559709480000002,14.559709480000002,14.559709480000002,1.1090936111111238,1.1090936111111238,1.1090936111111238,0.0
2024-04-15 14:30:00+02:00,21.6,79.73,2.3333333333333335,19.95576746,106.70403127942345,49.889418649999996,7.612187685185188,394.0001448121456,130.969530787037,263.0306140251086
2024-04-16 08:00:00+02:00,15.1,51.42,0.050000000000000044,10.964454839999998,10.964454839999998,10.964454839999998,27.38771629139074,27.38771629139074,27.38771629139074,0.0
2024-04-16 10:00:00+02:00,7.2,57.88,0.07692307692307698,13.016163760000001,13.15633783126154,13.068729036723079,80.78005222222224,82.72691432307694,81.51012551004277,1.2167888130341709
2024-04-16 14:30:00+02:00,11.2,61.26,0.10743243243243246,14.089658519999997,42.47764193754206,14.21103902414189,25.80052249999998,279.26466015662555,26.88427700126688,252.3803831553587
2024-04-17 08:00:00+02:00,26.2,51.95,0.03225806451612906,11.132783900000002,11.132783900000002,11.132783900000002,57.50845839694656,57.50845839694656,57.50845839694656,0.0
2024-04-17 11:00:00+02:00,5.8,59.03,0.0002393680682996979,13.381406060000002,13.381406060000002,13.381406060000002,130.71389758620694,130.71389758620694,130.71389758620694,0.0
2024-04-18 03:30:00+02:00,5.1,33.77,0.025641025641025664,5.3587795400000005,5.3587795400000005,5.3587795400000005,5.074108627450997,5.074108627450997,5.074108627450997,0.0
2024-04-18 14:30:00+02:00,10.9,71.98,0.013953488372093023,17.49435196,17.49435196,17.49435196,60.498641834862376,60.498641834862376,60.498641834862376,0.0
2024-04-19 01:30:00+02:00,6.0,25.62,0.03703703703703707,2.7703232400000006,2.7703232400000006,2.7703232400000006,53.82794599999999,53.82794599999999,53.82794599999999,0.0
2024-04-23 02:30:00+02:00,5.6,38.38,0.039583333333333304,6.822924760000001,6.822924760000001,6.822924760000001,21.83794214285717,21.83794214285717,21.83794214285717,0.0
2024-04-23 09:15:00+02:00,43.9,68.83,0.03271983640081803,16.493905659999996,16.493905659999996,16.493905659999996,62.42846091116174,62.42846091116174,62.42846091116174,0.0
2024-04-23 09:30:00+02:00,28.7,66.28,0.05335968379446632,15.684020559999999,15.705097899883,15.691924562456125,45.351844738675965,45.27840453002439,45.32430466043162,-0.045900130407233064
2024-04-23 10:00:00+02:00,10.5,63.94,0.021235521235521262,14.940831879999998,14.940831879999998,14.940831879999998,42.29363695238093,42.29363695238093,42.29363695238093,0.0
2024-04-23 10:30:00+02:00,17.7,55.06,0.035849056603773556,12.12052612,12.12052612,12.12052612,31.522451299435026,31.522451299435026,31.522451299435026,0.0
2024-04-23 13:30:00+02:00,7.3,57.3,0.0061728395061729216,12.8319546,12.8319546,12.8319546,75.7802,75.7802,75.7802,0.0
2024-04-23 15:45:00+02:00,48.6,71.84,0.040384615384615415,17.449887680000003,17.449887680000003,17.449887680000003,64.09488131687242,64.09488131687242,64.09488131687242,0.0
2024-04-24 03:30:00+02:00,2.6,37.78,0.24999999999999994,6.63236356,21.750994707367642,6.63236356,155.09090615384616,736.57671951414,155.09090615384616,581.4858133602938
2024-04-24 10:00:00+02:00,8.4,57.78,0.017543859649122834,12.984403560000002,12.984403560000002,12.984403560000002,54.576232857142884,54.576232857142884,54.576232857142884,0.0
2024-04-24 14:30:00+02:00,10.6,67.41,0.040000000000000036,16.042910819999996,16.042910819999996,16.042910819999996,51.34821528301884,51.34821528301884,51.34821528301884,0.0
2024-04-25 08:00:00+02:00,15.7,49.68,0.06563706563706562,10.411827359999998,10.476951531132046,10.436248924174517,33.68262828025478,33.26782464247104,33.527076916085875,-0.25925227361483394
2024-04-25 14:30:00+02:00,37.4,79.91,0.36,20.01293582,69.28925553778001,50.032339549999996,46.4894764171123,85.26538913844922,33.77630895721925,51.48908018122997
2024-04-26 01:01:00+02:00,3.0,20.78,0.05,1.2331295600000003,1.2331295600000003,1.2331295600000003,58.89568133333333,58.89568133333333,58.89568133333333,0.0
2024-04-26 08:45:00+02:00,5.0,52.96,0.021739130434782608,11.45356192,11.45356192,11.45356192,129.0712384,129.0712384,129.0712384,0.0
2024-04-26 09:00:00+02:00,9.5,57.25,0.041525423728813425,12.816074500000001,12.816074500000001,12.816074500000001,34.90604736842106,34.90604736842106,34.90604736842106,0.0
2024-04-26 16:00:00+02:00,31.7,62.74,0.03225806451612906,14.559709480000002,14.559709480000002,14.559709480000002,54.070317097791786,54.070317097791786,54.070317097791786,0.0
2024-04-29 09:00:00+02:00,9.1,60.09,0.02941176470588238,13.718064179999999,13.718064179999999,13.718064179999999,50.747958021978015,50.747958021978015,50.747958021978015,0.0
2024-04-29 14:00:00+02:00,13.0,55.29,0.16666666666666663,12.193574579999998,38.15463428154775,30.483936449999998,6.203272461538475,193.49718678113655,134.49181884615382,59.00536793498273
2024-04-30 01:30:00+02:00,7.8,28.35,0.040000000000000036,3.6373767000000004,3.6373767000000004,3.6373767000000004,53.36696538461538,53.36696538461538,53.36696538461538,0.0
2024-04-30 01:50:00+02:00,6.1,28.36,3.0,3.64055272,20.831071944748068,3.64055272,40.31880786885245,241.49298270078802,40.31880786885245,201.17417483193557
2024-04-30 03:30:00+02:00,12.9,33.03,3.0000000000000004,5.12375406,29.31788045938668,5.12375406,60.28097627906976,127.27039115803626,60.28097627906976,66.9894148789665
2024-04-30 07:00:00+02:00,10.4,33.12,0.6842105263157896,5.152338239999999,20.198054087538328,5.152338239999999,50.45828615384617,94.21205853402238,50.45828615384617,43.75377238017621
2024-04-30 07:30:00+02:00,12.0,49.25,1.0,10.275258499999998,44.01620469930186,25.688146249999996,14.37284583333335,266.8017058275155,114.06788541666664,152.73382041084886
2024-04-30 08:45:00+02:00,12.7,62.84,0.09090909090909079,14.591469680000001,14.830239183854546,14.681008243945456,14.89346204724411,16.773536880744466,15.598490109806749,1.1750467709377173
2024-04-30 09:00:00+02:00,2.2,64.87,0.2631578947368421,15.23620174,50.314162515188805,38.090504349999996,592.5546245454544,2187.0073870540364,1631.386561363636,555.6208256904004
2024-04-30 10:00:00+02:00,7.3,64.04,1.9999999999999998,14.972592080000002,76.8007353363676,37.4314802,105.10400109589044,952.0648676214739,412.7600027397261,539.3048648817478
2024-04-30 11:00:00+02:00,25.8,57.93,1.0,13.03204386,55.825467572620184,32.58010965,49.48820209302326,116.37778128922551,26.279494767441847,90.09828652178366
2024-04-30 16:00:00+02:00,18.1,60.04,0.0673076923076923,13.70218408,13.7970453544,13.7377570579,24.297325524861883,23.77323008618785,24.100789735359125,-0.327559649171274
2024-05-01 00:45:00+02:00,2.7,18.81,0.023809523809523725,0.607453619999999,0.607453619999999,0.607453619999999,77.50171777777783,77.50171777777783,77.50171777777783,0.0
2024-05-01 01:00:00+02:00,2.7,31.35,0.006012024048096136,4.5901827,4.5901827,4.5901827,70.00676666666664,70.00676666666664,70.00676666666664,0.0
2024-05-01 10:30:00+02:00,5.9,55.0,0.008213552361396275,12.101469999999999,12.101469999999999,12.101469999999999,105.10966101694912,105.10966101694912,105.10966101694912,0.0
2024-05-01 15:45:00+02:00,13.9,71.84,0.0020040080160320926,17.449887680000003,17.449887680000003,17.449887680000003,25.538760287769808,25.538760287769808,25.538760287769808,0.0
2024-05-01 16:00:00+02:00,7.2,70.95,0.015999999999999945,17.167221899999998,17.167221899999998,17.167221899999998,138.43363749999997,138.43363749999997,138.43363749999997,0.0
2024-05-02 07:00:00+02:00,7.0,29.67,0.03526448362720417,4.05661134,4.05661134,4.05661134,42.04840942857143,42.04840942857143,42.04840942857143,0.0
2024-05-02 08:30:00+02:00,9.2,57.48,0.27272727272727254,12.88912296,42.7746693531732,32.2228074,40.09916260869566,364.9420581866653,250.24790652173917,114.69415166492612
2024-05-02 09:15:00+02:00,4.7,57.48,0.02755905511811035,12.88912296,12.88912296,12.88912296,174.23665872340422,174.23665872340422,174.23665872340422,0.0
2024-05-02 09:30:00+02:00,16.5,54.61,0.09010989010989014,11.97760522,12.169773391661538,12.049668284373077,27.40845321212122,26.24379762629371,26.971707367435897,-0.727909741142188
2024-05-02 09:45:00+02:00,27.3,57.67,0.054000000000000055,12.949467340000002,12.970186487744003,12.957237020404,52.5660536996337,52.490159385553106,52.537593331853486,-0.047433946300380114
2024-05-02 09:50:00+02:00,24.8,66.24,0.008908685968819567,15.67131648,15.67131648,15.67131648,36.80920774193549,36.80920774193549,36.80920774193549,0.0
2024-05-02 09:55:00+02:00,23.6,65.78,0.007109004739336425,15.52521956,15.52521956,15.52521956,34.215171355932206,34.215171355932206,34.215171355932206,0.0
2024-05-02 10:00:00+02:00,20.5,58.34,0.002192982456140382,13.162260680000001,13.162260680000001,13.162260680000001,35.793850341463404,35.793850341463404,35.793850341463404,0.0
2024-05-02 14:30:00+02:00,7.6,71.98,0.018867924528301886,17.49435196,17.49435196,17.49435196,130.18884157894738,130.18884157894738,130.18884157894738,0.0
2024-05-03 08:45:00+02:00,9.4,53.81,2.0,11.72352362,60.13489380719668,29.308809049999997,24.718336382978716,539.7329128425179,211.79584095744676,327.9370718850711
2024-05-03 10:00:00+02:00,6.8,56.36,0.03999999999999997,12.533408719999997,12.533408719999997,12.533408719999997,84.31483411764702,84.31483411764702,84.31483411764702,0.0
2024-05-03 10:30:00+02:00,2.9,55.06,0.0018518518518518782,12.12052612,12.12052612,12.12052612,317.9491765517241,317.9491765517241,317.9491765517241,0.0
2024-05-03 14:30:00+02:00,56.8,86.5,0.6,22.105933,84.24416802735368,55.2648325,61.08110387323944,48.317197231256486,2.702759683098592,45.614437548157895
2024-05-03 15:45:00+02:00,28.6,72.91,0.007858546168958714,17.789721819999997,17.789721819999997,17.789721819999997,37.79817545454547,37.79817545454547,37.79817545454547,0.0
2024-05-03 16:00:00+02:00,25.3,73.69,0.05000000000000003,18.03745138,18.03745138,18.03745138,28.705725770750988,28.705725770750988,28.705725770750988,0.0
2024-05-06 09:15:00+02:00,5.1,61.53,0.003571428571428622,14.175411060000002,14.175411060000002,14.175411060000002,177.9492364705883,177.9492364705883,177.9492364705883,0.0
2024-05-06 09:45:00+02:00,10.3,61.47,0.007312614259597909,14.156354940000002,14.156354940000002,14.156354940000002,37.44033922330098,37.44033922330098,37.44033922330098,0.0
2024-05-06 09:50:00+02:00,11.4,68.83,0.015841584158415786,16.493905659999996,16.493905659999996,16.493905659999996,44.6833829824561,44.6833829824561,44.6833829824561,0.0
2024-05-06 09:55:00+02:00,12.7,66.28,0.0019801980198020084,15.684020559999999,15.684020559999999,15.684020559999999,23.49622488188976,23.49622488188976,23.49622488188976,0.0
2024-05-06 10:00:00+02:00,12.9,63.94,0.007561436672967837,14.940831879999998,14.940831879999998,14.940831879999998,15.820402170542614,15.820402170542614,15.820402170542614,0.0
2024-05-07 03:30:00+02:00,9.6,33.03,1.0,5.12375406,21.94866509040517,5.12375406,46.627561875,128.63192802505387,46.627561875,82.00436615005387
2024-05-07 08:00:00+02:00,5.1,46.38,1.8,9.363740759999999,46.69232650375731,23.409351899999997,83.60275999999999,815.5358137991628,359.0068999999999,456.5289137991629
2024-05-08 08:00:00+02:00,7.9,49.75,0.33333333333333326,10.4340595,35.678651497277,26.085148750000002,32.076702531645566,351.6284999655317,230.19175632911396,121.43674363641776
2024-05-09 14:30:00+02:00,27.8,71.98,0.1,17.49435196,52.483055879999995,17.6255595997,37.0706764028777,88.78797079136689,36.59870647589928,52.18926431546761
2024-05-10 08:00:00+02:00,8.0,55.37,1.4,12.21898274,57.01155261426514,30.54745685,52.737284249999995,612.6444076783142,281.843210625,330.80119705331424
2024-05-10 16:00:00+02:00,26.4,62.74,0.12911392405063296,14.559709480000002,44.51480230342472,14.7324908425,44.849585303030295,68.61667539176032,44.195110445075755,24.42156494668457
2024-05-10 20:00:00+02:00,4.6,50.1,0.1411042944785276,10.545220200000001,32.48522511771102,10.689327426966258,129.2439173913044,606.200546037196,132.37668319491868,473.8238628422773
2024-05-13 09:00:00+02:00,10.6,59.96,0.047499999999999966,13.676775919999997,13.676775919999997,13.676775919999997,29.02618792452828,29.02618792452828,29.02618792452828,0.0
2024-05-14 08:00:00+02:00,5.1,55.29,0.07547169811320761,12.193574579999998,12.317811000249053,12.240163237593393,139.0896976470588,141.52570588723634,140.00320073712538,1.522505150110959
2024-05-15 11:00:00+02:00,6.4,54.3,0.19999999999999996,11.8791486,37.901853377976586,29.697871499999998,85.61169687499999,492.21645903088415,364.0292421875,128.18721684338414
2024-05-15 14:30:00+02:00,34.7,81.7,0.0006693013768484814,20.581443400000005,20.581443400000005,20.581443400000005,40.687482997118146,40.687482997118146,40.687482997118146,0.0
2024-05-16 01:50:00+02:00,3.3,29.38,0.24999999999999994,3.9645067599999995,13.001694610674093,3.9645067599999995,20.136568484848475,293.99074577800286,20.136568484848475,273.8541772931544
2024-05-16 03:30:00+02:00,10.8,33.77,0.05128205128205122,5.3587795400000005,5.361527632071795,5.3587795400000005,50.381670925925924,50.356225628964864,50.381670925925924,-0.025445296961059682
2024-05-16 10:00:00+02:00,7.6,57.88,0.16666666666666663,13.016163760000001,40.728579199909696,32.5404094,71.26531263157896,435.9023578935486,328.16328157894736,107.73907631460122
2024-05-16 14:30:00+02:00,10.3,71.98,0.042253521126760445,17.49435196,17.49435196,17.49435196,69.84807728155337,69.84807728155337,69.84807728155337,0.0
2024-05-17 07:30:00+02:00,9.2,34.66,0.013513513513513466,5.641445319999998,5.641445319999998,5.641445319999998,38.679942173913055,38.679942173913055,38.679942173913055,0.0
2024-05-17 11:00:00+02:00,2.7,59.03,0.0004758128469467729,13.381406060000002,13.381406060000002,13.381406060000002,395.60763185185186,395.60763185185186,395.60763185185186,0.0
2024-05-22 08:00:00+02:00,6.8,51.95,0.2857142857142858,11.132783900000002,37.19118799046095,27.831959750000003,63.71741029411767,446.92923515383757,309.2935257352941,137.63570941854346
2024-05-23 00:45:00+02:00,5.3,34.4,2.666666666666667,5.558868799999999,30.814271216134408,5.558868799999999,4.884316981132061,481.40134370064925,4.884316981132061,476.51702671951716
2024-05-23 02:30:00+02:00,3.7,38.38,0.01609657947686111,6.822924760000001,6.822924760000001,6.822924760000001,84.40337189189191,84.40337189189191,84.40337189189191,0.0
2024-05-23 09:15:00+02:00,14.2,68.83,0.04448742746615095,16.493905659999996,16.493905659999996,16.493905659999996,16.15426521126758,16.15426521126758,16.15426521126758,0.0
2024-05-23 09:30:00+02:00,28.6,66.28,0.05336426914153126,15.684020559999999,15.70512666655406,15.69193534995777,45.160767272727284,45.08696969736343,45.13309318196584,-0.046123484602411224
2024-05-23 10:00:00+02:00,13.5,63.94,0.02597402597402588,14.940831879999998,14.940831879999998,14.940831879999998,10.672828740740723,10.672828740740723,10.672828740740723,0.0
2024-05-23 10:30:00+02:00,6.6,55.06,0.036363636363636306,12.12052612,12.12052612,12.12052612,83.64433515151515,83.64433515151515,83.64433515151515,0.0
2024-05-23 14:30:00+02:00,9.6,71.98,0.022727272727272728,17.49435196,17.49435196,17.49435196,82.23283291666667,82.23283291666667,82.23283291666667,0.0
2024-05-23 15:45:00+02:00,26.4,72.91,0.06822612085769982,17.789721819999997,17.91941686796647,17.838357462987425,32.614690075757586,32.12342095467247,32.430464155350656,-0.30704320067818713
2024-05-23 16:00:00+02:00,8.8,58.03,0.007042253521126861,13.063804059999999,13.063804059999999,13.063804059999999,48.45231886363634,48.45231886363634,48.45231886363634,0.0
2024-05-24 01:01:00+02:00,2.3,20.78,0.05555555555555555,1.2331295600000003,1.2358698479111114,1.2331295600000003,46.38567130434781,46.26652835169081,46.38567130434781,-0.11914295265700048
2024-05-24 08:00:00+02:00,6.7,57.45,4.749999999999999,12.879594900000003,83.24482855595642,32.19898725000001,92.23275970149257,1142.460127700842,380.5818992537315,761.8782284471104
2024-05-24 14:30:00+02:00,9.6,67.41,1.875,16.042910819999996,80.87715029134051,40.10727704999999,67.11365437499997,742.4703155347971,317.78413593749997,424.68617959729715
2024-05-24 16:00:00+02:00,5.9,62.74,0.0571428571428572,14.559709480000002,14.60130864994286,14.575309168728573,146.77473694915258,147.47980762615015,147.03913845302665,0.44066917312349574
2024-05-28 03:30:00+02:00,7.6,33.03,0.5,5.12375406,18.81926415693044,5.12375406,32.582183421052626,147.62189680171633,32.582183421052626,115.0397133806637
2024-05-28 16:00:00+02:00,9.3,60.04,0.06360792492179347,13.70218408,13.776767396890095,13.730152823833786,47.33531268817204,48.137283837527896,47.63605186918048,0.5012319683474189
2024-05-29 03:30:00+02:00,8.1,34.27,0.05882352941176476,5.51758054,5.537054353670589,5.51758054,31.881721728395057,31.641304275671732,31.881721728395057,-0.2404174527233245
2024-05-29 07:00:00+02:00,3.1,29.67,0.06940874035989707,4.05661134,4.088104826495629,4.05661134,30.858430322580638,31.874349241794476,30.858430322580638,1.0159189192138385
2024-05-29 08:00:00+02:00,9.3,49.68,0.07111111111111118,10.411827359999998,10.499749457706665,10.44479814664,11.955132903225781,12.900531803297465,12.309657490752683,0.5908743125447824
2024-05-29 08:45:00+02:00,5.8,52.96,0.01098901098901099,11.45356192,11.45356192,11.45356192,97.47520551724139,97.47520551724139,97.47520551724139,0.0
2024-05-29 10:00:00+02:00,21.0,57.78,0.004166666666666726,12.984403560000002,12.984403560000002,12.984403560000002,38.16950685714285,38.16950685714285,38.16950685714285,0.0
2024-05-29 14:00:00+02:00,0.8,55.29,0.5,12.193574579999998,44.78632236268032,30.483936449999998,1424.1968224999996,5498.29029533504,3710.492056249999,1787.7982390850411
2024-05-30 03:30:00+02:00,5.0,35.6,1.2,5.9399912,26.63417619728773,5.9399912,18.799823999999994,432.68352394575464,18.799823999999994,413.88369994575464
2024-05-30 09:00:00+02:00,15.9,60.09,0.02702702702702693,13.718064179999999,13.718064179999999,13.718064179999999,13.72286679245284,13.72286679245284,13.72286679245284,0.0
2024-05-30 10:00:00+02:00,11.2,56.36,0.041666666666666644,12.533408719999997,12.533408719999997,12.533408719999997,11.905434999999981,11.905434999999981,11.905434999999981,0.0
2024-05-30 11:00:00+02:00,4.1,58.03,0.01538461538461533,13.063804059999999,13.063804059999999,13.063804059999999,218.62936731707316,218.62936731707316,218.62936731707316,0.0
2024-05-30 14:30:00+02:00,18.7,79.91,0.005,20.01293582,20.01293582,20.01293582,7.0210471657754,7.0210471657754,7.0210471657754,0.0
2024-05-31 01:50:00+02:00,2.8,28.36,1.1111111111111112,3.64055272,16.008874504567153,3.64055272,30.019740000000013,471.7455180202554,30.019740000000013,441.7257780202554
2024-05-31 07:00:00+02:00,2.7,33.12,70.5,5.152338239999999,59.44044338387908,5.152338239999999,90.82734222222216,2101.4979031066323,90.82734222222216,2010.6705608844102
2024-05-31 07:30:00+02:00,3.9,35.32,0.4999999999999999,5.85106264,21.490628186183237,5.85106264,50.02724717948719,451.04174836367275,50.02724717948719,401.0145011841856
2024-05-31 08:00:00+02:00,4.8,55.32,10.999999999999998,12.203102640000001,97.05221249707009,30.5077566,154.23130500000002,1921.9210936889604,535.5782624999999,1386.3428311889604
2024-05-31 08:45:00+02:00,5.9,62.84,0.08333333333333323,14.591469680000001,14.786022609066665,14.6644270284,147.31304542372882,150.61055269604515,148.54961065084746,2.0609420451976916
2024-05-31 10:00:00+02:00,14.9,59.12,0.16666666666666663,13.409990239999999,41.96089259711772,33.5249756,10.000065503355714,181.61672883971625,124.99983624161072,56.61689259810552
2024-05-31 11:00:00+02:00,11.8,57.93,0.142857142857143,13.03204386,40.18989014641672,13.213561613764286,10.441049661016942,240.59228937641288,11.979335709866824,228.61295366654605
2024-06-03 09:15:00+02:00,18.5,57.48,0.02857142857142857,12.88912296,12.88912296,12.88912296,30.32906508108108,30.32906508108108,30.32906508108108,0.0
2024-06-03 09:30:00+02:00,12.8,54.61,0.022026431718061675,11.97760522,11.97760522,11.97760522,6.424959218750012,6.424959218750012,6.424959218750012,0.0
2024-06-03 09:45:00+02:00,15.7,57.67,0.04999999999999997,12.949467340000002,12.949467340000002,12.949467340000002,17.519316305732467,17.519316305732467,17.519316305732467,0.0
2024-06-03 09:50:00+02:00,16.0,66.24,0.006423982869379106,15.67131648,15.67131648,15.67131648,2.0542720000000014,2.0542720000000014,2.0542720000000014,0.0
2024-06-03 10:00:00+02:00,9.8,58.34,0.002109704641350241,13.162260680000001,13.162260680000001,13.162260680000001,34.30878244897959,34.30878244897959,34.30878244897959,0.0
2024-06-03 10:30:00+02:00,4.8,55.0,0.0019493177387913123,12.101469999999999,12.101469999999999,12.101469999999999,152.11395833333333,152.11395833333333,152.11395833333333,0.0
2024-06-03 15:45:00+02:00,29.7,71.84,0.007858546168958714,17.449887680000003,17.449887680000003,17.449887680000003,41.246169427609416,41.246169427609416,41.246169427609416,0.0
2024-06-03 16:00:00+02:00,31.3,70.95,0.01814516129032255,17.167221899999998,17.167221899999998,17.167221899999998,45.15264568690097,45.15264568690097,45.15264568690097,0.0
2024-06-04 08:30:00+02:00,14.5,57.48,0.25000000000000006,12.88912296,42.27018660080371,32.2228074,11.109496827586208,191.5185282814049,122.22625793103448,69.29227035037043
2024-06-04 16:00:00+02:00,10.4,65.08,0.16666666666666663,15.302898159999998,47.88394731273051,38.257245399999995,47.14325153846152,360.42257031471644,267.8581288461538,92.56444146856262
2024-06-05 01:00:00+02:00,2.1,20.96,0.011299435028248614,1.2902979199999998,1.2902979199999998,1.2902979199999998,38.557241904761916,38.557241904761916,38.557241904761916,0.0
2024-06-05 09:15:00+02:00,1.8,61.53,0.016071428571428546,14.175411060000002,14.175411060000002,14.175411060000002,687.5228366666666,687.5228366666666,687.5228366666666,0.0
2024-06-05 09:45:00+02:00,6.8,61.47,0.003676470588235216,14.156354940000002,14.156354940000002,14.156354940000002,108.18169029411769,108.18169029411769,108.18169029411769,0.0
2024-06-05 09:50:00+02:00,5.2,68.83,0.004073319755600872,16.493905659999996,16.493905659999996,16.493905659999996,217.19049346153838,217.19049346153838,217.19049346153838,0.0
2024-06-05 09:55:00+02:00,4.6,66.28,0.005565862708719931,15.684020559999999,15.684020559999999,15.684020559999999,240.95696869565217,240.95696869565217,240.95696869565217,0.0
2024-06-05 10:00:00+02:00,4.0,63.94,0.00191204588910123,14.940831879999998,14.940831879999998,14.940831879999998,273.52079699999996,273.52079699999996,273.52079699999996,0.0
2024-06-05 10:30:00+02:00,4.0,55.06,0.0037878787878788418,12.12052612,12.12052612,12.12052612,203.013153,203.013153,203.013153,0.0
2024-06-05 15:45:00+02:00,25.8,72.91,0.0018382352941176733,17.789721819999997,17.789721819999997,17.789721819999997,31.047589844961255,31.047589844961255,31.047589844961255,0.0
2024-06-05 16:00:00+02:00,22.9,73.69,0.05905511811023623,18.03745138,18.102783881061416,18.06195106789803,21.233836768558945,20.948542004098613,21.12685123188633,-0.17830922778771807
2024-06-06 08:00:00+02:00,1.7,46.38,1.6666666666666667,9.363740759999999,45.74389693329026,23.409351899999997,450.80827999999997,2590.8174666641326,1277.0207,1313.7967666641325
2024-06-06 10:00:00+02:00,1.1,56.75,1.3333333333333335,12.6572735,58.31193845976215,31.643183750000002,1050.6612272727273,5201.085314523832,2776.653068181818,2424.4322463420135
2024-06-06 11:00:00+02:00,8.8,49.55,0.6666666666666667,10.370539099999997,40.42332892192076,25.92634774999999,17.84703522727268,359.35601047637226,194.61758806818167,164.7384224081906
2024-06-06 14:30:00+02:00,14.8,71.98,0.04090909090909091,17.49435196,17.49435196,17.49435196,18.2050808108108,18.2050808108108,18.2050808108108,0.0
2024-06-07 08:00:00+02:00,5.7,49.75,1.3333333333333335,10.4340595,48.06961273685811,26.085148750000002,83.05367543859649,743.3265392431247,357.6341885964913,385.6923506466334
2024-06-07 14:30:00+02:00,73.1,86.5,0.6,22.105933,84.24416802735368,55.2648325,69.75932558139534,15.245099900620641,24.39831395348837,-9.153214052867728
2024-06-10 09:00:00+02:00,11.7,59.96,0.02702702702702703,13.676775919999997,13.676775919999997,13.676775919999997,16.89552068376067,16.89552068376067,16.89552068376067,0.0
2024-06-11 08:00:00+02:00,7.6,51.42,0.03508771929824565,10.964454839999998,10.964454839999998,10.964454839999998,44.26914263157894,44.26914263157894,44.26914263157894,0.0
2024-06-12 08:00:00+02:00,6.3,55.29,8.0,12.193574579999998,89.89228229722032,30.483936449999998,93.54880285714283,1326.8616237654019,383.8720071428571,942.9896166225448
2024-06-12 14:30:00+02:00,70.5,81.7,0.02941176470588238,20.581443400000005,20.581443400000005,20.581443400000005,70.80646326241134,70.80646326241134,70.80646326241134,0.0
2024-06-12 20:00:00+02:00,28.8,88.98,0.388,22.893585960000003,80.26906196102387,57.233964900000004,20.508382083333327,178.71202069799955,98.72904479166668,79.98297590633287
2024-06-13 11:00:00+02:00,5.6,54.3,0.5789473684210527,11.8791486,44.93479443109578,29.697871499999998,112.1276535714286,702.4070434124246,430.31913392857143,272.0879094838532
2024-06-13 14:30:00+02:00,20.0,71.98,0.07555555555555556,17.49435196,17.673183113368886,17.561413642513333,12.5282402,11.634084433155572,12.192931787433334,-0.5588473542777628
2024-06-14 08:45:00+02:00,9.4,62.84,0.5,14.591469680000001,53.59365791764043,36.4786742,55.22840085106384,470.1452969961748,288.0710021276596,182.0742948685152
2024-06-14 16:00:00+02:00,19.6,62.74,0.11971830985915492,14.559709480000002,44.24772651320991,14.71197123054789,25.715767959183665,125.75370670005054,24.938922293123014,100.81478440692753
2024-06-18 11:00:00+02:00,7.3,59.03,7.916402786566582e-05,13.381406060000002,13.381406060000002,13.381406060000002,83.30693232876715,83.30693232876715,83.30693232876715,0.0
2024-06-18 14:30:00+02:00,22.1,78.63,1.5000000000000002,19.60640526,93.14880549404214,49.01601315,11.28323411764707,321.487807665349,121.79191470588233,199.69589295946668
2024-06-20 00:45:00+02:00,4.5,44.34,0.4999999999999999,8.71583268,32.01276947171172,21.7895817,93.68517066666668,611.3948771491494,384.21292666666665,227.1819504824827
2024-06-20 14:30:00+02:00,7.8,71.98,6.428571428571429,17.49435196,122.17287767621407,43.7358799,124.28656358974357,1466.3189445668472,460.716408974359,1005.6025355924883
2024-06-20 16:00:00+02:00,6.3,58.03,0.02941176470588238,13.063804059999999,13.063804059999999,13.063804059999999,107.3619692063492,107.3619692063492,107.3619692063492,0.0
2024-06-21 01:01:00+02:00,5.3,20.78,0.125,1.2331295600000003,3.7602870609976313,1.2331295600000003,76.73340452830189,29.051187528346578,76.73340452830189,-47.682216999955315
2024-06-21 01:30:00+02:00,4.2,24.63,0.03846153846153849,2.4558972599999995,2.4558972599999995,2.4558972599999995,41.526255714285725,41.526255714285725,41.526255714285725,0.0
2024-06-21 08:00:00+02:00,8.8,50.25,2.4444444444444446,10.592860499999999,57.356115056486836,26.482151249999994,20.373414772727248,551.7740347328049,200.9335369318181,350.8404978009868
2024-06-21 09:15:00+02:00,33.1,68.83,0.032051282051282055,16.493905659999996,16.493905659999996,16.493905659999996,50.16946930513597,50.16946930513597,50.16946930513597,0.0
2024-06-21 09:30:00+02:00,27.9,66.28,0.06465517241379311,15.684020559999999,15.77596137017931,15.71849836381724,43.78487254480287,43.455335590755155,43.66129618703498,-0.205960596279823
2024-06-21 10:00:00+02:00,15.4,63.94,0.04801670146137781,14.940831879999998,14.940831879999998,14.940831879999998,2.9816111688311873,2.9816111688311873,2.9816111688311873,0.0
2024-06-21 10:30:00+02:00,10.1,55.06,0.03396226415094334,12.12052612,12.12052612,12.12052612,20.005209108910886,20.005209108910886,20.005209108910886,0.0
2024-06-21 15:45:00+02:00,16.0,72.91,0.02607076350093107,17.789721819999997,17.789721819999997,17.789721819999997,11.18576137499998,11.18576137499998,11.18576137499998,0.0
2024-06-25 09:00:00+02:00,14.6,64.87,0.142857142857143,15.23620174,46.98735522666076,15.448420264235715,4.3575461643835665,221.83120018260794,5.811097700244624,216.0201024823633
2024-06-25 16:00:00+02:00,10.8,60.04,0.0040000000000000565,13.70218408,13.70218408,13.70218408,26.872074814814813,26.872074814814813,26.872074814814813,0.0
2024-06-26 08:00:00+02:00,8.8,49.68,0.15343915343915357,10.411827359999998,32.31956562637834,26.0295684,18.316219999999973,267.26779120884476,195.79054999999997,71.47724120884479
2024-06-26 14:00:00+02:00,10.4,57.3,0.009379509379509468,12.8319546,12.8319546,12.8319546,23.384178846153837,23.384178846153837,23.384178846153837,0.0
2024-06-27 10:00:00+02:00,10.0,57.78,0.013402061855670075,12.984403560000002,12.984403560000002,12.984403560000002,29.844035600000023,29.844035600000023,29.844035600000023,0.0
2024-06-27 14:30:00+02:00,22.6,79.91,2.0,20.01293582,102.65478275258874,50.032339549999996,11.447186637168151,354.2247024450829,121.38203340707963,232.8426690380033
2024-06-28 07:00:00+02:00,4.9,33.12,0.13114754098360654,5.152338239999999,15.77308284358608,5.152338239999999,5.149759999999969,221.89964986910365,5.149759999999969,216.7498898691037
2024-06-28 08:00:00+02:00,6.9,55.37,0.16666666666666663,12.21898274,38.234138371690214,30.54745685,77.08670637681158,454.11794741580024,342.7167659420289,111.40118147377132
2024-06-28 09:00:00+02:00,5.2,60.09,0.03030303030303033,13.718064179999999,13.718064179999999,13.718064179999999,163.80892653846152,163.80892653846152,163.80892653846152,0.0
2024-06-28 09:55:00+02:00,4.3,61.5,0.01694915254237282,14.165883,14.165883,14.165883,229.43913953488374,229.43913953488374,229.43913953488374,0.0
2024-06-28 11:00:00+02:00,14.6,57.88,0.5,13.016163760000001,47.80764674511036,32.5404094,10.848193424657524,227.4496352404819,122.87951643835618,104.57011880212573
2024-06-28 16:00:00+02:00,21.0,62.74,0.09090909090909086,14.559709480000002,14.797959271490912,14.649053151809092,30.668050095238087,29.533527278614702,30.242604039004323,-0.7090767603896211
2024-07-01 01:00:00+02:00,4.3,31.35,0.0063157894736841505,4.5901827,4.5901827,4.5901827,6.748434883720929,6.748434883720929,6.748434883720929,0.0
2024-07-01 07:00:00+02:00,8.2,29.67,0.0027397260273972993,4.05661134,4.05661134,4.05661134,50.52913,50.52913,50.52913,0.0
2024-07-01 08:30:00+02:00,18.2,63.5,0.8400000000000001,14.801086999999999,60.799464497738704,37.002717499999996,18.675346153846156,234.0629917458171,103.31163461538459,130.7513571304325
2024-07-01 09:15:00+02:00,19.9,57.48,0.013207547169811375,12.88912296,12.88912296,12.88912296,35.230537889447234,35.230537889447234,35.230537889447234,0.0
2024-07-01 09:30:00+02:00,5.6,54.61,0.028761061946902748,11.97760522,11.97760522,11.97760522,113.8858075,113.8858075,113.8858075,0.0
2024-07-01 09:45:00+02:00,10.2,57.67,0.029279279279279376,12.949467340000002,12.949467340000002,12.949467340000002,26.955562156862772,26.955562156862772,26.955562156862772,0.0
2024-07-01 09:50:00+02:00,15.8,66.24,0.0022075055187638286,15.67131648,15.67131648,15.67131648,0.8144526582278541,0.8144526582278541,0.8144526582278541,0.0
2024-07-01 09:55:00+02:00,16.0,65.78,0.002304147465437821,15.52521956,15.52521956,15.52521956,2.96737775,2.96737775,2.96737775,0.0
2024-07-01 10:00:00+02:00,17.6,58.34,0.004385964912280608,13.162260680000001,13.162260680000001,13.162260680000001,25.214427954545453,25.214427954545453,25.214427954545453,0.0
2024-07-01 10:30:00+02:00,11.3,55.0,0.009727626459143969,12.101469999999999,12.101469999999999,12.101469999999999,7.092654867256622,7.092654867256622,7.092654867256622,0.0
2024-07-01 14:00:00+02:00,2.9,55.29,0.043478260869565064,12.193574579999998,12.193574579999998,12.193574579999998,320.4680889655172,320.4680889655172,320.4680889655172,0.0
2024-07-01 15:45:00+02:00,21.6,71.84,0.0019342359767891956,17.449887680000003,17.449887680000003,17.449887680000003,19.213482962962953,19.213482962962953,19.213482962962953,0.0
2024-07-01 16:00:00+02:00,23.8,70.95,0.012219959266802473,17.167221899999998,17.167221899999998,17.167221899999998,27.8688155462185,27.8688155462185,27.8688155462185,0.0
2024-07-02 10:00:00+02:00,6.6,56.36,0.014492753623188482,12.533408719999997,12.533408719999997,12.533408719999997,89.90013212121208,89.90013212121208,89.90013212121208,0.0
2024-07-02 11:00:00+02:00,11.1,56.98,0.03571428571428575,12.730321959999996,12.730321959999996,12.730321959999996,14.687585225225192,14.687585225225192,14.687585225225192,0.0
2024-07-03 01:00:00+02:00,3.2,20.96,0.01185770750988145,1.2902979199999998,1.2902979199999998,1.2902979199999998,59.67819000000001,59.67819000000001,59.67819000000001,0.0
2024-07-03 09:15:00+02:00,9.9,61.53,0.007092198581560258,14.175411060000002,14.175411060000002,14.175411060000002,43.18597030303032,43.18597030303032,43.18597030303032,0.0
2024-07-03 09:50:00+02:00,6.2,68.83,0.016393442622950907,16.493905659999996,16.493905659999996,16.493905659999996,166.03073645161282,166.03073645161282,166.03073645161282,0.0
2024-07-03 09:55:00+02:00,4.8,66.28,0.007476635514018665,15.684020559999999,15.684020559999999,15.684020559999999,226.75042833333333,226.75042833333333,226.75042833333333,0.0
2024-07-03 10:00:00+02:00,0.6,63.94,0.0038022813688212117,14.940831879999998,14.940831879999998,14.940831879999998,2390.1386466666663,2390.1386466666663,2390.1386466666663,0.0
2024-07-03 14:30:00+02:00,20.3,71.98,0.01276595744680851,17.49435196,17.49435196,17.49435196,13.820926305418723,13.820926305418723,13.820926305418723,0.0
2024-07-03 15:45:00+02:00,28.4,72.91,0.003663003663003585,17.789721819999997,17.789721819999997,17.789721819999997,37.360134436619724,37.360134436619724,37.360134436619724,0.0
2024-07-03 16:00:00+02:00,25.0,73.69,3.4999999999999996,18.03745138,107.56109388261551,45.09362845,27.850194480000003,330.24437553046204,80.37451379999999,249.86986173046205
2024-07-04 07:45:00+02:00,5.5,46.43,0.04545454545454529,9.379620859999998,9.379620859999998,9.379620859999998,70.53856109090904,70.53856109090904,70.53856109090904,0.0
2024-07-04 08:00:00+02:00,6.3,46.38,4.2,9.363740759999999,58.60279437943364,23.409351899999997,48.6308057142857,830.2030853878357,271.57701428571426,558.6260711021214
2024-07-04 08:30:00+02:00,6.2,57.48,0.07142857142857134,12.88912296,12.999601156799999,12.930552283799999,107.88907999999999,109.67098639999998,108.55729489999999,1.1136914999999874
2024-07-05 08:00:00+02:00,2.9,49.75,13.5,10.4340595,86.96221411510882,26.085148750000002,259.7951551724138,2898.697038452028,799.4878879310346,2099.2091505209937
2024-07-05 08:45:00+02:00,3.0,53.81,3.2,11.72352362,68.25404908760915,29.308809049999997,290.7841206666667,2175.1349695869717,876.9603016666666,1298.1746679203052
2024-07-05 09:00:00+02:00,10.6,59.96,0.7142857142857143,13.676775919999997,54.12974068154204,34.19193979999999,29.02618792452828,410.6579309579438,222.56546981132067,188.09246114662312
2024-07-05 11:00:00+02:00,5.0,49.55,1.9999999999999998,10.370539099999997,53.19486595633958,25.92634774999999,107.41078199999994,963.8973191267916,418.5269549999998,545.3703641267917
2024-07-05 14:30:00+02:00,12.8,86.5,2.3333333333333335,22.105933,118.20102489272237,55.2648325,72.70260156249999,823.4455069743935,331.75650390625,491.68900306814356
2024-07-11 14:30:00+02:00,49.9,81.7,0.059322033898305086,20.581443400000005,20.658187765220344,20.61022253695763,58.75462244488977,58.60082612180292,58.69694882373221,-0.09612270192928918
2024-07-11 20:00:00+02:00,6.6,50.1,0.20481927710843373,10.545220200000001,33.73799306006633,26.3630505,59.776063636363666,411.18171303130805,299.4401590909091,111.74155394039894
2024-07-12 08:45:00+02:00,7.2,62.84,0.04761904761904766,14.591469680000001,14.591469680000001,14.591469680000001,102.65930111111112,102.65930111111112,102.65930111111112,0.0
2024-07-12 09:00:00+02:00,10.6,60.09,0.0285714285714286,13.718064179999999,13.718064179999999,13.718064179999999,29.41569981132075,29.41569981132075,29.41569981132075,0.0
2024-07-12 16:00:00+02:00,16.6,62.74,0.037249283667621695,14.559709480000002,14.559709480000002,14.559709480000002,12.290906746987947,12.290906746987947,12.290906746987947,0.0
2024-07-16 14:30:00+02:00,32.2,79.73,3.0000000000000004,19.95576746,114.18596560577278,49.889418649999996,38.02556689440994,254.61480001792785,54.93608276397512,199.67871725395273
2024-07-17 00:45:00+02:00,2.9,32.27,0.0571428571428572,4.882376540000001,4.896326187257144,4.882376540000001,68.35781172413797,68.8388340433498,68.35781172413797,0.4810223192118315
2024-07-17 11:00:00+02:00,5.2,59.03,0.0006320113762047582,13.381406060000002,13.381406060000002,13.381406060000002,157.33473192307693,157.33473192307693,157.33473192307693,0.0
2024-07-17 14:30:00+02:00,9.0,61.26,0.04076923076923072,14.089658519999997,14.089658519999997,14.089658519999997,56.551761333333296,56.551761333333296,56.551761333333296,0.0
2024-07-17 15:15:00+02:00,10.1,65.88,1.0,15.556979759999997,66.64155511212257,38.8924494,54.02950257425741,559.8173773477483,285.07375643564353,274.7436209121048
2024-07-18 14:30:00+02:00,17.5,71.98,0.05652173913043478,17.49435196,17.53998939989565,17.51146599996087,0.03227451428571726,0.22851085654656753,0.0655199997763946,0.16299085677017294
2024-07-19 01:01:00+02:00,2.2,20.78,0.08333333333333333,1.2331295600000003,1.2495712874666671,1.2331295600000003,43.94865636363636,43.2013051151515,43.94865636363636,-0.7473512484848612
2024-07-19 01:30:00+02:00,6.4,24.63,0.03703703703703707,2.4558972599999995,2.4558972599999995,2.4558972599999995,61.626605312500004,61.626605312500004,61.626605312500004,0.0
2024-07-19 08:00:00+02:00,4.4,50.25,2.0,10.592860499999999,54.33524611962596,26.482151249999994,140.7468295454545,1134.8919572642262,501.8670738636362,633.0248834005899
2024-07-23 16:00:00+02:00,7.2,58.03,0.029850746268656744,13.063804059999999,13.063804059999999,13.063804059999999,81.44172305555554,81.44172305555554,81.44172305555554,0.0
2024-07-24 08:00:00+02:00,10.1,49.68,0.12380952380952388,10.411827359999998,31.725473033459735,10.527101162914285,3.0873996039603844,214.11359439069045,4.228724385289952,209.8848700054005
2024-07-24 09:15:00+02:00,19.1,68.83,0.03711790393013091,16.493905659999996,16.493905659999996,16.493905659999996,13.644472984293222,13.644472984293222,13.644472984293222,0.0
2024-07-24 09:30:00+02:00,23.1,66.28,0.03944773175542406,15.684020559999999,15.684020559999999,15.684020559999999,32.10380709956711,32.10380709956711,32.10380709956711,0.0
2024-07-24 10:00:00+02:00,9.2,63.94,0.020754716981132102,14.940831879999998,14.940831879999998,14.940831879999998,62.40034652173912,62.40034652173912,62.40034652173912,0.0
2024-07-24 10:30:00+02:00,6.3,55.06,0.013698630136986217,12.12052612,12.12052612,12.12052612,92.38930349206348,92.38930349206348,92.38930349206348,0.0
2024-07-24 14:30:00+02:00,12.9,57.3,0.005532503457814667,12.8319546,12.8319546,12.8319546,0.5274837209302388,0.5274837209302388,0.5274837209302388,0.0
2024-07-24 15:45:00+02:00,7.4,71.84,0.04255319148936176,17.449887680000003,17.449887680000003,17.449887680000003,135.80929297297303,135.80929297297303,135.80929297297303,0.0
2024-07-25 14:30:00+02:00,14.4,79.91,23.0,20.01293582,187.076059258392,50.032339549999996,38.97872097222221,1199.1393004055,247.44680243055552,951.6924979749446
2024-07-26 08:45:00+02:00,3.2,52.96,0.011111111111111112,11.45356192,11.45356192,11.45356192,257.92380999999995,257.92380999999995,257.92380999999995,0.0
2024-07-26 09:00:00+02:00,7.1,57.25,0.011403508771929893,12.816074500000001,12.816074500000001,12.816074500000001,80.5080915492958,80.5080915492958,80.5080915492958,0.0
2024-07-26 10:00:00+02:00,5.9,57.78,0.009183673469387813,12.984403560000002,12.984403560000002,12.984403560000002,120.07463661016953,120.07463661016953,120.07463661016953,0.0
2024-07-26 16:00:00+02:00,12.0,62.74,0.0060606060606061465,14.559709480000002,14.559709480000002,14.559709480000002,21.33091233333335,21.33091233333335,21.33091233333335,0.0
2024-07-30 01:30:00+02:00,5.0,28.35,0.03846153846153849,3.6373767000000004,3.6373767000000004,3.6373767000000004,27.25246599999999,27.25246599999999,27.25246599999999,0.0
2024-07-30 09:00:00+02:00,5.4,64.87,0.6000000000000001,15.23620174,58.0641015913338,38.090504349999996,182.15188407407405,975.2611405802556,605.3797101851851,369.88143039507054
2024-07-30 10:00:00+02:00,15.0,64.04,2.0,14.972592080000002,76.8007353363676,37.4314802,0.18271946666665428,412.00490224245067,149.54320133333334,262.4617009091173
2024-07-30 11:00:00+02:00,7.3,58.03,0.4999999999999999,13.063804059999999,47.98262692169896,32.659510149999996,78.95621999999999,557.2962592013557,347.39054999999996,209.90570920135576
2024-07-30 14:00:00+02:00,25.0,55.29,0.4999999999999999,12.193574579999998,44.78632236268032,30.483936449999998,51.22570168,79.1452894507213,21.935745799999992,57.2095436507213
2024-07-30 16:00:00+02:00,10.8,60.04,0.006018054162487406,13.70218408,13.70218408,13.70218408,26.872074814814813,26.872074814814813,26.872074814814813,0.0
2024-07-31 01:50:00+02:00,2.0,26.75,0.12121212121212133,3.1292134999999996,9.519006609378915,3.1292134999999996,56.46067499999998,375.9503304689457,56.46067499999998,319.4896554689457
2024-07-31 06:00:00+02:00,1.0,53.37,1.4999999999999998,11.583778739999998,55.033808514589495,28.959446849999996,1058.3778739999998,5403.380851458949,2795.9446849999995,2607.4361664589496
2024-07-31 07:00:00+02:00,4.3,33.12,2.35,5.152338239999999,27.602673138836245,5.152338239999999,19.8218195348837,541.9226311357266,19.8218195348837,522.1008116008429
2024-07-31 08:45:00+02:00,6.25,62.84,0.6666666666666666,14.591469680000001,56.876096087316625,36.4786742,133.46351488000002,810.0175373970661,483.6587872,326.3587501970661
2024-07-31 10:30:00+02:00,12.7,57.88,0.27272727272727276,13.016163760000001,43.19627509246415,32.5404094,2.4894784251968662,240.1281503343634,156.22369606299216,83.90445427137124
2024-07-31 11:00:00+02:00,2.25,57.93,0.08333333333333341,13.03204386,13.205804444800002,13.097204079300003,479.2019493333333,486.9246419911112,482.0979590800001,4.82668291111105
2024-08-01 01:00:00+02:00,1.15,31.35,0.002109704641350241,4.5901827,4.5901827,4.5901827,299.1463217391304,299.1463217391304,299.1463217391304,0.0
2024-08-01 09:15:00+02:00,28.85,57.48,0.02857142857142857,12.88912296,12.88912296,12.88912296,55.32366391681109,55.32366391681109,55.32366391681109,0.0
2024-08-01 09:45:00+02:00,21.4,57.67,0.028199566160520544,12.949467340000002,12.949467340000002,12.949467340000002,39.48847037383176,39.48847037383176,39.48847037383176,0.0
2024-08-01 09:50:00+02:00,25.05,66.24,0.002267573696145157,15.67131648,15.67131648,15.67131648,37.43985437125749,37.43985437125749,37.43985437125749,0.0
2024-08-01 09:55:00+02:00,21.1,65.78,0.014084507042253554,15.52521956,15.52521956,15.52521956,26.420760379146923,26.420760379146923,26.420760379146923,0.0
2024-08-01 10:00:00+02:00,20.6,58.34,0.02941176470588238,13.162260680000001,13.162260680000001,13.162260680000001,36.10553067961165,36.10553067961165,36.10553067961165,0.0
2024-08-01 10:30:00+02:00,7.15,55.0,0.0057915057915058745,12.101469999999999,12.101469999999999,12.101469999999999,69.25132867132865,69.25132867132865,69.25132867132865,0.0
2024-08-01 11:00:00+02:00,7.6,56.9,0.015624999999999944,12.7049138,12.7049138,12.7049138,67.16991842105264,67.16991842105264,67.16991842105264,0.0
2024-08-01 14:30:00+02:00,12.55,71.98,0.05508474576271186,17.49435196,17.5299336928,17.507695109799997,39.397226772908354,39.68074655617529,39.50354669163343,0.17719986454186198
2024-08-01 15:45:00+02:00,6.05,71.84,0.002020202020202049,17.449887680000003,17.449887680000003,17.449887680000003,188.42789553719012,188.42789553719012,188.42789553719012,0.0
2024-08-01 16:00:00+02:00,15.7,70.95,0.04098360655737705,17.167221899999998,17.167221899999998,17.167221899999998,9.345362420382155,9.345362420382155,9.345362420382155,0.0
2024-08-02 08:45:00+02:00,14.15,53.81,0.19999999999999996,11.72352362,37.40531314832489,29.308809049999997,17.148242968197884,164.34850281501693,107.12939257950526,57.219110235511664
2024-08-02 09:30:00+02:00,15.65,54.61,0.006849315068493086,11.97760522,11.97760522,11.97760522,23.46578134185304,23.46578134185304,23.46578134185304,0.0
2024-08-02 11:00:00+02:00,9.85,56.75,0.11111111111111108,12.6572735,38.25154209748761,12.773298507083338,28.500238578680214,288.3405289085036,29.67815743231815,258.66237147618546
2024-08-02 14:30:00+02:00,69.6,86.5,2.0,22.105933,113.39064743267046,55.2648325,68.23860201149425,62.91759688602079,20.596505028735628,42.32109185728516
2024-08-02 16:00:00+02:00,23.75,65.08,0.1379310344827586,15.302898159999998,47.048128131289964,15.504738109868965,35.56674458947369,98.09738160543142,34.71689216897278,63.380489436458646
2024-08-05 01:00:00+02:00,6.2,20.96,0.007874015748031468,1.2902979199999998,1.2902979199999998,1.2902979199999998,79.18874322580646,79.18874322580646,79.18874322580646,0.0
2024-08-05 02:30:00+02:00,9.1,31.13,0.003710575139146489,4.52031026,4.52031026,4.52031026,50.32626087912087,50.32626087912087,50.32626087912087,0.0
2024-08-05 09:00:00+02:00,58.75,58.87,0.4,13.330589739999997,46.986709964105955,33.32647434999999,77.30963448510639,20.02262133769199,43.27408621276597,-23.25146487507398
2024-08-05 09:15:00+02:00,51.1,61.69,0.037500000000000026,14.226227380000001,14.226227380000001,14.226227380000001,72.16002469667319,72.16002469667319,72.16002469667319,0.0
2024-08-05 09:45:00+02:00,16.9,61.47,0.022684310018903513,14.156354940000002,14.156354940000002,14.156354940000002,16.234586153846138,16.234586153846138,16.234586153846138,0.0
2024-08-05 09:50:00+02:00,13.85,68.83,0.011834319526627246,16.493905659999996,16.493905659999996,16.493905659999996,19.089571552346545,19.089571552346545,19.089571552346545,0.0
2024-08-05 09:55:00+02:00,19.65,66.28,0.009615384615384616,15.684020559999999,15.684020559999999,15.684020559999999,20.183101475826973,20.183101475826973,20.183101475826973,0.0
2024-08-05 10:00:00+02:00,29.8,63.94,0.0019960079840319646,14.940831879999998,14.940831879999998,14.940831879999998,49.86298026845638,49.86298026845638,49.86298026845638,0.0
2024-08-05 10:30:00+02:00,17.75,55.06,0.0019083969465649127,12.12052612,12.12052612,12.12052612,31.71534580281691,31.71534580281691,31.71534580281691,0.0
2024-08-05 15:45:00+02:00,34.45,72.91,0.017857142857142856,17.789721819999997,17.789721819999997,17.789721819999997,48.36074943396228,48.36074943396228,48.36074943396228,0.0
2024-08-05 16:00:00+02:00,23.6,73.69,0.007843137254901933,18.03745138,18.03745138,18.03745138,23.570121271186444,23.570121271186444,23.570121271186444,0.0
2024-08-06 07:45:00+02:00,10.85,46.43,0.04545454545454529,9.379620859999998,9.379620859999998,9.379620859999998,13.551881474654397,13.551881474654397,13.551881474654397,0.0
2024-08-06 08:00:00+02:00,10.4,46.38,3.8749999999999996,9.363740759999999,57.36965403530387,23.409351899999997,9.964031153846168,451.63128880099873,125.08992211538458,326.54136668561415
2024-08-06 08:30:00+02:00,14.8,63.5,5.4,14.801086999999999,98.88753150346861,37.002717499999996,0.007344594594582998,568.1589966450582,150.01836148648644,418.14063515857174
2024-08-06 11:00:00+02:00,26.9,49.55,1.9999999999999998,10.370539099999997,53.19486595633958,25.92634774999999,61.44781003717473,97.75043106445939,3.6195250929368323,94.13090597152257
2024-08-07 00:45:00+02:00,2.55,18.81,0.021276595744680965,0.607453619999999,0.607453619999999,0.607453619999999,76.17828941176474,76.17828941176474,76.17828941176474,0.0
2024-08-07 08:00:00+02:00,7.05,49.75,0.3999999999999999,10.4340595,36.77722719225507,26.085148750000002,48.000843971631205,421.6627970532634,270.0021099290781,151.6606871241853
2024-08-08 14:30:00+02:00,38.05,71.98,0.029166666666666667,17.49435196,17.49435196,17.49435196,54.02272809461235,54.02272809461235,54.02272809461235,0.0
2024-08-09 07:30:00+02:00,7.85,34.66,0.02666666666666669,5.641445319999998,5.641445319999998,5.641445319999998,28.134454522293012,28.134454522293012,28.134454522293012,0.0
2024-08-09 09:00:00+02:00,8.4,59.96,0.10000000000000003,13.676775919999997,41.03032775999999,13.7793517394,62.81876095238091,388.45628285714275,64.03990165952379,324.416381197619
2024-08-09 10:00:00+02:00,1.5,57.88,0.05882352941176463,13.016163760000001,13.062103161505881,13.033391035564705,767.7442506666667,770.8068774337254,768.8927357043137,1.9141417294116536
2024-08-12 20:00:00+02:00,3.7,50.1,0.04050334250884786,10.545220200000001,10.545220200000001,10.545220200000001,185.00595135135137,185.00595135135137,185.00595135135137,0.0
2024-08-13 08:00:00+02:00,7.85,51.42,0.17391304347826103,10.964454839999998,34.45709374790678,27.4111371,39.674583949044575,338.9438694000864,249.1864598726115,89.75740952747489
2024-08-14 04:00:00+02:00,2.4,37.67,0.045454545454545456,6.59742734,6.59742734,6.59742734,174.89280583333337,174.89280583333337,174.89280583333337,0.0
2024-08-14 08:00:00+02:00,9.55,51.95,0.043478260869565064,11.132783900000002,11.132783900000002,11.132783900000002,16.57365340314137,16.57365340314137,16.57365340314137,0.0
2024-08-14 08:45:00+02:00,10.0,62.84,1.0,14.591469680000001,62.50559207814935,36.4786742,45.91469680000001,525.0559207814935,264.786742,260.26917878149345
2024-08-14 11:00:00+02:00,11.3,54.3,1.2,11.8791486,53.2646137398594,29.697871499999998,5.125208849557521,371.36826318459646,162.81302212389377,208.55524106070268
2024-08-14 14:30:00+02:00,21.2,81.7,0.03333333333333336,20.581443400000005,20.581443400000005,20.581443400000005,2.9177198113207283,2.9177198113207283,2.9177198113207283,0.0
2024-08-15 01:50:00+02:00,4.15,29.38,0.6000000000000001,3.9645067599999995,15.108458604077894,3.9645067599999995,4.469716626506045,264.0592434717564,4.469716626506045,259.58952684525036
2024-08-15 03:30:00+02:00,6.95,33.77,0.024390243902439157,5.3587795400000005,5.3587795400000005,5.3587795400000005,22.89525841726618,22.89525841726618,22.89525841726618,0.0
2024-08-15 06:30:00+02:00,2.85,28.36,0.16666666666666669,3.64055272,11.391569937344324,3.64055272,27.73869192982456,299.704208327871,27.73869192982456,271.9655163980465
2024-08-15 08:00:00+02:00,2.85,55.37,7.0,12.21898274,87.16686898789813,30.54745685,328.73623649122806,2958.48663115432,971.8405912280701,1986.64603992625
2024-08-15 14:30:00+02:00,61.85,79.73,3.0000000000000004,19.95576746,114.18596560577278,49.889418649999996,67.73521833468068,84.61756767303602,19.338045836701706,65.27952183633431
2024-08-15 15:15:00+02:00,19.0,65.88,1.0,15.556979759999997,66.64155511212257,38.8924494,18.121159157894752,250.7450269059083,104.69710210526316,146.04792480064515
2024-08-16 08:00:00+02:00,4.8,50.25,0.1250000000000001,10.592860499999999,32.3017123011007,10.712030180625,120.68459374999998,572.9523396062646,123.1672954296875,449.78504417657706
2024-08-16 08:30:00+02:00,4.85,45.87,3.5172413793103448,9.201763739999999,54.944014317847156,23.00440935,89.7270874226804,1032.8662745947868,374.3177185567011,658.5485560380857
2024-08-16 14:30:00+02:00,10.85,61.26,0.06917293233082712,14.089658519999997,14.197714547747367,14.13017953040526,29.858603870967716,30.85451196080523,30.23206940465677,0.6224425561484601
2024-08-16 16:00:00+02:00,20.75,62.74,0.0571847507331377,14.559709480000002,14.601552633344285,14.575400662504105,29.832725397590348,29.631071646533563,29.75710524094407,-0.126033594410508
2024-08-20 11:00:00+02:00,7.45,59.03,0.00047393364928900527,13.381406060000002,13.381406060000002,13.381406060000002,79.61618872483223,79.61618872483223,79.61618872483223,0.0
2024-08-22 01:00:00+02:00,2.2,31.35,0.041916167664670684,4.5901827,4.5901827,4.5901827,108.64466818181815,108.64466818181815,108.64466818181815,0.0
2024-08-22 02:30:00+02:00,7.3,38.38,0.03112840466926073,6.822924760000001,6.822924760000001,6.822924760000001,6.535277260273954,6.535277260273954,6.535277260273954,0.0
2024-08-22 09:15:00+02:00,24.3,68.83,0.09343936381709747,16.493905659999996,16.780499567491848,16.60137837530944,32.123845020576155,30.94444622431338,31.68157047197761,-0.7371242476642301
2024-08-22 09:30:00+02:00,19.95,66.28,0.032183908045976976,15.684020559999999,15.684020559999999,15.684020559999999,21.383355588972435,21.383355588972435,21.383355588972435,0.0
2024-08-22 10:00:00+02:00,16.45,63.94,0.026974951830443135,14.940831879999998,14.940831879999998,14.940831879999998,9.174274285714297,9.174274285714297,9.174274285714297,0.0
2024-08-22 10:30:00+02:00,14.0,55.06,0.00946969696969697,12.12052612,12.12052612,12.12052612,13.424813428571433,13.424813428571433,13.424813428571433,0.0
2024-08-22 14:30:00+02:00,12.95,71.98,0.008695652173913044,17.49435196,17.49435196,17.49435196,35.09152092664093,35.09152092664093,35.09152092664093,0.0
2024-08-22 15:45:00+02:00,30.6,72.91,0.03225806451612906,17.789721819999997,17.789721819999997,17.789721819999997,41.863654183006545,41.863654183006545,41.863654183006545,0.0
2024-08-22 16:00:00+02:00,17.0,58.03,0.06349206349206354,13.063804059999999,13.134307129530159,13.090242711073806,23.154093764705888,22.739369826293185,22.998572287801142,-0.25920246150795734
2024-08-23 00:45:00+02:00,0.95,34.4,0.19999999999999996,5.558868799999999,17.7362399696733,5.558868799999999,485.1440842105262,1766.9726283866635,485.1440842105262,1281.8285441761373
2024-08-23 01:01:00+02:00,2.8,20.78,0.08333333333333333,1.2331295600000003,1.2495712874666671,1.2331295600000003,55.95965857142856,55.3724540190476,55.95965857142856,-0.5872045523809604
2024-08-23 01:30:00+02:00,3.45,25.66,0.17391304347826084,2.7830273200000004,8.74599190453009,2.7830273200000004,19.332541449275354,153.50701172550984,19.332541449275354,134.1744702762345
2024-08-23 13:30:00+02:00,4.0,57.3,0.0071633237822349635,12.8319546,12.8319546,12.8319546,220.79886499999998,220.79886499999998,220.79886499999998,0.0
2024-08-26 08:30:00+02:00,6.1,52.74,0.07823529411764707,11.383689480000001,11.512258208244708,11.431902753091766,86.61786032786888,88.72554439745424,87.40824185396339,1.3173025434908539
2024-08-26 14:30:00+02:00,13.95,67.41,0.9800000000000001,16.042910819999996,68.38360609811373,40.10727704999999,15.002944946236536,390.20506163522384,187.50736236559135,202.6976992696325
2024-08-27 08:00:00+02:00,4.1,57.45,0.2222222222222222,12.879594900000003,41.609098681275384,32.19898725000001,214.13646097560982,914.8560653969607,685.3411524390247,229.51491295793608
2024-08-27 16:00:00+02:00,4.9,60.04,0.025819265143992,13.70218408,13.70218408,13.70218408,179.63640979591835,179.63640979591835,179.63640979591835,0.0
2024-08-28 03:30:00+02:00,2.55,34.27,0.02941176470588238,5.51758054,5.51758054,5.51758054,116.3757074509804,116.3757074509804,116.3757074509804,0.0
2024-08-29 07:00:00+02:00,2.4,29.67,0.00542005420054189,4.05661134,4.05661134,4.05661134,69.0254725,69.0254725,69.0254725,0.0
2024-08-29 09:00:00+02:00,9.6,60.09,0.08333333333333323,13.718064179999999,13.900971702399996,13.786654500899997,42.89650187499999,44.80178856666663,43.61098438437498,1.1908041822916502
2024-08-29 11:00:00+02:00,14.9,58.03,0.007462686567164152,13.063804059999999,13.063804059999999,13.063804059999999,12.323462684563767,12.323462684563767,12.323462684563767,0.0
2024-08-29 14:00:00+02:00,20.85,55.29,0.09523809523809532,12.193574579999998,12.414220215257142,12.276316693221428,41.517627913669074,40.45937546639261,41.120783245940395,-0.6614077795477868
2024-08-29 14:30:00+02:00,21.15,79.91,0.0714285714285715,20.01293582,20.184475269885716,20.07726311370714,5.376189976359336,4.565128747585259,5.072042015569072,-0.5069132679838129
2024-08-30 00:45:00+02:00,4.8,18.56,14.789473684210526,0.5280531199999996,4.491609300382453,0.5280531199999996,88.99889333333333,6.424806242032233,88.99889333333333,-82.5740870913011
2024-08-30 01:30:00+02:00,3.1,28.35,0.08000000000000007,3.6373767000000004,3.6810252204,3.6373767000000004,17.334732258064527,18.74274904516129,17.334732258064527,1.4080167870967628
2024-08-30 01:50:00+02:00,2.95,28.36,0.15151515151515152,3.64055272,11.287403562141305,3.64055272,23.40856677966101,282.623849564112,23.40856677966101,259.215282784451
2024-08-30 07:00:00+02:00,4.8,33.12,0.8,5.152338239999999,20.924967178343877,5.152338239999999,7.34037999999998,335.9368162154974,7.34037999999998,328.5964362154974
2024-08-30 08:45:00+02:00,4.05,62.84,0.33333333333333326,14.591469680000001,49.89467057819672,36.4786742,260.2832019753087,1131.9671747702894,800.7080049382716,331.25916983201773
2024-08-30 09:00:00+02:00,2.5,56.16,4.0,12.469888319999999,77.04483600403212,31.1747208,398.79553279999993,2981.7934401612847,1146.988832,1834.8046081612847
2024-08-30 10:00:00+02:00,1.6,56.36,0.07142857142857142,12.533408719999997,12.640837937599999,12.573694676599994,683.3380449999999,690.0523711,685.8559172874996,4.196453812500408
2024-08-30 11:00:00+02:00,3.9,59.03,0.33333333333333326,13.381406060000002,45.75692934837976,33.45351515,243.11297589743592,1073.2545986764042,757.7824397435899,315.4721589328143
2024-08-30 12:00:00+02:00,2.3,57.78,0.03125000000000008,12.984403560000002,12.984403560000002,12.984403560000002,464.53928521739147,464.53928521739147,464.53928521739147,0.0
2024-08-30 16:00:00+02:00,3.7,62.74,0.03448275862068969,14.559709480000002,14.559709480000002,14.559709480000002,293.5056616216217,293.5056616216217,293.5056616216217,0.0
2024-09-02 01:00:00+02:00,3.0,31.35,0.00410677618069821,4.5901827,4.5901827,4.5901827,53.00608999999999,53.00608999999999,53.00608999999999,0.0
2024-09-02 08:30:00+02:00,11.6,63.5,14.500000000000002,14.801086999999999,125.34648379378515,37.002717499999996,27.595577586206893,980.5731361533203,218.9889439655172,761.5841921878032
2024-09-02 09:15:00+02:00,13.95,57.48,0.019417475728155338,12.88912296,12.88912296,12.88912296,7.604853333333329,7.604853333333329,7.604853333333329,0.0
2024-09-02 09:30:00+02:00,17.35,54.61,0.12643678160919541,11.97760522,36.55788781094223,12.114934659160344,30.964811412103753,110.7082870947679,30.17328726708736,80.53499982768054
2024-09-02 09:45:00+02:00,18.25,57.67,0.018556701030927807,12.949467340000002,12.949467340000002,12.949467340000002,29.04401457534246,29.04401457534246,29.04401457534246,0.0
2024-09-02 09:50:00+02:00,16.5,66.24,0.04275534441805219,15.67131648,15.67131648,15.67131648,5.022324363636365,5.022324363636365,5.022324363636365,0.0
2024-09-02 09:55:00+02:00,13.1,65.78,0.007125890736341975,15.52521956,15.52521956,15.52521956,18.513126412213744,18.513126412213744,18.513126412213744,0.0
2024-09-02 10:00:00+02:00,3.65,59.12,0.004385964912280608,13.409990239999999,13.409990239999999,13.409990239999999,267.39699287671226,267.39699287671226,267.39699287671226,0.0
2024-09-03 08:30:00+02:00,9.8,57.48,0.08333333333333323,12.88912296,13.060977932799998,12.953568574799998,31.521662857142847,33.2752850285714,32.179271171428546,1.0960138571428573
2024-09-03 09:00:00+02:00,1.95,58.88,0.3999999999999999,13.333765759999999,46.99790457240842,33.3344144,583.7828594871794,2310.148952431201,1609.4571487179487,700.6918037132523
2024-09-03 15:45:00+02:00,22.55,71.84,0.002083333333333363,17.449887680000003,17.449887680000003,17.449887680000003,22.616906075388012,22.616906075388012,22.616906075388012,0.0
2024-09-03 16:00:00+02:00,20.55,70.95,0.0063157894736841505,17.167221899999998,17.167221899999998,17.167221899999998,16.461207299270086,16.461207299270086,16.461207299270086,0.0
2024-09-04 01:00:00+02:00,4.65,20.96,0.005836575875486465,1.2902979199999998,1.2902979199999998,1.2902979199999998,72.25165763440862,72.25165763440862,72.25165763440862,0.0
2024-09-04 09:15:00+02:00,2.6,61.69,0.009259259259259259,14.226227380000001,14.226227380000001,14.226227380000001,447.1625915384616,447.1625915384616,447.1625915384616,0.0
2024-09-04 09:45:00+02:00,11.5,61.47,0.02281368821292781,14.156354940000002,14.156354940000002,14.156354940000002,23.09873860869567,23.09873860869567,23.09873860869567,0.0
2024-09-04 09:50:00+02:00,10.05,68.83,0.007590132827324451,16.493905659999996,16.493905659999996,16.493905659999996,64.11846427860691,64.11846427860691,64.11846427860691,0.0
2024-09-04 09:55:00+02:00,9.9,66.28,0.0038910505836575048,15.684020559999999,15.684020559999999,15.684020559999999,58.42445010101008,58.42445010101008,58.42445010101008,0.0
2024-09-04 10:00:00+02:00,6.9,63.94,0.007504690431519674,14.940831879999998,14.940831879999998,14.940831879999998,116.5337953623188,116.5337953623188,116.5337953623188,0.0
2024-09-04 10:30:00+02:00,6.25,55.06,0.0075046904315198065,12.12052612,12.12052612,12.12052612,93.92841791999999,93.92841791999999,93.92841791999999,0.0
2024-09-04 16:00:00+02:00,41.3,65.08,0.0638297872340425,15.302898159999998,15.387552490246806,15.334643533842549,62.94697782082325,62.74200365557674,62.87011250885581,-0.1281088532790733
2024-09-05 07:45:00+02:00,7.25,46.43,0.04347826086956526,9.379620859999998,9.379620859999998,9.379620859999998,29.374080827586173,29.374080827586173,29.374080827586173,0.0
2024-09-05 08:00:00+02:00,7.9,46.38,2.9333333333333336,9.363740759999999,53.255989916626625,23.409351899999997,18.52836405063289,574.1264546408433,196.32091012658225,377.8055445142611
2024-09-05 14:30:00+02:00,25.9,71.98,0.017112299465240642,17.49435196,17.49435196,17.49435196,32.45423953667954,32.45423953667954,32.45423953667954,0.0
2024-09-05 15:45:00+02:00,27.85,72.91,0.009242144177449167,17.789721819999997,17.789721819999997,17.789721819999997,36.12308143626572,36.12308143626572,36.12308143626572,0.0
2024-09-05 16:00:00+02:00,27.25,73.69,0.00782778864970643,18.03745138,18.03745138,18.03745138,33.80751787155963,33.80751787155963,33.80751787155963,0.0
2024-09-06 08:00:00+02:00,3.9,49.75,7.000000000000001,10.4340595,74.43371652135043,26.085148750000002,167.53998717948718,1808.5568338807802,568.849967948718,1239.706865932062
2024-09-06 08:45:00+02:00,5.35,53.81,1.4999999999999998,11.72352362,55.69772770188004,29.308809049999997,119.13128261682245,941.0790224650475,447.8282065420561,493.2508159229914
2024-09-06 09:00:00+02:00,7.3,59.96,0.048484848484848526,13.676775919999997,13.676775919999997,13.676775919999997,87.35309479452052,87.35309479452052,87.35309479452052,0.0
2024-09-06 09:30:00+02:00,7.7,56.75,4.0,12.6572735,78.20258979397833,31.643183750000002,64.38017532467532,915.6180492724458,310.95043831168834,604.6676109607574
2024-09-06 11:00:00+02:00,11.1,51.44,0.33333333333333326,10.970806879999998,37.51402752835066,27.427017199999995,1.1639019819819985,237.96421196712308,147.090245045045,90.87396692207807
2024-09-06 13:00:00+02:00,6.75,50.39,0.02171428571428578,10.637324779999998,10.637324779999998,10.637324779999998,57.58999674074071,57.58999674074071,57.58999674074071,0.0
2024-09-06 14:30:00+02:00,20.1,86.5,2.0,22.105933,113.39064743267046,55.2648325,9.979766169154223,464.13257429189275,174.94941542288552,289.18315886900723
2024-09-09 01:50:00+02:00,6.55,29.38,0.1250000000000001,3.9645067599999995,12.089308339073177,3.9645067599999995,39.47317923664123,84.56959296294929,39.47317923664123,45.09641372630806
2024-09-10 08:00:00+02:00,9.15,55.29,0.02439024390243894,12.193574579999998,12.193574579999998,12.193574579999998,33.2631101639344,33.2631101639344,33.2631101639344,0.0
2024-09-10 09:00:00+02:00,8.2,58.87,2.0,13.330589739999997,68.37821327323819,33.32647434999999,62.56816756097558,733.8806496736365,306.42041890243894,427.4602307711976
2024-09-10 10:00:00+02:00,7.0,58.61,8.0,13.248013219999999,97.6657120876483,33.120033049999996,89.2573317142857,1295.2244583949757,373.14332928571423,922.0811291092615
2024-09-11 08:00:00+02:00,4.0,53.12,3.666666666666667,11.504378239999998,69.45845543354609,28.7609456,187.60945599999994,1636.4613858386524,619.02364,1017.4377458386524
2024-09-11 14:30:00+02:00,42.75,81.7,0.4999999999999999,20.581443400000005,75.59449878738181,51.45360850000001,51.856272748538004,76.82923692954809,20.35931812865499,56.4699188008931
2024-09-12 09:00:00+02:00,6.3,60.09,0.04545454545454529,13.718064179999999,13.718064179999999,13.718064179999999,117.74705047619048,117.74705047619048,117.74705047619048,0.0
2024-09-12 17:30:00+02:00,12.2,50.1,0.08695652173913036,10.545220200000001,10.701106063826087,10.603677398934785,13.563768852459003,12.286015870277971,13.084611484141101,-0.7985956138631298
2024-09-13 06:30:00+02:00,3.9,28.36,0.10714285714285725,3.64055272,10.973481193290901,3.64055272,6.652494358974355,181.37131264848463,6.652494358974355,174.71881828951027
2024-09-13 08:45:00+02:00,11.85,62.84,0.052631578947368356,14.591469680000001,14.606829121768424,14.59722947066316,23.134765232067526,23.264380774417084,23.183371060448614,0.08100971396847001
2024-09-13 11:00:00+02:00,5.0,54.3,0.18518518518518517,11.8791486,37.57970203943729,29.697871499999998,137.582972,651.5940407887458,493.95742999999993,157.63661078874588
2024-09-13 16:00:00+02:00,9.05,62.74,0.03571428571428559,14.559709480000002,14.559709480000002,14.559709480000002,60.88076773480664,60.88076773480664,60.88076773480664,0.0
2024-09-16 10:00:00+02:00,11.65,57.88,0.07692307692307698,13.016163760000001,13.15633783126154,13.068729036723079,11.726727553648077,12.929938465764291,12.177931645691663,0.7520068200726282
2024-09-17 14:30:00+02:00,18.0,79.73,1.5000000000000002,19.95576746,94.80860346226851,49.889418649999996,10.865374777777781,426.7144636792695,177.16343694444444,249.55102673482506
2024-09-17 15:15:00+02:00,14.45,65.88,3.0000000000000004,15.556979759999997,89.0163086619302,38.8924494,7.660759584775073,516.0298177296207,169.1518989619377,346.877918767683
2024-09-18 08:00:00+02:00,5.15,51.95,0.0285714285714286,11.132783900000002,11.132783900000002,11.132783900000002,116.17056116504855,116.17056116504855,116.17056116504855,0.0
2024-09-18 11:00:00+02:00,7.5,59.03,0.00015780337699223624,13.381406060000002,13.381406060000002,13.381406060000002,78.41874746666669,78.41874746666669,78.41874746666669,0.0
2024-09-18 14:30:00+02:00,14.5,61.26,0.046099290780141966,14.089658519999997,14.089658519999997,14.089658519999997,2.8299412413793323,2.8299412413793323,2.8299412413793323,0.0
2024-09-18 20:00:00+02:00,62.65,88.98,0.047619047619047616,22.893585960000003,22.893585960000003,22.893585960000003,63.45796335195531,63.45796335195531,63.45796335195531,0.0
2024-09-19 14:30:00+02:00,30.6,71.98,0.04782608695652174,17.49435196,17.49435196,17.49435196,42.8289151633987,42.8289151633987,42.8289151633987,0.0
2024-09-20 01:01:00+02:00,2.2,20.78,0.5384615384615384,1.2331295600000003,4.596056783677943,1.2331295600000003,43.94865636363636,108.91167198536102,43.94865636363636,64.96301562172467
2024-09-20 01:30:00+02:00,1.75,25.66,0.6666666666666667,2.7830273200000004,10.847963415426655,2.7830273200000004,59.030132571428595,519.883623738666,59.030132571428595,460.8534911672374
2024-09-20 08:00:00+02:00,13.2,50.25,1.4999999999999998,10.592860499999999,50.326017913802,26.482151249999994,19.751056818181826,281.257711468197,100.62235795454542,180.63535351365158
2024-09-20 16:00:00+02:00,20.01,58.03,0.007692307692307665,13.063804059999999,13.063804059999999,13.063804059999999,34.71362288855573,34.71362288855573,34.71362288855573,0.0
2024-09-23 01:00:00+02:00,4.26,31.35,0.04693877551020403,4.5901827,4.5901827,4.5901827,7.7507676056338015,7.7507676056338015,7.7507676056338015,0.0
2024-09-23 09:15:00+02:00,55.68,68.83,0.08000000000000006,16.493905659999996,16.69183252792,16.568128235469995,70.37732460488506,70.02185250014368,70.24402256560705,-0.2221700654633736
2024-09-23 09:30:00+02:00,36.85,66.28,0.047281323877068564,15.684020559999999,15.684020559999999,15.684020559999999,57.43820743554953,57.43820743554953,57.43820743554953,0.0
2024-09-23 10:00:00+02:00,16.8,63.94,0.03359683794466409,14.940831879999998,14.940831879999998,14.940831879999998,11.066476904761924,11.066476904761924,11.066476904761924,0.0
2024-09-23 10:30:00+02:00,24.73,55.06,0.01904761904761905,12.12052612,12.12052612,12.12052612,50.9885720986656,50.9885720986656,50.9885720986656,0.0
2024-09-23 15:45:00+02:00,6.35,72.91,0.030927835051546393,17.789721819999997,17.789721819999997,17.789721819999997,180.15309952755902,180.15309952755902,180.15309952755902,0.0
2024-09-24 16:00:00+02:00,27.73,60.04,0.04913294797687856,13.70218408,13.70218408,13.70218408,50.58714720519293,50.58714720519293,50.58714720519293,0.0
2024-09-25 08:45:00+02:00,6.05,52.96,0.03260869565217391,11.45356192,11.45356192,11.45356192,89.31507305785125,89.31507305785125,89.31507305785125,0.0
2024-09-25 13:30:00+02:00,9.6,57.3,0.0033898305084746542,12.8319546,12.8319546,12.8319546,33.66619375,33.66619375,33.66619375,0.0
2024-09-26 08:00:00+02:00,7.12,49.68,0.013953488372093056,10.411827359999998,10.411827359999998,10.411827359999998,46.233530337078626,46.233530337078626,46.233530337078626,0.0
2024-09-26 09:00:00+02:00,17.05,56.16,0.21052631578947364,12.469888319999999,40.024203033474635,31.1747208,26.862825102639302,134.74605884735854,82.84293724340175,51.90312160395679
2024-09-26 10:00:00+02:00,20.09,57.78,0.023958333333333304,12.984403560000002,12.984403560000002,12.984403560000002,35.368822498755584,35.368822498755584,35.368822498755584,0.0
2024-09-26 14:30:00+02:00,19.83,79.91,0.03111111111111111,20.01293582,20.01293582,20.01293582,0.9225205244578965,0.9225205244578965,0.9225205244578965,0.0
2024-09-27 08:45:00+02:00,42.8,62.84,0.25000000000000006,14.591469680000001,47.85307332917008,36.4786742,65.90778112149532,11.806246096191783,14.76945280373831,-2.9632067075465276
2024-09-27 09:00:00+02:00,16.34,64.87,0.21052631578947364,15.23620174,48.903151034855426,38.090504349999996,6.75519130966952,199.28489005419476,133.11202172582617,66.1728683283686
2024-09-27 16:00:00+02:00,16.01,62.74,0.0191780821917809,14.559709480000002,14.559709480000002,14.559709480000002,9.058654091193,9.058654091193,9.058654091193,0.0
2024-09-30 01:50:00+02:00,3.66,28.36,2.484848484848485,3.64055272,19.799576605851968,3.64055272,0.5313464480874335,440.97203841125594,0.5313464480874335,440.4406919631685
2024-09-30 07:00:00+02:00,7.39,33.12,0.6999999999999998,5.152338239999999,20.300250063803166,5.152338239999999,30.279590798376198,174.6989183193933,30.279590798376198,144.4193275210171
2024-09-30 08:00:00+02:00,3.28,55.37,0.16666666666666663,12.21898274,38.234138371690214,30.54745685,272.52996158536587,1065.674950356409,831.3249039634146,234.3500463929944
2024-09-30 11:00:00+02:00,10.45,57.88,2.6,13.016163760000001,71.66082718079886,32.5404094,24.556591004784707,585.7495423999891,211.39147751196177,374.35806488802734
2024-09-30 14:00:00+02:00,12.86,55.29,0.05882352941176463,12.193574579999998,12.236610725576469,12.209713134591174,5.182157231726293,4.8475060219559145,5.0566630280624025,-0.20915700610648802
2024-09-30 23:45:00+02:00,6.72,18.56,0.22058823529411764,0.5280531199999996,1.7044010237606149,0.5280531199999996,92.14206666666666,74.6368895273718,92.14206666666666,-17.505177139294858
2024-10-01 01:30:00+02:00,6.46,28.35,0.03846153846153849,3.6373767000000004,3.6373767000000004,3.6373767000000004,43.69385913312693,43.69385913312693,43.69385913312693,0.0
2024-10-01 08:30:00+02:00,24.37,63.5,0.23076923076923078,14.801086999999999,48.04131301571372,37.002717499999996,39.26513336068938,97.133003757545,51.83716659827654,45.29583715926846
2024-10-01 09:15:00+02:00,11.26,57.48,0.057884231536926116,12.88912296,12.92977129188982,12.904366084458683,14.468232326820605,14.829229945735523,14.603606433913708,0.22562351182181573
2024-10-01 09:30:00+02:00,21.31,54.61,0.035269709543568374,11.97760522,11.97760522,11.97760522,43.793499671515725,43.793499671515725,43.793499671515725,0.0
2024-10-01 09:45:00+02:00,19.85,57.67,0.014285714285714344,12.949467340000002,12.949467340000002,12.949467340000002,34.76338871536523,34.76338871536523,34.76338871536523,0.0
2024-10-01 09:50:00+02:00,21.68,66.24,0.013636363636363669,15.67131648,15.67131648,15.67131648,27.715329889298896,27.715329889298896,27.715329889298896,0.0
2024-10-01 09:55:00+02:00,19.66,65.78,0.007444168734491422,15.52521956,15.52521956,15.52521956,21.031436622583925,21.031436622583925,21.031436622583925,0.0
2024-10-01 10:00:00+02:00,18.49,58.34,0.004464285714285778,13.162260680000001,13.162260680000001,13.162260680000001,28.814166143861534,28.814166143861534,28.814166143861534,0.0
2024-10-01 11:00:00+02:00,6.52,59.03,0.052631578947368356,13.381406060000002,13.395491750589477,13.386688193971054,105.23628926380373,105.4523274630288,105.3173035885131,0.13502387451569575
2024-10-01 15:45:00+02:00,19.69,71.84,0.006382978723404195,17.449887680000003,17.449887680000003,17.449887680000003,11.376903605891304,11.376903605891304,11.376903605891304,0.0
2024-10-01 16:00:00+02:00,19.37,70.95,0.0063157894736841505,17.167221899999998,17.167221899999998,17.167221899999998,11.372112028910703,11.372112028910703,11.372112028910703,0.0
2024-10-02 07:00:00+02:00,10.83,29.67,0.005390835579514901,4.05661134,4.05661134,4.05661134,62.542831578947364,62.542831578947364,62.542831578947364,0.0
2024-10-02 10:00:00+02:00,18.2,56.36,0.06060606060606053,12.533408719999997,12.586580756993934,12.553348233872722,31.13511692307694,30.8429628736597,31.025559154545483,-0.1825962808857824
2024-10-03 01:00:00+02:00,2.52,20.96,0.004016064257028027,1.2902979199999998,1.2902979199999998,1.2902979199999998,48.797701587301596,48.797701587301596,48.797701587301596,0.0
2024-10-03 08:30:00+02:00,11.38,57.48,0.27272727272727276,12.88912296,42.77466935317321,32.2228074,13.261185940246037,275.87582911400006,183.15296485061506,92.72286426338499
2024-10-03 09:15:00+02:00,5.13,61.69,0.106090373280943,14.226227380000001,42.851442654628535,14.345920540618565,177.31437387914235,735.3107729947083,179.64757389120012,555.6631991035081
2024-10-03 09:45:00+02:00,11.35,61.47,0.00980392156862745,14.156354940000002,14.156354940000002,14.156354940000002,24.725594185022047,24.725594185022047,24.725594185022047,0.0
2024-10-03 09:50:00+02:00,13.95,68.83,0.026915113871635702,16.493905659999996,16.493905659999996,16.493905659999996,18.235882867383488,18.235882867383488,18.235882867383488,0.0
2024-10-03 09:55:00+02:00,15.05,66.28,0.00635593220338977,15.684020559999999,15.684020559999999,15.684020559999999,4.212761196013275,4.212761196013275,4.212761196013275,0.0
2024-10-03 10:00:00+02:00,12.6,63.94,0.017821782178217793,14.940831879999998,14.940831879999998,14.940831879999998,18.578030793650775,18.578030793650775,18.578030793650775,0.0
2024-10-03 10:30:00+02:00,4.45,55.06,0.007575757575757549,12.12052612,12.12052612,12.12052612,172.37137348314604,172.37137348314604,172.37137348314604,0.0
2024-10-03 14:30:00+02:00,5.73,71.98,0.022727272727272728,17.49435196,17.49435196,17.49435196,205.31155253054098,205.31155253054098,205.31155253054098,0.0
2024-10-03 15:45:00+02:00,28.82,72.91,0.007352941176470562,17.789721819999997,17.789721819999997,17.789721819999997,38.27299854267871,38.27299854267871,38.27299854267871,0.0
2024-10-03 16:00:00+02:00,25.32,73.69,0.0618955512572533,18.03745138,18.1232775509764,18.06963619411615,28.76204036334913,28.423074443221168,28.634928143301146,-0.2118537000799776
2024-10-04 07:45:00+02:00,3.63,46.43,0.041666666666666706,9.379620859999998,9.379620859999998,9.379620859999998,158.39175922865007,158.39175922865007,158.39175922865007,0.0
2024-10-04 08:45:00+02:00,4.58,53.81,5.999999999999999,11.72352362,80.45904464293203,29.308809049999997,155.97213144104802,1656.7476996273367,539.93032860262,1116.8173710247167
2024-10-04 09:00:00+02:00,3.31,58.87,2.0,13.330589739999997,68.37821327323819,33.32647434999999,302.7368501510573,1965.8070475298543,906.8421253776431,1058.9649221522113
2024-10-04 12:00:00+02:00,5.8,56.75,0.3333333333333335,12.6572735,43.28080073841055,31.643183750000002,118.22885344827587,646.2207023863888,445.57213362068967,200.6485687656991
2024-10-04 14:30:00+02:00,66.36,86.5,5.2,22.105933,146.26561984068235,55.2648325,66.68786467751657,120.41232646275218,16.719661693791444,103.69266476896073
2024-10-04 19:00:00+02:00,9.27,51.3,0.010330578512396695,10.926342599999998,10.926342599999998,10.926342599999998,17.867773462783155,17.867773462783155,17.867773462783155,0.0
2024-10-07 08:00:00+02:00,5.12,46.38,1.9,9.363740759999999,47.373400887893304,23.409351899999997,82.88556171874998,825.2617360916661,357.21390429687494,468.04783179479114
2024-10-07 11:00:00+02:00,14.93,49.55,0.19999999999999996,10.370539099999997,33.08845319257755,25.92634774999999,30.538920964501028,121.62393297104859,73.65269758874743,47.97123538230116
2024-10-08 08:00:00+02:00,6.47,49.75,2.6249999999999996,10.4340595,57.5935133697339,26.085148750000002,61.26830757341577,790.162494122626,303.1707689335395,486.9917251890865
2024-10-10 10:00:00+02:00,10.04,58.61,0.5,13.248013219999999,48.65921693784159,33.120033049999996,31.952322908366533,384.6535551577848,229.88080727091634,154.77274788686847
2024-10-10 14:30:00+02:00,22.67,81.7,0.12173913043478261,20.581443400000005,62.629587691008105,20.80291762789131,9.21286546096161,176.26637711075475,8.235916947987166,168.03046016276758
2024-10-11 08:00:00+02:00,4.64,55.29,2.2,12.193574579999998,64.1723957928724,30.483936449999998,162.79255560344825,1283.0257713981118,556.9813890086207,726.0443823894911
2024-10-11 09:00:00+02:00,7.21,59.96,0.021212121212121297,13.676775919999997,13.676775919999997,13.676775919999997,89.69176033287097,89.69176033287097,89.69176033287097,0.0
2024-10-11 16:00:00+02:00,10.73,62.74,0.11538461538461531,14.559709480000002,44.12370835743656,14.702506630669236,35.691607455731614,311.21815803761945,37.022428990393614,274.1957290472258
2024-10-15 08:00:00+02:00,6.17,51.42,0.02439024390243894,10.964454839999998,10.964454839999998,10.964454839999998,77.70591312803887,77.70591312803887,77.70591312803887,0.0
2024-10-15 08:45:00+02:00,8.53,62.84,0.08333333333333341,14.591469680000001,14.78602260906667,14.664427028400004,71.06060586166474,73.3414139398203,71.9159088909731,1.4255050488471994
2024-10-15 11:00:00+02:00,2.6,54.3,1.1,11.8791486,52.10544251908524,29.697871499999998,356.8903307692308,1904.055481503278,1042.2258269230767,861.8296545802013
2024-10-15 23:45:00+02:00,5.5,32.27,0.14285714285714282,4.882376540000001,15.056899662402008,4.882376540000001,11.229517454545435,173.76181204367288,11.229517454545435,162.53229458912745
2024-10-16 08:00:00+02:00,11.0,51.95,0.10526315789473682,11.132783900000002,33.515231589389266,11.225068819171053,1.2071263636363774,204.68392353990242,2.0460801742823,202.6378433656201
2024-10-16 10:00:00+02:00,5.85,57.88,0.1250000000000001,13.016163760000001,39.691297458277035,13.1625956023,122.49852581196585,578.4837172355049,125.00163422735045,453.4820830081544
2024-10-17 11:00:00+02:00,12.79,59.03,0.0555555555555556,13.381406060000002,13.411142517911115,13.392557231716667,4.623972322126681,4.85647003839809,4.711158965728445,0.14531107266964494
2024-10-17 14:30:00+02:00,52.41,79.73,5.999999999999999,19.95576746,136.95728664792938,49.889418649999996,61.92374077466132,161.31899761100817,4.809351936653312,156.50964567435486
2024-10-17 15:15:00+02:00,9.38,65.88,0.4999999999999999,15.556979759999997,57.13992282983627,38.8924494,65.85266268656711,509.167620787167,314.63165671641787,194.53596407074912
2024-10-18 01:30:00+02:00,3.11,25.66,2.5,2.7830273200000004,15.160682879498282,2.7830273200000004,10.513590996784549,387.4817646140927,10.513590996784549,376.96817361730814
2024-10-18 08:00:00+02:00,7.62,50.25,2.0,10.592860499999999,54.33524611962596,26.482151249999994,39.01391732283462,613.0609726985034,247.53479330708652,365.5261793914169
2024-10-18 14:30:00+02:00,15.07,61.26,0.021917808219178103,14.089658519999997,14.089658519999997,14.089658519999997,6.505252023888543,6.505252023888543,6.505252023888543,0.0
2024-10-18 22:00:00+02:00,4.91,50.1,0.04918032786885246,10.545220200000001,10.545220200000001,10.545220200000001,114.77026883910388,114.77026883910388,114.77026883910388,0.0
2024-10-24 00:00:00+02:00,3.82,31.35,0.007843137254901933,4.5901827,4.5901827,4.5901827,20.161850785340313,20.161850785340313,20.161850785340313,0.0
2024-10-24 09:15:00+02:00,19.58,68.83,0.03469387755102046,16.493905659999996,16.493905659999996,16.493905659999996,15.761462410623098,15.761462410623098,15.761462410623098,0.0
2024-10-24 09:30:00+02:00,30.49,66.28,0.044117647058823636,15.684020559999999,15.684020559999999,15.684020559999999,48.5601162348311,48.5601162348311,48.5601162348311,0.0
2024-10-24 10:00:00+02:00,12.17,63.94,0.013245033112582814,14.940831879999998,14.940831879999998,14.940831879999998,22.767722925225943,22.767722925225943,22.767722925225943,0.0
2024-10-24 10:30:00+02:00,8.32,55.06,0.02140077821011676,12.12052612,12.12052612,12.12052612,45.67940048076922,45.67940048076922,45.67940048076922,0.0
2024-10-24 13:30:00+02:00,8.38,57.3,0.002100840336134378,12.8319546,12.8319546,12.8319546,53.12594988066823,53.12594988066823,53.12594988066823,0.0
2024-10-24 14:30:00+02:00,3.81,71.98,0.06198347107438017,17.49435196,17.578209184271074,17.525798419101655,359.1693427821522,361.37031979714106,359.99470916277306,1.3756106343680017
2024-10-24 15:45:00+02:00,11.24,72.91,0.0063157894736841505,17.789721819999997,17.789721819999997,17.789721819999997,58.27154644128111,58.27154644128111,58.27154644128111,0.0
2024-10-25 09:00:00+02:00,8.48,57.25,0.0008928571428572825,12.816074500000001,12.816074500000001,12.816074500000001,51.13295400943396,51.13295400943396,51.13295400943396,0.0
2024-10-25 10:00:00+02:00,2.11,57.78,0.011167512690355272,12.984403560000002,12.984403560000002,12.984403560000002,515.3745763033177,515.3745763033177,515.3745763033177,0.0
2024-10-25 14:30:00+02:00,14.73,67.41,0.19999999999999996,16.042910819999996,51.18683788967788,40.10727704999999,8.913175967413412,247.5005966712687,172.28293991853357,75.21765675273514
2024-10-25 16:00:00+02:00,3.78,62.74,0.06896551724137923,14.559709480000002,14.670162448468968,14.601129343175865,285.17749947089953,288.0995356737822,286.2732630469806,1.8262726268015967
2024-10-25 19:00:00+02:00,3.81,51.3,0.004149377593360996,10.926342599999998,10.926342599999998,10.926342599999998,186.78064566929126,186.78064566929126,186.78064566929126,0.0
2024-10-28 09:00:00+01:00,19.25,56.16,2.666666666666667,12.469888319999999,69.12386936122448,31.1747208,35.221359376623376,259.08503564272456,61.94660155844155,197.138434084283
2024-10-29 00:30:00+01:00,6.62,28.35,0.040000000000000036,3.6373767000000004,3.6373767000000004,3.6373767000000004,45.05473262839879,45.05473262839879,45.05473262839879,0.0
2024-10-29 08:00:00+01:00,5.66,49.68,0.10731707317073168,10.411827359999998,31.387295545021235,10.50134368059512,83.95454699646639,454.54585768588754,85.53610743100919,369.0097502548783
2024-10-29 15:00:00+01:00,20.47,60.04,0.09246231155778897,13.70218408,13.934914643770854,13.789458041414068,33.062119785051294,31.92518493516925,32.63576921634554,-0.7105842811762884
2024-10-30 06:00:00+01:00,0.85,29.67,0.021621621621621546,4.05661134,4.05661134,4.05661134,377.24839294117646,377.24839294117646,377.24839294117646,0.0
2024-10-30 07:30:00+01:00,5.89,49.25,0.8571428571428573,10.275258499999998,42.40987820606044,25.688146249999996,74.4526061120543,620.0318880485644,336.1315152801358,283.9003727684286
2024-10-30 09:00:00+01:00,28.87,64.87,0.3333333333333335,15.23620174,52.09929385812545,38.090504349999996,47.224794804295115,80.4617036997764,31.938012989262194,48.5236907105142
2024-10-30 10:00:00+01:00,19.14,59.12,3.0000000000000004,13.409990239999999,76.73133530883449,33.5249756,29.937355067920592,300.89516880268803,75.15661233019853,225.7385564724895
2024-10-30 11:00:00+01:00,6.54,58.03,0.12499999999999997,13.063804059999999,39.8365710852202,13.210771855674999,99.75235565749234,509.1218820370061,101.99956965863912,407.122312378367
2024-10-30 13:30:00+01:00,9.94,79.91,0.06666666666666672,20.01293582,20.14635539213333,20.06296815955,101.33738249496982,102.67963171160292,101.84072595120726,0.8389057603956616
2024-10-30 14:00:00+01:00,31.25,55.29,0.14285714285714277,12.193574579999998,37.604110922808026,12.363413654507141,60.98056134400001,20.333154952985684,60.43707630557715,-40.10392135259147
2024-10-31 00:50:00+01:00,4.84,28.36,0.782608695652174,3.64055272,14.710347766897355,3.64055272,24.781968595041317,203.932805101185,24.781968595041317,179.1508365061437
2024-10-31 06:00:00+01:00,2.97,33.12,0.8536585365853658,5.152338239999999,21.245194758081706,5.152338239999999,73.47940202020197,615.3264228310338,73.47940202020197,541.8470208108319
2024-10-31 08:00:00+01:00,10.37,55.32,1.3749999999999998,12.203102640000001,56.67072181501067,30.5077566,17.67697820636453,446.4871920444617,194.19244551591132,252.2947465285504
2024-10-31 10:00:00+01:00,11.39,56.36,0.016129032258064602,12.533408719999997,12.533408719999997,12.533408719999997,10.03870693590866,10.03870693590866,10.03870693590866,0.0
2024-10-31 11:00:00+01:00,9.34,59.03,0.24999999999999994,13.381406060000002,43.88464078531264,33.45351515,43.26987216274092,369.85696772283336,258.1746804068523,111.68228731598106
2024-10-31 13:30:00+01:00,11.61,71.98,0.06086956521739131,17.49435196,17.570414359826085,17.52287535993478,50.68347941429803,51.33862497696887,50.92915900029957,0.40946597666930273
2024-10-31 22:45:00+01:00,1.85,18.56,2.625,0.5280531199999996,2.9147269503925752,0.5280531199999996,71.45658810810814,57.55280812932838,71.45658810810814,-13.903779978779752
2024-10-31 23:00:00+01:00,3.43,31.35,0.01502145922746772,4.5901827,4.5901827,4.5901827,33.824568513119516,33.824568513119516,33.824568513119516,0.0
2024-11-01 07:30:00+01:00,3.97,57.81,0.25000000000000006,12.99393162,42.613909104602385,32.48482905,227.30306347607046,973.3982142217226,718.2576586901764,255.14055553154617
2024-11-01 08:30:00+01:00,19.05,63.5,5.999999999999999,14.801086999999999,101.58049391100394,37.002717499999996,22.304005249343838,433.230939165375,94.23998687664039,338.9909522887346
2024-11-01 09:30:00+01:00,10.09,54.61,0.0020080321285140847,11.97760522,11.97760522,11.97760522,18.707683052527248,18.707683052527248,18.707683052527248,0.0
2024-11-01 10:30:00+01:00,6.82,55.0,0.007952286282306134,12.101469999999999,12.101469999999999,12.101469999999999,77.44090909090907,77.44090909090907,77.44090909090907,0.0
2024-11-01 13:30:00+01:00,38.81,86.5,1.3111111111111111,22.105933,101.39970043772688,55.2648325,43.040626127286785,161.2720959487938,42.39843468178303,118.87366126701077
2024-11-01 14:45:00+01:00,24.88,71.84,0.014644351464435207,17.449887680000003,17.449887680000003,17.449887680000003,29.863795498392264,29.863795498392264,29.863795498392264,0.0
2024-11-01 15:00:00+01:00,18.4,70.95,0.02310924369747902,17.167221899999998,17.167221899999998,17.167221899999998,6.699880978260875,6.699880978260875,6.699880978260875,0.0
2024-11-04 09:15:00+01:00,8.39,61.18,0.026365348399246678,14.06425036,14.06425036,14.06425036,67.6311127532777,67.6311127532777,67.6311127532777,0.0
2024-11-04 09:45:00+01:00,9.96,57.67,0.03893442622950817,12.949467340000002,12.949467340000002,12.949467340000002,30.014732329317273,30.014732329317273,30.014732329317273,0.0
2024-11-04 09:55:00+01:00,11.82,68.32,0.009389671361502313,16.331928639999997,16.331928639999997,16.331928639999997,38.171985109983055,38.171985109983055,38.171985109983055,0.0
2024-11-04 10:00:00+01:00,9.12,64.53,0.002178649237472798,15.128217059999999,15.128217059999999,15.128217059999999,65.8795730263158,65.8795730263158,65.8795730263158,0.0
2024-11-04 16:00:00+01:00,10.11,65.08,0.24999999999999994,15.302898159999998,50.18622002162167,38.257245399999995,51.36397784371908,396.4017806292945,278.4099446092977,117.99183601999675
2024-11-04 23:00:00+01:00,4.02,20.96,0.00790513833992092,1.2902979199999998,1.2902979199999998,1.2902979199999998,67.9030368159204,67.9030368159204,67.9030368159204,0.0
2024-11-05 08:45:00+01:00,3.02,53.81,0.2857142857142858,11.72352362,39.16466669779059,29.308809049999997,288.19614635761593,1196.8432681387612,870.4903658940398,326.35290224472146
2024-11-05 10:30:00+01:00,3.48,55.06,0.003861003861003916,12.12052612,12.12052612,12.12052612,248.29098045977008,248.29098045977008,248.29098045977008,0.0
2024-11-05 14:15:00+01:00,7.83,50.39,0.04719101123595509,10.637324779999998,10.637324779999998,10.637324779999998,35.85344546615579,35.85344546615579,35.85344546615579,0.0
2024-11-05 15:45:00+01:00,13.52,72.91,0.0054249547920433485,17.789721819999997,17.789721819999997,17.789721819999997,31.580782692307675,31.580782692307675,31.580782692307675,0.0
2024-11-05 16:00:00+01:00,9.28,73.69,0.04089219330855024,18.03745138,18.03745138,18.03745138,94.36908814655173,94.36908814655173,94.36908814655173,0.0
2024-11-05 22:45:00+01:00,5.66,18.81,0.040000000000000036,0.607453619999999,0.607453619999999,0.607453619999999,89.26760388692581,89.26760388692581,89.26760388692581,0.0
2024-11-06 08:00:00+01:00,25.68,46.38,1.8,9.363740759999999,46.69232650375731,23.409351899999997,63.53683504672898,81.8237013386188,8.84208761682244,72.98161372179636
2024-11-06 09:15:00+01:00,35.52,71.83,0.03345070422535209,17.446711660000002,17.446711660000002,17.446711660000002,50.882005461711714,50.882005461711714,50.882005461711714,0.0
2024-11-06 09:45:00+01:00,11.36,68.65,0.04174950298210739,16.4367373,16.4367373,16.4367373,44.689588908450716,44.689588908450716,44.689588908450716,0.0
2024-11-06 09:50:00+01:00,15.3,72.2,0.018633540372670926,17.564224399999997,17.564224399999997,17.564224399999997,14.798852287581674,14.798852287581674,14.798852287581674,0.0
2024-11-06 09:55:00+01:00,24.77,72.04,0.004132231404958737,17.513408079999998,17.513408079999998,17.513408079999998,29.29588986677433,29.29588986677433,29.29588986677433,0.0
2024-11-06 10:00:00+01:00,17.5,69.33,0.007812499999999972,16.652706659999996,16.652706659999996,16.652706659999996,4.84167622857145,4.84167622857145,4.84167622857145,0.0
2024-11-07 08:00:00+01:00,21.01,63.71,1.5,14.867783419999997,70.63590941591728,37.16945854999999,29.234729081389837,236.20137751507508,76.91317729652539,159.2882002185497
2024-11-07 08:45:00+01:00,12.94,47.27,2.0,9.64640654,49.48048485306396,24.11601635,25.452808809891813,282.3839633157957,86.36797797527048,196.01598534052522
2024-11-07 09:00:00+01:00,16.78,58.87,1.9999999999999998,13.330589739999997,68.37821327323819,33.32647434999999,20.55667616209776,307.4982912588688,98.6083095947556,208.88998166411318
2024-11-07 11:00:00+01:00,15.96,49.55,0.24999999999999994,10.370539099999997,34.01043067618705,25.92634774999999,35.02168483709276,113.09793656758802,62.445787907268105,50.65214866031992
2024-11-07 14:30:00+01:00,9.78,71.98,0.006382978723404255,17.49435196,17.49435196,17.49435196,78.87885439672803,78.87885439672803,78.87885439672803,0.0
2024-11-08 09:00:00+01:00,2.76,59.96,0.12121212121212122,13.676775919999997,41.60448635974323,13.822868753690907,395.5353594202898,1407.4089260776534,400.82857803227927,1006.5803480453742
2024-11-08 10:00:00+01:00,7.46,58.61,3.0,13.248013219999999,75.80451039610092,33.120033049999996,77.58730857908846,916.1462519584575,343.9682714477211,572.1779805107363
2024-11-08 12:00:00+01:00,21.91,56.75,5.0,12.6572735,82.90393520991407,31.643183750000002,42.23060931081697,278.3840036965498,44.42347672295756,233.96052697359227
2024-11-08 16:00:00+01:00,10.76,62.74,0.05795148247978433,14.559709480000002,14.606017989936392,14.577075171226149,35.31328513011155,35.74366161650922,35.47467631251068,0.2689853039985408
2024-11-12 08:00:00+01:00,9.02,55.29,0.10256410256410255,12.193574579999998,36.64317486032567,12.289716225726922,35.183753658536574,306.243623728666,36.24962556238273,269.9939981662833
2024-11-13 14:30:00+01:00,5.6,81.7,0.0004626108998733048,20.581443400000005,20.581443400000005,20.581443400000005,267.5257750000001,267.5257750000001,267.5257750000001,0.0
2024-11-13 20:00:00+01:00,15.82,50.1,0.21800947867298578,10.545220200000001,33.98829612500843,26.3630505,33.34247661188369,114.84384402660197,66.64380847029076,48.20003555631121
2024-11-14 11:00:00+01:00,21.65,54.3,0.3999999999999999,11.8791486,41.870773969878044,29.697871499999998,45.13095334872978,93.39849408719653,37.17261662817552,56.22587745902101
2024-11-14 14:30:00+01:00,19.05,71.98,0.026905829596412557,17.49435196,17.49435196,17.49435196,8.16613144356956,8.16613144356956,8.16613144356956,0.0
2024-11-15 08:00:00+01:00,9.45,66.7,1.5000000000000002,15.8174134,75.14754207500533,39.5435335,67.38003597883598,695.212085449792,318.45008994708996,376.761995502702
2024-11-15 08:45:00+01:00,12.49,62.84,0.06666666666666672,14.591469680000001,14.688746144533335,14.627948354199999,16.82521761409128,17.604052398185225,17.11728065812649,0.48677174005873525
2024-11-15 11:00:00+01:00,10.79,54.51,0.01176470588235304,11.945845019999998,11.945845019999998,11.945845019999998,10.712187395736787,10.712187395736787,10.712187395736787,0.0
2024-11-15 14:30:00+01:00,44.09,79.73,0.8,19.95576746,81.04549035180634,49.889418649999996,54.73856325697437,83.81830426810237,13.153591857564056,70.66471241053831
2024-11-15 15:15:00+01:00,26.05,65.88,0.25000000000000006,15.556979759999997,51.01948669749726,38.8924494,40.28030802303264,95.85215622839638,49.29922994241841,46.552926285977975
2024-11-18 08:30:00+01:00,14.76,45.87,0.3,9.201763739999999,30.960651000653925,23.00440935,37.65742723577237,109.7605081345117,55.85643191056911,53.90407622394259
2024-11-18 11:00:00+01:00,19.17,59.52,0.5822784810126581,13.537031039999999,51.26691379410403,33.8425776,29.384292957746496,167.43304013617123,76.53926760563378,90.89377253053745
2024-11-19 08:00:00+01:00,20.2,66.64,0.8971764705882355,15.79835728,65.91759692525451,39.495893200000005,21.790310495049507,226.32473725373524,95.52422376237627,130.80051349135897
2024-11-19 11:00:00+01:00,22.01,59.03,0.06352941176470595,13.381406060000002,13.453823081030592,13.408562442886474,39.203061971830984,38.87404324838441,39.07967995053851,-0.20563670215410212
2024-11-19 14:30:00+01:00,15.61,61.26,1.24,14.089658519999997,63.707964222222344,35.224146299999994,9.739535426008986,308.12276888034813,125.65116143497754,182.47160744537058
2024-11-20 00:50:00+01:00,3.79,48.05,0.2796892341842398,9.894136099999999,32.95244091885643,24.735340249999997,161.05899999999997,769.4575440331513,552.6474999999999,216.81004403315137
2024-11-20 08:00:00+01:00,10.1,51.95,0.06451612903225798,11.132783900000002,11.19742587103226,11.157024639137099,10.22558316831685,10.865602683487733,10.465590486505931,0.4000121969818018
2024-11-21 14:30:00+01:00,14.41,71.98,0.031818181818181815,17.49435196,17.49435196,17.49435196,21.40424677307425,21.40424677307425,21.40424677307425,0.0
2024-11-22 00:30:00+01:00,5.93,25.66,0.1499999999999999,2.7830273200000004,8.62065067966163,2.7830273200000004,53.06867925801011,45.37353591334958,53.06867925801011,-7.695143344660529
2024-11-22 08:00:00+01:00,18.83,63.38,1.3333333333333333,14.762974759999999,68.01288410874126,36.90743689999999,21.598647052575675,261.1942862917752,96.00338236856078,165.19090392321442
2024-11-22 09:15:00+01:00,152.93,72.2,0.07246376811594203,17.564224399999997,17.72204786562319,17.623408199608694,88.51486013208657,88.4116603245778,88.47616020427078,-0.06449987969298832
2024-11-22 09:30:00+01:00,135.15,72.04,0.04633204633204631,17.513408079999998,17.513408079999998,17.513408079999998,87.0415034554199,87.0415034554199,87.0415034554199,0.0
2024-11-22 10:00:00+01:00,117.24,69.33,0.046511627906976716,16.652706659999996,16.652706659999996,16.652706659999996,85.79605368474924,85.79605368474924,85.79605368474924,0.0
2024-11-22 10:30:00+01:00,27.21,55.06,0.038461538461538464,12.12052612,12.12052612,12.12052612,55.45561881661154,55.45561881661154,55.45561881661154,0.0
2024-11-22 15:45:00+01:00,23.65,72.91,0.03260869565217386,17.789721819999997,17.789721819999997,17.789721819999997,24.77918892177591,24.77918892177591,24.77918892177591,0.0
2024-11-22 16:00:00+01:00,10.1,62.74,0.03225806451612906,14.559709480000002,14.559709480000002,14.559709480000002,44.15553940594062,44.15553940594062,44.15553940594062,0.0
2024-11-26 14:00:00+01:00,25.8,57.3,0.0021186440677966904,12.8319546,12.8319546,12.8319546,50.26374186046512,50.26374186046512,50.26374186046512,0.0
2024-11-26 16:00:00+01:00,25.0,60.04,0.003593890386343268,13.70218408,13.70218408,13.70218408,45.19126368,45.19126368,45.19126368,0.0
2024-11-27 08:45:00+01:00,35.98,52.96,0.0425531914893617,11.45356192,11.45356192,11.45356192,68.16686514730405,68.16686514730405,68.16686514730405,0.0
2024-11-27 10:30:00+01:00,9.97,50.21,0.2526881720430107,10.58015642,34.7472810595787,26.45039105,6.119923971915738,248.51836569286556,165.29980992978938,83.21855576307618
2024-11-27 14:30:00+01:00,44.49,85.91,0.6,21.918547819999997,83.53005618282053,54.796369549999994,50.733765295572056,87.75018247431001,23.165586761069886,64.58459571324012
2024-11-28 09:00:00+01:00,14.6,60.09,0.040000000000000036,13.718064179999999,13.718064179999999,13.718064179999999,6.040656301369868,6.040656301369868,6.040656301369868,0.0
2024-11-28 10:00:00+01:00,17.14,57.78,0.006172839506172927,12.984403560000002,12.984403560000002,12.984403560000002,24.24502007001166,24.24502007001166,24.24502007001166,0.0
2024-11-28 14:00:00+01:00,14.52,55.29,0.3999999999999999,12.193574579999998,42.97904019182238,30.483936449999998,16.022213636363645,195.9988993927161,109.94446590909091,86.0544334836252
2024-11-29 00:30:00+01:00,2.48,28.35,0.050000000000000044,3.6373767000000004,3.6373767000000004,3.6373767000000004,46.66841532258066,46.66841532258066,46.66841532258066,0.0
2024-11-29 00:50:00+01:00,10.97,28.36,0.9411764705882353,3.64055272,15.366079531237109,3.64055272,66.81355770282589,40.073651150748475,66.81355770282589,-26.739906552077414
2024-11-29 06:00:00+01:00,2.74,33.12,0.44999999999999996,5.152338239999999,18.549495455362983,5.152338239999999,88.04154160583936,576.9888852322256,88.04154160583936,488.9473436263862
2024-11-29 08:00:00+01:00,17.46,55.32,4.0,12.203102640000001,75.39650857427819,30.5077566,30.108232302405497,331.8242186384776,74.72941924398626,257.09479939449136
2024-11-29 08:45:00+01:00,16.16,62.84,2.0,14.591469680000001,74.84579791359094,36.4786742,9.706251980198013,363.1546900593499,125.73437004950495,237.42032000984494
2024-11-29 09:00:00+01:00,16.1,58.88,0.0540540540540541,13.333765759999999,13.355388082854052,13.341874131070268,17.1815791304348,17.047278988484155,17.131216577203308,-0.08393758871915225
2024-11-29 11:00:00+01:00,11.5,59.03,0.06666666666666672,13.381406060000002,13.470615433733334,13.414859575150002,16.36005269565219,17.13578638028986,16.650952827391325,0.4848335528985359
2024-12-02 08:30:00+01:00,21.3,63.5,2.0,14.801086999999999,75.92101349611809,37.002717499999996,30.51132863849766,256.43668308036666,73.72167840375585,182.71500467661082
2024-12-02 09:15:00+01:00,10.5,57.48,0.007476635514018665,12.88912296,12.88912296,12.88912296,22.753552,22.753552,22.753552,0.0
2024-12-02 09:30:00+01:00,8.8,54.61,0.018218623481781347,11.97760522,11.97760522,11.97760522,36.10915022727271,36.10915022727271,36.10915022727271,0.0
2024-12-02 09:45:00+01:00,17.9,57.67,0.02625820568927796,12.949467340000002,12.949467340000002,12.949467340000002,27.656607039106127,27.656607039106127,27.656607039106127,0.0
2024-12-02 09:50:00+01:00,16.4,66.24,0.0023148148148148476,15.67131648,15.67131648,15.67131648,4.443192195121944,4.443192195121944,4.443192195121944,0.0
2024-12-02 09:55:00+01:00,15.8,65.78,0.004629629629629695,15.52521956,15.52521956,15.52521956,1.7391167088607637,1.7391167088607637,1.7391167088607637,0.0
2024-12-02 10:00:00+01:00,19.9,58.34,0.04918032786885243,13.162260680000001,13.162260680000001,13.162260680000001,33.85798653266331,33.85798653266331,33.85798653266331,0.0
2024-12-02 10:30:00+01:00,2.6,55.0,0.012345679012345708,12.101469999999999,12.101469999999999,12.101469999999999,365.44115384615384,365.44115384615384,365.44115384615384,0.0
2024-12-02 15:45:00+01:00,23.8,71.84,0.01844262295081979,17.449887680000003,17.449887680000003,17.449887680000003,26.681144201680663,26.681144201680663,26.681144201680663,0.0
2024-12-03 08:30:00+01:00,18.3,57.81,0.1250000000000001,12.99393162,39.62350309903688,13.140113350724997,28.99490918032787,116.52187485812502,28.196101908606575,88.32577294951844
2024-12-03 23:00:00+01:00,5.3,20.96,0.01814516129032255,1.2902979199999998,1.2902979199999998,1.2902979199999998,75.6547562264151,75.6547562264151,75.6547562264151,0.0
2024-12-04 09:15:00+01:00,27.8,71.83,0.014814814814814762,17.446711660000002,17.446711660000002,17.446711660000002,37.242044388489205,37.242044388489205,37.242044388489205,0.0
2024-12-04 09:45:00+01:00,16.7,68.65,0.045999999999999944,16.4367373,16.4367373,16.4367373,1.5764233532934042,1.5764233532934042,1.5764233532934042,0.0
2024-12-04 09:50:00+01:00,5.0,72.2,0.026258205689277805,17.564224399999997,17.564224399999997,17.564224399999997,251.28448799999995,251.28448799999995,251.28448799999995,0.0
2024-12-04 09:55:00+01:00,9.5,72.04,0.0021141649048624592,17.513408079999998,17.513408079999998,17.513408079999998,84.35166399999999,84.35166399999999,84.35166399999999,0.0
2024-12-04 10:00:00+01:00,10.0,69.33,0.006097560975609698,16.652706659999996,16.652706659999996,16.652706659999996,66.52706659999996,66.52706659999996,66.52706659999996,0.0
2024-12-04 10:30:00+01:00,15.6,55.06,0.015999999999999945,12.12052612,12.12052612,12.12052612,22.304319743589748,22.304319743589748,22.304319743589748,0.0
2024-12-04 15:45:00+01:00,55.4,72.91,0.015789473684210503,17.789721819999997,17.789721819999997,17.789721819999997,67.88858877256318,67.88858877256318,67.88858877256318,0.0
2024-12-04 16:00:00+01:00,49.2,75.21,0.06126126126126123,18.520206419999997,18.60363077324324,18.551490552466216,62.357304024390245,62.18774233080643,62.293718389296316,-0.10597605848988678
2024-12-05 07:45:00+01:00,11.4,46.43,0.040000000000000036,9.379620859999998,9.379620859999998,9.379620859999998,17.722624035087744,17.722624035087744,17.722624035087744,0.0
2024-12-05 08:00:00+01:00,10.35,46.38,0.25,9.363740759999999,30.708611473030086,23.409351899999997,9.529074782608703,196.70156012589456,126.17731304347824,70.52424708241632
2024-12-05 08:45:00+01:00,17.7,53.81,1.3333333333333335,11.72352362,54.01016165614245,29.308809049999997,33.76540327683615,205.14215624939243,65.5864918079096,139.55566444148283
2024-12-05 09:00:00+01:00,4.2,58.87,5.333333333333333,13.330589739999997,88.77936109393387,33.32647434999999,217.39499380952373,2013.7943117603304,693.4874845238093,1320.3068272365213
2024-12-05 11:00:00+01:00,1.9,49.55,0.6666666666666667,10.370539099999997,40.42332892192076,25.92634774999999,445.81784736842087,2027.543627469514,1264.5446184210523,762.9990090484616
2024-12-05 14:30:00+01:00,33.9,71.98,0.04186046511627907,17.49435196,17.49435196,17.49435196,48.394242005899706,48.394242005899706,48.394242005899706,0.0
2024-12-06 08:45:00+01:00,20.5,58.51,0.03749999999999998,13.216253020000002,13.216253020000002,13.216253020000002,35.53047307317072,35.53047307317072,35.53047307317072,0.0
2024-12-06 10:00:00+01:00,7.9,56.75,1.888888888888889,12.6572735,63.93551523330968,31.643183750000002,60.21865189873418,709.3103194089832,300.54662974683544,408.7636896621478
2024-12-06 14:30:00+01:00,9.1,86.5,0.3333333333333335,22.105933,75.58993501322809,55.2648325,142.92234065934068,730.6586265189901,507.3058516483516,223.35277487063848
2024-12-06 16:00:00+01:00,33.4,62.74,0.21216848673946972,14.559709480000002,46.77486340767796,36.39927370000001,56.40805544910179,40.04450122059271,8.979861377245541,31.064639843347166
2024-12-06 19:00:00+01:00,2.9,51.3,0.008368200836820083,10.926342599999998,10.926342599999998,10.926342599999998,276.77043448275856,276.77043448275856,276.77043448275856,0.0
2024-12-09 00:50:00+01:00,7.3,29.38,0.4999999999999999,3.9645067599999995,14.561413193274234,3.9645067599999995,45.69168821917809,99.47141360649636,45.69168821917809,53.779725387318265
2024-12-09 09:00:00+01:00,8.9,59.96,0.021052631578947295,13.676775919999997,13.676775919999997,13.676775919999997,53.67163955056176,53.67163955056176,53.67163955056176,0.0
2024-12-10 10:00:00+01:00,17.3,58.61,0.02702702702702705,13.248013219999999,13.248013219999999,13.248013219999999,23.421888901734114,23.421888901734114,23.421888901734114,0.0
2024-12-11 00:50:00+01:00,3.4,38.43,0.5,6.838804860000001,25.118550514120443,6.838804860000001,101.14131941176474,638.7808974741307,101.14131941176474,537.639578062366
2024-12-11 14:30:00+01:00,6.3,81.7,0.00047567704699700045,20.581443400000005,20.581443400000005,20.581443400000005,226.68957777777786,226.68957777777786,226.68957777777786,0.0
2024-12-11 20:00:00+01:00,9.3,50.1,0.039660056657223795,10.545220200000001,10.545220200000001,10.545220200000001,13.389464516129035,13.389464516129035,13.389464516129035,0.0
2024-12-12 09:30:00+01:00,11.9,69.27,0.3333333333333333,16.633650539999994,56.877787666837946,41.58412634999999,39.778575966386505,377.9646022423357,249.44643991596632,128.51816232636935
2024-12-12 10:00:00+01:00,6.7,56.36,0.07575757575757576,12.533408719999997,12.66254080984242,12.581833253690906,87.06580179104473,88.99314641555851,87.7885560252374,1.2045903903211155
2024-12-12 14:30:00+01:00,16.3,71.98,0.1,17.49435196,52.483055879999995,17.6255595997,7.327312638036802,221.9819379141104,8.132267482822085,213.84967043128833
2024-12-13 08:00:00+01:00,10.3,67.64,4.499999999999999,16.11595928,102.70375157114482,40.28989819999999,56.46562407766987,897.1238016616003,291.1640601941746,605.9597414674256
2024-12-13 08:45:00+01:00,9.6,66.35,2.0,15.7062527,80.56398987521263,39.265631750000004,63.60679895833334,739.2082278667983,309.0169973958334,430.1912304709649
2024-12-13 11:00:00+01:00,15.6,54.3,0.3684210526315789,11.8791486,41.28652410557654,29.697871499999998,23.851611538461533,164.6572058049778,90.37097115384614,74.28623465113165
2024-12-16 09:15:00+01:00,14.8,72.2,0.030092592592592688,17.564224399999997,17.564224399999997,17.564224399999997,18.677191891891866,18.677191891891866,18.677191891891866,0.0
2024-12-16 09:30:00+01:00,14.9,72.04,0.030303030303030304,17.513408079999998,17.513408079999998,17.513408079999998,17.539651543624142,17.539651543624142,17.539651543624142,0.0
2024-12-16 10:00:00+01:00,4.1,69.33,0.03838383838383835,16.652706659999996,16.652706659999996,16.652706659999996,306.1635770731707,306.1635770731707,306.1635770731707,0.0
2024-12-16 10:30:00+01:00,12.6,55.06,0.0186721991701246,12.12052612,12.12052612,12.12052612,3.8053482539682575,3.8053482539682575,3.8053482539682575,0.0
2024-12-16 11:00:00+01:00,17.1,59.3,0.07142857142857134,13.4671586,13.582591387999997,13.510445895499998,21.244686549707612,20.569641005847974,20.99154447076025,-0.42190346491227615
2024-12-16 15:45:00+01:00,25.8,72.91,0.05026929982046673,17.789721819999997,17.791638127556908,17.79044043533384,31.047589844961255,31.040162296291058,31.04480451420993,-0.004642217918870983
2024-12-17 08:00:00+01:00,2.5,51.42,0.1304347826086958,10.964454839999998,33.55081148170677,11.096743371221738,338.57819359999996,1242.032459268271,343.8697348488695,898.1627244194015
2024-12-17 14:30:00+01:00,13.9,79.73,0.5,19.95576746,73.29642580151804,49.889418649999996,43.56667237410072,427.31241583825926,258.91668093525175,168.3957349030075
2024-12-17 15:15:00+01:00,10.8,65.88,10.0,15.556979759999997,120.9948080071431,38.8924494,44.04610888888885,1020.3222963624361,260.11527222222213,760.2070241402139
2024-12-18 08:00:00+01:00,15.5,58.44,0.0277777777777778,13.19402088,13.19402088,13.19402088,14.87728464516129,14.87728464516129,14.87728464516129,0.0
2024-12-18 11:00:00+01:00,6.1,59.03,0.00039472645456696266,13.381406060000002,13.381406060000002,13.381406060000002,119.36731245901643,119.36731245901643,119.36731245901643,0.0
2024-12-18 14:30:00+01:00,10.0,61.26,3.692307692307692,14.089658519999997,85.22503790918171,35.224146299999994,40.89658519999997,752.2503790918171,252.24146299999992,500.0089160918171
2024-12-18 22:45:00+01:00,15.9,60.77,2.75,13.93403354,77.88364417681913,34.835083850000004,12.364568930817613,389.8342401057807,119.08857767295599,270.7456624328247
2024-12-19 08:00:00+01:00,19.7,66.64,0.1251612903225806,15.79835728,48.1802488262587,15.976471017721291,19.80529299492386,144.56979099623706,18.90116234659243,125.66862864964463
2024-12-19 11:00:00+01:00,10.1,50.39,0.013836477987421313,10.637324779999998,10.637324779999998,10.637324779999998,5.320047326732661,5.320047326732661,5.320047326732661,0.0
2024-12-19 14:30:00+01:00,14.5,85.91,0.10714285714285725,21.918547819999997,66.0676525752983,22.106421087028572,51.16239875862066,355.6389832779193,52.458076462266014,303.18090681565326
2024-12-20 00:30:00+01:00,5.3,25.66,1.9999999999999998,2.7830273200000004,14.275320097894525,2.7830273200000004,47.49005056603773,169.34566222442498,47.49005056603773,121.85561165838726
2024-12-20 08:00:00+01:00,8.7,50.25,1.9999999999999998,10.592860499999999,54.33524611962596,26.482151249999994,21.757017241379305,524.5430588462755,204.39254310344825,320.1505157428272
2024-12-20 10:00:00+01:00,18.2,57.78,0.007216494845360854,12.984403560000002,12.984403560000002,12.984403560000002,28.65712329670328,28.65712329670328,28.65712329670328,0.0
2024-12-20 16:00:00+01:00,18.6,62.74,0.03571428571428571,14.559709480000002,14.559709480000002,14.559709480000002,21.721992043010747,21.721992043010747,21.721992043010747,0.0
2024-12-23 08:00:00+01:00,22.4,55.37,0.09999999999999998,12.21898274,12.4633623948,12.31062511055,45.450969910714285,44.35998930892857,45.04185218504465,-0.6818628761160781
2024-12-23 09:00:00+01:00,4.8,64.87,0.02941176470588238,15.23620174,15.23620174,15.23620174,217.42086958333337,217.42086958333337,217.42086958333337,0.0
2024-12-23 15:30:00+01:00,18.9,67.41,1.75,16.042910819999996,79.39827924652262,40.10727704999999,15.116873968253982,320.09671559006676,112.20781507936506,207.88890051070172
2024-12-23 16:00:00+01:00,10.3,60.04,0.0734513274336283,13.70218408,13.830717842166374,13.750384240812389,33.030913398058246,34.278814001615274,33.49887612439212,0.7799378772231549
2024-12-26 14:30:00+01:00,1.0,71.98,0.018666666666666668,17.49435196,17.49435196,17.49435196,1649.435196,1649.435196,1649.435196,0.0
2024-12-27 00:30:00+01:00,3.5,28.35,0.0714285714285715,3.6373767000000004,3.668554214571429,3.6373767000000004,3.925048571428581,4.815834702040827,3.925048571428581,0.8907861306122458
2024-12-27 00:50:00+01:00,5.2,28.36,3.545454545454545,3.64055272,21.78420920658308,3.64055272,29.98937076923077,318.9271001265977,29.98937076923077,288.9377293573669
2024-12-27 06:00:00+01:00,2.2,33.12,17.0,5.152338239999999,45.18395277515871,5.152338239999999,134.19719272727266,1953.8160352344864,134.19719272727266,1819.6188425072137
2024-12-27 09:00:00+01:00,7.6,56.16,0.6428571428571428,12.469888319999999,48.22444957083339,31.1747208,64.07747789473683,534.5322311951762,310.19369473684213,224.3385364583341
2024-12-30 09:00:00+01:00,13.1,60.09,0.07692307692307682,13.718064179999999,13.865797178861538,13.773464054573076,4.718047175572513,5.845779991309452,5.140946981473862,0.7048330098355899
2025-01-02 09:15:00+01:00,5.9,61.18,0.005597014925373214,14.06425036,14.06425036,14.06425036,138.37712474576273,138.37712474576273,138.37712474576273,0.0
2025-01-02 09:45:00+01:00,0.5,57.67,0.03125000000000013,12.949467340000002,12.949467340000002,12.949467340000002,2489.893468,2489.893468,2489.893468,0.0
2025-01-02 10:00:00+01:00,5.5,64.53,0.0022123893805310046,15.128217059999999,15.128217059999999,15.128217059999999,175.058492,175.058492,175.058492,0.0
2025-01-02 10:30:00+01:00,13.8,55.0,0.006342494714587678,12.101469999999999,12.101469999999999,12.101469999999999,12.308188405797113,12.308188405797113,12.308188405797113,0.0
2025-01-02 14:30:00+01:00,13.5,71.98,0.04954954954954955,17.49435196,17.49435196,17.49435196,29.587792296296296,29.587792296296296,29.587792296296296,0.0
2025-01-02 15:45:00+01:00,31.5,71.84,0.02277432712215324,17.449887680000003,17.449887680000003,17.449887680000003,44.60353117460316,44.60353117460316,44.60353117460316,0.0
2025-01-03 09:30:00+01:00,13.1,54.61,0.0020703933747412305,11.97760522,11.97760522,11.97760522,8.56789908396947,8.56789908396947,8.56789908396947,0.0
2025-01-03 09:55:00+01:00,19.0,61.5,0.016129032258064602,14.165883,14.165883,14.165883,25.442721052631583,25.442721052631583,25.442721052631583,0.0
2025-01-03 16:00:00+01:00,24.5,70.95,0.018595041322314022,17.167221899999998,17.167221899999998,17.167221899999998,29.929706530612254,29.929706530612254,29.929706530612254,0.0
2025-01-06 08:30:00+01:00,24.1,63.5,0.33333333333333326,14.801086999999999,50.61144464950359,37.002717499999996,38.58470124481329,110.00599439628044,53.53824688796678,56.467747508313664
2025-01-06 09:15:00+01:00,33.2,71.83,0.07102803738317752,17.446711660000002,17.593459702,17.501742175750003,47.4496636746988,47.0076515,47.283909109186745,-0.276257609186743
2025-01-06 09:45:00+01:00,26.0,68.65,0.03541666666666673,16.4367373,16.4367373,16.4367373,36.781779615384615,36.781779615384615,36.781779615384615,0.0
2025-01-06 09:50:00+01:00,33.2,72.2,0.022821576763485358,17.564224399999997,17.564224399999997,17.564224399999997,47.095709638554226,47.095709638554226,47.095709638554226,0.0
2025-01-06 09:55:00+01:00,25.1,72.04,0.004184100418410101,17.513408079999998,17.513408079999998,17.513408079999998,30.22546581673308,30.22546581673308,30.22546581673308,0.0
2025-01-06 10:00:00+01:00,21.5,69.33,0.003891050583657643,16.652706659999996,16.652706659999996,16.652706659999996,22.54555041860467,22.54555041860467,22.54555041860467,0.0
2025-01-06 10:30:00+01:00,23.1,55.06,0.005836575875486326,12.12052612,12.12052612,12.12052612,47.53018995670996,47.53018995670996,47.53018995670996,0.0
2025-01-06 14:00:00+01:00,34.5,55.29,0.3999999999999999,12.193574579999998,42.97904019182238,30.483936449999998,64.6563055652174,24.576928092238777,11.640763913043484,12.936164179195293
2025-01-06 15:45:00+01:00,19.4,72.91,0.02905982905982911,17.789721819999997,17.789721819999997,17.789721819999997,8.300402989690731,8.300402989690731,8.300402989690731,0.0
2025-01-06 16:00:00+01:00,22.7,65.08,0.3333333333333335,15.302898159999998,52.32735833535945,38.257245399999995,32.58635171806168,130.51699707206808,68.5341207048458,61.982876367222275
2025-01-07 10:00:00+01:00,12.6,56.36,0.04999999999999997,12.533408719999997,12.533408719999997,12.533408719999997,0.5285022222222427,0.5285022222222427,0.5285022222222427,0.0
2025-01-07 11:00:00+01:00,8.0,59.3,1.0,13.4671586,57.68937196621997,33.6678965,68.33948249999999,621.1171495777496,320.84870624999996,300.26844332774965
2025-01-07 14:30:00+01:00,13.7,75.19,0.0012771392081736184,18.51385438,18.51385438,18.51385438,35.13762321167885,35.13762321167885,35.13762321167885,0.0
2025-01-07 16:00:00+01:00,36.2,75.21,0.015009380863039481,18.520206419999997,18.520206419999997,18.520206419999997,48.8392087845304,48.8392087845304,48.8392087845304,0.0
2025-01-08 06:00:00+01:00,6.2,29.67,0.01092896174863384,4.05661134,4.05661134,4.05661134,34.57078483870968,34.57078483870968,34.57078483870968,0.0
2025-01-08 08:00:00+01:00,20.5,55.32,19.0,12.203102640000001,109.60142762755983,30.5077566,40.472670048780486,434.64111037834067,48.81832487804878,385.8227855002919
2025-01-08 08:30:00+01:00,23.2,57.81,0.994408201304753,12.99393162,55.585609473498195,32.48482905,43.99167405172414,139.5931442823198,40.02081487068967,99.57232941163014
2025-01-08 08:45:00+01:00,18.8,58.51,0.014285714285714235,13.216253020000002,13.216253020000002,13.216253020000002,29.700781808510634,29.700781808510634,29.700781808510634,0.0
2025-01-08 14:30:00+01:00,9.2,71.98,0.0779816513761468,17.49435196,17.690160303038528,17.56778008863945,90.1559995652174,92.28435111998402,90.95413139825489,1.3302197217291365
2025-01-09 08:00:00+01:00,15.1,63.71,0.3401360544217687,14.867783419999997,51.003071512951806,37.16945854999999,1.5378581456953835,237.76868551623713,146.1553546357615,91.61333088047562
2025-01-09 11:00:00+01:00,3.4,49.55,0.29411764705882354,10.370539099999997,34.791241001716,25.92634774999999,205.01585588235284,923.2717941681178,662.5396397058821,260.7321544622357
2025-01-10 07:45:00+01:00,9.4,46.43,0.07692307692307682,9.379620859999998,9.480632161569227,9.417500098088459,0.21679936170215797,0.8577889528641162,0.18617125626019485,0.6716176966039213
2025-01-10 09:00:00+01:00,15.0,58.87,1.1666666666666667,13.330589739999997,59.34610595836582,33.32647434999999,11.129401733333353,295.64070638910545,122.1764956666666,173.46421072243885
2025-01-10 10:00:00+01:00,1.9,56.75,3.0000000000000004,12.6572735,72.42432542024918,31.643183750000002,566.1722894736843,3711.806601065746,1565.4307236842108,2146.3758773815352
2025-01-10 14:30:00+01:00,81.0,86.5,3.6,22.105933,132.81586731990149,55.2648325,72.70872469135803,63.970206567779606,31.771811728395065,32.19839483938454
2025-01-10 16:00:00+01:00,20.5,62.74,0.17857142857142858,14.559709480000002,45.88164599330452,36.39927370000001,28.977026926829257,123.81290728441228,77.55743268292687,46.2554746014854
2025-01-13 09:00:00+01:00,11.3,59.96,0.14285714285714285,13.676775919999997,42.17819765547946,13.867273870314284,21.033415221238904,273.2583863316766,22.719237790391883,250.53914854128473
2025-01-14 10:00:00+01:00,7.7,58.61,0.5454545454545454,13.248013219999999,49.505807371117626,33.120033049999996,72.05211974025973,542.9325632612678,330.13029935064935,212.80226391061842
2025-01-14 20:00:00+01:00,2.2,50.1,0.16,10.545220200000001,32.864577533961786,26.3630505,379.3281909090909,1393.8444333618993,1098.3204772727272,295.5239560891721
2025-01-15 08:00:00+01:00,11.4,58.44,0.25000000000000006,13.19402088,43.2701066118544,32.9850522,15.737025263157891,279.5623387004772,189.34256315789472,90.21977554258248
2025-01-15 11:00:00+01:00,8.5,54.3,0.33333333333333326,11.8791486,40.6200485040138,29.697871499999998,39.754689411764716,377.88292357663295,249.38672352941174,128.4962000472212
2025-01-15 14:30:00+01:00,47.0,81.7,0.030303030303030196,20.581443400000005,20.581443400000005,20.581443400000005,56.20969489361701,56.20969489361701,56.20969489361701,0.0
2025-01-16 08:00:00+01:00,11.6,67.64,0.9958263772954925,16.11595928,68.9651801137228,40.28989819999999,38.93068344827586,494.52741477347234,247.32670862068957,247.20070615278277
2025-01-16 11:00:00+01:00,11.5,59.52,0.38983050847457607,13.537031039999999,47.5017348867548,33.8425776,17.713313391304336,313.0585642326504,194.28328347826084,118.77528075438954
2025-01-16 14:30:00+01:00,15.5,79.73,0.33333333333333326,19.95576746,68.23757067573179,49.889418649999996,28.746886838709678,340.24239145633413,221.86721709677414,118.37517435955999
2025-01-17 08:00:00+01:00,10.6,50.25,6.999999999999999,10.592860499999999,75.56655926748456,26.482151249999994,0.06735377358491476,612.8920685611752,149.83161556603767,463.0604529951375
2025-01-17 11:00:00+01:00,8.6,59.03,0.03571428571428559,13.381406060000002,13.381406060000002,13.381406060000002,55.59774488372096,55.59774488372096,55.59774488372096,0.0
2025-01-17 14:30:00+01:00,20.9,61.26,6.9,14.089658519999997,100.1527794911953,35.224146299999994,32.585365933014366,379.1999018717479,68.5365851674641,310.66331670428383
2025-01-17 15:15:00+01:00,47.8,65.88,2.0000000000000004,15.556979759999997,79.79830605129179,38.8924494,67.45401723849372,66.94206286881128,18.63504309623431,48.307019772576965
2025-01-21 08:00:00+01:00,16.0,51.42,0.023255813953488497,10.964454839999998,10.964454839999998,10.964454839999998,31.47215725000001,31.47215725000001,31.47215725000001,0.0
2025-01-21 22:45:00+01:00,6.9,37.67,0.04761904761904766,6.59742734,6.59742734,6.59742734,4.385111014492754,4.385111014492754,4.385111014492754,0.0
2025-01-23 00:50:00+01:00,5.1,48.05,3.38,9.894136099999999,58.45362621984945,24.735340249999997,94.00266862745097,1046.1495337225383,385.00667156862744,661.1428621539109
2025-01-23 14:30:00+01:00,8.2,71.98,0.020967741935483872,17.49435196,17.49435196,17.49435196,113.34575560975611,113.34575560975611,113.34575560975611,0.0
2025-01-23 23:00:00+01:00,3.2,40.72,0.031055900621118016,7.56611344,7.56611344,7.56611344,136.44104499999997,136.44104499999997,136.44104499999997,0.0
2025-01-24 00:30:00+01:00,3.5,25.66,0.12499999999999997,2.7830273200000004,8.48652239088236,2.7830273200000004,20.484933714285702,142.47206831092458,20.484933714285702,121.98713459663888
2025-01-24 09:15:00+01:00,25.7,68.83,0.07092198581560284,16.493905659999996,16.631939764104963,16.545668449039358,35.82137875486382,35.28428107352154,35.61996712436047,-0.3356860508389303
2025-01-24 09:30:00+01:00,41.6,66.28,0.03941908713692943,15.684020559999999,15.684020559999999,15.684020559999999,62.298027499999996,62.298027499999996,62.298027499999996,0.0
2025-01-24 10:00:00+01:00,25.0,63.94,0.024444444444444477,14.940831879999998,14.940831879999998,14.940831879999998,40.23667248000001,40.23667248000001,40.23667248000001,0.0
2025-01-24 10:30:00+01:00,23.3,55.06,0.025531914893617082,12.12052612,12.12052612,12.12052612,47.980574592274685,47.980574592274685,47.980574592274685,0.0
2025-01-24 15:45:00+01:00,36.7,72.91,0.06548672566371687,17.789721819999997,17.899923636584067,17.83104750121902,51.52664354223434,51.226366112849966,51.414039506215204,-0.18767339336523747
2025-01-24 16:00:00+01:00,29.0,62.74,0.05006418485237491,14.559709480000002,14.56008328512144,14.559849656920543,49.794105241379306,49.79281625820193,49.79362187268778,-0.0008056144858485936
2025-01-28 08:45:00+01:00,6.0,52.96,0.022222222222222223,11.45356192,11.45356192,11.45356192,90.89269866666667,90.89269866666667,90.89269866666667,0.0
2025-01-28 09:00:00+01:00,9.6,57.25,0.044144144144144165,12.816074500000001,12.816074500000001,12.816074500000001,33.50077604166668,33.50077604166668,33.50077604166668,0.0
2025-01-28 14:30:00+01:00,7.7,67.41,4.666666666666667,16.042910819999996,103.21355652938068,40.10727704999999,108.34949116883112,1240.435799082866,420.8737279220778,819.5620711607882
2025-01-28 16:00:00+01:00,9.0,60.04,0.014204545454545456,13.70218408,13.70218408,13.70218408,52.24648977777778,52.24648977777778,52.24648977777778,0.0
2025-01-29 06:00:00+01:00,3.0,29.67,0.03825136612021854,4.05661134,4.05661134,4.05661134,35.220378,35.220378,35.220378,0.0
2025-01-29 08:00:00+01:00,25.8,50.21,0.11999999999999993,10.58015642,32.15949904864109,10.69124806241,58.991641782945734,24.649221118763904,58.56105402166667,-33.911832902902766
2025-01-29 09:00:00+01:00,15.5,67.14,0.3333333333333335,15.957158279999998,54.56456225489304,39.8928957,2.949408258064503,252.02943390253574,157.37352064516128,94.65591325737446
2025-01-29 10:00:00+01:00,21.1,57.78,0.022916666666666696,12.984403560000002,12.984403560000002,12.984403560000002,38.46254236966824,38.46254236966824,38.46254236966824,0.0
2025-01-30 07:30:00+01:00,4.9,49.25,2.0,10.275258499999998,52.70613160064542,25.688146249999996,109.69915306122444,975.635338788682,424.24788265306114,551.3874561356208
2025-01-30 08:00:00+01:00,10.8,66.64,0.2235555555555555,15.79835728,51.07603411011415,39.495893200000005,46.281085925925915,372.9262417603162,265.70271481481484,107.22352694550136
2025-01-30 09:00:00+01:00,5.6,60.09,0.6666666666666666,13.718064179999999,53.47164840448451,34.295160450000004,144.9654317857143,854.8508643657948,512.4135794642858,342.437284901509
2025-01-30 10:00:00+01:00,16.1,64.0,3.0000000000000004,14.959887999999998,85.59977761106926,37.399719999999995,7.081440993788843,431.6756373358338,132.2963975155279,299.3792398203059
2025-01-30 11:00:00+01:00,8.4,58.03,0.24999999999999994,13.063804059999999,42.84305744046816,32.659510149999996,55.52147690476189,410.03639810081137,288.8036922619047,121.23270583890667
2025-01-30 14:30:00+01:00,51.0,85.91,0.14814814814814828,21.918547819999997,67.81708019283998,22.24123755179444,57.02245525490197,32.974667044784276,56.38973029059914,-23.415063245814864
2025-01-31 00:30:00+01:00,12.6,28.35,0.16666666666666663,3.6373767000000004,11.381631926076517,3.6373767000000004,71.13193095238096,9.669587888281605,71.13193095238096,-61.46234306409935
2025-01-31 00:50:00+01:00,10.3,26.75,7.999999999999999,3.1292134999999996,23.06888283372216,3.1292134999999996,69.619286407767,123.96973624972969,69.619286407767,54.350449841962686
2025-01-31 06:00:00+01:00,3.7,33.12,0.358974358974359,5.152338239999999,17.8301548044417,5.152338239999999,39.25238486486482,381.8960757957217,39.25238486486482,342.64369093085685
2025-01-31 08:00:00+01:00,18.7,55.32,0.27999999999999997,12.203102640000001,40.64888728228759,30.5077566,34.74276663101604,117.37372878228658,63.1430834224599,54.230645359826674
2025-01-31 08:30:00+01:00,12.8,63.5,3.3333333333333335,14.801086999999999,87.11889332159274,37.002717499999996,15.633492187499986,580.6163540749433,189.08373046874996,391.5326236061933
2025-01-31 08:45:00+01:00,22.3,66.35,2.0,15.7062527,80.56398987521263,39.265631750000004,29.568373542600895,261.27349719826293,76.07906614349777,185.19443105476518
2025-01-31 09:00:00+01:00,28.1,56.16,1.5,12.469888319999999,59.24365972490909,31.1747208,55.62317323843416,110.83152927013909,10.942066903914583,99.8894623662245
2025-01-31 14:00:00+01:00,5.0,55.29,3.0000000000000004,12.193574579999998,69.77106194458055,30.483936449999998,143.87149159999996,1295.421238891611,509.678729,785.742509891611
2025-01-31 19:00:00+01:00,54.9,51.3,0.023504273504273504,10.926342599999998,10.926342599999998,10.926342599999998,80.09773661202186,80.09773661202186,80.09773661202186,0.0
2025-02-03 09:15:00+01:00,34.3,61.18,0.04859813084112152,14.06425036,14.06425036,14.06425036,58.9963546355685,58.9963546355685,58.9963546355685,0.0
2025-02-03 09:30:00+01:00,11.8,54.61,0.030612244897959183,11.97760522,11.97760522,11.97760522,1.5051289830508343,1.5051289830508343,1.5051289830508343,0.0
2025-02-03 09:45:00+01:00,5.3,57.67,0.010683760683760684,12.949467340000002,12.949467340000002,12.949467340000002,144.32957245283023,144.32957245283023,144.32957245283023,0.0
2025-02-03 09:50:00+01:00,14.8,72.0,0.006622516556291328,17.500704000000002,17.500704000000002,17.500704000000002,18.24800000000001,18.24800000000001,18.24800000000001,0.0
2025-02-03 09:55:00+01:00,19.5,68.32,0.02040816326530609,16.331928639999997,16.331928639999997,16.331928639999997,16.24651979487181,16.24651979487181,16.24651979487181,0.0
2025-02-03 10:00:00+01:00,21.5,64.53,0.010845986984815618,15.128217059999999,15.128217059999999,15.128217059999999,29.63619972093024,29.63619972093024,29.63619972093024,0.0
2025-02-03 10:30:00+01:00,19.1,55.0,0.00207468879668038,12.101469999999999,12.101469999999999,12.101469999999999,36.64151832460734,36.64151832460734,36.64151832460734,0.0
2025-02-03 11:00:00+01:00,15.4,59.03,0.4999999999999999,13.381406060000002,49.149161432289716,33.45351515,13.107752857142849,219.15039891097217,117.23061785714289,101.91978105382928
2025-02-03 15:45:00+01:00,73.5,71.84,0.021956087824351326,17.449887680000003,17.449887680000003,17.449887680000003,76.25865621768708,76.25865621768708,76.25865621768708,0.0
2025-02-03 16:00:00+01:00,81.0,70.95,0.022088353413654647,17.167221899999998,17.167221899999998,17.167221899999998,78.80589888888889,78.80589888888889,78.80589888888889,0.0
2025-02-03 22:45:00+01:00,13.1,18.56,2.75,0.5280531199999996,2.9515288007939695,0.5280531199999996,95.96906015267176,77.46924579546588,95.96906015267176,-18.499814357205878
2025-02-04 16:00:00+01:00,23.4,65.08,0.2857142857142858,15.302898159999998,51.122250048115895,38.257245399999995,34.60299931623932,118.47115405177735,63.492501709401694,54.97865234237565
2025-02-04 23:00:00+01:00,4.0,20.96,0.01587301587301596,1.2902979199999998,1.2902979199999998,1.2902979199999998,67.74255200000002,67.74255200000002,67.74255200000002,0.0
2025-02-05 08:45:00+01:00,14.4,53.81,3.0000000000000004,11.72352362,67.0814523939028,29.308809049999997,18.58664152777778,365.84341940210277,103.53339618055553,262.3100232215472
2025-02-05 09:15:00+01:00,6.5,71.83,0.04424778761061947,17.446711660000002,17.446711660000002,17.446711660000002,168.41094861538463,168.41094861538463,168.41094861538463,0.0
2025-02-05 09:45:00+01:00,15.9,68.65,0.005999999999999943,16.4367373,16.4367373,16.4367373,3.375706289308179,3.375706289308179,3.375706289308179,0.0
2025-02-05 09:50:00+01:00,10.1,72.2,0.01449275362318832,17.564224399999997,17.564224399999997,17.564224399999997,73.90321188118808,73.90321188118808,73.90321188118808,0.0
2025-02-05 09:55:00+01:00,11.6,72.04,0.007984031936127716,17.513408079999998,17.513408079999998,17.513408079999998,50.97765586206895,50.97765586206895,50.97765586206895,0.0
2025-02-05 10:00:00+01:00,6.0,69.33,0.5714285714285714,16.652706659999996,62.821794534666076,41.63176664999999,177.54511099999993,947.0299089111013,593.8627774999998,353.16713141110154
2025-02-05 10:30:00+01:00,5.2,55.06,0.007812500000000111,12.12052612,12.12052612,12.12052612,133.08704076923075,133.08704076923075,133.08704076923075,0.0
2025-02-05 14:00:00+01:00,18.4,50.39,0.0625,10.637324779999998,10.690511403899997,10.6572697639625,42.1884522826087,41.89939454402175,42.08005563063858,-0.1806610866168299
2025-02-05 14:30:00+01:00,7.0,75.19,0.019689119170984516,18.51385438,18.51385438,18.51385438,164.48363400000002,164.48363400000002,164.48363400000002,0.0
2025-02-05 15:45:00+01:00,20.8,72.91,0.005725190839694738,17.789721819999997,17.789721819999997,17.789721819999997,14.472491250000019,14.472491250000019,14.472491250000019,0.0
2025-02-05 16:00:00+01:00,9.2,75.21,0.027624309392265196,18.520206419999997,18.520206419999997,18.520206419999997,101.30659152173911,101.30659152173911,101.30659152173911,0.0
2025-02-06 07:45:00+01:00,9.4,46.43,0.03448275862068969,9.379620859999998,9.379620859999998,9.379620859999998,0.21679936170215797,0.21679936170215797,0.21679936170215797,0.0
2025-02-06 08:00:00+01:00,11.9,46.38,2.45,9.363740759999999,50.73200481507476,23.409351899999997,21.31310285714287,326.3193681939055,96.71724285714282,229.6021253367627
2025-02-06 14:30:00+01:00,6.9,71.98,0.028169014084507043,17.49435196,17.49435196,17.49435196,153.54133275362315,153.54133275362315,153.54133275362315,0.0
2025-02-07 08:00:00+01:00,14.5,63.71,3.0,14.867783419999997,85.07275952343645,37.16945854999999,2.5364373793103225,486.7086863685272,156.34109344827579,330.3675929202514
2025-02-07 08:45:00+01:00,13.4,58.51,1.0,13.216253020000002,56.61456578304931,33.04063255,1.371246119402975,322.4967595749948,146.57188470149254,175.9248748735023
2025-02-07 09:00:00+01:00,12.3,59.96,3.2,13.676775919999997,79.62583309094836,34.19193979999999,11.193300162601597,547.3644966743768,177.983250406504,369.3812462678728
2025-02-07 14:30:00+01:00,8.7,86.5,2.5,22.105933,120.42319439696914,55.2648325,154.091183908046,1284.1746482410247,535.2279597701149,748.9466884709097
2025-02-07 16:00:00+01:00,53.3,62.74,0.2647058823529412,14.559709480000002,48.11892529656961,36.39927370000001,72.68347189493433,9.720590437955705,31.708679737335814,-21.988089299380107
2025-02-11 07:30:00+01:00,6.9,34.66,0.02666666666666669,5.641445319999998,5.641445319999998,5.641445319999998,18.239922898550756,18.239922898550756,18.239922898550756,0.0
2025-02-12 10:00:00+01:00,9.6,58.61,14.499999999999998,13.248013219999999,112.19391348625821,33.120033049999996,38.00013770833333,1068.6865988151897,245.0003442708333,823.6862545443564
2025-02-12 14:30:00+01:00,49.4,81.7,0.6666666666666667,20.581443400000005,80.22441728666695,51.45360850000001,58.337159109311735,62.39760584345536,4.157102226720668,58.24050361673469
2025-02-12 20:00:00+01:00,9.9,50.1,0.46424517593643594,10.545220200000001,38.186378616474435,26.3630505,6.517375757575765,285.7209961260044,166.2934393939394,119.42755673206503
2025-02-13 08:00:00+01:00,5.7,66.7,0.5,15.8174134,58.09648112852069,39.5435335,177.49848070175437,919.2365110266788,593.746201754386,325.49030927229285
2025-02-13 11:00:00+01:00,10.9,54.3,0.3548387096774194,11.8791486,41.03074666867052,29.697871499999998,8.983014678899085,276.428868519913,172.4575366972477,103.97133182266532
2025-02-13 14:30:00+01:00,10.2,71.98,0.015957446808510637,17.49435196,17.49435196,17.49435196,71.51325450980393,71.51325450980393,71.51325450980393,0.0
2025-02-14 09:00:00+01:00,20.0,62.12,0.03333333333333336,14.362796239999998,14.362796239999998,14.362796239999998,28.186018800000014,28.186018800000014,28.186018800000014,0.0
2025-02-14 14:30:00+01:00,13.6,79.73,3.4999999999999996,19.95576746,119.0004137527274,49.889418649999996,46.73358426470589,775.0030422994662,266.8339606617647,508.1690816377015
2025-02-14 15:15:00+01:00,16.7,65.88,0.6666666666666667,15.556979759999997,60.63955825306555,38.8924494,6.8444325748503125,263.1111272638656,132.88891856287424,130.2222087009914
2025-02-17 00:50:00+01:00,1.9,38.43,1.7999999999999998,6.838804860000001,34.101724684932684,6.838804860000001,259.93709789473695,1694.827614996457,259.93709789473695,1434.89051710172
2025-02-17 10:00:00+01:00,2.3,54.51,0.37471264367816115,11.945845019999998,41.63654459933427,29.864612549999997,419.3845660869565,1710.2845477971425,1198.4614152173913,511.82313257975125
2025-02-17 11:00:00+01:00,16.9,59.52,0.07638888888888887,13.537031039999999,13.6799219232,13.590615121199997,19.899224615384618,19.05371643076922,19.582159046153855,-0.528442615384634
2025-02-18 08:00:00+01:00,6.7,51.42,0.022222222222222143,10.964454839999998,10.964454839999998,10.964454839999998,63.648579701492515,63.648579701492515,63.648579701492515,0.0
2025-02-18 08:30:00+01:00,5.1,45.87,3.5999999999999996,9.201763739999999,55.28562092361902,23.00440935,80.42673999999998,984.0317828160594,351.06685000000004,632.9649328160593
2025-02-18 08:45:00+01:00,3.4,62.84,3.0000000000000004,14.591469680000001,83.49170526053807,36.4786742,329.1608729411765,2355.6383900158257,972.9021823529413,1382.7362076628845
2025-02-19 08:00:00+01:00,6.6,58.44,0.6666666666666666,13.19402088,51.42897979478526,32.9850522,99.90940727272728,679.2269665876555,399.77351818181813,279.4534484058374
2025-02-19 14:30:00+01:00,8.0,61.26,0.02428571428571415,14.089658519999997,14.089658519999997,14.089658519999997,76.12073149999996,76.12073149999996,76.12073149999996,0.0
2025-02-20 08:00:00+01:00,6.6,66.64,0.7250704225352113,15.79835728,62.7368929873066,39.495893200000005,139.3690496969697,850.5589846561605,498.4226242424243,352.1363604137362
2025-02-20 14:30:00+01:00,5.5,71.98,0.018604651162790697,17.49435196,17.49435196,17.49435196,218.07912654545453,218.07912654545453,218.07912654545453,0.0
2025-02-20 16:00:00+01:00,23.3,58.03,0.0285714285714286,13.063804059999999,13.063804059999999,13.063804059999999,43.93217141630902,43.93217141630902,43.93217141630902,0.0
2025-02-20 22:45:00+01:00,4.1,11.3,3.16,1.7777374,10.315082952872368,1.7777374,56.64055121951219,151.587389094448,56.64055121951219,94.94683787493582
2025-02-20 23:00:00+01:00,0.4,40.72,0.014028056112224506,7.56611344,7.56611344,7.56611344,1791.5283599999998,1791.5283599999998,1791.5283599999998,0.0
2025-02-21 00:30:00+01:00,11.5,28.07,1.4999999999999998,3.548448139999999,16.858455245383187,3.548448139999999,69.1439292173913,46.59526300333206,69.1439292173913,-22.548666214059246
2025-02-21 08:00:00+01:00,9.6,50.25,1.3333333333333335,10.592860499999999,48.80120743135125,26.482151249999994,10.34229687499999,408.34591074324226,175.85574218749994,232.49016855574231
2025-02-21 09:15:00+01:00,20.5,72.2,0.08997955010224946,17.564224399999997,17.84510831576278,17.66955586841104,14.320856585365869,12.950691142620588,13.807044544336383,-0.8563534017157952
2025-02-21 09:30:00+01:00,6.9,72.04,0.015418502202643234,17.513408079999998,17.513408079999998,17.513408079999998,153.81750840579707,153.81750840579707,153.81750840579707,0.0
2025-02-21 10:00:00+01:00,9.7,69.33,0.015533980582524217,16.652706659999996,16.652706659999996,16.652706659999996,71.67738824742266,71.67738824742266,71.67738824742266,0.0
2025-02-21 10:30:00+01:00,7.0,55.06,0.04132231404958678,12.12052612,12.12052612,12.12052612,73.15037314285713,73.15037314285713,73.15037314285713,0.0
2025-02-21 15:45:00+01:00,20.2,72.91,0.06226415094339617,17.789721819999997,17.8769921534566,17.82244819504622,11.932070198019815,11.500038844274247,11.770058440365242,-0.2700195960909948
2025-02-21 16:00:00+01:00,29.0,62.74,0.06060606060606066,14.559709480000002,14.621477944460606,14.58287265417273,49.794105241379306,49.581110536342734,49.71423222699058,-0.1331216906478474
2025-02-24 08:30:00+01:00,35.1,52.74,0.04415094339622641,11.383689480000001,11.383689480000001,11.383689480000001,67.56783623931624,67.56783623931624,67.56783623931624,0.0
2025-02-24 11:00:00+01:00,10.6,59.03,7.892036934736893e-05,13.381406060000002,13.381406060000002,13.381406060000002,26.23967981132077,26.23967981132077,26.23967981132077,0.0
2025-02-25 16:00:00+01:00,7.7,60.04,0.04097560975609759,13.70218408,13.70218408,13.70218408,77.9504425974026,77.9504425974026,77.9504425974026,0.0
2025-02-26 08:00:00+01:00,0.9,50.21,0.15420560747663556,10.58015642,32.85746937142237,26.45039105,1075.5729355555554,3550.829930158041,2838.932338888889,711.8975912691521
2025-02-26 14:30:00+01:00,10.0,57.3,6.999999999999999,12.8319546,91.53964198797588,32.07988649999999,28.319545999999995,815.3964198797588,220.79886499999995,594.5975548797588
2025-02-27 09:00:00+01:00,8.0,62.12,0.3333333333333335,14.362796239999998,49.11273522768012,35.90699059999999,79.53495299999997,513.9091903460015,348.83738249999993,165.0718078460016
2025-02-27 10:00:00+01:00,7.1,57.78,0.004065040650406417,12.984403560000002,12.984403560000002,12.984403560000002,82.87892338028173,82.87892338028173,82.87892338028173,0.0
2025-02-27 14:30:00+01:00,54.8,85.91,0.55,21.918547819999997,82.0439106196693,54.796369549999994,60.00264996350365,49.715165364360054,0.006624908759129268,49.708540455600925
2025-02-28 00:30:00+01:00,2.3,28.07,0.09375000000000008,3.548448139999999,3.6105459824499997,3.548448139999999,54.280353913043456,56.98026010652174,54.280353913043456,2.6999061934782844
2025-02-28 00:50:00+01:00,5.4,26.75,0.6666666666666667,3.1292134999999996,12.197362678803739,3.1292134999999996,42.05160185185186,125.87708664451367,42.05160185185186,83.8254847926618
2025-02-28 06:00:00+01:00,2.2,33.12,0.769230769230769,5.152338239999999,20.736748676643252,5.152338239999999,134.19719272727266,842.579485301966,134.19719272727266,708.3822925746933
2025-02-28 08:00:00+01:00,13.3,55.32,0.9333333333333332,12.203102640000001,51.40278276949488,30.5077566,8.24734857142857,286.4870884924427,129.38162857142856,157.10545992101413
2025-02-28 08:30:00+01:00,13.2,63.5,1.5000000000000002,14.801086999999999,70.31903889471046,37.002717499999996,12.129446969696968,432.71999162659444,180.3236174242424,252.39637420235204
2025-02-28 08:45:00+01:00,11.1,66.35,0.6,15.7062527,59.8554329979593,39.265631750000004,41.49777207207208,439.2381351167504,253.7444301801802,185.49370493657023
2025-02-28 11:00:00+01:00,9.4,59.3,0.0555555555555556,13.4671586,13.497085619111113,13.478381232166665,43.267644680851056,43.5860172245863,43.38703438475175,0.19898283983454945
2025-02-28 14:00:00+01:00,10.2,55.29,0.0370370370370369,12.193574579999998,12.193574579999998,12.193574579999998,19.5448488235294,19.5448488235294,19.5448488235294,0.0
2025-02-28 15:20:00+01:00,8.6,50.39,0.012790697674418539,10.637324779999998,10.637324779999998,10.637324779999998,23.689823023255798,23.689823023255798,23.689823023255798,0.0
2025-03-02 23:00:00+01:00,5.2,40.72,0.00395256916996053,7.56611344,7.56611344,7.56611344,45.50218153846153,45.50218153846153,45.50218153846153,0.0
2025-03-03 09:15:00+01:00,13.6,57.48,0.03307392996108941,12.88912296,12.88912296,12.88912296,5.2270370588235275,5.2270370588235275,5.2270370588235275,0.0
2025-03-03 09:30:00+01:00,21.8,54.61,0.03333333333333336,11.97760522,11.97760522,11.97760522,45.05685678899083,45.05685678899083,45.05685678899083,0.0
2025-03-03 09:45:00+01:00,26.9,57.67,0.014989293361884277,12.949467340000002,12.949467340000002,12.949467340000002,51.860716208178424,51.860716208178424,51.860716208178424,0.0
2025-03-03 09:50:00+01:00,23.7,66.24,0.006593406593406531,15.67131648,15.67131648,15.67131648,33.8763017721519,33.8763017721519,33.8763017721519,0.0
2025-03-03 09:55:00+01:00,33.2,65.78,0.008676789587852464,15.52521956,15.52521956,15.52521956,53.237290481927715,53.237290481927715,53.237290481927715,0.0
2025-03-03 10:00:00+01:00,37.4,58.34,0.006342494714587829,13.162260680000001,13.162260680000001,13.162260680000001,64.80678962566844,64.80678962566844,64.80678962566844,0.0
2025-03-03 10:15:00+01:00,26.4,61.18,0.03118908382066266,14.06425036,14.06425036,14.06425036,46.726324393939386,46.726324393939386,46.726324393939386,0.0
2025-03-03 10:30:00+01:00,31.5,55.0,0.010775862068965518,12.101469999999999,12.101469999999999,12.101469999999999,61.58263492063492,61.58263492063492,61.58263492063492,0.0
2025-03-03 10:45:00+01:00,26.4,57.63,0.017167381974248865,12.936763259999998,12.936763259999998,12.936763259999998,50.99710886363638,50.99710886363638,50.99710886363638,0.0
2025-03-03 10:50:00+01:00,26.1,72.0,0.006593406593406531,17.500704000000002,17.500704000000002,17.500704000000002,32.947494252873554,32.947494252873554,32.947494252873554,0.0
2025-03-03 10:55:00+01:00,27.9,68.32,0.008676789587852464,16.331928639999997,16.331928639999997,16.331928639999997,41.46262136200718,41.46262136200718,41.46262136200718,0.0
2025-03-03 11:00:00+01:00,16.4,64.53,0.04347826086956526,15.128217059999999,15.128217059999999,15.128217059999999,7.754774024390241,7.754774024390241,7.754774024390241,0.0
2025-03-03 15:45:00+01:00,15.3,71.84,0.02131782945736437,17.449887680000003,17.449887680000003,17.449887680000003,14.051553464052304,14.051553464052304,14.051553464052304,0.0
2025-03-03 16:00:00+01:00,14.9,70.95,0.003960396039604017,17.167221899999998,17.167221899999998,17.167221899999998,15.21625436241609,15.21625436241609,15.21625436241609,0.0
2025-03-03 22:45:00+01:00,5.2,18.56,0.1333333333333333,0.5280531199999996,1.618788896491854,0.5280531199999996,89.84513230769231,68.86944429823357,89.84513230769231,-20.975688009458736
2025-03-04 00:30:00+01:00,11.9,28.35,0.041666666666666706,3.6373767000000004,3.6373767000000004,3.6373767000000004,69.43380924369748,69.43380924369748,69.43380924369748,0.0
2025-03-04 06:00:00+01:00,7.6,29.67,0.01960784313725498,4.05661134,4.05661134,4.05661134,46.623535,46.623535,46.623535,0.0
2025-03-04 10:00:00+01:00,11.7,56.36,0.016129032258064457,12.533408719999997,12.533408719999997,12.533408719999997,7.123151452991435,7.123151452991435,7.123151452991435,0.0
2025-03-04 11:00:00+01:00,13.7,56.9,0.015873015873015817,12.7049138,12.7049138,12.7049138,7.2634029197080245,7.2634029197080245,7.2634029197080245,0.0
2025-03-04 23:00:00+01:00,7.2,18.17,0.01167315175097279,0.4041883400000004,0.4041883400000004,0.4041883400000004,94.38627305555556,94.38627305555556,94.38627305555556,0.0
2025-03-05 00:00:00+01:00,0.6,20.96,0.01167315175097279,1.2902979199999998,1.2902979199999998,1.2902979199999998,115.0496533333333,115.0496533333333,115.0496533333333,0.0
2025-03-05 08:30:00+01:00,43.4,57.48,0.4999999999999999,12.88912296,47.34103294087406,32.2228074,70.30156,9.080721061921796,25.753899999999994,-16.6731789380782
2025-03-05 08:45:00+01:00,26.6,53.81,3.0,11.72352362,67.0814523939028,29.308809049999997,55.92660293233082,152.18591125527365,10.183492669172916,142.00241858610073
2025-03-05 09:15:00+01:00,36.4,61.69,0.016274864376130304,14.226227380000001,14.226227380000001,14.226227380000001,60.916957747252745,60.916957747252745,60.916957747252745,0.0
2025-03-05 09:30:00+01:00,31.9,57.81,0.19999999999999996,12.99393162,41.4587027781346,32.48482905,59.26667203761756,29.964585511393736,1.8333199059561232,28.131265605437612
2025-03-05 09:45:00+01:00,38.4,61.47,0.04125736738703343,14.156354940000002,14.156354940000002,14.156354940000002,63.134492343750004,63.134492343750004,63.134492343750004,0.0
2025-03-05 09:50:00+01:00,27.1,68.83,0.017977528089887576,16.493905659999996,16.493905659999996,16.493905659999996,39.13687948339486,39.13687948339486,39.13687948339486,0.0
2025-03-05 09:55:00+01:00,29.7,66.28,0.021072796934865926,15.684020559999999,15.684020559999999,15.684020559999999,47.19184996632997,47.19184996632997,47.19184996632997,0.0
2025-03-05 10:00:00+01:00,21.7,63.94,0.19999999999999996,14.940831879999998,47.67052238581797,37.3520797,31.148240184331804,119.67982666275563,72.1293995391705,47.55042712358512
2025-03-05 10:15:00+01:00,21.4,71.83,0.014440433212996467,17.446711660000002,17.446711660000002,17.446711660000002,18.473309999999987,18.473309999999987,18.473309999999987,0.0
2025-03-05 10:30:00+01:00,26.3,55.06,0.001956947162426642,12.12052612,12.12052612,12.12052612,53.91434935361217,53.91434935361217,53.91434935361217,0.0
2025-03-05 10:45:00+01:00,26.9,68.65,0.04125736738703343,16.4367373,16.4367373,16.4367373,38.89688736059479,38.89688736059479,38.89688736059479,0.0
2025-03-05 10:50:00+01:00,23.0,72.2,0.017977528089887576,17.564224399999997,17.564224399999997,17.564224399999997,23.633806956521752,23.633806956521752,23.633806956521752,0.0
2025-03-05 10:55:00+01:00,25.2,72.04,0.021072796934865926,17.513408079999998,17.513408079999998,17.513408079999998,30.502348888888896,30.502348888888896,30.502348888888896,0.0
2025-03-05 11:00:00+01:00,32.3,69.33,5.0,16.652706659999996,109.07364165041895,41.63176664999999,48.44363263157895,237.68929303535282,28.890918421052607,208.7983746143002
2025-03-05 15:45:00+01:00,26.9,72.91,0.02615694164989934,17.789721819999997,17.789721819999997,17.789721819999997,33.867205130111536,33.867205130111536,33.867205130111536,0.0
2025-03-05 16:00:00+01:00,23.6,73.69,0.06249999999999992,18.03745138,18.127638636899995,18.0712716013375,23.570121271186444,23.1879718775424,23.42681524856992,-0.23884337102752085
2025-03-05 17:00:00+01:00,24.9,75.21,0.01904761904761905,18.520206419999997,18.520206419999997,18.520206419999997,25.62166096385543,25.62166096385543,25.62166096385543,0.0
2025-03-06 07:45:00+01:00,15.3,46.43,0.03333333333333336,9.379620859999998,9.379620859999998,9.379620859999998,38.69528849673205,38.69528849673205,38.69528849673205,0.0
2025-03-06 11:00:00+01:00,18.8,49.55,0.21052631578947364,10.370539099999997,33.285988763770035,25.92634774999999,44.837557978723424,77.05313172218104,37.90610505319144,39.1470266689896
2025-03-06 14:30:00+01:00,25.6,71.98,0.059574468085106386,17.49435196,17.56135160580425,17.519476827176593,31.662687656250004,31.400970289827146,31.564543643841436,-0.1635733540142894
2025-03-06 15:30:00+01:00,27.7,75.19,0.024162120031176883,18.51385438,18.51385438,18.51385438,33.162980577617326,33.162980577617326,33.162980577617326,0.0
2025-03-07 08:00:00+01:00,15.9,46.38,1.5000000000000002,9.363740759999999,44.4865468801329,23.409351899999997,41.108548679245295,179.78960301970378,47.22862830188677,132.560974717817
2025-03-07 09:45:00+01:00,16.9,58.51,0.5853658536585368,13.216253020000002,50.10707368730823,33.04063255,21.797319408284007,196.49156027993038,95.50670147928994,100.98485880064044
2025-03-07 11:00:00+01:00,8.7,51.44,0.33333333333333326,10.970806879999998,37.51402752835066,27.427017199999995,26.10122850574711,331.1957187166743,215.2530712643678,115.94264745230652
2025-03-07 12:00:00+01:00,13.3,50.52,1.0,10.67861304,45.74405767731042,26.6965326,19.709676390977446,243.9402832880483,100.72580902255639,143.2144742654919
2025-03-07 14:30:00+01:00,30.2,86.5,1.55,22.105933,105.93552266590268,55.2648325,26.80154635761589,250.7798763771612,82.99613410596027,167.78374227120094
2025-03-10 08:00:00+01:00,22.7,63.71,0.3333333333333333,14.867783419999997,50.8395091267376,37.16945854999999,34.50315674008812,123.96259527197182,63.74210814977969,60.22048712219213
2025-03-10 09:00:00+01:00,11.6,59.96,0.21428571428571427,13.676775919999997,43.99035365724883,34.19193979999999,17.903240689655153,279.227186700421,194.75810172413784,84.46908497628314
2025-03-11 00:50:00+01:00,6.1,29.38,0.14285714285714282,3.9645067599999995,12.226254982012193,3.9645067599999995,35.008085901639355,100.43040954118352,35.008085901639355,65.42232363954417
2025-03-12 09:00:00+01:00,27.1,56.16,0.3125,12.469888319999999,42.21516945713272,31.1747208,53.98565195571956,55.77553305215024,15.035870110701099,40.73966294144914
2025-03-12 13:30:00+01:00,15.7,81.7,0.03448275862068969,20.581443400000005,20.581443400000005,20.581443400000005,31.091996178343983,31.091996178343983,31.091996178343983,0.0
2025-03-12 19:00:00+01:00,26.3,50.1,0.012532981530343046,10.545220200000001,10.545220200000001,10.545220200000001,59.90410570342205,59.90410570342205,59.90410570342205,0.0
2025-03-13 11:00:00+01:00,8.6,54.3,0.3333333333333335,11.8791486,40.62004850401381,29.697871499999998,38.12963488372094,372.3261453955094,245.32408720930226,127.00205818620714
2025-03-13 13:30:00+01:00,32.9,71.98,0.022222222222222223,17.49435196,17.49435196,17.49435196,46.8256779331307,46.8256779331307,46.8256779331307,0.0
2025-03-14 08:00:00+01:00,9.0,66.7,1.142857142857143,15.8174134,70.05055937072665,39.5435335,75.74903777777777,678.3395485636295,339.3725944444445,338.966954119185
2025-03-14 09:00:00+01:00,17.2,62.12,0.04761904761904766,14.362796239999998,14.362796239999998,14.362796239999998,16.495370697674428,16.495370697674428,16.495370697674428,0.0
2025-03-14 10:00:00+01:00,12.5,58.61,0.8723404255319149,13.248013219999999,54.90774069560977,33.120033049999996,5.984105759999991,339.26192556487814,164.96026439999997,174.30166116487817
2025-03-14 15:00:00+01:00,10.2,62.74,0.15707620528771377,14.559709480000002,45.29545420767689,36.39927370000001,42.7422498039216,344.0730804674206,256.855624509804,87.21745595761661
2025-03-17 13:30:00+01:00,6.5,79.73,0.25000000000000006,19.95576746,65.44541602359318,49.889418649999996,207.01180707692308,906.8525542091259,667.5295176923076,239.3230365168182
2025-03-18 11:00:00+01:00,30.3,59.52,0.9285714285714286,13.537031039999999,56.95123776956953,33.8425776,55.3233299009901,87.9578804276222,11.691675247524746,76.26620518009746
2025-03-18 13:30:00+01:00,22.4,61.26,0.08768115942028985,14.089658519999997,14.30202438754782,14.169295720330432,37.099738750000014,36.15167684130437,36.74421553423914,-0.5925386929347667
2025-03-18 14:15:00+01:00,13.1,65.88,2.4999999999999996,15.556979759999997,84.74743852106101,38.8924494,18.75557068702288,546.9270116111528,196.8889267175572,350.0380848935956
2025-03-19 00:50:00+01:00,10.1,48.05,0.19133923630326502,9.894136099999999,31.412014089139667,24.735340249999997,2.038256435643571,211.01004048653132,144.90435891089106,66.10568157564026
2025-03-19 05:30:00+01:00,2.3,28.36,0.1538461538461538,3.64055272,11.303526477143844,3.64055272,58.284900869565234,391.4576729192976,58.284900869565234,333.1727720497323
2025-03-19 11:00:00+01:00,12.0,59.03,0.19999999999999996,13.381406060000002,42.69498661522657,33.45351515,11.51171716666668,255.79155512688806,178.7792929166667,77.01226221022137
2025-03-19 22:45:00+01:00,9.1,60.77,0.7499999999999998,13.93403354,55.75773993555157,34.835083850000004,53.12124769230769,512.7224168741931,282.80311923076925,229.91929764342382
2025-03-19 23:45:00+01:00,4.3,44.34,0.7499999999999998,8.71583268,34.87684527944816,21.7895817,102.69378325581397,711.0894251034456,406.7344581395349,304.35496696391067
2025-03-20 08:00:00+01:00,24.1,66.64,0.04131736526946105,15.79835728,15.79835728,15.79835728,34.44665029045644,34.44665029045644,34.44665029045644,0.0
2025-03-20 13:30:00+01:00,20.2,71.98,0.004464285714285714,17.49435196,17.49435196,17.49435196,13.39429722772277,13.39429722772277,13.39429722772277,0.0
2025-03-20 22:45:00+01:00,3.8,11.3,3.1702127659574466,1.7777374,10.324015376203452,1.7777374,53.21743684210526,171.68461516324874,53.21743684210526,118.46717832114348
2025-03-21 00:30:00+01:00,6.1,25.66,1.5000000000000002,2.7830273200000004,13.22198878772362,2.7830273200000004,54.376601311475405,116.75391455284623,54.376601311475405,62.37731324137082
2025-03-21 12:15:00+01:00,19.7,50.39,0.035545023696682464,10.637324779999998,10.637324779999998,10.637324779999998,46.00342751269036,46.00342751269036,46.00342751269036,0.0
2025-03-21 16:00:00+01:00,21.1,58.03,0.11538461538461539,13.063804059999999,39.59031470881626,13.19192983058846,38.08623668246447,87.63182326453202,37.47900554223479,50.15281772229723
2025-03-23 23:00:00+01:00,11.9,45.89,0.03747534516765283,9.208115779999998,9.208115779999998,9.208115779999998,22.620875798319346,22.620875798319346,22.620875798319346,0.0
2025-03-24 09:15:00+01:00,3.9,72.2,0.05844155844155834,17.564224399999997,17.623532170701292,17.586464814012984,350.36472820512813,351.8854402743921,350.93499523110216,0.9504450432899603
2025-03-24 09:30:00+01:00,26.3,72.04,0.040152963671128,17.513408079999998,17.513408079999998,17.513408079999998,33.40909475285172,33.40909475285172,33.40909475285172,0.0
2025-03-24 10:00:00+01:00,11.3,69.33,0.015625000000000083,16.652706659999996,16.652706659999996,16.652706659999996,47.36908548672562,47.36908548672562,47.36908548672562,0.0
2025-03-24 10:30:00+01:00,15.0,55.06,0.04518664047151286,12.12052612,12.12052612,12.12052612,19.19649253333334,19.19649253333334,19.19649253333334,0.0
2025-03-24 14:45:00+01:00,30.5,72.91,0.0688976377952756,17.789721819999997,17.92419530777322,17.840149377914955,41.67304321311477,41.232146531891075,41.507706957655884,-0.27556042576480877
2025-03-25 12:40:00+01:00,9.1,57.3,0.0020604395604396386,12.8319546,12.8319546,12.8319546,41.010490109890114,41.010490109890114,41.010490109890114,0.0
2025-03-25 15:00:00+01:00,12.2,60.04,0.011702127659574407,13.70218408,13.70218408,13.70218408,12.312984262295092,12.312984262295092,12.312984262295092,0.0
2025-03-26 08:00:00+01:00,6.3,58.44,0.19999999999999996,13.19402088,42.09711164482963,32.9850522,109.42890285714286,568.2081213465021,423.5722571428571,144.63586420364504
2025-03-26 08:45:00+01:00,6.6,52.96,0.02127659574468085,11.45356192,11.45356192,11.45356192,73.53881696969698,73.53881696969698,73.53881696969698,0.0
2025-03-26 09:00:00+01:00,13.4,67.14,0.0285714285714286,15.957158279999998,15.957158279999998,15.957158279999998,19.08327074626864,19.08327074626864,19.08327074626864,0.0
2025-03-26 13:30:00+01:00,19.4,67.41,1.9,16.042910819999996,81.16491743675539,40.10727704999999,17.304583402061873,318.37586307605875,106.73854149484534,211.63732158121343
2025-03-27 09:00:00+01:00,9.7,56.16,1.6,12.469888319999999,60.261751150243555,31.1747208,28.555549690721648,521.2551664973563,221.38887422680415,299.86629227055215
2025-03-27 13:30:00+01:00,12.4,85.91,0.04347826086956526,21.918547819999997,21.918547819999997,21.918547819999997,76.76248241935481,76.76248241935481,76.76248241935481,0.0
2025-03-28 00:30:00+01:00,4.7,28.07,0.10000000000000009,3.548448139999999,10.645344419999999,3.548448139999999,24.50110340425534,126.496689787234,24.50110340425534,101.99558638297867
2025-03-28 08:00:00+01:00,14.9,67.64,3.4000000000000004,16.11595928,95.36183846204337,40.28989819999999,8.16080053691274,540.0123386714318,170.4020013422818,369.61033732915007
2025-03-28 08:45:00+01:00,17.1,62.84,0.33333333333333326,14.591469680000001,49.89467057819672,36.4786742,14.669767953216375,191.7816992877001,113.32558011695906,78.45611917074103
2025-03-28 09:00:00+01:00,9.1,60.09,1.3333333333333333,13.718064179999999,63.198991018976365,34.295160450000004,50.747958021978015,594.4944068019381,276.86989505494506,317.62451174699305
2025-03-28 09:55:00+01:00,9.8,61.5,0.016129032258064457,14.165883,14.165883,14.165883,44.54982653061222,44.54982653061222,44.54982653061222,0.0
2025-03-28 10:00:00+01:00,9.9,57.78,0.038461538461538436,12.984403560000002,12.984403560000002,12.984403560000002,31.15559151515153,31.15559151515153,31.15559151515153,0.0
2025-03-28 15:00:00+01:00,17.5,62.74,0.05128205128205122,14.559709480000002,14.567175997682053,14.56250942413077,16.801660114285703,16.758994298959696,16.785660433538457,-0.026666134578761103
2025-03-31 01:50:00+02:00,18.1,26.75,4.0,3.1292134999999996,19.333753017052146,3.1292134999999996,82.7115276243094,6.816315011337816,82.7115276243094,-75.89521261297158
2025-03-31 07:00:00+02:00,3.0,33.12,2.7142857142857144,5.152338239999999,28.69743424303176,5.152338239999999,71.74460799999997,856.5811414343921,71.74460799999997,784.8365334343921
2025-03-31 08:00:00+02:00,11.5,55.32,7.0,12.203102640000001,87.05358471328472,30.5077566,6.113936000000008,656.9876931589976,165.28484,491.7028531589975
2025-03-31 11:00:00+02:00,11.8,57.88,0.24999999999999994,13.016163760000001,42.68681993874149,32.5404094,10.306472542372886,261.75271134526685,175.76618135593222,85.98652998933463
2025-03-31 14:00:00+02:00,22.0,55.29,0.041666666666666706,12.193574579999998,12.193574579999998,12.193574579999998,44.57466100000001,44.57466100000001,44.57466100000001,0.0
2025-04-01 00:00:00+02:00,3.0,40.67,0.009505703422053232,7.55023334,7.55023334,7.55023334,151.67444466666666,151.67444466666666,151.67444466666666,0.0
2025-04-01 01:30:00+02:00,10.5,28.35,0.040000000000000036,3.6373767000000004,3.6373767000000004,3.6373767000000004,65.35831714285713,65.35831714285713,65.35831714285713,0.0
2025-04-01 08:30:00+02:00,10.1,63.5,7.999999999999999,14.801086999999999,109.11513126692321,37.002717499999996,46.54541584158415,980.3478343259725,266.36353960396036,713.9842947220121
2025-04-01 09:15:00+02:00,9.2,61.18,0.01,14.06425036,14.06425036,14.06425036,52.872286521739156,52.872286521739156,52.872286521739156,0.0
2025-04-01 09:30:00+02:00,5.2,54.61,0.03168316831683171,11.97760522,11.97760522,11.97760522,130.3385619230769,130.3385619230769,130.3385619230769,0.0
2025-04-01 09:45:00+02:00,11.1,57.67,0.029166666666666636,12.949467340000002,12.949467340000002,12.949467340000002,16.661867927927947,16.661867927927947,16.661867927927947,0.0
2025-04-01 09:50:00+02:00,12.3,72.0,0.00817995910020447,17.500704000000002,17.500704000000002,17.500704000000002,42.28214634146343,42.28214634146343,42.28214634146343,0.0
2025-04-01 09:55:00+02:00,15.1,68.32,0.0020661157024793684,16.331928639999997,16.331928639999997,16.331928639999997,8.158467814569521,8.158467814569521,8.158467814569521,0.0
2025-04-01 10:00:00+02:00,15.6,64.53,0.0634920634920634,15.128217059999999,15.209861406038094,15.158833689764284,3.02424961538462,2.5008884228327295,2.827989168177662,-0.3271007453449326
2025-04-01 10:30:00+02:00,18.1,55.0,0.006726457399103075,12.101469999999999,12.101469999999999,12.101469999999999,33.141049723756915,33.141049723756915,33.141049723756915,0.0
2025-04-01 11:00:00+02:00,11.9,59.03,0.043478260869565064,13.381406060000002,13.381406060000002,13.381406060000002,12.448790420168077,12.448790420168077,12.448790420168077,0.0
2025-04-01 15:45:00+02:00,17.3,71.84,0.008032128514056339,17.449887680000003,17.449887680000003,17.449887680000003,0.8664027745664892,0.8664027745664892,0.8664027745664892,0.0
2025-04-01 16:00:00+02:00,21.2,70.95,0.010101010101010102,17.167221899999998,17.167221899999998,17.167221899999998,19.022538207547175,19.022538207547175,19.022538207547175,0.0
2025-04-01 23:45:00+02:00,17.1,18.56,0.8205128205128206,0.5280531199999996,2.157226260331023,0.5280531199999996,96.91197005847954,87.38464175245016,96.91197005847954,-9.527328306029375
2025-04-02 16:00:00+02:00,32.6,65.08,0.19999999999999996,15.302898159999998,48.825738430313734,38.257245399999995,53.05859460122701,49.772203773968506,17.353513496932496,32.418690277036006
2025-04-03 00:00:00+02:00,10.6,45.89,0.007812499999999972,9.208115779999998,9.208115779999998,9.208115779999998,13.130983207547184,13.130983207547184,13.130983207547184,0.0
2025-04-03 08:30:00+02:00,51.3,57.48,0.4,12.88912296,45.4306594100629,32.2228074,74.87500397660818,11.441209726972897,37.18750994152046,-25.746300214547563
2025-04-03 09:15:00+02:00,5.3,71.83,0.016187050359712206,17.446711660000002,17.446711660000002,17.446711660000002,229.18323886792456,229.18323886792456,229.18323886792456,0.0
2025-04-03 09:45:00+02:00,52.9,68.65,0.023210831721470072,16.4367373,16.4367373,16.4367373,68.92866294896031,68.92866294896031,68.92866294896031,0.0
2025-04-03 09:50:00+02:00,51.5,72.2,0.027896995708154446,17.564224399999997,17.564224399999997,17.564224399999997,65.89470990291262,65.89470990291262,65.89470990291262,0.0
2025-04-03 09:55:00+02:00,54.9,72.04,0.013944223107569636,17.513408079999998,17.513408079999998,17.513408079999998,68.09943883424408,68.09943883424408,68.09943883424408,0.0
2025-04-03 10:00:00+02:00,49.6,69.33,0.011904761904761934,16.652706659999996,16.652706659999996,16.652706659999996,66.42599463709678,66.42599463709678,66.42599463709678,0.0
2025-04-03 10:30:00+02:00,51.6,55.06,0.013157894736842158,12.12052612,12.12052612,12.12052612,76.51060829457364,76.51060829457364,76.51060829457364,0.0
2025-04-03 14:30:00+02:00,10.8,75.19,0.02666666666666667,18.51385438,18.51385438,18.51385438,71.4245775925926,71.4245775925926,71.4245775925926,0.0
2025-04-03 15:45:00+02:00,33.9,72.91,0.0018416206261510392,17.789721819999997,17.789721819999997,17.789721819999997,47.52294448377582,47.52294448377582,47.52294448377582,0.0
2025-04-03 16:00:00+02:00,39.9,75.21,0.041509433962264204,18.520206419999997,18.520206419999997,18.520206419999997,53.58344255639098,53.58344255639098,53.58344255639098,0.0
2025-04-04 07:45:00+02:00,22.7,46.43,0.09375000000000008,9.379620859999998,9.54376422505,9.44117462189375,58.68008431718062,57.956985792731274,58.408922370512116,-0.45193657778084173
2025-04-04 08:45:00+02:00,45.2,53.81,1.3333333333333333,11.72352362,54.01016165614245,29.308809049999997,74.06300084070796,19.491508088810725,35.15750210176992,-15.665994012959196
2025-04-04 09:00:00+02:00,66.5,58.87,17.999999999999996,13.330589739999997,118.35329274497259,33.32647434999999,79.95400039097746,77.97487630822945,49.885000977443624,28.08987533078583
2025-04-04 10:00:00+02:00,35.7,56.75,2.2500000000000004,12.6572735,67.01779382027124,31.643183750000002,64.54545238095237,87.72491266182418,11.363630952380953,76.36128170944322
2025-04-04 14:30:00+02:00,65.3,86.5,4.8,22.105933,143.26705629958093,55.2648325,66.14711638591118,119.39824854453435,15.36779096477795,104.0304575797564
2025-04-04 19:00:00+02:00,39.5,51.3,0.012422360248447204,10.926342599999998,10.926342599999998,10.926342599999998,72.33837316455697,72.33837316455697,72.33837316455697,0.0
2025-04-07 08:00:00+02:00,18.7,63.71,0.18181818181818177,14.867783419999997,46.94184822890411,37.16945854999999,20.493136791443863,151.02592635777597,98.76715802139032,52.25876833638566
2025-04-07 11:00:00+02:00,54.1,49.55,0.2777777777777776,10.370539099999997,34.50546797447928,25.92634774999999,80.83079648798522,36.219098013901515,52.076991219963055,-15.85789320606154
2025-04-08 08:45:00+02:00,38.2,58.51,0.4629629629629629,13.216253020000002,47.83387476227804,33.04063255,65.40247900523559,25.219567440518425,13.506197513089017,11.713369927429408
2025-04-09 07:00:00+02:00,30.4,29.67,0.01729106628242079,4.05661134,4.05661134,4.05661134,86.65588375,86.65588375,86.65588375,0.0
2025-04-10 10:00:00+02:00,21.9,58.61,0.09999999999999998,13.248013219999999,13.5129734844,13.34737331915,39.506788949771696,38.29692472876712,39.05308986689497,-0.7561651381278551
2025-04-10 14:30:00+02:00,31.2,81.7,0.6666666666666666,20.581443400000005,80.22441728666693,51.45360850000001,34.03383525641024,157.12954258547094,64.9154118589744,92.21413072649655
2025-04-10 20:00:00+02:00,39.9,50.1,0.3195266272189349,10.545220200000001,35.82132788501296,26.3630505,73.57087669172931,10.222235877160491,33.92719172932331,-23.70495585216282
2025-04-11 08:00:00+02:00,8.5,66.7,1.0434782608695652,15.8174134,68.47292731500268,39.5435335,86.08721647058823,705.5638507647374,365.21804117647065,340.3458095882667
2025-04-11 09:00:00+02:00,88.9,62.12,0.09375,14.362796239999998,14.614145174199999,14.457052090324998,83.84387374578178,83.56114153633295,83.73784916723848,-0.17670763090552555
2025-04-11 16:00:00+02:00,50.0,62.74,0.34,14.559709480000002,49.94304682612945,36.39927370000001,70.88058104,0.11390634774110708,27.201452599999982,-27.087546252258875
2025-04-14 06:30:00+02:00,22.9,28.36,0.6666666666666666,3.64055272,14.190512049479983,3.64055272,84.10238986899564,38.03269847388653,84.10238986899564,-46.06969139510911
2025-04-15 08:00:00+02:00,26.0,51.42,0.0175438596491229,10.964454839999998,10.964454839999998,10.964454839999998,57.82901984615385,57.82901984615385,57.82901984615385,0.0
2025-04-15 11:00:00+02:00,11.7,54.3,2.5,11.8791486,64.7122662105365,29.697871499999998,1.5311846153846267,453.09629239774785,153.82796153846155,299.26833085928627
2025-04-16 08:00:00+02:00,3.5,58.44,0.25000000000000006,13.19402088,43.2701066118544,32.9850522,276.97202514285715,1136.288760338697,842.4300628571428,293.85869748155426
2025-04-16 10:00:00+02:00,38.0,57.88,0.050000000000000044,13.016163760000001,13.016163760000001,13.016163760000001,65.74693747368421,65.74693747368421,65.74693747368421,0.0
2025-04-16 14:30:00+02:00,9.1,79.73,1.6666666666666667,19.95576746,97.48823609197693,49.889418649999996,119.29414791208792,971.2992977140323,448.23536978021974,523.0639279338125
2025-04-16 15:15:00+02:00,16.3,65.88,0.08333333333333341,15.556979759999997,15.7644061568,15.6347646588,4.558406380368119,3.285851798773012,4.081198412269943,-0.7953466134969314
2025-04-17 00:45:00+02:00,10.6,37.67,0.2857142857142858,6.59742734,22.039964366446267,6.59742734,37.76011943396226,107.92419213628554,37.76011943396226,70.16407270232328
2025-04-17 01:50:00+02:00,34.4,48.05,0.12116216773130024,9.894136099999999,30.096801608646956,9.999749325905675,71.23797645348839,12.5092976492821,70.9309612619021,-58.421663612619994
2025-04-17 08:00:00+02:00,18.3,66.64,0.2164750957854406,15.79835728,50.87628683321818,39.495893200000005,13.670178797814215,178.01249635638348,115.82455300546451,62.18794335091897
2025-04-17 14:30:00+02:00,31.9,71.98,0.06760563380281681,17.49435196,17.61755162169014,17.5405518331338,45.15877128526646,44.77256544924721,45.013944096759246,-0.24137864751203608
2025-04-18 01:30:00+02:00,12.8,28.07,0.07407407407407397,3.548448139999999,3.582618381348148,3.548448139999999,72.27774890625001,72.0107938957176,72.27774890625001,-0.26695501053241344
2025-04-22 00:45:00+02:00,7.4,11.3,11.125,1.7777374,14.17563470766597,1.7777374,75.97652162162163,91.56263118467527,75.97652162162163,15.58610956305364
2025-04-22 16:00:00+02:00,22.1,58.03,0.11333333333333329,13.063804059999999,39.53747827398507,13.18791019857,40.887764434389155,78.90261662436684,40.32619819651584,38.576418427851
2025-04-23 01:00:00+02:00,26.3,45.89,0.05510204081632659,9.208115779999998,9.226907853020407,9.215162807382653,64.98815292775667,64.91670017862963,64.96135814683403,-0.0446579682044046
2025-04-23 09:15:00+02:00,6.0,72.2,0.018867924528302004,17.564224399999997,17.564224399999997,17.564224399999997,192.73707333333329,192.73707333333329,192.73707333333329,0.0
2025-04-23 09:30:00+02:00,17.1,72.04,0.029821073558648114,17.513408079999998,17.513408079999998,17.513408079999998,2.41759111111109,2.41759111111109,2.41759111111109,0.0
2025-04-23 10:00:00+02:00,24.6,69.33,0.027426160337552834,16.652706659999996,16.652706659999996,16.652706659999996,32.3060704878049,32.3060704878049,32.3060704878049,0.0
2025-04-23 10:30:00+02:00,49.2,55.06,0.04678362573099413,12.12052612,12.12052612,12.12052612,75.36478430894309,75.36478430894309,75.36478430894309,0.0
2025-04-23 15:45:00+02:00,50.4,72.91,0.03258655804480654,17.789721819999997,17.789721819999997,17.789721819999997,64.7029328968254,64.7029328968254,64.7029328968254,0.0
2025-04-24 08:45:00+02:00,28.1,52.96,0.01098901098901099,11.45356192,11.45356192,11.45356192,59.2399931672598,59.2399931672598,59.2399931672598,0.0
2025-04-24 14:30:00+02:00,20.9,71.98,3.5999999999999996,17.49435196,105.10877458856942,43.7358799,16.29496669856459,402.91279707449485,109.26258325358853,293.6502138209063
2025-04-25 01:01:00+02:00,20.9,29.86,0.045454545454545456,4.116955719999999,4.116955719999999,4.116955719999999,80.30164727272727,80.30164727272727,80.30164727272727,0.0
2025-04-25 01:30:00+02:00,19.4,28.07,0.1290322580645161,3.548448139999999,10.848449112911728,3.548448139999999,81.70903020618556,44.08015921179521,81.70903020618556,-37.62887099439035
2025-04-25 08:00:00+02:00,24.0,50.25,2.25,10.592860499999999,56.087129740531815,26.482151249999994,55.86308125,133.69637391888256,10.342296874999974,123.35407704388258
2025-04-25 16:00:00+02:00,25.4,62.74,0.05840707964601765,14.559709480000002,14.6086713348885,14.578070175583187,42.67830913385826,42.48554592563582,42.60602293077485,-0.12047700513902981
2025-04-25 17:30:00+02:00,23.8,50.39,0.017283950617284022,10.637324779999998,10.637324779999998,10.637324779999998,55.3053580672269,55.3053580672269,55.3053580672269,0.0
2025-04-25 19:00:00+02:00,8.9,51.3,0.008350730688935281,10.926342599999998,10.926342599999998,10.926342599999998,22.767894382022448,22.767894382022448,22.767894382022448,0.0
2025-04-28 09:00:00+02:00,15.6,57.25,0.5,12.816074500000001,47.07273000343819,32.04018625,17.845676282051272,201.74826925280888,105.38580929487178,96.3624599579371
2025-04-29 08:00:00+02:00,13.8,50.21,0.20769230769230765,10.58015642,33.90472170430321,26.45039105,23.33219985507247,145.68638916161746,91.66950036231883,54.01688879929863
2025-04-29 09:00:00+02:00,25.4,67.14,0.4999999999999999,15.957158279999998,58.609756313180604,39.8928957,37.17654220472441,130.74707209913626,57.05864448818897,73.68842761094729
2025-04-29 10:00:00+02:00,22.8,57.78,0.013829787234042523,12.984403560000002,12.984403560000002,12.984403560000002,43.050861578947355,43.050861578947355,43.050861578947355,0.0
2025-04-29 16:00:00+02:00,15.4,60.04,0.017142857142857144,13.70218408,13.70218408,13.70218408,11.024778701298702,11.024778701298702,11.024778701298702,0.0
2025-04-30 01:50:00+02:00,10.8,26.75,0.11428571428571425,3.1292134999999996,9.476414002618803,3.1292134999999996,71.02580092592594,12.255425901677755,71.02580092592594,-58.77037502424818
2025-04-30 07:00:00+02:00,10.6,33.12,38.1,5.152338239999999,53.208832247902244,5.152338239999999,51.39303547169812,401.9701155462476,51.39303547169812,350.5770800745495
2025-04-30 07:30:00+02:00,13.5,49.25,0.142857142857143,10.275258499999998,31.688161486976046,10.418378171964285,23.88697407407409,134.72712212574848,22.82682835582011,111.90029376992837
2025-04-30 08:00:00+02:00,14.7,55.32,0.5,12.203102640000001,44.821318397998056,30.5077566,16.985696326530604,204.9069278775378,107.53575918367349,97.37116869386432
2025-04-30 08:45:00+02:00,20.6,66.35,0.6666666666666667,15.7062527,61.22140931158595,39.265631750000004,23.756054854368934,197.19130733779588,90.60986286407767,106.58144447371821
2025-04-30 10:00:00+02:00,21.3,64.0,0.4999999999999999,14.959887999999998,54.94683794992568,37.399719999999995,29.765784037558703,157.96637535176376,75.58553990610326,82.3808354456605
2025-04-30 11:00:00+02:00,10.3,59.3,1.0,13.4671586,57.68937196621997,33.6678965,30.74911262135921,460.0909899633006,226.872781553398,233.21820840990262
2025-04-30 14:00:00+02:00,9.0,55.29,0.3333333333333335,12.193574579999998,41.69520961097411,30.483936449999998,35.48416199999998,363.2801067886012,238.71040499999995,124.56970178860124
2025-04-30 14:30:00+02:00,20.3,85.91,2.5,21.918547819999997,119.40240409790096,54.796369549999994,7.973141970443331,488.18918274828053,169.93285492610835,318.2563278221722
2025-05-01 07:00:00+02:00,19.6,29.67,0.07692307692307687,4.05661134,4.100297923661538,4.05661134,79.30300336734693,79.0801126343799,79.30300336734693,-0.22289073296703066
2025-05-01 08:30:00+02:00,17.5,63.5,0.29411764705882365,14.801086999999999,49.65490992694545,37.002717499999996,15.422360000000005,183.7423424396883,111.44409999999998,72.29824243968831
2025-05-01 10:30:00+02:00,10.0,55.0,0.03181818181818179,12.101469999999999,12.101469999999999,12.101469999999999,21.01469999999999,21.01469999999999,21.01469999999999,0.0
2025-05-01 14:30:00+02:00,24.2,71.98,0.07111111111111111,17.49435196,17.64208204321778,17.549750741206665,27.709289421487604,27.098834532157934,27.480368837988983,-0.38153430583104964
2025-05-01 15:45:00+02:00,36.3,71.84,0.009861932938856016,17.449887680000003,17.449887680000003,17.449887680000003,51.92868407713497,51.92868407713497,51.92868407713497,0.0
2025-05-01 16:00:00+02:00,46.9,70.95,0.03177966101694915,17.167221899999998,17.167221899999998,17.167221899999998,63.39611535181236,63.39611535181236,63.39611535181236,0.0
2025-05-02 00:45:00+02:00,5.2,18.56,2.310344827586207,0.5280531199999996,2.8159788181735124,0.5280531199999996,89.84513230769231,45.84656118897092,89.84513230769231,-43.998571118721394
2025-05-02 09:15:00+02:00,13.1,61.18,0.03799999999999997,14.06425036,14.06425036,14.06425036,7.360689770992376,7.360689770992376,7.360689770992376,0.0
2025-05-02 09:30:00+02:00,14.7,54.61,0.05761316872427992,11.97760522,12.014080231781069,11.9912833494179,18.51969238095238,18.271563049108373,18.42664388151088,-0.1550808324025077
2025-05-02 09:45:00+02:00,10.9,57.67,0.048936170212765896,12.949467340000002,12.949467340000002,12.949467340000002,18.80245266055047,18.80245266055047,18.80245266055047,0.0
2025-05-02 09:50:00+02:00,9.3,72.0,0.01037344398340249,17.500704000000002,17.500704000000002,17.500704000000002,88.17961290322583,88.17961290322583,88.17961290322583,0.0
2025-05-02 09:55:00+02:00,6.1,68.32,0.008333333333333304,16.331928639999997,16.331928639999997,16.331928639999997,167.7365350819672,167.7365350819672,167.7365350819672,0.0
2025-05-02 10:00:00+02:00,17.2,64.53,0.006160164271047169,15.128217059999999,15.128217059999999,15.128217059999999,12.045249651162793,12.045249651162793,12.045249651162793,0.0
2025-05-02 11:00:00+02:00,22.1,59.03,0.08000000000000007,13.381406060000002,13.541982932720002,13.44162238727,39.4506513122172,38.7240591279638,39.17817924312217,-0.4541201151583749
2025-05-02 14:30:00+02:00,27.2,86.5,4.333333333333333,22.105933,139.49057813152342,55.2648325,18.728187499999997,412.8330078364832,103.17953125,309.6534765864832
2025-05-02 16:00:00+02:00,9.5,65.08,0.04444444444444448,15.302898159999998,15.302898159999998,15.302898159999998,61.08313852631577,61.08313852631577,61.08313852631577,0.0
2025-05-02 19:00:00+02:00,20.9,51.3,0.012371134020618556,10.926342599999998,10.926342599999998,10.926342599999998,47.72084880382776,47.72084880382776,47.72084880382776,0.0
2025-05-05 01:00:00+02:00,17.3,45.89,0.0077821011673151474,9.208115779999998,9.208115779999998,9.208115779999998,46.77389722543354,46.77389722543354,46.77389722543354,0.0
2025-05-05 15:45:00+02:00,26.8,72.91,0.011718750000000028,17.789721819999997,17.789721819999997,17.789721819999997,33.62044097014927,33.62044097014927,33.62044097014927,0.0
2025-05-05 16:00:00+02:00,25.2,75.21,0.027888446215139414,18.520206419999997,18.520206419999997,18.520206419999997,26.507117380952387,26.507117380952387,26.507117380952387,0.0
2025-05-06 07:45:00+02:00,17.7,46.43,0.03448275862068969,9.379620859999998,9.379620859999998,9.379620859999998,47.00779175141244,47.00779175141244,47.00779175141244,0.0
2025-05-06 08:45:00+02:00,17.7,53.81,0.33333333333333326,11.72352362,40.08789805713445,29.308809049999997,33.76540327683615,126.48529975782176,65.5864918079096,60.89880794991217
2025-05-06 09:15:00+02:00,19.8,71.83,0.009615384615384616,17.446711660000002,17.446711660000002,17.446711660000002,11.88529464646464,11.88529464646464,11.88529464646464,0.0
2025-05-06 09:45:00+02:00,17.4,68.65,0.031189083820662798,16.4367373,16.4367373,16.4367373,5.53599252873562,5.53599252873562,5.53599252873562,0.0
2025-05-06 09:50:00+02:00,16.4,72.2,0.010683760683760684,17.564224399999997,17.564224399999997,17.564224399999997,7.0989292682926735,7.0989292682926735,7.0989292682926735,0.0
2025-05-06 09:55:00+02:00,15.9,72.04,0.008048289738430555,17.513408079999998,17.513408079999998,17.513408079999998,10.147220628930802,10.147220628930802,10.147220628930802,0.0
2025-05-06 10:00:00+02:00,16.5,69.33,0.008048289738430555,16.652706659999996,16.652706659999996,16.652706659999996,0.9254949090908862,0.9254949090908862,0.9254949090908862,0.0
2025-05-06 10:30:00+02:00,28.8,55.06,0.006224066390041434,12.12052612,12.12052612,12.12052612,57.91483986111112,57.91483986111112,57.91483986111112,0.0
2025-05-06 14:30:00+02:00,11.9,75.19,0.02704678362573091,18.51385438,18.51385438,18.51385438,55.578608235294126,55.578608235294126,55.578608235294126,0.0
2025-05-07 00:45:00+02:00,7.9,18.81,0.03773584905660381,0.607453619999999,0.607453619999999,0.607453619999999,92.31071367088607,92.31071367088607,92.31071367088607,0.0
2025-05-07 08:00:00+02:00,14.7,46.38,1.769230769230769,9.363740759999999,46.47768253206259,23.409351899999997,36.301083265306126,216.1747111024666,59.24729183673468,156.9274192657319
2025-05-07 08:45:00+02:00,12.1,58.51,0.11428571428571425,13.216253020000002,40.023694510100086,13.343695459835715,9.225231570247951,230.77433479421558,10.27847487467533,220.49585991954024
2025-05-07 10:00:00+02:00,6.0,56.75,3.4999999999999996,12.6572735,75.4779682866395,31.643183750000002,110.95455833333334,1157.9661381106582,427.3863958333334,730.5797422773248
2025-05-07 11:00:00+02:00,15.0,49.55,0.06250000000000006,10.370539099999997,10.4223917955,10.389983860812498,30.863072666666692,30.517388030000003,30.733440927916682,-0.21605289791667914
2025-05-08 08:00:00+02:00,23.3,63.71,0.11052631578947376,14.867783419999997,44.91472029710563,15.00276724315526,36.18977072961375,92.7670399017409,35.610441016501035,57.156598885239866
2025-05-08 09:00:00+02:00,12.1,58.87,0.47368421052631576,13.330589739999997,48.45659599600183,33.32647434999999,10.170163140495847,300.46773550414736,175.42540785123958,125.04232765290777
2025-05-08 14:30:00+02:00,10.5,71.98,0.008695652173913044,17.49435196,17.49435196,17.49435196,66.61287580952381,66.61287580952381,66.61287580952381,0.0
2025-05-09 09:00:00+02:00,12.3,59.96,0.23529411764705882,13.676775919999997,44.50126787242386,34.19193979999999,11.193300162601597,261.7989257920638,177.983250406504,83.81567538555981
2025-05-09 10:00:00+02:00,10.6,58.61,0.8,13.248013219999999,53.803579829954224,33.120033049999996,24.981256792452825,407.580941792021,212.45314198113206,195.12779981088894
2025-05-09 19:00:00+02:00,3.5,51.3,0.006369426751592357,10.926342599999998,10.926342599999998,10.926342599999998,212.18121714285707,212.18121714285707,212.18121714285707,0.0
2025-05-12 20:00:00+02:00,13.1,50.1,0.011764705882352941,10.545220200000001,10.545220200000001,10.545220200000001,19.502135877862585,19.502135877862585,19.502135877862585,0.0
2025-05-13 08:00:00+02:00,11.7,51.42,0.057692307692307654,10.964454839999998,10.998191624123075,10.977106134046153,6.286710769230777,5.9983621869822565,6.178580050887576,-0.18021786390531958
2025-05-13 14:30:00+02:00,32.7,81.7,0.33333333333333326,20.581443400000005,70.3770326764508,51.45360850000001,37.059806116207945,115.22028341422259,57.350484709480135,57.86979870474246
2025-05-15 08:00:00+02:00,36.2,67.64,1.0,16.11595928,69.03606002652813,40.28989819999999,55.48077546961326,90.70734813958047,11.298061325966811,79.40928681361366
2025-05-15 08:45:00+02:00,15.2,66.35,0.19999999999999996,15.7062527,50.11268963777832,39.265631750000004,3.330609868421059,229.6887476169626,158.32652467105268,71.3622229459099
2025-05-15 11:00:00+02:00,6.4,54.3,0.44000000000000006,11.8791486,42.59077746993795,29.697871499999998,85.61169687499999,565.4808979677804,364.0292421875,201.45165578028036
2025-05-15 14:30:00+02:00,31.4,79.73,3.7272727272727266,19.95576746,121.01048276954252,49.889418649999996,36.446600445859865,285.38370308771505,58.88349888535031,226.50020420236473
2025-05-15 15:15:00+02:00,20.8,65.88,0.6666666666666666,15.556979759999997,60.639558253065545,38.8924494,25.206828076923095,191.53633775512282,86.98292980769229,104.55340794743053
2025-05-16 01:50:00+02:00,11.9,38.43,1.0,6.838804860000001,29.295441532331324,6.838804860000001,42.531051596638655,146.18018094396072,42.531051596638655,103.64912934732206
2025-05-16 06:30:00+02:00,14.2,28.36,4.333333333333334,3.64055272,22.97224024116467,3.64055272,74.36230478873239,61.776339726511765,74.36230478873239,-12.585965062220623
2025-05-16 08:30:00+02:00,9.9,45.87,6.727272727272727,9.201763739999999,64.99629637655825,23.00440935,7.052891515151531,556.5282462278611,132.3677712121212,424.16047501573996
2025-05-16 10:00:00+02:00,9.9,57.88,0.19999999999999996,13.016163760000001,41.52963709665627,32.5404094,31.476401616161624,319.4912838046088,228.69100404040407,90.80027976420476
2025-05-16 11:00:00+02:00,6.2,59.52,1.1028571428571428,13.537031039999999,59.416052548288704,33.8425776,118.33921032258061,858.3234281982047,445.84802580645163,412.4754023917531
2025-05-16 12:00:00+02:00,11.3,50.39,0.035308953341740196,10.637324779999998,10.637324779999998,10.637324779999998,5.864382477876127,5.864382477876127,5.864382477876127,0.0
2025-05-16 14:30:00+02:00,6.2,61.26,2.6,14.089658519999997,77.57098042520249,35.224146299999994,127.2525567741935,1151.144845567782,468.1313919354838,683.0134536322983
2025-05-16 16:00:00+02:00,48.3,62.74,0.10606060606060609,14.559709480000002,43.85507712613125,14.682143400627275,69.85567395445133,9.202738869293475,69.60218757634105,-60.399448707047576
2025-05-19 11:00:00+02:00,22.8,59.03,7.766387076746915e-05,13.381406060000002,13.381406060000002,13.381406060000002,41.30962254385964,41.30962254385964,41.30962254385964,0.0
2025-05-20 16:00:00+02:00,23.1,58.03,0.050000000000000044,13.063804059999999,13.063804059999999,13.063804059999999,43.44673567099568,43.44673567099568,43.44673567099568,0.0
2025-05-21 01:50:00+02:00,14.5,48.05,1.509907529722589,9.894136099999999,47.08794253509119,24.735340249999997,31.764578620689658,224.74443127649093,70.58855344827583,154.1558778282151
2025-05-21 08:00:00+02:00,7.0,58.44,0.09090909090909079,13.19402088,13.409923039854545,13.274984189945453,88.48601257142857,91.57032914077922,89.64263128493505,1.9276978558441726
2025-05-22 01:00:00+02:00,16.3,45.89,0.005836575875486465,9.208115779999998,9.208115779999998,9.208115779999998,43.508492147239274,43.508492147239274,43.508492147239274,0.0
2025-05-22 10:30:00+02:00,32.7,55.06,0.0040000000000000565,12.12052612,12.12052612,12.12052612,62.93417088685015,62.93417088685015,62.93417088685015,0.0
2025-05-22 14:30:00+02:00,21.3,71.98,0.013043478260869565,17.49435196,17.49435196,17.49435196,17.866892206572775,17.866892206572775,17.866892206572775,0.0
2025-05-22 15:45:00+02:00,15.2,71.42,0.029527559055118113,17.31649484,17.31649484,17.31649484,13.924308157894746,13.924308157894746,13.924308157894746,0.0
2025-05-23 00:45:00+02:00,5.7,34.4,0.4285714285714285,5.558868799999999,19.835202914817632,5.558868799999999,2.4759859649123004,247.98601604943212,2.4759859649123004,245.51003008451983
2025-05-23 01:01:00+02:00,3.5,29.86,0.09090909090909091,4.116955719999999,4.184324086327272,4.116955719999999,17.62730628571426,19.552116752207763,17.62730628571426,1.9248104664935042
2025-05-23 01:30:00+02:00,7.9,25.66,0.5,2.7830273200000004,10.221904813876682,2.7830273200000004,64.77180607594937,29.3912001756542,64.77180607594937,-35.38060590029517
2025-05-23 08:00:00+02:00,11.5,63.38,3.3333333333333335,14.762974759999999,86.89456546169927,36.90743689999999,28.37369356521738,655.6049170582545,220.93423391304344,434.67068314521106
2025-05-23 08:45:00+02:00,22.6,52.96,0.053763440860215055,11.45356192,11.470803841169891,11.460027640438708,49.32052247787611,49.24423079128367,49.29191309540395,-0.047682304120279184
2025-05-23 14:10:00+02:00,33.4,57.3,0.007082152974504256,12.8319546,12.8319546,12.8319546,61.580974251497,61.580974251497,61.580974251497,0.0
2025-05-23 19:00:00+02:00,8.8,51.3,0.016913319238900635,10.926342599999998,10.926342599999998,10.926342599999998,24.16298409090906,24.16298409090906,24.16298409090906,0.0
2025-05-26 08:30:00+02:00,21.1,52.74,0.002181818181818103,11.383689480000001,11.383689480000001,11.383689480000001,46.048865023696685,46.048865023696685,46.048865023696685,0.0
2025-05-27 08:00:00+02:00,11.1,66.64,0.14558558558558557,15.79835728,48.803561664045,16.024871564784863,42.32754306306306,339.6717267031081,44.368212295359136,295.303514407749
2025-05-27 08:45:00+02:00,41.7,66.35,3.0000000000000004,15.7062527,89.87044142464545,39.265631750000004,62.33512541966427,115.51664610226725,5.837813549160668,109.67883255310657
2025-05-27 14:30:00+02:00,9.6,67.41,0.19230769230769232,16.042910819999996,50.96167330500681,40.10727704999999,67.11365437499997,430.85076359382094,317.78413593749997,113.06662765632097
2025-05-27 16:00:00+02:00,21.1,60.04,0.12643678160919541,13.70218408,41.82162453685536,13.859286707813794,35.060738957345976,98.20675135950407,34.31617674021899,63.890574619285076
2025-05-28 08:45:00+02:00,14.7,49.25,0.25000000000000006,10.275258499999998,33.69795567273372,25.688146249999996,30.10028231292518,129.23779369206613,74.74929421768705,54.48849947437908
2025-05-29 07:00:00+02:00,5.2,29.67,0.031446540880503034,4.05661134,4.05661134,4.05661134,21.988243461538463,21.988243461538463,21.988243461538463,0.0
2025-05-29 09:00:00+02:00,14.1,56.16,0.11111111111111108,12.469888319999999,37.68524540640202,12.5841956296,11.561075744680856,167.2712440170356,10.750385605673756,156.52085841136184
2025-05-29 10:00:00+02:00,13.8,57.78,0.03763440860215054,12.984403560000002,12.984403560000002,12.984403560000002,5.910119130434771,5.910119130434771,5.910119130434771,0.0
2025-05-29 14:30:00+02:00,61.3,85.91,0.33333333333333326,21.918547819999997,74.94918243433253,54.796369549999994,64.24380453507341,22.266202992385857,10.609511337683529,11.656691654702328
2025-05-30 00:45:00+02:00,6.0,18.56,5.782608695652175,0.5280531199999996,3.5902420707299543,0.5280531199999996,91.19911466666667,40.16263215450076,91.19911466666667,-51.03648251216591
2025-05-30 01:30:00+02:00,10.0,28.35,0.0285714285714286,3.6373767000000004,3.6373767000000004,3.6373767000000004,63.626232999999985,63.626232999999985,63.626232999999985,0.0
2025-05-30 01:50:00+02:00,11.2,26.75,2.666666666666667,3.1292134999999996,17.346053118251184,3.1292134999999996,72.06059375000001,54.875474270099865,72.06059375000001,-17.185119479900145
2025-05-30 07:00:00+02:00,6.9,33.12,0.453551912568306,5.152338239999999,18.576571932637307,5.152338239999999,25.32843130434785,169.22568018314936,25.32843130434785,143.89724887880152
2025-05-30 08:00:00+02:00,17.4,55.32,6.5,12.203102640000001,85.45783966894274,30.5077566,29.86722620689654,391.1370095916249,75.33193448275864,315.8050751088663
2025-05-30 09:00:00+02:00,20.0,60.09,0.12499999999999993,13.718064179999999,41.83166222857318,13.872392402025,31.409679100000005,109.1583111428659,30.638037989875,78.5202731529909
2025-05-30 14:00:00+02:00,22.8,55.29,1.0,12.193574579999998,52.233710201011846,30.483936449999998,46.519409736842114,129.09522017987652,33.701475657894726,95.3937445219818
2025-05-30 16:00:00+02:00,32.4,62.74,0.09589041095890413,14.559709480000002,14.826969900591783,14.65993213772192,55.06262506172839,54.237747220395725,54.75329587122864,-0.5155486508329119
2025-05-30 19:00:00+02:00,19.4,51.3,0.00646551724137931,10.926342599999998,10.926342599999998,10.926342599999998,43.67864639175259,43.67864639175259,43.67864639175259,0.0
2025-06-02 01:00:00+02:00,4.5,40.67,0.013539651837524232,7.55023334,7.55023334,7.55023334,67.78296311111112,67.78296311111112,67.78296311111112,0.0
2025-06-02 08:30:00+02:00,32.1,63.5,0.48,14.801086999999999,53.937632784932944,37.002717499999996,53.89069470404985,68.03000867580356,15.273263239875371,52.75674543592819
2025-06-02 09:00:00+02:00,36.1,58.88,0.3333333333333333,13.333765759999999,45.59402615035546,33.3344144,63.06436077562327,26.29924141372703,7.660901939058175,18.638339474668857
2025-06-02 09:15:00+02:00,32.4,61.18,0.04554865424430648,14.06425036,14.06425036,14.06425036,56.591819876543205,56.591819876543205,56.591819876543205,0.0
2025-06-02 09:30:00+02:00,4.7,54.61,0.09462365591397846,11.97760522,12.1913990336043,12.05777790010161,154.8426642553191,159.3914688000915,156.54846595960873,2.843002840482768
2025-06-02 09:45:00+02:00,22.5,57.67,0.008064516129032228,12.949467340000002,12.949467340000002,12.949467340000002,42.446811822222216,42.446811822222216,42.446811822222216,0.0
2025-06-02 09:50:00+02:00,7.3,72.0,0.006060606060606003,17.500704000000002,17.500704000000002,17.500704000000002,139.73567123287674,139.73567123287674,139.73567123287674,0.0
2025-06-02 09:55:00+02:00,18.7,68.32,0.010245901639344263,16.331928639999997,16.331928639999997,16.331928639999997,12.663483208556158,12.663483208556158,12.663483208556158,0.0
2025-06-02 10:00:00+02:00,13.7,64.53,0.02066115702479339,15.128217059999999,15.128217059999999,15.128217059999999,10.42494204379562,10.42494204379562,10.42494204379562,0.0
2025-06-02 10:30:00+02:00,18.5,55.0,0.02882483370288242,12.101469999999999,12.101469999999999,12.101469999999999,34.586648648648655,34.586648648648655,34.586648648648655,0.0
2025-06-02 15:45:00+02:00,37.9,71.84,0.005736137667303961,17.449887680000003,17.449887680000003,17.449887680000003,53.95807999999999,53.95807999999999,53.95807999999999,0.0
2025-06-02 16:00:00+02:00,28.5,70.95,0.020202020202020204,17.167221899999998,17.167221899999998,17.167221899999998,39.764133684210535,39.764133684210535,39.764133684210535,0.0
2025-06-03 10:00:00+02:00,12.1,56.36,0.03278688524590152,12.533408719999997,12.533408719999997,12.533408719999997,3.5818902479338632,3.5818902479338632,3.5818902479338632,0.0
2025-06-03 11:00:00+02:00,13.5,59.03,0.08000000000000007,13.381406060000002,13.541982932720002,13.44162238727,0.8784736296296182,0.310984686814827,0.4324267609629644,-0.1214420741481374
2025-06-03 16:00:00+02:00,8.3,65.08,0.2333333333333334,15.302898159999998,49.739412140021344,38.257245399999995,84.37226698795178,499.27002578338966,360.93066746987944,138.33935831351022
2025-06-04 01:00:00+02:00,11.6,45.89,0.0019801980198020084,9.208115779999998,9.208115779999998,9.208115779999998,20.619691551724152,20.619691551724152,20.619691551724152,0.0
2025-06-04 09:00:00+02:00,21.2,58.87,0.76,13.330589739999997,53.50412428036856,33.32647434999999,37.119859716981146,152.3779447187196,57.20035070754713,95.17759401117246
2025-06-04 09:15:00+02:00,14.3,71.83,0.030245746691871484,17.446711660000002,17.446711660000002,17.446711660000002,22.00497664335665,22.00497664335665,22.00497664335665,0.0
2025-06-04 09:45:00+02:00,9.2,68.65,0.02111324376199619,16.4367373,16.4367373,16.4367373,78.66018804347829,78.66018804347829,78.66018804347829,0.0
2025-06-04 09:50:00+02:00,12.0,72.2,0.03164556962025317,17.564224399999997,17.564224399999997,17.564224399999997,46.36853666666664,46.36853666666664,46.36853666666664,0.0
2025-06-04 09:55:00+02:00,10.7,72.04,0.00211864406779664,17.513408079999998,17.513408079999998,17.513408079999998,63.67671102803737,63.67671102803737,63.67671102803737,0.0
2025-06-04 10:00:00+02:00,14.6,69.33,0.016359918200409086,16.652706659999996,16.652706659999996,16.652706659999996,14.059634657534223,14.059634657534223,14.059634657534223,0.0
2025-06-04 10:30:00+02:00,15.0,55.06,0.018218623481781347,12.12052612,12.12052612,12.12052612,19.19649253333334,19.19649253333334,19.19649253333334,0.0
2025-06-04 15:45:00+02:00,32.6,72.91,0.026768642447418847,17.789721819999997,17.789721819999997,17.789721819999997,45.43030116564418,45.43030116564418,45.43030116564418,0.0
2025-06-04 16:00:00+02:00,33.3,75.21,0.040384615384615415,18.520206419999997,18.520206419999997,18.520206419999997,44.383764504504505,44.383764504504505,44.383764504504505,0.0
2025-06-05 08:00:00+02:00,10.1,46.38,1.6,9.363740759999999,45.25104002812051,23.409351899999997,7.289695445544562,348.0300992883218,131.7757613861386,216.2543379021832
2025-06-05 10:00:00+02:00,5.5,56.75,3.1764705882352944,12.6572735,73.54462092566737,31.643183750000002,130.13224545454548,1237.174925921225,475.3306136363637,761.8443122848612
2025-06-05 14:30:00+02:00,61.2,75.19,0.08875739644970404,18.51385438,18.8008738976071,18.621486699102665,69.74860395424837,69.27961781436748,69.57273415179304,-0.293116337425559
2025-06-06 08:00:00+02:00,10.2,63.71,0.3999999999999999,14.867783419999997,52.4049003825005,37.16945854999999,45.762582549019584,413.7735331617696,264.4064563725489,149.36707678922068
2025-06-06 08:45:00+02:00,10.9,58.51,5.666666666666667,13.216253020000002,89.3949031964003,33.04063255,21.25002770642203,720.1367265724798,203.12506926605502,517.0116573064248
2025-06-06 11:00:00+02:00,5.2,51.44,1.0,10.970806879999998,46.99573070074968,27.427017199999995,110.97705538461533,803.7640519374937,427.4426384615383,376.3214134759554
2025-06-06 14:30:00+02:00,38.3,86.5,7.0,22.105933,157.69765836220944,55.2648325,42.2821592689295,311.7432333216957,44.294601827676246,267.4486314940194
2025-06-10 08:00:00+02:00,14.5,51.42,0.03703703703703707,10.964454839999998,10.964454839999998,10.964454839999998,24.38307006896553,24.38307006896553,24.38307006896553,0.0
2025-06-10 09:00:00+02:00,5.1,59.96,0.02631578947368421,13.676775919999997,13.676775919999997,13.676775919999997,168.17207686274506,168.17207686274506,168.17207686274506,0.0
2025-06-10 10:00:00+02:00,17.4,58.61,1.15,13.248013219999999,58.763941798994914,33.120033049999996,23.861992988505747,237.72380344249956,90.34501752873562,147.37878591376392
2025-06-11 14:30:00+02:00,47.6,81.7,0.6666666666666666,20.581443400000005,80.22441728666693,51.45360850000001,56.76167352941176,68.53869177871205,8.095816176470603,60.44287560224144
2025-06-11 20:00:00+02:00,11.4,50.1,0.027692307692307693,10.545220200000001,10.545220200000001,10.545220200000001,7.498068421052626,7.498068421052626,7.498068421052626,0.0
2025-06-12 00:45:00+02:00,15.6,34.4,4.0,5.558868799999999,34.34530639516832,5.558868799999999,64.36622564102564,120.16222048184821,64.36622564102564,55.79599484082257
2025-06-12 08:00:00+02:00,15.7,66.7,1.9999999999999998,15.8174134,81.13417995685582,39.5435335,0.7478560509554154,416.77821628570587,151.86964012738858,264.90857615831726
2025-06-12 14:30:00+02:00,11.1,71.98,0.03333333333333333,17.49435196,17.49435196,17.49435196,57.60677441441442,57.60677441441442,57.60677441441442,0.0
2025-06-13 06:30:00+02:00,9.4,28.36,0.28571428571428564,3.64055272,12.16196072922101,3.64055272,61.27071574468085,29.382560949159668,61.27071574468085,-31.88815479552118
2025-06-13 09:00:00+02:00,3.1,62.12,0.052631578947368474,14.362796239999998,14.377914972884208,14.368465764831578,363.31600774193544,363.80370880271636,363.49889563972835,0.30481316298801175
2025-06-13 11:00:00+02:00,19.9,59.52,0.456043956043956,13.537031039999999,48.85708366034167,33.8425776,31.9747183919598,145.51298321779737,70.06320402010051,75.44977919769686
2025-06-13 16:00:00+02:00,23.0,62.74,0.2272727272727273,14.559709480000002,47.167669769254374,36.39927370000001,36.69691530434782,105.07682508371468,58.25771173913047,46.81911334458421
2025-06-16 10:00:00+02:00,6.9,59.3,2.0,13.4671586,69.07873251639984,33.6678965,95.17621159420287,901.1410509623165,387.9405289855072,513.2005219768093
2025-06-17 14:30:00+02:00,19.6,79.73,4.0,19.95576746,123.29611876510378,49.889418649999996,1.8151401020408118,529.061830434203,154.537850255102,374.523980179101
2025-06-17 15:15:00+02:00,10.4,65.88,3.0000000000000004,15.556979759999997,89.0163086619302,38.8924494,49.58634384615381,755.9260448262518,273.9658596153846,481.96018521086717
2025-06-18 01:50:00+02:00,18.1,48.05,0.28600223964165733,9.894136099999999,33.058053817505225,24.735340249999997,45.33626464088399,82.64118131218355,36.65933839779002,45.981842914393525
2025-06-18 08:00:00+02:00,12.7,58.44,0.0277777777777778,13.19402088,13.19402088,13.19402088,3.889928188976384,3.889928188976384,3.889928188976384,0.0
2025-06-18 11:00:00+02:00,7.5,59.03,0.00015536394002937785,13.381406060000002,13.381406060000002,13.381406060000002,78.41874746666669,78.41874746666669,78.41874746666669,0.0
2025-06-18 14:30:00+02:00,16.2,71.98,0.3333333333333333,17.49435196,59.8209054444768,43.7358799,7.989826913580249,269.26484842269633,169.97456728395065,99.29028113874568
2025-06-19 00:45:00+02:00,12.0,60.77,0.142857142857143,13.93403354,42.9715617354503,14.12811472145,16.116946166666665,258.0963477954192,17.734289345416666,240.36205845000254
2025-06-19 08:00:00+02:00,11.5,66.64,0.3451282051282051,15.79835728,54.32228816470297,39.495893200000005,37.37701982608695,372.36772317133017,243.44254956521746,128.9251736061127
2025-06-20 01:01:00+02:00,16.0,29.86,0.1,4.116955719999999,12.350867159999996,4.116955719999999,74.26902675,22.807080250000023,74.26902675,-51.46194649999997
2025-06-20 01:30:00+02:00,6.4,25.66,0.06451612903225798,2.7830273200000004,2.799186833470968,2.7830273200000004,56.515198125,56.262705727016126,56.515198125,-0.2524923979838718
2025-06-20 08:00:00+02:00,13.4,50.25,4.6,10.592860499999999,67.89489895744553,26.482151249999994,20.948802238805982,406.678350428698,97.62799440298502,309.050356025713
2025-06-23 01:00:00+02:00,19.9,44.07,0.023952095808383148,8.630080139999999,8.630080139999999,8.630080139999999,56.63276311557789,56.63276311557789,56.63276311557789,0.0
2025-06-23 09:15:00+02:00,13.3,72.2,0.01622718052738331,17.564224399999997,17.564224399999997,17.564224399999997,32.06183759398493,32.06183759398493,32.06183759398493,0.0
2025-06-23 09:30:00+02:00,9.4,72.04,0.03999999999999997,17.513408079999998,17.513408079999998,17.513408079999998,86.31285191489359,86.31285191489359,86.31285191489359,0.0
2025-06-23 10:00:00+02:00,16.8,69.33,0.005940594059405884,16.652706659999996,16.652706659999996,16.652706659999996,0.8767460714285981,0.8767460714285981,0.8767460714285981,0.0
2025-06-23 10:30:00+02:00,39.8,55.06,0.003960396039604017,12.12052612,12.12052612,12.12052612,69.5464167839196,69.5464167839196,69.5464167839196,0.0
2025-06-23 15:45:00+02:00,50.8,72.91,0.0057142857142856605,17.789721819999997,17.789721819999997,17.789721819999997,64.98086255905513,64.98086255905513,64.98086255905513,0.0
2025-06-24 16:00:00+02:00,53.5,60.04,0.07,13.70218408,13.81180155264,13.743290632239999,74.38844097196261,74.18354849973832,74.3116062948785,-0.12805779514017956
2025-06-25 08:45:00+02:00,15.5,52.96,0.011235955056179775,11.45356192,11.45356192,11.45356192,26.10605212903226,26.10605212903226,26.10605212903226,0.0
2025-06-25 14:30:00+02:00,3.3,57.3,0.0007178750897343071,12.8319546,12.8319546,12.8319546,288.8471090909091,288.8471090909091,288.8471090909091,0.0
2025-06-26 08:00:00+02:00,15.9,50.21,0.05181347150259067,10.58015642,10.58783114486425,10.583034441824093,33.458135723270445,33.40986701343239,33.440034957081174,-0.0301679436487845
2025-06-26 14:30:00+02:00,11.9,85.91,1.4999999999999998,21.918547819999997,104.13365022921293,54.796369549999994,84.18947747899156,775.0726910017893,360.47369369747895,414.59899730431033
2025-06-27 01:30:00+02:00,1.2,28.35,0.11428571428571425,3.6373767000000004,11.015319821635496,3.6373767000000004,203.11472500000005,817.9433184696247,203.11472500000005,614.8285934696247
2025-06-27 01:50:00+02:00,7.5,26.75,1.5000000000000002,3.1292134999999996,14.866697683511557,3.1292134999999996,58.277153333333345,98.22263578015409,58.277153333333345,39.94548244682075
2025-06-27 08:45:00+02:00,22.2,66.35,1.0,15.7062527,67.28099676540134,39.265631750000004,29.25111396396396,203.06755299730335,76.87221509009011,126.19533790721324
2025-06-27 09:00:00+02:00,12.2,62.12,0.23076923076923075,14.362796239999998,46.618710500570394,35.90699059999999,17.727838032786874,282.1205778735279,194.31959508196718,87.80098279156073
2025-06-27 10:00:00+02:00,1.5,57.78,0.009278350515463977,12.984403560000002,12.984403560000002,12.984403560000002,765.6269040000002,765.6269040000002,765.6269040000002,0.0
2025-06-27 16:00:00+02:00,20.5,62.74,0.02439024390243894,14.559709480000002,14.559709480000002,14.559709480000002,28.977026926829257,28.977026926829257,28.977026926829257,0.0
2025-06-27 19:00:00+02:00,22.7,51.3,0.009174311926605505,10.926342599999998,10.926342599999998,10.926342599999998,51.86633215859031,51.86633215859031,51.86633215859031,0.0
2025-06-30 07:00:00+02:00,3.9,33.12,1.3243243243243241,5.152338239999999,23.695121255777167,5.152338239999999,32.111236923076895,507.5672116865941,32.111236923076895,475.4559747635172
2025-06-30 08:00:00+02:00,21.8,66.7,4.2,15.8174134,98.99298248990594,39.5435335,27.443057798165142,354.096249953697,81.39235550458717,272.70389444910984
2025-06-30 11:00:00+02:00,8.1,59.3,1.0,13.4671586,57.68937196621997,33.6678965,66.26121728395061,612.2144687187651,315.6530432098765,296.56142550888865
2025-06-30 14:00:00+02:00,16.0,55.29,0.6666666666666666,12.193574579999998,47.529339721723034,30.483936449999998,23.79015887500001,197.05837326076897,90.52460281249999,106.53377044826898
2025-07-01 00:45:00+02:00,3.6,18.56,6.777777777777779,0.5280531199999996,3.736852554225398,0.5280531199999996,85.33185777777778,3.8014598395943824,85.33185777777778,-81.5303979381834
2025-07-01 01:00:00+02:00,2.3,40.67,0.007843137254901933,7.55023334,7.55023334,7.55023334,228.27101478260872,228.27101478260872,228.27101478260872,0.0
2025-07-01 07:00:00+02:00,5.9,29.67,0.026785714285714243,4.05661134,4.05661134,4.05661134,31.243875593220345,31.243875593220345,31.243875593220345,0.0
2025-07-01 08:30:00+02:00,7.7,63.5,6.999999999999999,14.801086999999999,105.58689204003916,37.002717499999996,92.22190909090907,1271.2583381823267,380.5547727272727,890.7035654550541
2025-07-01 09:15:00+02:00,5.5,61.18,0.017821782178217793,14.06425036,14.06425036,14.06425036,155.71364290909094,155.71364290909094,155.71364290909094,0.0
2025-07-01 09:30:00+02:00,3.5,54.61,0.12727272727272732,11.97760522,36.57738935710118,12.11643655323182,242.217292,945.068267345748,246.18390152090913,698.8843658248389
2025-07-01 09:45:00+02:00,12.5,57.67,0.02222222222222225,12.949467340000002,12.949467340000002,12.949467340000002,3.595738720000014,3.595738720000014,3.595738720000014,0.0
2025-07-01 09:50:00+02:00,18.3,72.0,0.006276150627615152,17.500704000000002,17.500704000000002,17.500704000000002,4.3677377049180235,4.3677377049180235,4.3677377049180235,0.0
2025-07-01 09:55:00+02:00,36.3,68.32,0.015625000000000083,16.331928639999997,16.331928639999997,16.331928639999997,55.00846104683196,55.00846104683196,55.00846104683196,0.0
2025-07-01 10:00:00+02:00,32.2,64.53,0.002024291497975737,15.128217059999999,15.128217059999999,15.128217059999999,53.0179594409938,53.0179594409938,53.0179594409938,0.0
2025-07-01 11:00:00+02:00,12.3,59.03,0.0002323780015491955,13.381406060000002,13.381406060000002,13.381406060000002,8.791919186991876,8.791919186991876,8.791919186991876,0.0
2025-07-01 15:45:00+02:00,30.6,71.84,0.01730769230769228,17.449887680000003,17.449887680000003,17.449887680000003,42.97422326797385,42.97422326797385,42.97422326797385,0.0
2025-07-01 16:00:00+02:00,25.7,70.95,0.004098360655737763,17.167221899999998,17.167221899999998,17.167221899999998,33.20147120622568,33.20147120622568,33.20147120622568,0.0
2025-07-02 10:00:00+02:00,3.8,56.36,0.08333333333333333,12.533408719999997,12.700520836266664,12.596075763599996,229.8265452631578,234.2242325333333,231.47567798947364,2.7485545438596546
2025-07-02 11:00:00+02:00,5.5,56.9,0.016129032258064457,12.7049138,12.7049138,12.7049138,130.99843272727273,130.99843272727273,130.99843272727273,0.0
2025-07-03 01:00:00+02:00,4.7,45.89,0.009746588693957116,9.208115779999998,9.208115779999998,9.208115779999998,95.91735702127654,95.91735702127654,95.91735702127654,0.0
2025-07-03 08:30:00+02:00,14.0,57.81,1.0,12.99393162,55.662205873910715,32.48482905,7.1862027142857166,297.5871848136479,132.03449321428573,165.5526915993622
2025-07-03 09:15:00+02:00,12.4,71.83,0.017647058823529384,17.446711660000002,17.446711660000002,17.446711660000002,40.69928758064517,40.69928758064517,40.69928758064517,0.0
2025-07-03 09:45:00+02:00,10.5,68.65,0.021072796934865926,16.4367373,16.4367373,16.4367373,56.540355238095245,56.540355238095245,56.540355238095245,0.0
2025-07-03 09:50:00+02:00,8.9,72.2,0.018480492813141652,17.564224399999997,17.564224399999997,17.564224399999997,97.35083595505614,97.35083595505614,97.35083595505614,0.0
2025-07-03 09:55:00+02:00,6.1,72.04,0.006072874493927212,17.513408079999998,17.513408079999998,17.513408079999998,187.10505049180327,187.10505049180327,187.10505049180327,0.0
2025-07-03 10:00:00+02:00,6.7,69.33,0.01,16.652706659999996,16.652706659999996,16.652706659999996,148.54786059701487,148.54786059701487,148.54786059701487,0.0
2025-07-03 10:30:00+02:00,8.6,55.06,0.029239766081871347,12.12052612,12.12052612,12.12052612,40.93635023255814,40.93635023255814,40.93635023255814,0.0
2025-07-03 14:30:00+02:00,64.1,86.5,0.4,22.105933,77.91741270382528,55.2648325,65.51336505460218,21.556026059009806,13.783412636505457,7.7726134225043495
2025-07-03 15:45:00+02:00,12.7,72.91,0.003766478342749583,17.789721819999997,17.789721819999997,17.789721819999997,40.07654976377951,40.07654976377951,40.07654976377951,0.0
2025-07-03 16:00:00+02:00,25.3,75.21,0.005940594059405884,18.520206419999997,18.520206419999997,18.520206419999997,26.797603083003963,26.797603083003963,26.797603083003963,0.0
2025-07-04 08:00:00+02:00,9.9,46.38,12.999999999999998,9.363740759999999,77.37987189635328,23.409351899999997,5.416760000000015,681.6148676399321,136.45809999999997,545.1567676399321
2025-07-04 08:45:00+02:00,8.0,53.81,2.666666666666667,11.72352362,64.98657360566558,29.308809049999997,46.544045249999996,712.3321700708198,266.36011312499994,445.9720569458198
2025-07-04 09:00:00+02:00,12.1,58.87,0.7,13.330589739999997,52.52262033557192,33.32647434999999,10.170163140495847,334.0712424427432,175.42540785123958,158.64583459150361
2025-07-04 10:00:00+02:00,3.6,56.75,0.48,12.6572735,46.125218377640984,31.643183750000002,251.59093055555556,1181.2560660455829,778.9773263888889,402.27873965669403
2025-07-04 12:30:00+02:00,4.6,50.39,0.08552631578947369,10.637324779999998,10.788486763715788,10.69401052389342,131.2461908695652,134.53232095034323,132.47848964985698,2.0538313004862516
2025-07-07 08:00:00+02:00,20.6,49.75,3.0,10.4340595,59.703199167043536,26.085148750000002,49.349225728155346,189.82135517982297,26.626935679611652,163.19441950021132
2025-07-08 06:30:00+02:00,10.7,60.93,0.06944444444444445,13.984849859999999,14.093620914466666,14.025639005424997,30.699531401869155,31.716083312772586,31.08073836845793,0.6353449443146566
2025-07-08 08:00:00+02:00,8.6,63.71,0.1719745222929936,14.867783419999997,46.670040423735095,37.16945854999999,72.8812025581395,442.67488864808246,332.20300639534867,110.47188225273379
2025-07-08 08:45:00+02:00,23.1,58.51,0.012987012987012941,13.216253020000002,13.216253020000002,13.216253020000002,42.78678346320346,42.78678346320346,42.78678346320346,0.0
2025-07-10 09:50:00+02:00,6.7,58.61,5.5,13.248013219999999,88.9285602932465,33.120033049999996,97.7315405970149,1227.2919446753208,394.32885149253724,832.9630931827835
2025-07-10 14:30:00+02:00,11.9,71.98,0.03404255319148936,17.49435196,17.49435196,17.49435196,47.011361008403355,47.011361008403355,47.011361008403355,0.0
2025-07-11 08:00:00+02:00,6.6,67.64,4.0,16.11595928,99.57197754400252,40.28989819999999,144.1812012121212,1408.666326424281,510.4530030303029,898.213323393978
2025-07-11 08:45:00+02:00,16.7,66.35,0.3333333333333335,15.7062527,53.706605411965114,39.265631750000004,5.950582634730534,221.59643959260546,135.1235434131737,86.47289617943176
2025-07-11 09:00:00+02:00,14.4,59.96,0.08571428571428572,13.676775919999997,13.872158433142854,13.750044362428568,5.022389444444466,3.6655664365079623,4.51358081646828,-0.8480143799603175
2025-07-11 20:00:00+02:00,4.6,50.1,3.4545454545454546,10.545220200000001,62.66434321022417,26.3630505,129.2439173913044,1262.2683306570473,473.1097934782609,789.1585371787864
2025-07-14 06:30:00+02:00,4.5,28.36,1.2,3.64055272,16.32378219684822,3.64055272,19.098828444444443,262.750715485516,19.098828444444443,243.65188704107157
2025-07-15 09:00:00+02:00,16.9,62.12,0.04545454545454529,14.362796239999998,14.362796239999998,14.362796239999998,15.013040000000005,15.013040000000005,15.013040000000005,0.0
2025-07-15 11:00:00+02:00,5.6,54.3,0.5416666666666669,11.8791486,44.32822739277832,29.697871499999998,112.1276535714286,691.5754891567557,430.31913392857143,261.25635522818425
2025-07-15 14:30:00+02:00,6.4,81.7,0.33333333333333326,20.581443400000005,70.3770326764508,51.45360850000001,221.58505312500006,999.6411355695436,703.9626328125001,295.6785027570435
2025-07-16 08:00:00+02:00,8.1,51.95,1.0,11.132783900000002,47.68959292026494,27.831959750000003,37.441776543209905,488.76040642302405,243.60444135802473,245.15596506499932
2025-07-16 11:00:00+02:00,9.5,59.52,0.1654676258992805,13.537031039999999,42.32796195691321,33.8425776,42.49506357894736,345.5574942832969,256.2376589473684,89.31983533592847
2025-07-16 15:15:00+02:00,32.8,65.88,0.5333333333333333,15.556979759999997,57.87204977374251,38.8924494,52.570183658536585,76.43917613945888,18.574540853658537,57.86463528580035
2025-07-17 01:50:00+02:00,17.4,48.05,0.5673919186210794,9.894136099999999,37.27094592171983,24.735340249999997,43.13714885057471,114.20083863057376,42.15712787356321,72.04371075701054
2025-07-17 08:00:00+02:00,41.1,66.64,0.3720379146919432,15.79835728,54.99788187977295,39.495893200000005,61.561174501216556,33.81479776100473,3.9029362530413545,29.91186150796338
2025-07-17 11:00:00+02:00,9.05,59.03,0.0002324320136360203,13.381406060000002,13.381406060000002,13.381406060000002,47.860840441988955,47.860840441988955,47.860840441988955,0.0
2025-07-17 14:30:00+02:00,14.9,79.73,5.0,19.95576746,130.70837511474735,49.889418649999996,33.931325234899326,777.237416877499,234.8283130872483,542.4091037902507
2025-07-18 14:30:00+02:00,3.5,61.26,0.01615384615384608,14.089658519999997,14.089658519999997,14.089658519999997,302.56167199999993,302.56167199999993,302.56167199999993,0.0
2025-07-18 16:00:00+02:00,6.0,62.74,0.11999999999999993,14.559709480000002,44.2557694407462,14.712586429540002,142.6618246666667,637.59615734577,145.2097738256667,492.3863835201033
2025-07-21 00:45:00+02:00,4.9,37.67,0.16666666666666663,6.59742734,20.64385842767236,6.59742734,34.641374285714285,321.3032332178032,34.641374285714285,286.66185893208893
2025-07-24 01:00:00+02:00,2.4,45.89,0.05098039215686277,9.208115779999998,9.211726805796077,9.209469914673528,283.6714908333333,283.8219502415032,283.727913111397,0.0940371301061873
2025-07-24 08:00:00+02:00,19.6,50.21,0.11979166666666671,10.58015642,32.15517664788252,10.690917432521875,46.01961010204082,64.0570237136863,45.454502895296564,18.602520818389742
2025-07-24 09:00:00+02:00,7.4,57.25,0.03831775700934581,12.816074500000001,12.816074500000001,12.816074500000001,73.19019594594594,73.19019594594594,73.19019594594594,0.0
2025-07-24 09:15:00+02:00,6.9,72.2,0.006085192697768849,17.564224399999997,17.564224399999997,17.564224399999997,154.55397681159414,154.55397681159414,154.55397681159414,0.0
2025-07-24 09:30:00+02:00,11.1,72.04,0.007889546351084924,17.513408079999998,17.513408079999998,17.513408079999998,57.778451171171156,57.778451171171156,57.778451171171156,0.0
2025-07-24 10:00:00+02:00,2.4,69.33,0.01185770750988145,16.652706659999996,16.652706659999996,16.652706659999996,593.8627774999999,593.8627774999999,593.8627774999999,0.0
2025-07-24 10:30:00+02:00,14.2,55.06,0.03396226415094334,12.12052612,12.12052612,12.12052612,14.644182253521128,14.644182253521128,14.644182253521128,0.0
2025-07-24 14:00:00+02:00,19.6,57.3,1.5000000000000002,12.8319546,60.96381398288914,32.07988649999999,34.53084387755103,211.03986725963847,63.67289030612241,147.36697695351606
2025-07-24 14:30:00+02:00,17.0,71.98,0.04405286343612335,17.49435196,17.49435196,17.49435196,2.9079527058823498,2.9079527058823498,2.9079527058823498,0.0
2025-07-24 15:45:00+02:00,22.7,72.91,0.05893536121673006,17.789721819999997,17.853304856162733,17.813565458561023,21.631181409691642,21.35107992879853,21.526143354356726,-0.17506342555819643
2025-07-25 01:01:00+02:00,5.2,29.86,0.05,4.116955719999999,4.116955719999999,4.116955719999999,20.827774615384637,20.827774615384637,20.827774615384637,0.0
2025-07-25 01:30:00+02:00,5.3,28.07,0.03333333333333336,3.548448139999999,3.548448139999999,3.548448139999999,33.048148301886805,33.048148301886805,33.048148301886805,0.0
2025-07-25 08:00:00+02:00,13.8,50.25,0.5,10.592860499999999,38.90698842930299,26.482151249999994,23.240141304347837,181.93469876306514,91.89964673913038,90.03505202393477
2025-07-25 08:45:00+02:00,10.2,52.96,0.011363636363636364,11.45356192,11.45356192,11.45356192,12.28982274509805,12.28982274509805,12.28982274509805,0.0
2025-07-25 10:00:00+02:00,8.9,57.78,0.01250000000000003,12.984403560000002,12.984403560000002,12.984403560000002,45.89217483146069,45.89217483146069,45.89217483146069,0.0
2025-07-25 14:30:00+02:00,22.7,67.41,0.13888888888888887,16.042910819999996,49.352863217983995,16.2568162976,29.326384052863453,117.4134943523524,28.384069173568278,89.02942517878412
2025-07-25 19:00:00+02:00,9.8,51.3,0.014251781472684086,10.926342599999998,10.926342599999998,10.926342599999998,11.493291836734667,11.493291836734667,11.493291836734667,0.0
2025-07-29 09:00:00+02:00,12.0,67.14,0.823529411764706,15.957158279999998,65.24480449123651,39.8928957,32.97631899999998,443.7067040936376,232.44079749999997,211.26590659363762
2025-07-29 16:00:00+02:00,15.9,60.04,0.014613778705636803,13.70218408,13.70218408,13.70218408,13.822741635220126,13.822741635220126,13.822741635220126,0.0
2025-07-30 07:30:00+02:00,13.9,49.25,1.9999999999999998,10.275258499999998,52.70613160064542,25.688146249999996,26.077276978417284,279.1808028823412,84.8068075539568,194.3739953283844
2025-07-30 08:00:00+02:00,7.9,55.32,1.0,12.203102640000001,52.27452562568922,30.5077566,54.469653670886075,561.7028560213826,286.17413417721525,275.5287218441673
2025-07-30 09:00:00+02:00,5.9,60.09,0.6666666666666666,13.718064179999999,53.47164840448451,34.295160450000004,132.5095623728813,806.2991254997374,481.2739059322035,325.02521956753395
2025-07-30 10:00:00+02:00,6.3,64.0,1.0,14.959887999999998,64.08378849900754,37.399719999999995,137.45853968253968,917.2029920477389,493.6463492063491,423.5566428413898
2025-07-30 11:00:00+02:00,13.6,58.03,0.16666666666666663,13.063804059999999,40.87764936892679,32.659510149999996,3.942617205882358,200.57095124210872,140.14345698529408,60.42749425681464
2025-07-30 14:30:00+02:00,52.1,85.91,0.25000000000000006,21.918547819999997,71.882401094732,54.796369549999994,57.929850633397315,37.97005968278695,5.175373416506704,32.79468626628025
2025-07-31 07:00:00+02:00,8.9,33.12,0.039886039886039844,5.152338239999999,5.152338239999999,5.152338239999999,42.10855910112361,42.10855910112361,42.10855910112361,0.0
2025-07-31 08:30:00+02:00,13.3,63.5,2.75,14.801086999999999,82.7299998976566,37.002717499999996,11.286368421052618,522.0300744184707,178.21592105263153,343.81415336583916
2025-07-31 08:45:00+02:00,15.4,66.35,1.0,15.7062527,67.28099676540134,39.265631750000004,1.9886538961038955,336.88958938572296,154.97163474025976,181.9179546454632
2025-07-31 09:55:00+02:00,10.2,61.5,0.015625000000000083,14.165883,14.165883,14.165883,38.881205882352944,38.881205882352944,38.881205882352944,0.0
2025-07-31 10:00:00+02:00,8.9,56.36,0.015625000000000083,12.533408719999997,12.533408719999997,12.533408719999997,40.82481707865165,40.82481707865165,40.82481707865165,0.0
2025-07-31 11:00:00+02:00,11.9,56.9,0.015873015873015817,12.7049138,12.7049138,12.7049138,6.763981512605039,6.763981512605039,6.763981512605039,0.0
2025-07-31 14:30:00+02:00,33.7,71.98,0.026785714285714284,17.49435196,17.49435196,17.49435196,48.08797637982196,48.08797637982196,48.08797637982196,0.0
2025-08-01 00:45:00+02:00,2.6,18.56,3.782608695652174,0.5280531199999996,3.214634648048571,0.5280531199999996,79.69026461538463,23.639794155714267,79.69026461538463,-56.050470459670365
2025-08-01 01:00:00+02:00,8.3,40.67,0.005813953488372175,7.55023334,7.55023334,7.55023334,9.033333253012055,9.033333253012055,9.033333253012055,0.0
2025-08-01 09:15:00+02:00,17.1,61.18,0.007766990291262109,14.06425036,14.06425036,14.06425036,17.75292187134503,17.75292187134503,17.75292187134503,0.0
2025-08-01 09:45:00+02:00,12.5,57.67,0.022587268993839716,12.949467340000002,12.949467340000002,12.949467340000002,3.595738720000014,3.595738720000014,3.595738720000014,0.0
2025-08-01 09:50:00+02:00,13.6,72.0,0.004132231404958589,17.500704000000002,17.500704000000002,17.500704000000002,28.68164705882355,28.68164705882355,28.68164705882355,0.0
2025-08-01 09:55:00+02:00,13.1,68.32,0.002032520325203281,16.331928639999997,16.331928639999997,16.331928639999997,24.671210992366397,24.671210992366397,24.671210992366397,0.0
2025-08-01 10:00:00+02:00,8.6,64.53,0.47368421052631576,15.128217059999999,54.99095812817676,37.82054264999999,75.90950069767442,539.429745676474,339.773751744186,199.65599393228803
2025-08-01 10:30:00+02:00,17.6,55.0,0.004149377593361055,12.101469999999999,12.101469999999999,12.101469999999999,31.241647727272735,31.241647727272735,31.241647727272735,0.0
2025-08-01 11:00:00+02:00,15.7,59.03,0.052631578947368474,13.381406060000002,13.395491750589477,13.386688193971054,14.76811426751591,14.678396493060655,14.734470102095196,-0.056073609034541505
2025-08-01 14:30:00+02:00,174.3,86.5,3.0,22.105933,126.48911199637303,55.2648325,87.3173075157774,27.43022834402007,68.2932687894435,-40.86304044542344
2025-08-01 15:00:00+02:00,32.1,50.39,0.083132530120482,10.637324779999998,10.77830137346988,10.690191002551204,66.86191657320873,66.42273715429944,66.69722429111775,-0.2744871368183084
2025-08-01 15:45:00+02:00,17.2,71.84,0.006060606060606003,17.449887680000003,17.449887680000003,17.449887680000003,1.452835348837233,1.452835348837233,1.452835348837233,0.0
2025-08-01 16:00:00+02:00,3.3,70.95,0.0555555555555556,17.167221899999998,17.205371281999998,17.181527918249998,420.21884545454543,421.3748873333333,420.65236115909084,0.7225261742424323
2025-08-04 08:30:00+02:00,10.1,57.81,1.0,12.99393162,55.662205873910715,32.48482905,28.652788316831685,451.11094924664076,221.63197079207922,229.47897845456154
2025-08-04 09:30:00+02:00,9.8,54.61,0.022044088176352734,11.97760522,11.97760522,11.97760522,22.22046142857141,22.22046142857141,22.22046142857141,0.0
2025-08-04 16:00:00+02:00,17.9,65.08,0.02040816326530623,15.302898159999998,15.302898159999998,15.302898159999998,14.508948826815645,14.508948826815645,14.508948826815645,0.0
2025-08-05 01:00:00+02:00,6.8,45.89,0.005576208178438741,9.208115779999998,9.208115779999998,9.208115779999998,35.413467352941154,35.413467352941154,35.413467352941154,0.0
2025-08-05 08:45:00+02:00,7.3,53.81,3.75,11.72352362,71.20556915955142,29.308809049999997,60.59621397260274,875.4187556102934,301.49053493150683,573.9282206787866
2025-08-05 09:00:00+02:00,12.2,58.87,0.5333333333333332,13.330589739999997,49.58986672530203,33.32647434999999,9.267129016393424,306.47431742050844,173.16782254098356,133.30649487952488
2025-08-05 09:15:00+02:00,14.8,71.83,0.04952380952380955,17.446711660000002,17.446711660000002,17.446711660000002,17.883186891891896,17.883186891891896,17.883186891891896,0.0
2025-08-05 09:45:00+02:00,19.2,68.65,0.00570342205323202,16.4367373,16.4367373,16.4367373,14.39199322916666,14.39199322916666,14.39199322916666,0.0
2025-08-05 09:50:00+02:00,20.6,72.2,0.024144869215291805,17.564224399999997,17.564224399999997,17.564224399999997,14.736774757281573,14.736774757281573,14.736774757281573,0.0
2025-08-05 09:55:00+02:00,6.4,72.04,0.00998003992015968,17.513408079999998,17.513408079999998,17.513408079999998,173.64700124999993,173.64700124999993,173.64700124999993,0.0
2025-08-05 10:00:00+02:00,10.7,69.33,0.0039062500000000555,16.652706659999996,16.652706659999996,16.652706659999996,55.63277252336446,55.63277252336446,55.63277252336446,0.0
2025-08-05 10:30:00+02:00,15.3,55.06,0.011718749999999889,12.12052612,12.12052612,12.12052612,20.780875032679745,20.780875032679745,20.780875032679745,0.0
2025-08-05 14:30:00+02:00,15.2,75.19,0.038338658146964834,18.51385438,18.51385438,18.51385438,21.801673552631595,21.801673552631595,21.801673552631595,0.0
2025-08-05 15:45:00+02:00,9.1,72.91,0.009157509157509158,17.789721819999997,17.789721819999997,17.789721819999997,95.49144857142855,95.49144857142855,95.49144857142855,0.0
2025-08-05 16:00:00+02:00,30.0,75.21,0.027184466019417448,18.520206419999997,18.520206419999997,18.520206419999997,38.26597860000001,38.26597860000001,38.26597860000001,0.0
2025-08-06 00:45:00+02:00,6.6,18.81,0.01886792452830182,0.607453619999999,0.607453619999999,0.607453619999999,90.79615727272729,90.79615727272729,90.79615727272729,0.0
2025-08-06 08:00:00+02:00,1.5,46.38,2.0,9.363740759999999,48.03057293117128,23.409351899999997,524.2493839999998,3102.0381954114187,1460.6234599999998,1641.4147354114189
2025-08-06 10:00:00+02:00,10.0,58.61,1.0,13.248013219999999,56.750617198640526,33.120033049999996,32.480132199999986,467.5061719864052,231.20033049999998,236.30584148640523
2025-08-06 11:00:00+02:00,10.4,49.55,0.1923076923076923,10.370539099999997,32.94290116929039,25.92634774999999,0.2832778846154199,216.75866508933063,149.29180528846143,67.4668598008692
2025-08-07 08:00:00+02:00,5.4,63.71,2.8,14.867783419999997,83.50736826767354,37.16945854999999,175.32932259259252,1446.432745697658,588.3233064814813,858.1094392161767
2025-08-07 08:45:00+02:00,11.45,58.51,0.013333333333333286,13.216253020000002,13.216253020000002,13.216253020000002,15.425790567685613,15.425790567685613,15.425790567685613,0.0
2025-08-07 09:00:00+02:00,11.85,46.43,0.03571428571428559,9.379620859999998,9.379620859999998,9.379620859999998,20.84708135021099,20.84708135021099,20.84708135021099,0.0
2025-08-07 14:30:00+02:00,6.2,71.98,0.02262443438914027,17.49435196,17.49435196,17.49435196,182.16696709677421,182.16696709677421,182.16696709677421,0.0
2025-08-08 09:00:00+02:00,11.95,59.96,0.1,13.676775919999997,41.03032775999999,13.7793517394,14.450007698744754,243.35002309623425,15.308382756485356,228.0416403397489
2025-08-08 19:00:00+02:00,11.1,51.3,0.0024390243902439024,10.926342599999998,10.926342599999998,10.926342599999998,1.5644810810810947,1.5644810810810947,1.5644810810810947,0.0
2025-08-11 11:00:00+02:00,16.5,54.51,0.240308988764045,11.945845019999998,38.97449648443965,29.864612549999997,27.60093927272728,136.20906960266453,80.99765181818181,55.21141778448272
2025-08-12 08:00:00+02:00,5.5,51.42,0.021276595744680965,10.964454839999998,10.964454839999998,10.964454839999998,99.35372436363633,99.35372436363633,99.35372436363633,0.0
2025-08-12 14:30:00+02:00,48.8,81.7,0.03571428571428559,20.581443400000005,20.581443400000005,20.581443400000005,57.82491106557376,57.82491106557376,57.82491106557376,0.0
2025-08-12 20:00:00+02:00,10.5,50.1,0.35348837209302325,10.545220200000001,36.40063143898062,26.3630505,0.4306685714285814,246.67268037124396,151.07667142857142,95.59600894267254
2025-08-13 09:00:00+02:00,17.0,62.12,0.25000000000000006,14.362796239999998,47.103133320882044,35.90699059999999,15.51296329411766,177.0772548287179,111.21759176470584,65.85966306401207
2025-08-14 08:00:00+02:00,15.2,67.64,3.0000000000000004,16.11595928,92.21476326273618,40.28989819999999,6.026047894736837,506.67607409694864,165.06511973684204,341.6109543601066
2025-08-14 11:00:00+02:00,14.0,54.3,0.8823529411764706,11.8791486,49.36818228794578,29.697871499999998,15.148938571428566,252.62987348532698,112.12765357142855,140.50221991389844
2025-08-14 14:30:00+02:00,35.0,71.98,0.017543859649122806,17.49435196,17.49435196,17.49435196,50.01613725714286,50.01613725714286,50.01613725714286,0.0
2025-08-15 01:50:00+02:00,4.3,38.43,1.9999999999999998,6.838804860000001,35.079112505276,6.838804860000001,59.041973488372115,715.7933140761861,59.041973488372115,656.751340587814
2025-08-15 06:30:00+02:00,3.7,28.36,0.2352941176470589,3.64055272,11.84557038471983,3.64055272,1.606683243243246,220.15055093837375,1.606683243243246,218.5438676951305
2025-08-15 09:00:00+02:00,11.6,58.88,0.7500000000000001,13.333765759999999,53.35573805484338,33.3344144,14.94625655172413,359.9632590934774,187.36564137931032,172.5976177141671
2025-08-15 14:30:00+02:00,14.7,79.73,0.33333333333333326,19.95576746,68.23757067573179,49.889418649999996,35.75352013605443,364.2011610593999,239.38380034013602,124.81736071926389
2025-08-15 16:00:00+02:00,12.5,62.74,0.11363636363636363,14.559709480000002,44.07352840540135,14.698688525036365,16.477675840000018,252.58822724321078,17.589508200290922,234.99871904291984
2025-08-18 08:30:00+02:00,2.2,45.87,0.9565217391304347,9.201763739999999,38.99164024769024,23.00440935,318.2619881818181,1672.3472839859198,945.6549704545454,726.6923135313745
2025-08-18 11:00:00+02:00,10.8,59.52,0.6132596685082873,13.537031039999999,51.82695774005289,33.8425776,25.34287999999998,379.8792383338231,213.35719999999995,166.52203833382313
2025-08-19 14:30:00+02:00,13.8,61.26,12.999999999999998,14.089658519999997,116.43380560024842,35.224146299999994,2.0989747826086678,743.7232289873074,155.24743695652168,588.4757920307857
2025-08-20 01:50:00+02:00,10.8,48.05,1.5988786952089704,9.894136099999999,47.805341251875745,24.735340249999997,8.387628703703719,342.64204862847913,129.0309282407407,213.61112038773842
2025-08-20 08:00:00+02:00,16.2,51.95,2.0,11.132783900000002,57.10474080189289,27.831959750000003,31.279111728395048,252.49840001168445,71.80222067901238,180.69617933267207
2025-08-20 11:00:00+02:00,8.0,59.03,0.00015491866769953705,13.381406060000002,13.381406060000002,13.381406060000002,67.26757575000002,67.26757575000002,67.26757575000002,0.0
2025-08-21 00:45:00+02:00,4.4,11.3,9.257142857142858,1.7777374,13.575432772993798,1.7777374,59.596877272727276,208.53256302258632,59.596877272727276,148.93568574985903
2025-08-21 01:00:00+02:00,4.3,45.89,0.027184466019417448,9.208115779999998,9.208115779999998,9.208115779999998,114.14222744186043,114.14222744186043,114.14222744186043,0.0
2025-08-21 08:00:00+02:00,21.8,66.64,0.10854368932038837,15.79835728,47.663877684103674,15.937091398055921,27.530471192660556,118.64164075276915,26.894076155706788,91.74756459706236
2025-08-21 09:15:00+02:00,28.3,72.2,0.039583333333333304,17.564224399999997,17.564224399999997,17.564224399999997,37.93560282685514,37.93560282685514,37.93560282685514,0.0
2025-08-21 09:30:00+02:00,18.8,72.04,0.02254098360655741,17.513408079999998,17.513408079999998,17.513408079999998,6.843574042553207,6.843574042553207,6.843574042553207,0.0
2025-08-21 10:00:00+02:00,10.6,69.33,0.020202020202020204,16.652706659999996,16.652706659999996,16.652706659999996,57.101006226415066,57.101006226415066,57.101006226415066,0.0
2025-08-21 10:30:00+02:00,8.6,55.06,0.03474903474903483,12.12052612,12.12052612,12.12052612,40.93635023255814,40.93635023255814,40.93635023255814,0.0
2025-08-21 14:30:00+02:00,13.2,71.98,0.044444444444444446,17.49435196,17.49435196,17.49435196,32.532969393939396,32.532969393939396,32.532969393939396,0.0
2025-08-21 15:45:00+02:00,34.8,72.91,0.0767676767676767,17.789721819999997,17.980197629385852,17.861150248519692,48.88010971264368,48.33276543279927,48.67485560770203,-0.34209017490275784
2025-08-21 16:00:00+02:00,16.8,58.03,0.0402684563758389,13.063804059999999,13.063804059999999,13.063804059999999,22.23926154761906,22.23926154761906,22.23926154761906,0.0
2025-08-22 01:01:00+02:00,3.4,29.86,0.15,4.116955719999999,12.752601050914162,4.116955719999999,21.086932941176446,275.0765014974753,21.086932941176446,253.98956855629885
2025-08-22 01:30:00+02:00,4.8,25.66,0.06060606060606053,2.7830273200000004,2.794834102569697,2.7830273200000004,42.02026416666666,41.774289529797976,42.02026416666666,-0.24597463686868082
2025-08-22 08:00:00+02:00,7.1,63.38,1.9999999999999998,14.762974759999999,75.72551975384043,36.90743689999999,107.92922197183097,966.5566162512738,419.8230549295774,546.7335613216965
2025-08-25 00:45:00+02:00,5.3,34.4,1.4999999999999998,5.558868799999999,26.409838098903972,5.558868799999999,4.884316981132061,398.2988320547919,4.884316981132061,393.4145150736598
2025-08-25 08:30:00+02:00,5.8,52.74,0.005818181818181823,11.383689480000001,11.383689480000001,11.383689480000001,96.27050827586208,96.27050827586208,96.27050827586208,0.0
2025-08-26 08:45:00+02:00,23.4,52.96,0.03333333333333333,11.45356192,11.45356192,11.45356192,51.05315418803419,51.05315418803419,51.05315418803419,0.0
2025-08-26 14:30:00+02:00,13.4,67.41,0.30000000000000004,16.042910819999996,53.97866941241795,40.10727704999999,19.723215074626832,302.8258911374474,199.30803768656713,103.51785345088027
2025-08-26 16:00:00+02:00,11.9,60.04,0.012474012474012502,13.70218408,13.70218408,13.70218408,15.144404033613446,15.144404033613446,15.144404033613446,0.0
2025-08-27 08:00:00+02:00,4.7,50.21,0.0727272727272728,10.58015642,10.676339660181817,10.616225135068182,125.10971106382978,127.15616298259185,125.87713053336557,1.2790324492262783
2025-08-28 09:00:00+02:00,7.4,58.88,0.14285714285714282,13.333765759999999,41.12037888218499,13.519486068799997,80.18602378378375,455.6807957052025,82.69575768648643,372.98503801871607
2025-08-28 10:00:00+02:00,3.9,57.78,0.0041407867494823135,12.984403560000002,12.984403560000002,12.984403560000002,232.9334246153847,232.9334246153847,232.9334246153847,0.0
2025-08-28 14:30:00+02:00,13.6,85.91,0.09999999999999994,21.918547819999997,22.3569187764,22.08293692865,61.16579279411762,64.38910865,62.37453624007353,2.0145724099264655
2025-08-29 01:30:00+02:00,5.7,28.35,0.11111111111111104,3.6373767000000004,10.992514933367802,3.6373767000000004,36.18637368421052,92.85113918189126,36.18637368421052,56.66476549768073
2025-08-29 01:50:00+02:00,6.5,26.75,0.8333333333333333,3.1292134999999996,12.830065346226668,3.1292134999999996,51.85825384615386,97.38562071117951,51.85825384615386,45.527366865025655
2025-08-29 07:00:00+02:00,6.9,33.12,0.04179104477611936,5.152338239999999,5.152338239999999,5.152338239999999,25.32843130434785,25.32843130434785,25.32843130434785,0.0
2025-08-29 08:00:00+02:00,5.8,55.32,0.2692307692307693,12.203102640000001,40.42512220867661,30.5077566,110.39832137931036,596.9848656668381,425.9958034482759,170.9890622185622
2025-08-29 08:45:00+02:00,4.9,66.35,0.19999999999999996,15.7062527,50.11268963777832,39.265631750000004,220.53576938775507,922.7079517913943,701.3394234693878,221.36852832200645
2025-08-29 09:00:00+02:00,14.6,62.12,0.18965517241379304,14.362796239999998,45.55480516376607,35.90699059999999,1.6246832876712443,212.01921345045253,145.93829178082188,66.08092166963064
2025-08-29 11:00:00+02:00,4.5,59.3,1.0,13.4671586,57.68937196621997,33.6678965,199.2701911111111,1181.9860436937772,648.1754777777777,533.8105659159995
2025-08-29 14:00:00+02:00,13.0,55.29,0.050000000000000044,12.193574579999998,12.193574579999998,12.193574579999998,6.203272461538475,6.203272461538475,6.203272461538475,0.0
2025-08-29 16:00:00+02:00,31.7,62.74,0.10256410256410255,14.559709480000002,43.75369805555259,14.674507189361544,54.070317097791786,38.024284086916694,53.70817921337052,-15.683895126453827
2025-08-29 19:00:00+02:00,6.4,51.3,0.00980392156862745,10.926342599999998,10.926342599999998,10.926342599999998,70.72410312499996,70.72410312499996,70.72410312499996,0.0
2025-09-01 00:45:00+02:00,2.5,18.56,0.20000000000000007,0.5280531199999996,1.6848170356268684,0.5280531199999996,78.87787520000002,32.607318574925266,78.87787520000002,-46.270556625074754
2025-09-01 01:00:00+02:00,2.5,40.67,0.001890359168241993,7.55023334,7.55023334,7.55023334,202.0093336,202.0093336,202.0093336,0.0
2025-09-01 08:30:00+02:00,3.2,63.5,1.5,14.801086999999999,70.31903889471045,37.002717499999996,362.53396875,2097.469965459701,1056.3349218749997,1041.1350435847014
2025-09-01 09:15:00+02:00,6.1,61.18,0.04423076923076918,14.06425036,14.06425036,14.06425036,130.56148131147546,130.56148131147546,130.56148131147546,0.0
2025-09-01 09:30:00+02:00,5.3,54.61,0.0425531914893617,11.97760522,11.97760522,11.97760522,125.99255132075471,125.99255132075471,125.99255132075471,0.0
2025-09-01 09:45:00+02:00,10.5,57.67,0.012048192771084366,12.949467340000002,12.949467340000002,12.949467340000002,23.328260380952397,23.328260380952397,23.328260380952397,0.0
2025-09-01 09:50:00+02:00,14.3,72.0,0.01002004008016032,17.500704000000002,17.500704000000002,17.500704000000002,22.382545454545465,22.382545454545465,22.382545454545465,0.0
2025-09-01 09:55:00+02:00,14.7,68.32,0.0020040080160320926,16.331928639999997,16.331928639999997,16.331928639999997,11.101555374149648,11.101555374149648,11.101555374149648,0.0
2025-09-01 10:00:00+02:00,13.4,64.53,0.03225806451612906,15.128217059999999,15.128217059999999,15.128217059999999,12.897142238805959,12.897142238805959,12.897142238805959,0.0
2025-09-01 10:30:00+02:00,15.1,55.0,0.006342494714587678,12.101469999999999,12.101469999999999,12.101469999999999,19.857814569536426,19.857814569536426,19.857814569536426,0.0
2025-09-02 11:00:00+02:00,18.9,59.03,0.050000000000000044,13.381406060000002,13.381406060000002,13.381406060000002,29.198909735449725,29.198909735449725,29.198909735449725,0.0
2025-09-02 15:45:00+02:00,33.5,71.84,0.005628517823639722,17.449887680000003,17.449887680000003,17.449887680000003,47.91078304477611,47.91078304477611,47.91078304477611,0.0
2025-09-02 16:00:00+02:00,33.8,70.95,0.006122448979591778,17.167221899999998,17.167221899999998,17.167221899999998,49.2094026627219,49.2094026627219,49.2094026627219,0.0
2025-09-03 01:00:00+02:00,4.4,45.89,0.012704174228675058,9.208115779999998,9.208115779999998,9.208115779999998,109.27535863636358,109.27535863636358,109.27535863636358,0.0
2025-09-03 09:15:00+02:00,17.2,71.83,0.03096539162112925,17.446711660000002,17.446711660000002,17.446711660000002,1.4343701162790847,1.4343701162790847,1.4343701162790847,0.0
2025-09-03 09:45:00+02:00,29.6,68.65,0.01151631477927066,16.4367373,16.4367373,16.4367373,44.470482094594594,44.470482094594594,44.470482094594594,0.0
2025-09-03 09:50:00+02:00,30.3,72.2,0.0020120724346075316,17.564224399999997,17.564224399999997,17.564224399999997,42.03226270627064,42.03226270627064,42.03226270627064,0.0
2025-09-03 09:55:00+02:00,24.1,72.04,0.015968063872255574,17.513408079999998,17.513408079999998,17.513408079999998,27.330256929460596,27.330256929460596,27.330256929460596,0.0
2025-09-03 10:00:00+02:00,22.6,69.33,0.003944773175542462,16.652706659999996,16.652706659999996,16.652706659999996,26.31545725663719,26.31545725663719,26.31545725663719,0.0
2025-09-03 10:30:00+02:00,7.9,55.06,0.011194029850746294,12.12052612,12.12052612,12.12052612,53.42438126582276,53.42438126582276,53.42438126582276,0.0
2025-09-03 16:00:00+02:00,29.3,65.08,0.07142857142857134,15.302898159999998,15.43406585851428,15.352086046942853,47.77167863481229,47.32400730882498,47.60380188756705,-0.27979457874207014
2025-09-04 11:00:00+02:00,14.1,49.55,0.08333333333333323,10.370539099999997,10.508812954666663,10.422391795499996,26.45007730496456,25.469411669030755,26.082327691489386,-0.6129160224586307
2025-09-04 14:30:00+02:00,9.1,75.19,0.030434782608695653,18.51385438,18.51385438,18.51385438,103.44894923076926,103.44894923076926,103.44894923076926,0.0
2025-09-04 15:45:00+02:00,19.9,72.91,0.016245487364620913,17.789721819999997,17.789721819999997,17.789721819999997,10.60441296482413,10.60441296482413,10.60441296482413,0.0
2025-09-04 16:00:00+02:00,18.0,75.21,0.02161100196463657,18.520206419999997,18.520206419999997,18.520206419999997,2.8900356666666522,2.8900356666666522,2.8900356666666522,0.0
2025-09-05 08:00:00+02:00,7.8,50.25,6.8,10.592860499999999,75.02330588674853,26.482151249999994,35.80590384615383,861.8372549583146,239.51475961538455,622.3224953429301
2025-09-05 08:45:00+02:00,6.0,58.51,0.23287671232876717,13.216253020000002,42.946482766045136,33.04063255,120.27088366666669,615.7747127674189,450.6772091666666,165.0975036007523
2025-09-05 09:00:00+02:00,8.1,59.96,0.08108108108108109,13.676775919999997,13.846811512518919,13.740539267194592,68.84908543209873,70.94829027801136,69.63628724931596,1.3120030286954005
2025-09-05 10:00:00+02:00,6.4,56.75,3.4999999999999996,12.6572735,75.4779682866395,31.643183750000002,97.7698984375,1079.343254478742,394.42474609375,684.918508384992
2025-09-05 11:00:00+02:00,10.7,51.44,0.0714285714285715,10.970806879999998,11.064842367542857,11.006070187828568,2.530905420560734,3.4097417527369887,2.8604690451268113,0.5492727076101773
2025-09-05 14:30:00+02:00,48.1,86.5,1.4,22.105933,103.14226553338433,55.2648325,54.04171933471934,114.4329844768905,14.895701663201654,99.53728281368885
2025-09-05 19:00:00+02:00,14.1,51.3,0.0072992700729927005,10.926342599999998,10.926342599999998,10.926342599999998,22.50820851063831,22.50820851063831,22.50820851063831,0.0
2025-09-08 01:50:00+02:00,10.6,38.43,1.2000000000000002,6.838804860000001,30.664344017901527,6.838804860000001,35.482973018867916,189.2862643198257,35.482973018867916,153.8032913009578
2025-09-08 08:00:00+02:00,9.2,63.71,0.06369426751592357,14.867783419999997,14.949224781408914,14.898323930528344,61.606341521739104,62.49157371096646,61.9383035926994,0.553270118267065
2025-09-08 12:00:00+02:00,3.3,50.39,0.07662337662337669,10.637324779999998,10.750605381553244,10.679805005582468,222.3431751515151,225.77592065312865,223.63045471462027,2.14546593850838
2025-09-09 08:45:00+02:00,16.8,53.81,0.38888888888888884,11.72352362,41.120974719229004,29.308809049999997,30.217121309523815,144.7677066620774,74.45719672619046,70.31050993588693
2025-09-10 10:00:00+02:00,15.1,58.61,5.0,13.248013219999999,86.77322407949586,33.120033049999996,12.264813112582788,474.6571131092441,119.33796721854301,355.31914589070107
2025-09-11 14:30:00+02:00,59.2,81.7,0.11914893617021277,20.581443400000005,62.52510383195389,20.79492113739362,65.2340483108108,5.616729445868056,64.87344402467295,-59.256714578804896
2025-09-11 20:00:00+02:00,6.5,50.1,0.2084063047285464,10.545220200000001,33.806356682008534,26.3630505,62.234156923076945,420.0977951078236,305.5853923076923,114.51240280013127
2025-10-01 16:00:00+02:00,1050.7,70.95,0.002040816326530641,17.167221899999998,17.167221899999998,17.167221899999998,98.36611574188636,98.36611574188636,98.36611574188636,0.0
2025-10-02 11:00:00+02:00,5.0,56.9,0.016129032258064457,12.7049138,12.7049138,12.7049138,154.098276,154.098276,154.098276,0.0
