time_group,num_events,max_score,max_surprise,phase1_pips,phase1_direction,pullback_pips,impact_net_pips,pullback_ratio
2025-03-19 21:00:00,4,0.0,44852.47524752475,3.0999999999981043,1,1.0999999999983245,1.9999999999997797,0.35483870967709585
2023-08-09 16:30:00,9,0.0,33162.5,5.20000000000076,1,2.6999999999999247,2.500000000000835,0.5192307692306789
2024-03-20 15:30:00,9,0.0,15115.384615384615,1.2999999999996348,-1,1.80000000000069,-0.5000000000010552,1.3846153846163043
2024-08-21 16:30:00,9,0.0,8380.0,7.399999999999629,-1,15.95000000000013,-8.550000000000502,2.155405405405531
2023-03-29 20:30:00,9,0.0,8240.217391304346,5.9000000000009045,1,0.5999999999994898,5.300000000001415,0.10169491525413522
2024-09-25 16:30:00,9,0.0,7590.000000000001,6.319999999999659,-1,3.1200000000009,3.1999999999987594,0.49367088607611836
2025-01-02 17:00:00,11,25.199964392161,6505.999999999999,35.400000000000986,-1,14.600000000000168,20.800000000000818,0.4124293785310667
2024-07-02 22:30:00,1,0.0,6008.666666666667,2.1999999999988695,-1,0.0,2.1999999999988695,0.0
2024-01-04 17:00:00,9,0.0,5169.767441860466,5.800000000000249,1,4.100000000000215,1.7000000000000348,0.7068965517241446
2025-04-24 14:30:00,13,37.427795215361485,5100.0,6.899999999998574,1,13.300000000000534,-6.40000000000196,1.9275362318845337
2024-11-15 14:30:00,6,35.00725344868514,4557.142857142857,28.369999999999784,-1,0.8900000000000574,27.479999999999727,0.031371166725416434
2023-10-03 22:30:00,1,0.0,4476.08695652174,3.7999999999982492,-1,1.1999999999989797,2.5999999999992696,0.3157894736840875
2022-09-28 20:30:00,9,0.0,4091.3043478260865,8.00000000000023,1,0.0999999999995449,7.900000000000684,0.012499999999942755
2023-10-04 16:30:00,10,0.0,3925.4658385093167,9.599999999998499,1,5.599999999998939,3.9999999999995595,0.583333333333314
2024-08-27 16:30:00,4,0.0,3750.0,3.649999999999487,-1,1.0500000000002174,2.5999999999992696,0.28767123287681234
2023-03-29 02:30:00,1,0.0,3349.1978609625667,3.8999999999989043,1,0.700000000000145,3.1999999999987594,0.17948717948726708
2025-05-14 16:30:00,11,25.199964392161,3254.9999999999995,6.900000000000794,-1,6.099999999999994,0.8000000000008001,0.8840579710143901
2023-02-15 03:30:00,1,0.0,3173.208722741433,4.500000000000615,-1,0.9999999999998899,3.5000000000007248,0.2222222222221674
2022-09-14 02:30:00,1,0.0,3117.5,8.00000000000023,-1,9.500000000000064,-1.4999999999998348,1.187499999999974
2023-02-08 21:30:00,9,0.0,2922.680412371134,3.1000000000003247,-1,3.900000000001125,-0.8000000000008001,1.2580645161292634
2024-10-18 14:30:00,4,17.50579112239943,2799.9999999999995,8.259999999999934,1,2.4399999999991095,5.8200000000008245,0.29539951573839335
2025-03-19 15:30:00,9,0.0,2711.9999999999995,4.300000000001525,-1,9.599999999998499,-5.299999999996974,2.232558139533743
2025-03-17 13:30:00,10,35.00725344868514,2566.666666666667,13.300000000000534,-1,14.099999999999113,-0.7999999999985796,1.0601503759397404
2022-11-02 01:30:00,1,0.0,2545.692883895131,6.399999999999739,1,2.1999999999999797,4.1999999999997595,0.3437500000000108
2024-11-26 22:30:00,1,0.0,2474.0,0.9999999999998899,1,0.5499999999991623,0.4500000000007276,0.5499999999992229
2024-09-11 16:30:00,9,0.0,2411.0,4.3999999999999595,-1,9.650000000001047,-5.250000000001087,2.1931818181820764
2024-02-07 16:30:00,9,0.0,2346.428571428571,5.299999999999194,1,23.199999999998777,-17.899999999999583,4.377358490566473
2024-07-25 14:30:00,30,33.282053649144096,2300.0,6.599999999998829,-1,11.799999999999589,-5.20000000000076,1.7878787878790428
2025-09-10 16:30:00,11,25.199964392161,2257.4999999999995,6.00000000000156,1,1.5999999999993797,4.40000000000218,0.26666666666649397
2025-04-23 16:30:00,11,25.199964392161,2253.0,6.900000000000794,-1,0.2999999999997449,6.6000000000010495,0.04347826086952324
2023-09-13 16:30:00,9,0.0,2245.9915611814345,7.0000000000014495,1,3.300000000001635,3.6999999999998145,0.47142857142870737
2022-10-26 02:30:00,1,0.0,2159.9999999999995,4.100000000000215,-1,3.6000000000002697,0.49999999999994493,0.8780487804878246
2024-03-19 21:30:00,1,0.0,2072.7272727272725,2.4000000000001798,-1,0.9999999999998899,1.40000000000029,0.4166666666665896
2024-09-17 22:30:00,1,0.0,2060.0,1.9499999999994522,-1,0.20000000000131024,1.749999999998142,0.10256410256480329
2023-10-12 17:00:00,10,0.0,1968.2926829268297,5.999999999999339,-1,2.80000000000058,3.1999999999987594,0.4666666666668147
2023-07-12 16:30:00,3,0.0,1937.7862595419845,14.900000000002134,1,4.3999999999999595,10.500000000002174,0.2953020134227738
2025-04-09 16:30:00,11,25.199964392161,1872.0,13.700000000000934,-1,6.6000000000010495,7.099999999999884,0.481751824817562
2023-08-08 22:30:00,1,0.0,1845.4935622317596,3.6999999999998145,1,4.999999999999449,-1.2999999999996348,1.3513513513512703
2023-09-21 14:30:00,13,26.84356289399415,1828.571428571429,8.699999999999264,1,7.399999999999629,1.2999999999996348,0.8505747126437075
2023-02-23 22:00:00,11,0.0,1818.5185185185187,3.20000000000098,-1,1.4999999999987246,1.7000000000022553,0.4687499999994579
2023-08-15 14:30:00,22,35.00725344868514,1800.0,24.299999999999322,1,6.699999999999484,17.599999999999838,0.27572016460904
2022-12-20 22:30:00,1,0.0,1737.7245508982035,1.2000000000012,1,2.20000000000109,-0.9999999999998899,1.8333333333324082
2025-01-30 16:00:00,6,0.0,1733.3333333333335,8.299999999998864,1,3.8999999999989043,4.3999999999999595,0.46987951807222145
2023-05-24 16:30:00,4,0.0,1707.2258064516127,6.500000000000394,1,10.000000000001119,-3.5000000000007248,1.5384615384616174
2025-07-22 16:00:00,3,22.95123044865877,1700.0,9.500000000000064,-1,8.60000000000083,0.8999999999992347,0.905263157894818
2025-07-17 14:30:00,26,28.822567457072772,1689.9999999999998,18.850000000001366,1,4.699999999999704,14.150000000001661,0.24933687002649146
2023-01-19 22:00:00,8,0.0,1689.3442622950818,4.500000000000615,-1,3.6999999999998145,0.8000000000008001,0.8222222222220688
2023-06-14 16:30:00,6,0.0,1652.7450980392157,5.699999999999594,1,0.10000000000065512,5.599999999998939,0.01754385964923899
2023-08-01 22:30:00,1,0.0,1611.111111111111,0.6999999999979245,1,0.9999999999998899,-0.30000000000196536,1.428571428575507
2025-06-26 14:30:00,34,39.92706987049297,1599.9999999999998,9.300000000000974,-1,16.100000000001113,-6.800000000000139,1.731182795698863
2024-05-30 17:00:00,9,0.0,1596.0,2.60000000000149,-1,5.300000000001415,-2.6999999999999247,2.0384615384609144
2025-06-17 22:30:00,1,0.0,1588.8333333333333,6.500000000000394,-1,5.699999999999594,0.8000000000008001,0.8769230769229613
2024-11-27 16:30:00,11,25.199964392161,1556.9999999999998,16.690000000001426,1,11.060000000000514,5.630000000000912,0.6626722588376015
2024-09-18 16:30:00,9,0.0,1529.9999999999998,6.450000000000067,-1,8.150000000000102,-1.7000000000000348,1.263565891472871
2025-01-07 22:30:00,1,0.0,1508.8000000000002,1.6999999999978144,-1,1.1999999999989797,0.4999999999988347,0.7058823529414838
2024-03-12 21:30:00,1,0.0,1480.25,1.6000000000016001,1,1.100000000000545,0.5000000000010552,0.687499999999653
2024-08-29 16:00:00,3,0.0,1475.0,10.350000000001192,-1,11.94999999999835,-1.5999999999971593,1.1545893719803841
2024-11-19 14:30:00,8,20.194095692770293,1449.9999999999998,15.899999999999803,1,18.599999999999728,-2.6999999999999247,1.1698113207547143
2023-11-29 16:30:00,9,0.0,1424.1116751269035,3.4000000000000696,-1,12.600000000000389,-9.200000000000319,3.705882352941215
2023-09-20 16:30:00,9,0.0,1421.1981566820277,4.999999999999449,1,5.1000000000001044,-0.10000000000065512,1.0200000000001332
2025-04-17 14:30:00,15,26.84356289399415,1420.0,9.799999999999809,1,9.500000000000064,0.2999999999997449,0.9693877551020662
2023-07-12 02:30:00,1,0.0,1412.9999999999998,4.100000000000215,-1,4.60000000000127,-0.5000000000010552,1.1219512195124461
2023-10-18 16:30:00,9,0.0,1397.0,9.799999999999809,-1,4.699999999999704,5.1000000000001044,0.4795918367346731
2023-05-23 22:30:00,1,0.0,1395.047619047619,0.700000000000145,-1,1.4999999999987246,-0.7999999999985796,2.142857142854877
2025-07-30 16:30:00,12,25.199964392161,1311.6666666666665,4.199999999998649,-1,4.799999999998139,-0.5999999999994898,1.1428571428570673
2025-08-19 14:30:00,8,20.194095692770293,1299.9999999999998,3.1000000000003247,-1,2.2999999999995246,0.8000000000008001,0.7419354838707367
2023-02-15 21:30:00,9,0.0,1296.4837049742712,2.5999999999992696,-1,7.999999999999119,-5.399999999999849,3.0769230769236025
2023-06-22 21:00:00,8,0.0,1264.437689969605,1.2999999999996348,1,4.999999999999449,-3.6999999999998145,3.846153846154503
2024-07-03 16:30:00,9,0.0,1250.7777777777778,6.499999999998174,1,9.799999999999809,-3.300000000001635,1.5076923076927018
2024-08-22 14:30:00,5,26.84356289399415,1233.3333333333335,8.749999999999591,1,3.1500000000006523,5.599999999998939,0.36000000000009136
2024-10-02 16:30:00,10,0.0,1219.0,3.649999999999487,-1,3.5500000000010523,0.09999999999843467,0.9726027397264524
2024-05-30 16:00:00,3,0.0,1183.3333333333335,9.499999999997844,1,1.2999999999996348,8.199999999998209,0.13684210526315052
2023-07-24 18:30:00,2,21.813098409516527,1166.6666666666665,2.6999999999999247,-1,3.60000000000138,-0.9000000000014552,1.3333333333338815
2023-08-02 16:30:00,9,0.0,1147.183613752743,8.299999999998864,1,1.100000000000545,7.199999999998319,0.13253012048201152
2022-09-28 02:30:00,1,0.0,1146.246246246246,20.39999999999931,-1,0.3999999999992898,20.00000000000002,0.019607843137220752
2023-03-08 03:30:00,1,0.0,1145.1298701298701,1.9999999999997797,-1,6.200000000000649,-4.20000000000087,3.1000000000006662
2023-04-27 20:00:00,3,0.0,1140.0,2.000000000002,-1,6.500000000000394,-4.499999999998394,3.249999999996947
2023-07-12 20:30:00,6,0.0,1131.055900621118,6.6000000000010495,1,2.500000000000835,4.100000000000215,0.37878787878794506
2022-11-16 21:30:00,9,0.0,1127.2727272727273,5.999999999999339,1,8.799999999999919,-2.80000000000058,1.4666666666668147
2025-06-25 16:30:00,11,25.199964392161,1116.5,7.500000000000284,1,0.1999999999990898,7.300000000001194,0.026666666666544294
2025-08-21 16:00:00,5,19.677570075850348,1100.0,10.699999999999044,1,6.500000000000394,4.199999999998649,0.6074766355141098
2024-12-17 15:15:00,7,20.23593490359507,1100.0,7.999999999999119,-1,2.8999999999990145,5.1000000000001044,0.3624999999999167
2024-04-30 15:00:00,6,0.0,1099.9999999999998,15.899999999999803,1,11.299999999998533,4.60000000000127,0.7106918238992876
2025-08-15 14:30:00,6,35.00725344868514,1090.0,11.599999999998278,1,1.6000000000016001,9.999999999996678,0.13793103448291705
2025-07-15 22:30:00,1,0.0,1055.0,2.2999999999995246,-1,0.5999999999994898,1.7000000000000348,0.26086956521722343
2024-04-25 16:00:00,5,0.0,1033.3333333333335,8.900000000000574,1,7.399999999999629,1.500000000000945,0.831460674157208
2022-12-15 19:30:00,7,35.00725344868514,1019.9999999999999,12.299999999998423,1,6.800000000000139,5.499999999998284,0.5528455284553667
2023-02-01 21:30:00,2,0.0,1001.063829787234,3.300000000001635,1,9.80000000000203,-6.500000000000394,2.9696969696961135
2025-08-25 16:30:00,1,0.0,1000.0,4.3999999999999595,-1,9.900000000000464,-5.5000000000005045,2.250000000000126
2025-01-16 14:30:00,23,28.822567457072772,986.0,9.900000000000464,1,1.80000000000069,8.099999999999774,0.181818181818243
2024-08-23 16:00:00,4,16.70601113074671,960.0,1.9999999999997797,1,2.6999999999999247,-0.700000000000145,1.3500000000001111
2023-09-27 16:30:00,9,0.0,955.8333333333331,4.699999999999704,-1,1.100000000000545,3.5999999999991594,0.23404255319162004
2024-12-30 16:30:00,1,0.0,949.9999999999998,9.099999999999664,-1,2.80000000000058,6.299999999999084,0.30769230769238276
2022-11-02 19:30:00,9,0.0,948.7738419618529,32.69999999999995,-1,33.800000000000495,-1.1000000000005414,1.0336391437309034
2023-01-11 21:30:00,7,0.0,945.3856442264824,1.6000000000016001,-1,2.8999999999990145,-1.2999999999974143,1.8124999999975715
2024-04-18 14:30:00,10,26.84356289399415,933.3333333333334,6.6000000000010495,-1,1.40000000000029,5.20000000000076,0.2121212121212223
2024-02-15 14:30:00,21,35.00725344868514,900.0,9.399999999999409,1,6.900000000000794,2.4999999999986144,0.73404255319162
2023-05-16 15:15:00,4,20.23593490359507,900.0,6.200000000000649,-1,11.699999999998933,-5.499999999998284,1.8870967741931788
2024-08-16 14:30:00,7,21.86968729843206,900.0,6.500000000000394,-1,7.599999999998719,-1.0999999999983245,1.1692307692305013
2025-05-22 17:00:00,3,10.057236304170075,900.0,11.399999999999189,-1,21.099999999998342,-9.699999999999154,1.8508771929824426
2023-10-11 22:30:00,1,0.0,895.3846153846152,2.4000000000001798,-1,0.8000000000008001,1.5999999999993797,0.33333333333364173
2024-06-20 14:30:00,15,26.84356289399415,885.7142857142858,8.60000000000083,-1,1.1999999999989797,7.4000000000018495,0.13953488372079814
2024-07-10 16:30:00,9,0.0,876.8000000000001,3.8999999999989043,-1,1.1999999999989797,2.6999999999999247,0.3076923076921325
2025-04-29 22:30:00,1,0.0,864.1025641025641,2.9999999999996696,-1,0.2999999999997449,2.6999999999999247,0.09999999999992598
2023-04-24 18:30:00,4,21.813098409516527,850.0,1.40000000000029,1,1.1999999999989797,0.20000000000131024,0.8571428571419508
2024-08-07 16:30:00,10,0.0,832.0,8.500000000000174,1,0.8999999999992347,7.600000000000939,0.10588235294108428
2023-12-15 14:30:00,5,35.00725344868514,825.0,37.400000000000766,-1,10.300000000000864,27.099999999999902,0.27540106951873405
2023-04-05 20:30:00,9,0.0,817.1717171717171,4.799999999998139,-1,9.999999999998899,-5.20000000000076,2.0833333333339117
2023-06-15 14:30:00,19,35.00725344868514,807.1428571428573,22.499999999998632,1,16.299999999997983,6.200000000000649,0.7244444444443988
2023-04-27 21:00:00,2,0.0,800.0,3.60000000000138,1,1.80000000000069,1.80000000000069,0.5
2023-05-26 14:30:00,20,27.83346081818901,799.9999999999999,14.000000000000679,-1,10.700000000001264,3.2999999999994145,0.7642857142857675
2025-04-30 16:30:00,12,25.199964392161,791.2820512820513,8.399999999999519,-1,13.600000000000279,-5.20000000000076,1.619047619047745
2024-07-17 16:30:00,9,0.0,790.8000000000001,3.20000000000098,-1,2.1999999999988695,1.0000000000021103,0.6874999999994362
2023-09-28 16:00:00,3,0.0,787.4999999999999,4.299999999999304,1,6.399999999999739,-2.100000000000435,1.4883720930234359
2024-01-16 14:30:00,7,35.00725344868514,774.0,11.999999999998678,1,24.699999999999722,-12.700000000001044,2.058333333333537
2023-04-25 20:00:00,7,20.88399757339171,772.7272727272726,2.9999999999996696,1,0.5000000000010552,2.4999999999986144,0.16666666666703675
2025-03-27 13:30:00,25,39.92706987049297,755.5555555555557,5.999999999999339,1,10.399999999999299,-4.3999999999999595,1.7333333333334073
2025-04-22 16:00:00,8,22.95123044865877,750.0,8.199999999998209,-1,5.299999999999194,2.8999999999990145,0.6463414634146771
2023-05-15 18:30:00,1,35.00725344868514,748.0,3.2999999999994145,1,7.399999999999629,-4.100000000000215,2.2424242424245278
2023-04-27 18:30:00,11,33.15485453538364,740.0,1.5999999999993797,-1,5.399999999999849,-3.8000000000004697,3.375000000001214
2023-01-31 22:30:00,1,0.0,733.0,3.2999999999994145,-1,0.700000000000145,2.5999999999992696,0.21212121212129367
2023-01-11 03:30:00,1,0.0,725.8947368421053,4.599999999999049,-1,4.8000000000003595,-0.20000000000131024,1.043478260869859
2025-10-01 16:30:00,12,25.199964392161,725.0,1043.6000000000001,1,1045.0999999999988,-1.4999999999986358,1.0014373323112291
2024-09-04 22:30:00,1,0.0,722.2222222222223,3.4000000000000696,1,0.9999999999998899,2.4000000000001798,0.2941176470587851
2023-02-27 21:00:00,3,0.0,710.0,1.900000000001345,-1,1.40000000000029,0.5000000000010552,0.7368421052627888
2023-02-23 03:30:00,1,0.0,702.5141930251418,4.100000000000215,1,4.900000000001015,-0.8000000000008001,1.195121951219697
2025-06-26 16:00:00,3,0.0,700.0000000000001,7.300000000001194,1,5.399999999999849,1.900000000001345,0.7397260273971186
2025-03-20 15:00:00,4,19.677570075850348,700.0000000000001,10.200000000000209,1,12.600000000000389,-2.4000000000001798,1.2352941176470715
2023-02-27 19:30:00,8,23.879877944240754,700.0,6.800000000000139,-1,9.099999999999664,-2.2999999999995246,1.3382352941175701
2025-06-06 14:30:00,18,67.6438161052937,700.0,30.300000000000882,1,29.800000000002047,0.4999999999988347,0.9834983498350225
2023-06-27 14:30:00,11,23.879877944240754,699.9999999999999,21.999999999999797,1,8.799999999999919,13.199999999999878,0.4
2025-01-28 14:30:00,9,23.879877944240754,699.9999999999999,4.100000000000215,-1,4.20000000000087,-0.10000000000065512,1.0243902439025976
2024-06-27 14:30:00,33,33.282053649144096,699.9999999999999,16.099999999998893,1,0.3999999999981796,15.700000000000713,0.02484472049678305
2025-02-26 14:30:00,4,33.85118560915781,699.9999999999999,6.800000000000139,-1,0.9000000000014552,5.899999999998684,0.13235294117668187
2023-09-29 14:30:00,20,30.886023743354997,699.9999999999999,16.700000000000603,-1,10.300000000000864,6.399999999999739,0.6167664670658978
2022-11-23 21:30:00,9,0.0,698.4334203655352,3.0999999999981043,-1,6.699999999999484,-3.60000000000138,2.1612903225818005
2022-12-29 17:00:00,6,0.0,697.1153846153845,6.699999999999484,1,4.799999999998139,1.900000000001345,0.7164179104475386
2024-01-18 17:00:00,10,0.0,696.1661341853035,12.199999999999989,1,5.1000000000001044,7.099999999999884,0.41803278688525486
2024-03-13 15:30:00,9,0.0,692.0000000000001,6.300000000001305,1,1.40000000000029,4.900000000001015,0.2222222222222222
2025-01-17 14:30:00,2,17.50579112239943,690.0,7.500000000000284,1,8.699999999999264,-1.1999999999989797,1.1599999999998578
2025-03-18 13:30:00,13,28.822567457072772,689.4736842105264,17.700000000000493,-1,18.899999999999473,-1.1999999999989797,1.067796610169432
2024-10-23 16:30:00,11,13.459763141930209,682.0,8.379999999998944,-1,1.5499999999990521,6.829999999999892,0.18496420047723716
2025-02-18 14:30:00,6,35.00725344868514,670.0,2.2999999999995246,1,6.800000000000139,-4.500000000000615,2.9565217391311065
2024-01-31 16:30:00,10,0.0,668.6635944700461,7.100000000002105,-1,9.300000000000974,-2.1999999999988695,1.3098591549293264
2024-07-09 22:30:00,1,0.0,660.0,2.9999999999996696,-1,1.9999999999997797,0.9999999999998899,0.6666666666666666
2023-05-25 18:30:00,9,33.282053649144096,655.5555555555554,3.4000000000000696,-1,0.8999999999992347,2.500000000000835,0.2647058823527107
2023-11-22 16:30:00,9,0.0,650.0862068965519,6.800000000000139,-1,9.200000000000319,-2.4000000000001798,1.3529411764706074
2024-12-24 16:00:00,3,22.95123044865877,650.0,3.4000000000000696,-1,7.999999999999119,-4.599999999999049,2.352941176470281
2023-05-17 20:30:00,6,0.0,647.8260869565216,4.100000000000215,-1,1.3000000000018552,2.7999999999983594,0.3170731707321432
2024-12-19 14:30:00,24,39.92706987049297,646.6666666666666,11.699999999998933,1,14.399999999998858,-2.6999999999999247,1.2307692307692453
2025-01-24 16:00:00,8,30.075435866325535,633.3333333333334,13.999999999998458,1,5.699999999999594,8.299999999998864,0.407142857142873
2024-07-24 16:30:00,10,0.0,619.433962264151,9.700000000001374,-1,0.1999999999990898,9.500000000002284,0.02061855670093417
2025-06-24 22:30:00,1,0.0,612.8333333333334,3.4000000000000696,-1,3.20000000000098,0.1999999999990898,0.9411764705885042
2025-01-23 18:00:00,16,25.199964392161,611.6666666666667,3.900000000001125,1,5.00000000000167,-1.100000000000545,1.2820512820513403
2022-09-14 20:30:00,9,0.0,603.1666666666667,2.5999999999992696,1,10.599999999999499,-8.00000000000023,4.07692307692403
2022-10-18 22:00:00,3,0.0,601.7730496453902,2.4000000000001798,1,2.100000000000435,0.2999999999997449,0.8750000000001157
2024-06-25 16:00:00,4,20.88399757339171,600.0,9.200000000000319,-1,1.80000000000069,7.399999999999629,0.19565217391311168
2023-11-28 16:00:00,5,20.88399757339171,600.0,8.500000000000174,1,8.199999999998209,0.30000000000196536,0.9647058823527107
2024-09-13 14:30:00,8,28.822567457072772,599.9999999999999,4.450000000000287,-1,12.799999999999478,-8.349999999999191,2.8764044943817195
2025-02-28 14:30:00,16,30.886023743354997,599.9999999999999,4.3999999999999595,-1,1.1999999999989797,3.20000000000098,0.27272727272704334
2025-05-29 16:00:00,4,0.0,599.9999999999999,6.599999999998829,-1,0.5000000000010552,6.099999999997774,0.07575757575774907
2023-04-25 19:00:00,6,0.0,599.9999999999999,4.3999999999999595,1,4.900000000001015,-0.5000000000010552,1.1136363636366045
2024-03-26 13:30:00,8,23.879877944240754,599.9999999999999,2.9999999999996696,1,1.5999999999993797,1.40000000000029,0.5333333333331853
2023-11-15 14:30:00,15,35.00725344868514,599.9999999999999,34.49999999999953,-1,15.400000000000968,19.099999999998563,0.44637681159423703
2023-01-18 15:15:00,7,20.23593490359507,599.9999999999999,5.700000000001815,-1,12.799999999999478,-7.099999999997664,2.2456140350869127
2024-12-23 15:30:00,8,23.879877944240754,599.9999999999999,3.900000000001125,-1,1.7000000000000348,2.20000000000109,0.4358974358973191
2024-10-17 14:30:00,12,28.542650278268667,599.9999999999999,31.11000000000086,-1,7.330000000000947,23.779999999999912,0.23561555769851317
2024-02-29 16:00:00,3,0.0,590.0,5.5000000000005045,-1,7.399999999999629,-1.8999999999991246,1.3454545454543545
2025-08-26 16:30:00,3,9.078303333571974,580.0,2.900000000001235,1,7.099999999999884,-4.199999999998649,2.448275862067883
2023-06-28 20:30:00,4,0.0,578.5714285714286,1.0999999999983245,-1,1.1999999999989797,-0.10000000000065512,1.090909090909825
2024-10-30 15:00:00,5,0.0,572.7272727272727,9.590000000001542,1,5.090000000000927,4.500000000000615,0.5307612095933377
2023-06-14 20:30:00,4,0.0,567.0886075949367,20.999999999999908,1,3.20000000000098,17.799999999998928,0.15238095238099972
2025-05-29 18:00:00,15,25.199964392161,565.8333333333334,10.399999999999299,1,7.500000000000284,2.8999999999990145,0.7211538461539221
2023-12-13 16:30:00,9,0.0,555.2307692307693,4.100000000000215,1,0.8999999999992347,3.20000000000098,0.21951219512175307
2024-10-30 15:30:00,9,0.0,551.1666666666666,6.990000000000052,1,8.019999999999694,-1.0299999999996423,1.1473533619455845
2022-09-27 18:30:00,4,23.879877944240754,550.0,7.599999999999829,-1,3.6999999999998145,3.9000000000000146,0.4868421052631444
2025-07-02 16:30:00,11,25.199964392161,545.531914893617,4.500000000000615,-1,7.800000000000029,-3.2999999999994145,1.7333333333331031
2024-11-14 17:00:00,10,0.0,540.7,5.950000000001232,-1,9.250000000000647,-3.2999999999994145,1.5546218487392824
2023-01-19 03:30:00,1,0.0,535.1428571428571,4.699999999999704,1,0.6000000000017103,4.099999999997994,0.12765957446845702
2025-07-29 16:30:00,2,0.0,530.0,11.899999999998023,1,22.099999999998232,-10.200000000000209,1.857142857143017
2023-03-08 21:30:00,9,0.0,528.8607594936709,6.099999999999994,1,3.6999999999998145,2.4000000000001798,0.6065573770491505
2023-05-31 22:30:00,1,0.0,526.3934426229508,3.1000000000003247,-1,1.9999999999997797,1.100000000000545,0.645161290322442
2024-09-05 17:00:00,12,0.0,524.8181818181818,7.800000000000029,1,4.599999999999049,3.20000000000098,0.5897435897434656
2025-05-28 22:30:00,1,0.0,523.6,3.8999999999989043,-1,2.6999999999999247,1.1999999999989797,0.6923076923078675
2024-03-06 16:30:00,10,0.0,521.203007518797,10.499999999999954,1,6.200000000000649,4.299999999999304,0.5904761904762549
2025-01-15 14:30:00,16,46.131002713643156,520.0,14.799999999999258,-1,16.899999999999693,-2.100000000000435,1.1418918918919283
2024-10-04 14:30:00,13,67.6438161052937,520.0,63.96999999999986,-1,6.239999999999579,57.730000000000274,0.09754572455838038
2023-11-21 22:30:00,1,0.0,516.7007498295842,1.2000000000012,1,3.8000000000004697,-2.5999999999992696,3.166666666663891
2025-04-30 16:00:00,14,25.206393585313748,509.99999999999994,14.199999999999768,-1,14.399999999998858,-0.1999999999990898,1.0140845070421896
2024-01-24 16:30:00,10,0.0,507.1839080459771,7.200000000000539,-1,5.60000000000116,1.5999999999993797,0.7777777777778806
2025-01-08 16:30:00,11,25.199964392161,507.09999999999997,3.9999999999995595,-1,3.20000000000098,0.7999999999985796,0.8000000000003331
2023-10-04 16:00:00,9,32.4907400778474,500.0,14.099999999999113,-1,3.1000000000003247,10.999999999998789,0.21985815602840564
2025-08-14 14:30:00,13,26.84356289399415,500.0,24.699999999999722,1,20.599999999999508,4.100000000000215,0.8340080971659813
2022-12-15 14:30:00,7,28.542650278268667,500.0,13.600000000000279,1,18.399999999998418,-4.799999999998139,1.3529411764704442
2023-06-01 16:00:00,7,100.0,500.0,12.399999999999078,-1,1.2999999999996348,11.099999999999444,0.1048387096773977
2024-10-25 14:30:00,13,23.879877944240754,500.0,12.950000000000461,1,0.7299999999998974,12.220000000000564,0.05637065637064644
2025-08-01 16:00:00,12,100.0,500.0,26.89999999999859,-1,7.699999999999374,19.199999999999218,0.286245353159843
2024-09-26 17:00:00,2,0.0,500.0,4.1599999999997195,1,6.260000000000154,-2.100000000000435,1.5048076923078308
2023-10-26 14:30:00,24,33.15485453538364,500.0,11.099999999999444,1,2.300000000001745,8.799999999997699,0.20720720720737482
2023-02-17 19:30:00,13,33.85118560915781,500.0,3.8999999999989043,-1,2.1999999999988695,1.7000000000000348,0.5641025641024328
2024-06-14 14:30:00,9,28.822567457072772,500.0,7.099999999999884,-1,11.600000000000499,-4.500000000000615,1.6338028169015053
2023-09-01 14:30:00,17,67.6438161052937,500.0,16.099999999998893,1,16.300000000000203,-0.20000000000131024,1.0124223602485294
2025-06-24 15:00:00,14,33.332893730382715,500.0,12.600000000000389,-1,6.999999999999229,5.60000000000116,0.5555555555554772
2023-04-14 18:30:00,14,28.822567457072772,500.0,5.20000000000076,-1,3.60000000000138,1.5999999999993797,0.6923076923078565
2024-09-10 22:30:00,1,0.0,498.57142857142867,1.5499999999990521,-1,2.500000000000835,-0.9500000000017828,1.6129032258079765
2024-04-24 16:30:00,10,0.0,497.99999999999994,8.199999999998209,-1,2.2999999999995246,5.899999999998684,0.2804878048780521
2024-12-18 16:30:00,12,25.199964392161,497.50000000000006,3.0999999999981043,1,16.599999999999948,-13.500000000001844,5.354838709680677
2024-11-19 22:30:00,1,0.0,494.125,0.8900000000000574,-1,0.10999999999983245,0.780000000000225,0.1235955056177813
2025-04-04 14:30:00,16,61.492477137506555,480.0,44.500000000000654,-1,12.099999999999334,32.40000000000132,0.2719101123595316
2025-08-13 16:30:00,11,25.199964392161,479.62499999999994,4.3999999999999595,-1,1.2000000000012,3.1999999999987594,0.272727272727548
2025-07-16 16:30:00,11,25.199964392161,477.66666666666674,5.300000000001415,-1,30.49999999999997,-25.199999999998557,5.754716981130534
2023-10-25 16:30:00,11,0.0,473.64016736401686,9.399999999999409,1,1.5999999999993797,7.800000000000029,0.17021276595739152
2024-10-09 16:30:00,10,0.0,473.0909090909091,7.5099999999994616,-1,0.05000000000032756,7.459999999999134,0.006657789613892296
2022-10-13 21:00:00,6,0.0,464.5714285714286,6.599999999999939,1,12.400000000000189,-5.800000000000249,1.8787878787879246
2022-09-21 20:30:00,9,0.0,464.0371229698376,57.09999999999993,1,0.40000000000040004,56.699999999999534,0.007005253940462356
2024-10-08 22:30:00,1,0.0,458.974358974359,1.1600000000000499,1,1.2999999999996348,-0.1399999999995849,1.1206896551720507
2025-04-30 14:30:00,13,39.92706987049297,457.1428571428572,13.300000000000534,1,9.900000000000464,3.4000000000000696,0.7443609022556441
2022-09-15 18:30:00,15,35.00725344868514,453.57142857142856,6.599999999999939,1,2.4999999999986144,4.100000000001325,0.37878787878767234
2025-07-09 16:30:00,12,25.199964392161,453.5,3.2999999999994145,-1,0.9000000000014552,2.3999999999979593,0.2727272727277621
2024-01-26 16:00:00,3,0.0,453.3333333333334,7.600000000000939,-1,4.899999999998794,2.700000000002145,0.6447368421050248
2023-07-06 17:00:00,9,0.0,453.0405405405405,3.1999999999987594,-1,4.8000000000003595,-1.6000000000016001,1.500000000000694
2025-08-26 14:30:00,11,33.85118560915781,450.0,8.300000000001084,-1,0.700000000000145,7.600000000000939,0.08433734939759681
2025-03-25 15:00:00,7,22.95123044865877,450.0,14.799999999999258,-1,0.7999999999985796,14.000000000000679,0.05405405405396079
2025-07-25 14:30:00,9,37.427795215361485,449.9999999999999,7.699999999999374,-1,4.999999999999449,2.6999999999999247,0.6493506493506306
2023-06-28 16:30:00,5,0.0,446.55663062037564,4.20000000000087,-1,13.199999999999878,-8.999999999999009,3.1428571428564633
2023-06-29 16:00:00,6,0.0,440.00000000000006,15.300000000000313,1,0.2999999999997449,15.000000000000568,0.01960784313723783
2025-09-04 18:00:00,16,25.199964392161,436.2,11.700000000001154,-1,2.60000000000149,9.099999999999664,0.22222222222232765
2025-05-02 14:30:00,12,67.6438161052937,433.3333333333333,25.599999999998957,1,14.799999999999258,10.799999999999699,0.5781249999999946
2023-12-06 16:30:00,9,0.0,427.84810126582283,9.500000000000064,1,7.200000000000539,2.2999999999995246,0.7578947368421569
2024-10-16 14:30:00,10,28.822567457072772,425.0,6.980000000000874,-1,0.049999999998107114,6.930000000002767,0.007163323781962872
2023-06-01 21:00:00,6,0.0,423.8095238095239,1.7999999999984695,-1,0.40000000000040004,1.3999999999980695,0.2222222222226334
2023-05-10 20:30:00,7,0.0,421.81025081788437,4.499999999998394,1,2.4000000000001798,2.0999999999982144,0.5333333333335636
2025-08-20 16:30:00,12,25.199964392161,420.6666666666667,5.20000000000076,1,4.3999999999999595,0.8000000000008001,0.8461538461537148
2023-01-13 14:30:00,5,28.822567457072772,420.0,13.600000000000279,-1,11.300000000000754,2.2999999999995246,0.8308823529412149
2024-04-03 16:30:00,9,0.0,419.02439024390253,14.400000000001079,1,1.0999999999983245,13.300000000002754,0.07638888888876681
2024-05-01 16:30:00,9,0.0,415.8695652173913,10.200000000000209,-1,5.199999999998539,5.00000000000167,0.5098039215684738
2024-10-15 14:30:00,8,35.00725344868514,413.15789473684214,4.779999999999784,1,1.8699999999993722,2.9100000000004123,0.3912133891212252
2022-11-09 03:30:00,1,0.0,410.72727272727275,6.800000000000139,1,4.100000000000215,2.6999999999999247,0.6029411764706074
2025-04-02 16:30:00,11,25.199964392161,408.24999999999994,17.399999999998528,1,17.100000000001003,0.29999999999752447,0.982758620689796
2024-12-04 16:30:00,12,25.199964392161,407.30000000000007,9.40000000000163,-1,6.00000000000156,3.4000000000000696,0.6382978723404809
2024-09-26 14:30:00,24,33.282053649144096,400.0,20.340000000000913,-1,10.920000000000929,9.419999999999984,0.5368731563422044
2024-08-13 14:30:00,9,27.133173317859306,400.0,7.049999999999557,1,3.649999999999487,3.4000000000000696,0.5177304964538605
2025-02-25 16:00:00,5,22.95123044865877,400.0,7.599999999998719,1,2.500000000000835,5.099999999997884,0.3289473684212179
2023-04-14 19:15:00,7,20.23593490359507,400.0,5.1000000000001044,1,3.300000000001635,1.7999999999984695,0.6470588235297191
2023-12-14 14:30:00,20,28.822567457072772,400.0,15.000000000000568,1,24.999999999999467,-9.999999999998899,1.666666666666568
2024-03-29 13:30:00,18,30.886023743354997,400.0,10.000000000001119,1,3.2999999999994145,6.700000000001705,0.32999999999990454
2024-12-19 16:00:00,4,19.677570075850348,400.0,5.9000000000009045,1,3.00000000000189,2.8999999999990145,0.5084745762714288
2023-01-18 14:30:00,11,28.542650278268667,400.0,22.100000000000453,-1,15.800000000001369,6.299999999999084,0.7149321266968799
2024-02-16 14:30:00,16,27.133173317859306,400.0,9.599999999998499,-1,14.899999999999913,-5.300000000001415,1.552083333333567
2023-11-29 14:30:00,23,33.282053649144096,400.0,16.80000000000126,-1,2.9999999999996696,13.800000000001589,0.17857142857139552
2023-12-22 14:30:00,21,25.206393585313748,400.0,8.900000000000574,1,8.099999999999774,0.8000000000008001,0.9101123595504776
2025-06-17 14:30:00,15,28.822567457072772,400.0,10.900000000000354,-1,6.099999999999994,4.8000000000003595,0.5596330275229171
2023-07-27 14:00:00,16,33.282053649144096,400.0,13.099999999999223,-1,33.499999999999645,-20.40000000000042,2.557251908397071
2024-05-16 15:15:00,7,20.23593490359507,400.0,4.299999999999304,1,8.999999999999009,-4.699999999999704,2.0930232558140616
2024-07-16 14:30:00,19,28.822567457072772,400.0,9.699999999999154,-1,2.4000000000001798,7.299999999998974,0.24742268041241125
2025-06-18 16:30:00,12,25.199964392161,398.82608695652186,5.800000000000249,1,0.5000000000010552,5.299999999999194,0.08620689655190235
2024-09-16 14:30:00,3,35.00725344868514,394.8717948717949,13.050000000001116,-1,8.099999999999774,4.950000000001342,0.6206896551723434
2024-11-06 16:30:00,11,25.199964392161,394.7,6.720000000000059,-1,16.300000000000203,-9.580000000000144,2.425595238095247
2025-03-04 22:30:00,1,0.0,385.0,6.099999999999994,-1,5.800000000000249,0.2999999999997449,0.9508196721311893
2022-12-14 16:30:00,3,0.0,384.5897079276773,7.699999999999374,-1,4.3999999999999595,3.2999999999994145,0.5714285714286126
2023-05-17 02:30:00,1,0.0,383.84615384615387,2.1999999999988695,-1,3.9999999999995595,-1.80000000000069,1.8181818181825522
2024-07-18 14:30:00,10,26.84356289399415,379.3103448275862,4.500000000000615,-1,2.1999999999988695,2.300000000001745,0.4888888888885709
2025-06-04 16:30:00,13,25.199964392161,378.22222222222223,14.899999999999913,1,0.1999999999990898,14.700000000000824,0.0134228187918853
2023-01-27 16:00:00,7,24.07920765964181,377.77777777777777,10.200000000000209,1,7.899999999998464,2.300000000001745,0.7745098039214021
2024-09-19 16:00:00,5,19.677570075850348,377.77777777777777,6.299999999999084,-1,9.049999999999336,-2.7500000000002522,1.43650793650804
2023-12-28 17:00:00,10,7.912853111070081,376.4423076923077,15.800000000001369,-1,11.399999999999189,4.40000000000218,0.7215189873416583
2024-08-27 16:00:00,5,22.95123044865877,375.0,3.6999999999998145,-1,5.5000000000005045,-1.80000000000069,1.4864864864866973
2024-08-26 14:30:00,7,23.879877944240754,372.72727272727263,4.8000000000003595,-1,1.500000000000945,3.2999999999994145,0.3125000000001735
2025-05-15 14:30:00,16,35.00725344868514,372.72727272727263,6.900000000000794,1,0.10000000000065512,6.800000000000139,0.014492753623281682
2023-07-27 14:30:00,21,33.15485453538364,370.0,14.700000000000824,-1,10.399999999999299,4.300000000001525,0.7074829931971915
2024-02-14 16:30:00,9,0.0,369.453125,3.5000000000007248,-1,0.5999999999994898,2.900000000001235,0.17142857142839016
2024-12-18 14:30:00,3,20.700023738559334,369.2307692307692,5.5000000000005045,1,0.700000000000145,4.8000000000003595,0.12727272727274194
2025-07-30 16:00:00,4,0.0,366.6666666666667,5.699999999999594,1,2.80000000000058,2.8999999999990145,0.4912280701755753
2025-07-23 16:30:00,11,25.199964392161,366.4545454545455,9.799999999999809,1,2.0999999999982144,7.7000000000015945,0.21428571428553625
2024-06-27 16:00:00,4,0.0,363.99999999999994,4.20000000000087,-1,3.8999999999989043,0.30000000000196536,0.9285714285709754
2025-01-10 14:30:00,15,61.492477137506555,360.0,24.399999999999977,1,19.599999999999618,4.8000000000003595,0.8032786885245753
2024-02-02 14:30:00,12,67.6438161052937,360.0,17.700000000000493,-1,6.699999999999484,11.000000000001009,0.378531073446288
2023-04-26 18:30:00,11,27.83346081818901,357.14285714285717,1.7999999999984695,-1,6.699999999999484,-4.900000000001015,3.7222222222251005
2022-11-30 21:30:00,9,0.0,356.1276287164612,9.299999999998754,1,22.899999999999032,-13.600000000000279,2.4623655913980755
2025-07-08 22:30:00,1,0.0,353.57142857142856,2.0999999999982144,1,5.1000000000001044,-3.00000000000189,2.428571428573543
2023-07-14 18:30:00,3,28.822567457072772,349.99999999999994,2.80000000000058,1,0.4999999999988347,2.300000000001745,0.1785714285709754
2025-06-03 16:00:00,17,26.55913179216532,349.99999999999994,14.400000000001079,-1,24.100000000000232,-9.699999999999154,1.673611111111002
2025-01-29 14:30:00,6,30.886023743354997,349.99999999999994,5.60000000000116,1,3.900000000001125,1.7000000000000348,0.696428571428628
2022-11-16 19:30:00,5,28.542650278268667,349.99999999999994,9.799999999999809,-1,13.300000000000534,-3.5000000000007248,1.357142857142938
2022-10-27 18:30:00,13,33.15485453538364,349.99999999999994,3.5000000000007248,1,1.100000000000545,2.4000000000001798,0.31428571428580493
2024-07-03 16:00:00,12,32.4907400778474,349.99999999999994,8.500000000000174,1,9.199999999998099,-0.6999999999979245,1.0823529411762247
2025-02-14 14:30:00,5,28.542650278268667,349.99999999999994,9.399999999999409,-1,5.699999999999594,3.6999999999998145,0.6063829787233992
2024-03-27 15:30:00,9,0.0,348.2352941176471,3.5000000000007248,1,6.300000000001305,-2.80000000000058,1.8
2024-09-18 14:30:00,6,19.53089969139873,345.45454545454544,2.4000000000001798,-1,6.399999999999739,-3.9999999999995595,2.6666666666663583
2025-07-11 20:00:00,3,15.270367803799608,345.45454545454544,5.9000000000009045,-1,1.500000000000945,4.3999999999999595,0.2542372881357144
2024-06-26 16:30:00,9,0.0,341.27272727272725,9.600000000000719,1,12.600000000000389,-2.9999999999996696,1.3124999999999423
2023-11-15 16:30:00,9,0.0,341.15755627009645,6.500000000000394,1,13.000000000000789,-6.500000000000394,2.0
2024-06-12 16:30:00,9,0.0,340.6451612903226,6.399999999999739,1,2.20000000000109,4.199999999998649,0.3437500000001843
2025-03-05 16:30:00,11,0.0,339.33333333333337,6.599999999998829,-1,13.300000000000534,-6.700000000001705,2.0151515151519535
2024-01-09 22:30:00,1,0.0,334.5833333333333,0.8000000000008001,-1,0.8999999999992347,-0.09999999999843467,1.1249999999979183
2025-02-27 17:00:00,2,0.0,333.33333333333337,6.6000000000010495,-1,1.40000000000029,5.20000000000076,0.2121212121212223
2023-05-09 22:30:00,1,0.0,326.125,1.9999999999997797,-1,0.9999999999998899,0.9999999999998899,0.5
2025-04-01 16:30:00,4,0.0,326.0,10.099999999999554,1,0.10000000000065512,9.999999999998899,0.009900990099075201
2023-03-22 01:30:00,1,0.0,325.2762430939227,2.4000000000001798,-1,2.6999999999999247,-0.2999999999997449,1.1249999999998843
2024-11-21 16:00:00,5,19.677570075850348,324.99999999999994,7.250000000000867,1,13.380000000000614,-6.129999999999747,1.8455172413791743
2023-04-19 20:30:00,9,0.0,321.0477941176471,1.9999999999997797,-1,3.4000000000000696,-1.40000000000029,1.700000000000222
2023-05-05 18:30:00,8,61.492477137506555,320.0,2.900000000001235,1,4.500000000000615,-1.5999999999993797,1.5517241379305857
2024-06-04 22:30:00,1,0.0,313.2631578947369,2.100000000000435,-1,4.00000000000178,-1.900000000001345,1.9047619047623578
2024-06-20 17:00:00,12,0.0,307.27272727272725,9.200000000000319,-1,2.80000000000058,6.399999999999739,0.304347826087009
2025-02-12 16:30:00,11,25.199964392161,302.33333333333337,21.100000000000563,1,7.600000000000939,13.499999999999623,0.36018957345975056
2025-06-17 15:15:00,7,20.23593490359507,300.00000000000006,6.6000000000010495,1,4.699999999999704,1.900000000001345,0.7121212121210541
2023-09-15 15:15:00,7,20.23593490359507,300.00000000000006,4.899999999998794,-1,0.5999999999994898,4.299999999999304,0.12244897959176275
2024-09-17 15:15:00,7,20.23593490359507,300.00000000000006,7.500000000000284,-1,5.049999999999777,2.4500000000005073,0.673333333333278
2024-08-15 14:30:00,22,35.00725344868514,300.00000000000006,22.95000000000158,-1,3.450000000000397,19.500000000001183,0.15032679738562787
2025-04-11 14:30:00,7,26.730606915833615,300.00000000000006,15.800000000001369,-1,54.89999999999995,-39.09999999999858,3.474683544303493
2023-06-15 15:15:00,7,20.23593490359507,300.00000000000006,16.099999999998893,1,1.7000000000000348,14.399999999998858,0.10559006211181067
2024-05-24 14:30:00,13,23.879877944240754,300.00000000000006,10.499999999999954,1,1.40000000000029,9.099999999999664,0.13333333333336153
2025-04-29 14:30:00,6,30.886023743354997,300.00000000000006,16.799999999999038,1,5.1000000000001044,11.699999999998933,0.3035714285714522
2025-08-28 16:00:00,4,0.0,300.00000000000006,14.999999999998348,1,3.1999999999987594,11.799999999999589,0.21333333333327412
2023-10-17 15:15:00,7,20.23593490359507,300.00000000000006,8.20000000000043,-1,0.700000000000145,7.500000000000284,0.08536585365854979
2024-07-24 14:30:00,13,30.886023743354997,300.00000000000006,3.60000000000138,1,7.200000000000539,-3.5999999999991594,1.9999999999993832
2025-07-29 14:30:00,6,30.886023743354997,300.00000000000006,4.199999999998649,-1,3.5000000000007248,0.6999999999979245,0.8333333333337739
2024-05-30 14:30:00,23,33.282053649144096,300.00000000000006,10.499999999999954,1,0.4999999999988347,10.000000000001119,0.04761904761893685
2022-09-15 19:15:00,3,20.23593490359507,300.00000000000006,3.300000000001635,1,5.9000000000009045,-2.5999999999992696,1.7878787878781761
2024-06-13 14:30:00,14,27.133173317859306,300.00000000000006,14.300000000000423,-1,7.099999999999884,7.200000000000539,0.4965034965034737
2024-10-17 15:15:00,7,20.23593490359507,300.00000000000006,8.190000000001252,1,3.489999999999327,4.700000000001925,0.42612942612927884
2022-12-15 15:15:00,3,20.23593490359507,300.00000000000006,10.499999999999954,1,23.499999999998522,-12.999999999998568,2.238095238095107
2023-09-27 14:30:00,8,23.879877944240754,300.00000000000006,8.199999999998209,1,0.9999999999998899,7.199999999998319,0.12195121951220833
2025-08-04 16:00:00,10,34.65829662648696,300.00000000000006,9.299999999998754,-1,11.899999999998023,-2.5999999999992696,1.2795698924730772
2024-09-04 16:00:00,6,26.55913179216532,300.00000000000006,8.900000000000574,-1,14.849999999999586,-5.949999999999012,1.6685393258425425
2024-04-25 14:30:00,32,33.282053649144096,300.00000000000006,28.799999999999937,-1,5.699999999999594,23.100000000000342,0.197916666666653
2024-03-15 13:30:00,10,35.00725344868514,300.00000000000006,5.399999999999849,-1,4.20000000000087,1.1999999999989797,0.7777777777779605
2023-03-16 17:30:00,21,28.822567457072772,300.00000000000006,5.9000000000009045,-1,4.8000000000003595,1.100000000000545,0.8135593220338345
2024-11-27 14:30:00,22,39.92706987049297,300.00000000000006,17.67000000000074,1,17.06999999999903,0.6000000000017103,0.9660441426145057
2025-05-27 14:30:00,9,23.879877944240754,300.00000000000006,2.60000000000149,1,2.8999999999990145,-0.29999999999752447,1.1153846153835971
2025-08-01 14:30:00,9,67.6438161052937,300.0,80.4999999999989,1,19.600000000001838,60.899999999997064,0.24347826086959137
2025-06-20 14:30:00,16,26.035577298163243,300.0,9.999999999998899,1,12.099999999999334,-2.100000000000435,1.2100000000000666
2025-08-26 16:00:00,4,22.95123044865877,300.0,6.6000000000010495,1,4.199999999998649,2.4000000000024,0.6363636363633305
2022-12-14 03:30:00,1,0.0,299.8211091234347,4.8000000000003595,-1,1.100000000000545,3.6999999999998145,0.22916666666676305
2024-01-10 16:30:00,12,0.0,298.2222222222222,15.100000000001224,1,2.6999999999999247,12.400000000001299,0.17880794701984806
2024-09-24 22:30:00,1,0.0,294.4545454545455,3.68000000000146,1,0.8999999999992347,2.780000000002225,0.24456521739099937
2023-05-03 02:30:00,1,0.0,293.9,6.200000000000649,1,3.20000000000098,2.9999999999996696,0.5161290322581685
2025-03-18 21:30:00,1,0.0,292.5641025641026,0.8999999999992347,1,0.5999999999994898,0.2999999999997449,0.6666666666666666
2023-03-01 21:30:00,10,31.176641257616115,288.36206896551727,2.80000000000058,1,2.80000000000058,0.0,1.0
2025-08-12 22:30:00,1,0.0,287.49999999999994,1.2999999999996348,-1,1.100000000000545,0.1999999999990898,0.8461538461545031
2024-10-24 16:00:00,2,16.70601113074671,286.3636363636363,8.139999999998704,1,8.029999999998871,0.10999999999983245,0.9864864864865049
2023-09-06 22:30:00,1,0.0,286.3540937718684,1.4999999999987246,1,1.100000000000545,0.3999999999981796,0.7333333333343202
2025-07-23 16:00:00,3,19.677570075850348,285.7142857142857,7.699999999999374,1,9.900000000000464,-2.20000000000109,1.2857142857144506
2023-06-07 16:30:00,9,0.0,282.1536144578313,6.999999999999229,-1,2.80000000000058,4.199999999998649,0.40000000000012687
2023-03-22 19:30:00,9,0.0,281.63387000596305,44.800000000000395,1,13.600000000000279,31.200000000000117,0.3035714285714321
2025-04-29 16:30:00,3,9.078303333571974,280.0,11.499999999999844,-1,9.200000000000319,2.2999999999995246,0.8000000000000386
2024-04-23 22:30:00,1,0.0,279.44444444444446,1.7000000000000348,1,2.100000000000435,-0.40000000000040004,1.2352941176472894
2025-05-13 22:30:00,1,0.0,278.625,2.1999999999988695,-1,5.9000000000009045,-3.700000000002035,2.681818181819971
2024-02-15 22:00:00,6,0.0,276.056338028169,1.500000000000945,-1,1.9999999999997797,-0.4999999999988347,1.3333333333323465
2023-05-30 19:00:00,10,0.0,275.0,5.800000000000249,-1,0.1999999999990898,5.60000000000116,0.03448275862053124
2023-10-24 22:30:00,1,0.0,272.1290322580645,3.4000000000000696,-1,0.9999999999998899,2.4000000000001798,0.2941176470587851
2024-09-19 14:30:00,11,26.84356289399415,270.0,10.000000000001119,-1,1.149999999998652,8.850000000002467,0.11499999999985235
2023-06-27 18:30:00,5,22.480415688550092,270.0,2.80000000000058,-1,2.60000000000149,0.1999999999990898,0.9285714285717684
2023-03-24 17:30:00,12,23.879877944240754,266.6666666666667,6.099999999999994,-1,5.599999999998939,0.5000000000010552,0.9180327868850728
2025-05-01 16:00:00,6,100.0,266.6666666666667,11.899999999998023,-1,1.3000000000018552,10.599999999996168,0.10924369747916564
2025-06-04 00:00:00,1,0.0,266.66666666666663,1.8999999999991246,1,2.1999999999988695,-0.2999999999997449,1.1578947368420438
2025-05-16 22:00:00,4,0.0,266.06334841628956,1.7999999999984695,1,3.1999999999987594,-1.40000000000029,1.7777777777786001
2023-01-17 14:30:00,6,35.00725344868514,265.55555555555554,8.499999999997954,1,10.599999999998388,-2.100000000000435,1.2470588235295224
2023-04-26 02:30:00,1,0.0,264.90701859628075,1.5999999999993797,-1,3.1999999999987594,-1.5999999999993797,2.0
2025-02-05 16:30:00,12,25.199964392161,264.73333333333335,2.900000000001235,1,0.5999999999994898,2.300000000001745,0.20689655172387392
2024-12-27 19:00:00,12,25.199964392161,263.0,5.999999999999339,1,1.9999999999997797,3.9999999999995595,0.3333333333333333
2025-08-27 16:30:00,11,25.199964392161,262.3636363636364,3.700000000002035,-1,10.900000000000354,-7.199999999998319,2.9459459459444215
2023-01-05 17:00:00,1,0.0,260.3535353535354,7.599999999998719,1,3.00000000000189,4.599999999996829,0.3947368421055784
2025-05-16 14:30:00,4,27.12952123180804,260.0,4.8000000000003595,1,3.1000000000003247,1.7000000000000348,0.6458333333333526
2022-12-21 16:30:00,9,0.0,255.70307785153892,12.700000000001044,1,18.299999999999983,-5.599999999998939,1.440944881889644
2022-10-05 20:30:00,8,0.0,254.42278860569712,6.899999999999684,-1,16.800000000000146,-9.900000000000462,2.4347826086957847
2025-02-27 16:00:00,6,0.0,253.84615384615384,9.900000000000464,-1,6.899999999998574,3.00000000000189,0.6969696969695203
2024-07-31 16:30:00,10,0.0,253.39999999999998,14.350000000000751,-1,4.249999999998977,10.100000000001774,0.29616724738667277
2025-01-27 16:30:00,1,0.0,252.5,7.200000000000539,-1,4.699999999999704,2.500000000000835,0.6527777777776879
2023-05-03 16:30:00,6,0.0,250.6482281763181,8.60000000000083,1,2.20000000000109,6.399999999999739,0.2558139534884742
2024-10-22 16:00:00,4,22.95123044865877,250.0,5.60000000000116,-1,3.3400000000005647,2.260000000000595,0.5964285714285488
2025-02-07 14:30:00,8,61.492477137506555,250.0,14.799999999999258,-1,12.900000000000134,1.8999999999991246,0.8716216216216743
2024-02-27 14:30:00,7,23.879877944240754,250.0,10.099999999999554,-1,2.8999999999990145,7.200000000000539,0.28712871287120223
2022-12-23 19:30:00,4,25.206393585313748,250.0,9.599999999998499,-1,1.7000000000000348,7.899999999998464,0.17708333333336465
2023-11-03 13:30:00,18,67.6438161052937,250.0,17.199999999999438,1,3.8999999999989043,13.300000000000534,0.22674418604645533
2025-03-26 13:30:00,9,23.879877944240754,250.0,5.1000000000001044,-1,1.40000000000029,3.6999999999998145,0.27450980392161983
2023-12-21 14:30:00,29,33.282053649144096,250.0,22.199999999998887,1,9.900000000000464,12.299999999998423,0.4459459459459892
2024-08-01 16:00:00,7,100.0,250.0,7.049999999999557,-1,4.649999999999377,2.4000000000001798,0.6595744680850595
2025-03-18 14:15:00,7,20.23593490359507,249.99999999999994,6.700000000001705,1,12.300000000000644,-5.599999999998939,1.835820895522017
2023-07-25 19:00:00,4,0.0,249.99999999999994,2.6999999999999247,-1,1.80000000000069,0.8999999999992347,0.6666666666669407
2023-01-11 16:30:00,4,0.0,246.88026981450255,5.800000000000249,-1,14.399999999998858,-8.599999999998609,2.4827586206893515
2023-05-24 20:30:00,5,0.0,245.974025974026,3.8000000000004697,1,14.799999999999258,-10.999999999998789,3.8947368421045865
2023-10-17 22:30:00,1,0.0,245.93528018942385,2.300000000001745,1,0.700000000000145,1.6000000000016001,0.3043478260867886
2024-04-10 16:30:00,10,0.0,243.88551604509976,5.800000000000249,-1,0.1999999999990898,5.60000000000116,0.03448275862053124
2025-04-15 22:30:00,1,0.0,242.8571428571429,4.599999999999049,-1,0.9999999999998899,3.5999999999991594,0.21739130434784706
2024-05-29 22:30:00,1,0.0,241.57894736842107,0.9999999999998899,-1,1.9999999999997797,-0.9999999999998899,2.0
2023-04-26 20:30:00,9,0.0,240.1076716016151,2.6999999999999247,-1,5.60000000000116,-2.900000000001235,2.0740740740745616
2023-10-06 14:30:00,18,67.6438161052937,240.0,30.799999999999716,-1,5.399999999999849,25.399999999999867,0.17532467532467205
2024-10-24 14:30:00,5,26.84356289399415,240.0,11.669999999999181,-1,3.569999999999407,8.099999999999774,0.30591259640099894
2024-03-21 13:30:00,13,26.84356289399415,239.13043478260875,6.999999999999229,-1,5.899999999998684,1.100000000000545,0.8428571428570477
2025-05-20 22:30:00,1,0.0,235.0810810810811,1.8999999999991246,-1,1.7000000000000348,0.1999999999990898,0.8947368421056937
2023-10-06 21:00:00,1,0.0,233.5897435897436,2.7999999999983594,-1,7.299999999998974,-4.500000000000615,2.6071428571440185
2024-04-15 14:30:00,11,35.00725344868514,233.33333333333334,9.300000000000974,1,10.200000000000209,-0.8999999999992347,1.0967741935482946
2025-06-27 14:30:00,10,25.206393585313748,233.33333333333334,13.199999999999878,1,11.600000000000499,1.5999999999993797,0.8787878787879246
2025-06-02 16:00:00,6,100.0,233.33333333333334,9.600000000000719,1,2.9999999999996696,6.6000000000010495,0.31249999999994216
2024-01-25 14:30:00,40,33.282053649144096,233.33333333333334,12.900000000000134,1,28.400000000001757,-15.500000000001624,2.201550387597013
2024-07-05 14:30:00,18,67.6438161052937,233.33333333333334,15.500000000001624,-1,14.300000000000423,1.2000000000012,0.922580645161221
2024-11-21 17:00:00,2,0.0,233.33333333333334,14.369999999999106,-1,9.879999999999889,4.489999999999217,0.68754349338904
2025-07-30 14:30:00,10,39.92706987049297,231.57894736842107,24.599999999999067,-1,11.100000000001664,13.499999999997403,0.45121951219520673
2025-02-07 21:00:00,2,0.0,230.7692307692308,6.200000000000649,1,9.500000000000064,-3.2999999999994145,1.532258064515979
2023-02-16 19:30:00,20,27.133173317859306,228.37837837837833,5.800000000000249,1,2.80000000000058,2.9999999999996696,0.48275862068973435
2024-02-13 22:30:00,1,0.0,227.69230769230768,0.5999999999994898,1,2.1999999999988695,-1.5999999999993797,3.6666666666679
2023-12-20 16:30:00,9,0.0,227.42006132282086,14.499999999999513,1,0.2999999999997449,14.199999999999768,0.020689655172396897
2022-10-19 16:30:00,9,0.0,225.0,9.500000000000064,-1,0.9999999999998899,8.500000000000174,0.10526315789472454
2023-09-15 14:30:00,12,35.00725344868514,225.0,7.399999999999629,-1,7.500000000000284,-0.10000000000065512,1.0135135135136026
2024-12-19 17:00:00,2,0.0,225.0,8.799999999999919,-1,11.999999999998678,-3.1999999999987594,1.363636363636226
2025-02-11 22:30:00,1,0.0,222.96428571428572,2.6999999999999247,-1,1.100000000000545,1.5999999999993797,0.4074074074076206
2024-07-31 16:00:00,4,0.0,219.99999999999997,5.049999999999777,-1,0.20000000000131024,4.849999999998467,0.039603960396300805
2025-04-16 22:00:00,4,0.0,218.18181818181816,3.5999999999991594,-1,9.599999999998499,-5.999999999999339,2.666666666666872
2023-02-03 19:30:00,5,61.492477137506555,216.66666666666666,4.8000000000003595,-1,4.100000000000215,0.700000000000145,0.8541666666666474
2022-11-30 03:30:00,1,0.0,215.64133494169678,5.199999999998539,1,3.9999999999995595,1.1999999999989797,0.7692307692309006
2024-12-30 16:00:00,3,0.0,214.28571428571433,9.799999999999809,-1,0.5999999999994898,9.200000000000319,0.061224489795867504
2023-11-02 13:30:00,8,26.84356289399415,214.28571428571428,3.8000000000004697,1,5.1000000000001044,-1.2999999999996348,1.3421052631577564
2023-06-06 22:30:00,1,0.0,214.0,1.100000000000545,1,0.5000000000010552,0.5999999999994898,0.45454545454618855
2024-08-29 14:30:00,28,33.282053649144096,213.33333333333334,10.499999999999954,1,3.750000000000142,6.749999999999812,0.35714285714287225
2022-11-17 19:30:00,11,26.84356289399415,212.9032258064516,11.399999999999189,1,5.399999999999849,5.999999999999339,0.4736842105263363
2022-10-13 17:00:00,3,0.0,210.84931506849313,31.200000000000117,1,20.000000000000018,11.200000000000099,0.6410256410256392
2023-03-15 17:30:00,16,35.00725344868514,207.50000000000003,2.80000000000058,-1,4.599999999999049,-1.7999999999984695,1.6428571428564631
2025-03-06 13:30:00,1,0.0,207.1732142857143,4.8000000000003595,-1,2.500000000000835,2.2999999999995246,0.5208333333334683
2023-09-07 17:00:00,9,0.0,205.5717054263566,7.500000000000284,-1,2.6999999999999247,4.8000000000003595,0.35999999999997634
2023-04-12 20:30:00,9,0.0,202.401372212693,3.20000000000098,1,0.40000000000040004,2.80000000000058,0.12500000000008674
2023-02-08 03:30:00,1,0.0,201.5813953488372,3.399999999997849,1,0.6000000000017103,2.799999999996139,0.17647058823590878
2024-05-16 14:30:00,20,28.822567457072772,200.00000000000006,5.1000000000001044,-1,3.5999999999991594,1.500000000000945,0.7058823529409972
2024-06-18 15:15:00,7,20.23593490359507,200.00000000000006,1.900000000001345,-1,8.500000000000174,-6.599999999998829,4.47368421052324
2025-01-17 15:15:00,7,20.23593490359507,200.00000000000006,13.099999999999223,1,1.80000000000069,11.299999999998533,0.13740458015273257
2024-10-28 15:30:00,1,0.0,200.0,4.999999999999449,-1,4.169999999998897,0.8300000000005525,0.8339999999998712
2024-10-01 16:00:00,8,100.0,200.0,9.56000000000179,1,5.860000000001975,3.6999999999998145,0.612970711297163
2025-04-15 14:30:00,13,35.00725344868514,200.0,12.199999999999989,-1,12.199999999999989,0.0,1.0
2025-05-02 16:00:00,8,28.07084641152111,200.0,12.499999999999734,-1,5.9000000000009045,6.599999999998829,0.4720000000000824
2024-09-24 16:00:00,4,22.95123044865877,200.0,18.730000000000135,1,4.100000000000215,14.62999999999992,0.21890016017085878
2023-07-05 20:00:00,4,45.77832801413763,200.0,3.8000000000004697,1,9.900000000000464,-6.099999999999994,2.605263157894537
2024-03-01 16:00:00,13,100.0,200.0,13.199999999999878,1,12.000000000000899,1.1999999999989797,0.9090909090909856
2024-02-28 14:30:00,22,33.282053649144096,200.0,8.099999999999774,1,4.3999999999999595,3.6999999999998145,0.5432098765432201
2025-06-26 17:00:00,2,0.0,200.0,18.599999999999728,-1,9.500000000000064,9.099999999999664,0.5107526881720539
2022-10-14 14:30:00,3,28.542650278268667,200.0,8.20000000000043,-1,52.400000000000226,-44.1999999999998,6.390243902438717
2024-01-12 14:30:00,9,27.133173317859306,200.0,8.300000000001084,-1,2.500000000000835,5.800000000000249,0.3012048192771697
2024-07-01 16:00:00,6,100.0,200.0,13.499999999999623,-1,4.500000000000615,8.999999999999009,0.33333333333338816
2024-08-02 14:30:00,12,67.6438161052937,200.0,22.400000000000198,-1,37.65000000000018,-15.249999999999986,1.6808035714285647
2024-11-27 16:00:00,17,25.206393585313748,200.0,15.700000000000713,-1,6.649999999999157,9.050000000001557,0.42356687898081874
2024-07-11 14:30:00,13,46.131002713643156,200.0,11.400000000001409,-1,10.799999999999699,0.6000000000017103,0.9473684210524881
2024-12-27 14:30:00,6,30.886023743354997,200.0,1.2000000000012,1,4.3999999999999595,-3.1999999999987594,3.666666666662966
2024-09-06 14:30:00,18,67.6438161052937,200.0,20.100000000000673,1,28.300000000001102,-8.20000000000043,1.4079601990049828
2025-05-27 15:00:00,6,0.0,200.0,3.900000000001125,1,6.800000000000139,-2.8999999999990145,1.7435897435892764
2025-03-20 15:30:00,2,0.0,200.0,3.6999999999998145,1,0.700000000000145,2.9999999999996696,0.18918918918923786
2025-04-10 14:30:00,16,50.99833830084667,200.0,21.299999999999653,-1,16.599999999999948,4.699999999999704,0.7793427230047051
2025-02-14 15:15:00,3,20.23593490359507,200.0,5.5000000000005045,-1,21.400000000000308,-15.899999999999803,3.89090909090879
2023-11-22 14:30:00,12,26.84356289399415,200.0,9.00000000000123,-1,0.40000000000040004,8.60000000000083,0.044444444444482825
2024-11-26 15:00:00,6,0.0,199.99999999999997,8.399999999999519,-1,4.500000000000615,3.8999999999989043,0.5357142857143896
2023-10-17 14:30:00,16,28.542650278268667,199.99999999999997,12.699999999998823,-1,13.199999999999878,-0.5000000000010552,1.0393700787402442
2025-05-30 14:30:00,9,30.886023743354997,199.99999999999997,8.500000000000174,-1,3.4999999999985043,5.00000000000167,0.41176470588216857
2023-05-01 20:00:00,6,100.0,199.99999999999997,3.1999999999987594,1,0.2999999999997449,2.8999999999990145,0.09374999999995663
2024-04-18 16:00:00,4,19.677570075850348,199.99999999999997,8.00000000000134,1,2.20000000000109,5.800000000000249,0.27500000000009023
2025-02-20 16:00:00,5,15.13333157492153,199.99999999999997,10.499999999999954,1,10.900000000000354,-0.40000000000040004,1.0380952380952764
2023-09-14 14:30:00,18,28.542650278268667,199.99999999999997,10.299999999998644,1,3.5999999999991594,6.699999999999484,0.34951456310676055
2024-10-29 14:00:00,6,0.0,199.99999999999997,4.929999999998547,-1,8.789999999998521,-3.8599999999999746,1.7829614604464732
2023-06-14 18:30:00,2,27.133173317859306,199.99999999999997,2.6999999999999247,1,0.09999999999843467,2.60000000000149,0.03703703703645832
2024-03-06 16:00:00,8,30.886023743354997,199.99999999999997,4.900000000001015,-1,5.1000000000001044,-0.1999999999990898,1.040816326530418
2022-09-22 20:00:00,2,14.688858286353662,199.99999999999997,9.599999999999609,-1,1.7000000000000348,7.899999999999574,0.17708333333334417
2024-11-14 14:30:00,13,26.84356289399415,199.99999999999997,10.249999999998316,-1,14.299999999998203,-4.049999999999887,1.395121951219566
2025-07-16 15:15:00,8,20.23593490359507,199.99999999999997,11.999999999998678,-1,5.5000000000005045,6.499999999998174,0.45833333333342585
2024-05-22 16:30:00,10,0.0,199.73684210526318,2.9999999999996696,1,3.5999999999991594,-0.5999999999994898,1.199999999999852
2023-09-26 22:30:00,1,0.0,196.12121212121212,1.80000000000069,-1,0.2999999999997449,1.500000000000945,0.16666666666646107
2024-10-17 17:00:00,10,0.0,195.30434782608697,3.2600000000004847,1,6.340000000000234,-3.0799999999997496,1.9447852760734023
2024-12-11 16:30:00,11,0.0,194.09090909090904,12.799999999999478,-1,4.100000000000215,8.699999999999264,0.3203125000000298
2025-05-28 16:30:00,2,0.0,194.0,6.099999999999994,-1,14.499999999999513,-8.399999999999519,2.3770491803277913
2023-07-19 02:00:00,2,0.0,192.85318559556788,1.500000000000945,1,1.1999999999989797,0.30000000000196536,0.7999999999988158
2025-02-26 16:30:00,11,0.0,191.81102362204723,3.900000000001125,1,5.699999999999594,-1.7999999999984695,1.461538461537936
2023-07-20 18:30:00,5,26.84356289399415,191.0,8.300000000001084,-1,4.60000000000127,3.6999999999998145,0.5542168674699601
2025-06-16 14:30:00,1,35.00725344868514,190.9090909090909,4.599999999999049,1,8.099999999999774,-3.5000000000007248,1.7608695652177062
2022-10-05 02:30:00,3,7.536992588294253,190.03051881993895,4.8000000000003595,-1,4.3999999999999595,0.40000000000040004,0.9166666666665896
2023-03-21 19:00:00,2,19.677570075850348,190.0,2.8999999999990145,-1,1.5999999999993797,1.2999999999996348,0.551724137931008
2022-11-15 19:30:00,3,35.00725344868514,190.0,28.200000000000447,-1,11.600000000000499,16.599999999999948,0.41134751773050765
2022-11-09 21:30:00,9,0.0,188.60294117647055,2.20000000000109,1,2.9999999999996696,-0.7999999999985796,1.3636363636355378
2024-01-30 22:30:00,1,0.0,188.3506343713956,1.40000000000029,1,6.399999999999739,-4.999999999999449,4.571428571427439
2025-02-21 16:00:00,8,30.075435866325535,188.23529411764707,17.700000000000493,-1,10.499999999999954,7.200000000000539,0.5932203389830317
2023-06-22 02:30:00,1,0.0,187.7598152424942,1.1999999999989797,-1,0.40000000000040004,0.7999999999985796,0.3333333333339501
2023-02-15 19:30:00,11,35.00725344868514,187.49999999999994,6.6000000000010495,-1,10.000000000001119,-3.4000000000000696,1.5151515151514439
2025-03-12 15:30:00,11,0.0,186.85,10.399999999999299,1,10.300000000000864,0.09999999999843467,0.9903846153847653
2023-09-26 16:00:00,6,20.88399757339171,183.33333333333331,8.100000000001994,-1,2.4000000000001798,5.700000000001815,0.29629629629624554
2022-10-18 22:30:00,1,0.0,181.88265635074146,3.2999999999994145,1,6.999999999999229,-3.6999999999998145,2.121212121212264
2024-05-21 22:30:00,2,0.0,180.0,0.6000000000017103,-1,0.0,0.6000000000017103,0.0
2024-10-29 15:30:00,2,0.0,180.0,5.319999999999769,1,10.140000000000704,-4.820000000000935,1.9060150375942
2025-01-15 16:30:00,11,25.199964392161,179.7272727272727,13.600000000000279,-1,11.399999999999189,2.20000000000109,0.8382352941175703
2023-02-03 14:30:00,6,61.492477137506555,179.45945945945948,20.499999999998852,-1,3.4000000000000696,17.099999999998783,0.16585365853659806
2023-06-13 22:30:00,1,0.0,179.3183578621224,1.1999999999989797,1,3.4000000000000696,-2.20000000000109,2.8333333333358004
2022-12-07 21:30:00,7,0.0,178.94021739130432,1.9999999999997797,1,2.5999999999992696,-0.5999999999994898,1.299999999999778
2024-11-13 22:30:00,1,0.0,177.70000000000002,1.020000000000465,1,1.0799999999999699,-0.059999999999504894,1.0588235294112525
2024-05-08 16:30:00,10,0.0,177.54237288135593,5.60000000000116,-1,2.100000000000435,3.5000000000007248,0.375
2025-08-06 16:30:00,11,25.199964392161,175.36363636363635,4.299999999999304,-1,1.40000000000029,2.8999999999990145,0.3255813953489573
2025-01-08 21:00:00,2,0.0,172.71844660194174,3.5000000000007248,-1,3.6999999999998145,-0.1999999999990898,1.0571428571425852
2025-05-21 16:30:00,12,25.199964392161,171.78378378378375,8.700000000001484,1,1.80000000000069,6.900000000000794,0.20689655172418195
2025-05-22 16:00:00,2,19.677570075850348,171.42857142857144,14.499999999999513,1,8.399999999999519,6.099999999999994,0.5793103448275725
2024-11-21 14:30:00,15,26.84356289399415,168.75,15.810000000000546,1,4.129999999999967,11.680000000000579,0.2612270714737397
2024-10-16 22:30:00,1,0.0,168.69565217391306,2.6700000000001722,1,0.9299999999989872,1.740000000001185,0.34831460674117126
2024-08-14 16:30:00,9,0.0,167.85000000000002,3.249999999999087,1,11.649999999998606,-8.399999999999519,3.5846153846159625
2023-07-26 02:30:00,1,0.0,166.9883189436262,2.4999999999986144,1,3.4000000000000696,-0.9000000000014552,1.3600000000007817
2025-04-16 14:30:00,3,28.542650278268667,166.66666666666669,10.699999999999044,-1,6.800000000000139,3.8999999999989043,0.6355140186916586
2024-11-27 18:00:00,6,0.0,166.66666666666669,9.399999999999409,1,3.589999999999982,5.809999999999427,0.3819148936170434
2025-03-03 16:00:00,9,100.0,166.66666666666669,3.5999999999991594,1,1.40000000000029,2.1999999999988695,0.3888888888890602
2023-11-16 14:30:00,17,28.822567457072772,166.66666666666669,19.599999999999618,1,3.900000000001125,15.699999999998493,0.19897959183679595
2025-02-27 14:30:00,26,39.92706987049297,166.66666666666669,17.099999999998783,-1,35.00000000000058,-17.9000000000018,2.046783625731174
2024-03-15 14:15:00,7,20.23593490359507,166.66666666666669,9.599999999998499,-1,2.8999999999990145,6.699999999999484,0.3020833333332779
2024-05-01 16:00:00,8,100.0,166.66666666666669,5.60000000000116,1,2.100000000000435,3.5000000000007248,0.375
2025-02-28 17:05:00,1,9.078303333571974,165.2173913043478,5.599999999998939,-1,6.200000000000649,-0.6000000000017103,1.107142857143183
2023-04-20 18:30:00,10,26.84356289399415,165.06024096385542,2.8999999999990145,1,0.40000000000040004,2.4999999999986144,0.13793103448294344
2024-01-08 21:00:00,1,0.0,163.88888888888889,10.000000000001119,-1,3.20000000000098,6.800000000000139,0.3200000000000622
2025-07-29 22:30:00,1,0.0,161.56,4.699999999999704,-1,2.300000000001745,2.3999999999979593,0.4893617021280616
2025-06-23 16:00:00,3,19.677570075850348,161.53846153846155,20.000000000000018,1,4.099999999997994,15.900000000002024,0.2049999999998995
2023-10-26 16:00:00,3,0.0,161.11111111111111,13.400000000001189,-1,7.800000000000029,5.60000000000116,0.5820895522387565
2025-07-15 14:30:00,17,46.131002713643156,161.11111111111111,15.700000000000713,-1,12.600000000000389,3.1000000000003247,0.8025477707006252
2025-05-29 14:30:00,12,39.92706987049297,161.01694915254237,16.100000000001113,1,29.69999999999917,-13.599999999998058,1.844720496894231
2024-08-13 22:30:00,1,0.0,160.25,1.4500000000006175,-1,2.549999999998942,-1.0999999999983245,1.7586206896536938
2024-08-22 17:00:00,3,0.0,160.0,8.250000000000757,-1,3.900000000001125,4.349999999999632,0.4727272727273657
2024-09-23 14:30:00,3,20.713211827077785,160.0,4.1599999999997195,1,0.6799999999995698,3.4800000000001496,0.1634615384614461
2023-04-17 18:30:00,4,35.00725344868514,160.0,1.6000000000016001,1,6.300000000001305,-4.699999999999704,3.9374999999968776
2024-11-21 16:30:00,3,11.42842070755979,160.0,5.159999999999609,1,20.249999999999435,-15.089999999999826,3.9244186046513505
2023-07-27 20:00:00,2,0.0,160.0,9.500000000000064,-1,7.900000000000684,1.5999999999993797,0.8315789473684875
2024-12-03 22:30:00,1,0.0,159.8058252427184,2.100000000000435,1,1.9999999999997797,0.10000000000065512,0.9523809523806502
2023-09-12 22:30:00,1,0.0,158.7,8.799999999999919,1,1.2999999999996348,7.500000000000284,0.14772727272723257
2024-07-22 14:30:00,1,20.713211827077785,155.55555555555557,9.500000000000064,-1,1.80000000000069,7.699999999999374,0.18947368421059765
2024-07-18 22:00:00,4,0.0,155.48780487804876,0.2999999999997449,-1,0.6000000000017103,-0.30000000000196536,2.0000000000074016
2025-03-07 14:30:00,8,61.492477137506555,155.0,22.599999999999287,-1,4.100000000000215,18.499999999999073,0.18141592920355504
2024-12-17 22:30:00,1,0.0,154.05405405405406,3.1000000000003247,1,0.9999999999998899,2.100000000000435,0.322580645161221
2024-06-05 16:30:00,12,21.47350513016643,153.60869565217394,9.600000000000719,1,12.900000000000134,-3.2999999999994145,1.3437499999999132
2025-06-10 22:30:00,1,0.0,152.85714285714283,2.2999999999995246,-1,5.399999999999849,-3.1000000000003247,2.3478260869569416
2022-10-26 20:30:00,10,0.0,151.50631681243928,9.600000000000719,1,10.499999999999954,-0.8999999999992347,1.0937499999999132
2024-01-03 22:30:00,1,0.0,150.01685203909673,4.299999999999304,-1,0.0,4.299999999999304,0.0
2023-01-03 16:00:00,2,100.0,150.00000000000003,12.299999999998423,-1,0.7999999999985796,11.499999999999844,0.06504065040639692
2024-06-03 16:00:00,7,100.0,150.00000000000003,15.799999999999148,1,3.1000000000003247,12.699999999998823,0.19620253164560075
2022-11-16 20:15:00,4,20.23593490359507,150.00000000000003,4.699999999999704,1,7.900000000000684,-3.20000000000098,1.6808510638300385
2024-09-17 14:30:00,13,28.542650278268667,150.00000000000003,19.15000000000111,-1,3.5000000000007248,15.650000000000386,0.18276762402091498
2023-03-17 18:15:00,7,20.23593490359507,150.00000000000003,3.9999999999995595,-1,10.499999999999954,-6.500000000000394,2.6250000000002776
2024-03-21 15:00:00,4,19.677570075850348,150.00000000000003,8.099999999999774,-1,1.7000000000000348,6.399999999999739,0.2098765432098867
2023-03-01 21:00:00,7,100.0,150.00000000000003,3.9999999999995595,1,0.8999999999992347,3.1000000000003247,0.22499999999983347
2025-02-14 16:00:00,11,26.483600012468738,150.00000000000003,7.600000000000939,-1,3.1999999999987594,4.40000000000218,0.4210526315787321
2024-10-29 13:30:00,6,30.886023743354997,150.00000000000003,9.449999999999736,-1,1.6100000000007775,7.839999999998959,0.1703703703704574
2024-06-18 14:30:00,7,28.542650278268667,150.00000000000003,7.200000000000539,-1,7.399999999999629,-0.1999999999990898,1.0277777777776493
2025-07-24 14:00:00,7,16.80723913018904,150.00000000000003,2.2999999999995246,1,10.599999999998388,-8.299999999998864,4.608695652174165
2024-12-13 14:30:00,11,28.822567457072772,150.00000000000003,6.099999999999994,1,14.199999999999768,-8.099999999999774,2.327868852458981
2024-08-27 15:00:00,6,0.0,150.00000000000003,1.7000000000000348,1,5.599999999998939,-3.8999999999989043,3.294117647058132
2024-08-28 16:30:00,9,0.0,150.0,5.850000000000577,1,0.7500000000004725,5.1000000000001044,0.12820512820519633
2025-07-24 17:00:00,2,0.0,150.0,9.200000000000319,-1,16.300000000000203,-7.099999999999884,1.7717391304347432
2025-04-24 17:00:00,2,0.0,150.0,7.599999999998719,-1,4.3999999999999595,3.1999999999987594,0.5789473684211449
2025-02-03 16:00:00,7,100.0,149.99999999999997,11.800000000001809,1,43.89999999999894,-32.09999999999713,3.7203389830501874
2024-02-29 14:30:00,19,26.84356289399415,149.99999999999997,12.900000000000134,-1,8.700000000001484,4.199999999998649,0.6744186046512709
2022-12-22 16:00:00,1,0.0,149.99999999999997,13.199999999999878,-1,1.80000000000069,11.399999999999189,0.1363636363636899
2022-11-23 19:30:00,7,26.84356289399415,149.99999999999997,8.099999999999774,1,8.799999999999919,-0.700000000000145,1.0864197530864401
2024-05-14 14:30:00,12,27.133173317859306,149.99999999999997,26.100000000000012,1,5.1000000000001044,20.999999999999908,0.19540229885057864
2022-10-21 16:30:00,1,14.212383375335397,147.8386167146974,24.199999999999775,1,3.4999999999996145,20.70000000000016,0.14462809917353914
2024-09-18 22:00:00,4,0.0,146.63023679417122,6.749999999999812,1,4.550000000000942,2.1999999999988695,0.6740740740742325
2025-02-24 16:30:00,1,0.0,146.11111111111111,3.8000000000004697,1,0.2999999999997449,3.5000000000007248,0.07894736842097574
2024-11-26 16:30:00,2,0.0,145.00000000000003,5.999999999999339,1,9.649999999998826,-3.649999999999487,1.6083333333333147
2024-07-23 16:00:00,6,20.88399757339171,142.85714285714286,4.3999999999999595,1,3.9999999999995595,0.40000000000040004,0.9090909090908174
2023-06-27 16:00:00,9,20.88399757339171,142.85714285714286,13.900000000000023,-1,15.600000000000058,-1.7000000000000348,1.1223021582733836
2024-04-01 16:00:00,6,100.0,142.85714285714286,13.900000000000023,-1,1.900000000001345,11.999999999998678,0.13669064748211093
2023-12-19 22:30:00,1,0.0,142.05105239588,2.20000000000109,1,0.0,2.20000000000109,0.0
2023-04-05 02:30:00,1,0.0,141.44444444444446,4.500000000000615,-1,0.7999999999985796,3.700000000002035,0.17777777777743786
2024-11-26 16:00:00,5,22.95123044865877,140.0,7.999999999999119,-1,11.200000000000099,-3.20000000000098,1.4000000000001664
2024-03-08 14:30:00,19,67.6438161052937,140.0,16.100000000001113,1,17.599999999999838,-1.4999999999987246,1.0931677018632684
2023-08-04 14:30:00,18,67.6438161052937,140.0,11.699999999998933,-1,27.89999999999848,-16.199999999999548,2.384615384615472
2022-11-01 19:00:00,7,100.0,140.0,4.299999999999304,-1,6.199999999999539,-1.9000000000002348,1.441860465116405
2025-09-05 14:30:00,13,67.6438161052937,140.0,19.899999999999363,-1,14.699999999998603,5.20000000000076,0.7386934673366369
2025-04-28 16:30:00,1,0.0,138.66666666666666,34.29999999999822,1,29.599999999998516,4.699999999999704,0.8629737609329461
2024-12-10 22:30:00,1,0.0,138.38461538461536,1.2999999999996348,-1,1.2000000000012,0.09999999999843467,0.9230769230781055
2025-01-29 16:30:00,13,25.199964392161,137.8095238095238,15.400000000000968,1,5.20000000000076,10.200000000000209,0.33766233766236575
2023-09-13 20:00:00,1,14.212383375335397,137.08333333333334,6.899999999998574,-1,0.9999999999998899,5.899999999998684,0.14492753623189805
2023-07-18 19:15:00,3,20.23593490359507,136.36363636363635,3.9999999999995595,-1,4.999999999999449,-0.9999999999998899,1.25
2024-05-07 22:30:00,1,0.0,135.5944055944056,0.9999999999998899,-1,0.700000000000145,0.2999999999997449,0.700000000000222
2023-02-21 21:00:00,3,19.677570075850348,135.0,4.799999999998139,1,2.9999999999996696,1.7999999999984695,0.6250000000001735
2023-03-29 20:00:00,4,0.0,134.7826086956522,5.199999999998539,-1,4.300000000001525,0.8999999999970143,0.8269230769236025
2025-07-02 14:15:00,1,0.0,134.73684210526315,15.800000000001369,1,24.999999999999467,-9.199999999998099,1.5822784810124875
2024-10-22 22:30:00,17,0.0,134.71428571428575,0.8000000000008001,1,0.6000000000017103,0.1999999999990898,0.7500000000013878
2025-03-13 13:30:00,14,50.99833830084667,133.33333333333334,30.000000000001137,-1,1.100000000000545,28.900000000000592,0.036666666666683445
2024-02-15 15:15:00,7,20.23593490359507,133.33333333333334,5.999999999999339,1,4.8000000000003595,1.1999999999989797,0.800000000000148
2025-08-05 22:30:00,1,0.0,133.33333333333334,3.4000000000000696,1,3.20000000000098,0.1999999999990898,0.9411764705885042
2023-09-26 15:00:00,7,0.0,133.33333333333334,10.499999999999954,-1,1.3000000000018552,9.199999999998099,0.12380952380970105
2025-09-10 14:30:00,9,26.730606915833615,133.33333333333334,17.80000000000115,-1,2.5999999999992696,15.200000000001879,0.14606741573028661
2023-04-13 18:30:00,10,27.133173317859306,133.33333333333334,4.299999999999304,-1,5.9000000000009045,-1.6000000000016001,1.3720930232562463
2023-06-02 14:30:00,3,61.492477137506555,133.33333333333331,10.200000000000209,1,17.899999999999583,-7.699999999999374,1.7549019607842369
2023-11-16 15:15:00,8,20.23593490359507,133.33333333333331,18.700000000000383,-1,13.500000000001844,5.199999999998539,0.7219251336899234
2023-03-10 19:30:00,17,61.492477137506555,133.33333333333331,6.199999999998429,-1,0.9000000000014552,5.299999999996974,0.14516129032285213
2025-04-01 16:00:00,11,100.0,133.33333333333331,20.400000000000418,1,11.900000000000244,8.500000000000174,0.5833333333333334
2022-10-03 20:00:00,3,100.0,133.33333333333331,6.800000000000139,-1,21.49999999999985,-14.699999999999712,3.161764705882266
2024-11-01 13:30:00,9,61.492477137506555,131.11111111111111,20.07000000000092,1,16.540000000000443,3.530000000000477,0.8241155954160282
2024-02-22 17:00:00,9,0.0,130.5347901092582,7.800000000000029,1,2.100000000000435,5.699999999999594,0.26923076923082395
2024-06-25 22:30:00,1,0.0,130.46666666666667,2.6999999999999247,1,7.200000000000539,-4.500000000000615,2.666666666666941
2023-08-01 16:30:00,2,0.0,130.3571428571429,8.999999999999009,1,2.80000000000058,6.199999999998429,0.3111111111112098
2025-07-01 22:30:00,1,0.0,130.08849557522123,2.60000000000149,1,0.10000000000065512,2.500000000000835,0.03846153846176839
2024-05-14 22:30:00,1,0.0,129.92592592592592,1.500000000000945,1,0.0,1.500000000000945,0.0
2023-04-12 02:30:00,1,0.0,129.0,6.200000000000649,1,3.20000000000098,2.9999999999996696,0.5161290322581685
2025-02-25 22:30:00,1,0.0,127.82608695652175,3.4000000000000696,-1,0.40000000000040004,2.9999999999996696,0.11764705882364467
2022-10-17 14:30:00,1,35.00725344868514,127.49999999999999,20.999999999999908,1,0.0999999999995449,20.90000000000036,0.004761904761883111
2024-05-15 16:30:00,9,0.0,126.70454545454545,5.499999999998284,1,2.4000000000001798,3.0999999999981043,0.4363636363638052
2023-12-05 22:30:00,1,0.0,126.20202911336567,2.500000000000835,1,4.700000000001925,-2.20000000000109,1.880000000000142
2023-07-17 14:30:00,3,35.00725344868514,125.58139534883723,5.20000000000076,1,1.9999999999997797,3.20000000000098,0.38461538461528605
2023-01-06 21:00:00,5,34.56334238915411,125.0,3.8999999999989043,-1,5.1000000000001044,-1.2000000000012,1.3076923076927018
2025-03-24 13:30:00,2,21.86968729843206,124.99999999999997,2.80000000000058,1,0.8999999999992347,1.900000000001345,0.32142857142823156
2024-10-29 21:30:00,17,0.0,124.91304347826086,2.189999999999692,1,0.1399999999995849,2.0500000000001073,0.06392694063908885
2023-01-26 14:30:00,16,33.15485453538364,123.99999999999997,20.700000000000163,1,2.4000000000001798,18.299999999999983,0.11594202898551502
2024-01-23 22:30:00,1,0.0,122.46666666666668,2.4000000000001798,1,4.20000000000087,-1.80000000000069,1.7500000000002314
2025-02-20 18:00:00,18,25.199964392161,121.57142857142857,10.200000000000209,1,2.9999999999996696,7.200000000000539,0.2941176470587851
2024-01-17 22:30:00,1,0.0,120.12500000000001,0.5999999999994898,-1,0.9999999999998899,-0.40000000000040004,1.6666666666679002
2023-04-07 18:30:00,10,61.492477137506555,120.0,1.4999999999987246,-1,0.40000000000040004,1.0999999999983245,0.2666666666671601
2025-05-28 16:00:00,4,22.95123044865877,120.0,14.100000000001334,1,0.700000000000145,13.400000000001189,0.04964539007092757
2023-01-24 16:00:00,3,20.88399757339171,120.0,16.300000000000203,1,3.9999999999995595,12.300000000000644,0.24539877300610488
2025-09-03 22:30:00,1,0.0,118.29411764705884,2.8999999999990145,-1,0.2999999999997449,2.5999999999992696,0.10344827586201616
2024-08-15 15:15:00,7,20.23593490359507,118.18181818181816,8.850000000000247,1,3.60000000000138,5.249999999998867,0.40677966101709373
2022-11-23 03:30:00,1,0.0,118.18181818181816,5.199999999998539,1,4.20000000000087,0.9999999999976694,0.8076923076927018
2023-07-06 18:15:00,1,0.0,117.98245614035088,5.800000000000249,-1,2.9999999999996696,2.80000000000058,0.5172413793102656
2023-10-20 23:00:00,1,14.212383375335397,117.55725190839696,12.000000000000899,1,0.0,12.000000000000899,0.0
2023-03-15 19:30:00,9,0.0,116.46757679180888,15.199999999999658,-1,15.099999999999003,0.10000000000065512,0.9934210526315357
2024-01-23 16:00:00,4,20.88399757339171,114.28571428571428,10.900000000000354,-1,9.299999999998754,1.6000000000016001,0.8532110091741699
2025-02-24 14:30:00,1,20.713211827077785,114.28571428571428,4.500000000000615,1,6.399999999999739,-1.8999999999991246,1.42222222222197
2024-08-15 16:30:00,1,0.0,113.95348837209302,3.750000000000142,1,5.599999999998939,-1.849999999998797,1.493333333332994
2022-12-29 22:00:00,3,0.0,113.75609756097562,4.3999999999999595,-1,3.9999999999995595,0.40000000000040004,0.9090909090908174
2022-11-04 17:30:00,8,61.492477137506555,113.33333333333333,8.099999999999774,1,0.8000000000008001,7.299999999998974,0.09876543209886696
2025-05-07 16:30:00,11,25.199964392161,112.53333333333333,4.599999999999049,1,1.0999999999983245,3.5000000000007248,0.2391304347822939
2024-08-20 22:30:00,1,0.0,112.39285714285714,0.700000000000145,1,0.10000000000065512,0.5999999999994898,0.14285714285804915
2025-07-28 16:30:00,1,0.0,111.25,3.5999999999991594,1,8.900000000000574,-5.300000000001415,2.472222222222959
2023-01-25 03:30:00,1,0.0,111.12499999999999,2.20000000000109,-1,1.1999999999989797,1.0000000000021103,0.5454545454538114
2024-03-07 21:00:00,1,0.0,110.70270270270268,3.20000000000098,-1,2.5999999999992696,0.6000000000017103,0.8124999999995229
2025-01-30 14:30:00,19,39.92706987049297,109.09090909090907,10.700000000001264,1,44.19999999999868,-33.499999999997414,4.130841121494716
2025-03-26 15:30:00,12,25.199964392161,108.8125,4.599999999999049,-1,3.8000000000004697,0.7999999999985796,0.8260869565220119
2023-03-15 01:30:00,1,0.0,108.1081081081081,2.8999999999990145,1,3.2999999999994145,-0.40000000000040004,1.1379310344829434
2023-11-01 15:30:00,9,0.0,108.09464508094646,8.699999999999264,1,19.000000000000128,-10.300000000000864,2.183908045977211
2025-03-27 16:00:00,4,0.0,107.14285714285714,5.20000000000076,-1,15.000000000000568,-9.799999999999809,2.8846153846150724
2025-04-07 21:00:00,2,0.0,105.32894736842104,6.299999999999084,1,3.8999999999989043,2.4000000000001798,0.6190476190475351
2025-08-21 14:30:00,14,26.84356289399415,104.28571428571429,7.500000000000284,1,8.60000000000083,-1.100000000000545,1.1466666666667338
2022-10-28 20:00:00,6,24.07920765964181,103.99999999999999,7.599999999999829,1,2.4000000000001798,5.199999999999649,0.31578947368424126
2024-09-09 21:00:00,2,0.0,103.60000000000001,1.1500000000008725,1,4.049999999999887,-2.8999999999990145,3.5217391304320125
2024-10-30 13:15:00,2,0.0,102.60869565217392,8.159999999999279,-1,1.3299999999993872,6.829999999999892,0.16299019607837067
2025-03-11 21:30:00,1,0.0,102.23809523809521,6.300000000001305,1,1.0999999999983245,5.20000000000298,0.1746031746028725
2023-08-10 20:00:00,1,14.212383375335397,102.19579139981703,6.999999999999229,1,2.500000000000835,4.499999999998394,0.35714285714301575
2023-11-16 22:00:00,4,0.0,101.90156599552573,2.100000000000435,1,0.40000000000040004,1.7000000000000348,0.19047619047634154
2022-09-13 18:30:00,3,45.13412286023265,100.0,6.4000000000008495,1,2.00000000000089,4.3999999999999595,0.3125000000000976
2024-09-12 14:30:00,14,27.133173317859306,100.0,13.199999999999878,1,2.4000000000001798,10.799999999999699,0.18181818181819712
2025-08-19 22:30:00,1,0.0,100.0,1.9999999999997797,1,0.3999999999981796,1.6000000000016001,0.19999999999911183
2025-02-25 15:00:00,10,0.0,100.0,7.0000000000014495,-1,8.40000000000174,-1.40000000000029,1.2
2024-09-26 16:00:00,4,0.0,100.0,11.730000000000906,-1,13.140000000000374,-1.4099999999994672,1.120204603580508
2025-08-26 15:00:00,6,0.0,100.0,6.899999999998574,-1,3.9999999999995595,2.8999999999990145,0.5797101449275922
2024-12-02 16:00:00,8,100.0,100.0,9.500000000000064,1,4.899999999998794,4.60000000000127,0.5157894736840801
2024-09-30 16:30:00,2,0.0,100.0,8.329999999998616,1,6.170000000000897,2.1599999999977193,0.7406962785116353
2023-01-27 14:30:00,10,25.206393585313748,100.0,5.699999999999594,1,11.699999999998933,-5.999999999999339,2.0526315789473273
2022-11-18 21:00:00,2,19.677570075850348,100.0,3.4999999999985043,-1,0.40000000000040004,3.0999999999981043,0.11428571428587742
2022-10-13 18:30:00,4,44.414844512436375,100.0,5.199999999999649,1,4.6000000000001595,0.5999999999994898,0.884615384615475
2025-09-03 16:00:00,9,26.55913179216532,100.0,13.699999999998713,1,2.20000000000109,11.499999999997623,0.16058394160593406
2023-05-03 18:15:00,1,0.0,100.0,6.099999999999994,-1,8.20000000000043,-2.100000000000435,1.3442622950820389
2022-10-12 14:30:00,2,27.133173317859306,100.0,15.600000000000058,1,1.2999999999996348,14.300000000000423,0.08333333333330961
2024-12-12 14:30:00,14,50.99833830084667,100.0,14.099999999999113,1,13.299999999998313,0.8000000000008001,0.9432624113474575
2024-05-17 16:00:00,3,0.0,100.0,3.4000000000000696,1,2.9999999999996696,0.40000000000040004,0.8823529411763553
2024-07-26 14:30:00,11,25.206393585313748,100.0,6.699999999999484,1,4.199999999998649,2.500000000000835,0.6268656716416378
2025-05-06 19:00:00,3,9.078303333571974,100.0,15.899999999999803,1,0.7999999999985796,15.100000000001224,0.05031446540871632
2024-03-14 13:30:00,22,28.542650278268667,100.0,14.099999999999113,1,14.799999999999258,-0.700000000000145,1.0496453900709355
2024-11-07 16:00:00,4,30.886023743354997,100.0,11.849999999999916,1,1.8399999999996197,10.010000000000296,0.15527426160334454
2024-10-10 14:30:00,13,46.131002713643156,100.0,19.860000000000433,1,9.300000000000974,10.559999999999459,0.4682779456193742
2024-07-17 15:15:00,7,20.23593490359507,100.0,6.299999999999084,-1,1.0999999999983245,5.20000000000076,0.17460317460293404
2025-05-15 15:15:00,7,20.23593490359507,100.0,18.799999999998818,-1,5.700000000001815,13.099999999997003,0.3031914893618177
2022-12-02 19:30:00,9,61.492477137506555,100.0,4.20000000000087,1,16.599999999999948,-12.399999999999078,3.9523809523801217
2025-03-28 13:30:00,11,25.206393585313748,100.0,10.899999999998133,1,4.900000000001015,5.999999999997119,0.4495412844038398
2023-04-20 20:00:00,5,19.677570075850348,100.0,2.900000000001235,1,7.300000000001194,-4.3999999999999595,2.517241379309685
2024-01-17 14:30:00,19,28.822567457072772,100.0,11.499999999999844,1,3.1000000000003247,8.399999999999519,0.26956521739133626
2024-07-12 14:30:00,11,27.133173317859306,100.0,9.300000000000974,1,3.6999999999998145,5.60000000000116,0.39784946236552976
2023-03-02 19:30:00,8,26.84356289399415,100.0,13.199999999999878,1,3.9999999999995595,9.200000000000319,0.30303030303027245
2022-09-30 18:30:00,5,33.85118560915781,100.0,3.8000000000004697,-1,12.199999999999989,-8.399999999999519,3.2105263157890738
2024-08-19 16:00:00,2,0.0,100.0,7.550000000000612,1,6.599999999998829,0.9500000000017828,0.8741721854302377
2023-09-08 16:00:00,5,30.886023743354997,100.0,13.999999999998458,1,11.600000000000499,2.3999999999979593,0.8285714285715554
2025-07-29 15:00:00,6,0.0,100.0,5.599999999998939,-1,8.799999999999919,-3.20000000000098,1.5714285714288547
2023-07-14 14:30:00,5,28.822567457072772,100.0,11.299999999998533,-1,12.900000000000134,-1.6000000000016001,1.1415929203541424
2023-12-07 16:00:00,3,30.886023743354997,100.0,8.900000000000574,1,6.6000000000010495,2.2999999999995246,0.7415730337079353
2024-11-25 14:30:00,2,21.86968729843206,100.0,3.4000000000000696,1,2.000000000002,1.3999999999980695,0.5882352941182233
2023-06-15 20:00:00,2,26.483600012468738,100.0,2.4000000000001798,-1,1.9999999999997797,0.40000000000040004,0.8333333333331792
2024-11-15 16:00:00,3,26.483600012468738,100.0,8.529999999999927,1,3.6999999999998145,4.830000000000112,0.4337631887455857
2024-12-16 14:30:00,3,35.00725344868514,98.33333333333334,2.9999999999996696,-1,7.500000000000284,-4.500000000000615,2.50000000000037
2024-01-11 20:00:00,2,14.212383375335397,97.70114942528735,8.199999999998209,1,4.00000000000178,4.199999999996429,0.4878048780491041
2023-07-19 16:30:00,6,0.0,96.95652173913044,5.1000000000001044,-1,8.199999999998209,-3.0999999999981043,1.6078431372545179
2023-09-19 22:30:00,1,0.0,96.85039370078742,1.1999999999989797,1,0.09999999999843467,1.100000000000545,0.08333333333209975
2025-04-24 16:00:00,2,19.677570075850348,96.66666666666669,6.599999999998829,1,2.7999999999983594,3.8000000000004697,0.42424242424225095
2025-07-24 16:00:00,1,16.70601113074671,94.0,14.800000000001479,1,16.20000000000177,-1.40000000000029,1.0945945945946047
2024-02-28 16:30:00,13,0.0,93.97260273972601,6.6000000000010495,-1,4.999999999999449,1.6000000000016001,0.7575757575755537
2023-12-19 22:00:00,5,0.0,92.79475982532752,1.900000000001345,-1,1.80000000000069,0.10000000000065512,0.947368421052324
2023-09-18 22:00:00,4,0.0,92.44635193133047,3.5000000000007248,1,0.1999999999990898,3.300000000001635,0.057142857142585254
2024-12-06 21:00:00,4,0.0,92.39999999999998,2.20000000000109,-1,6.699999999999484,-4.499999999998394,3.045454545452802
2024-02-07 21:00:00,1,0.0,90.25,2.2999999999995246,-1,0.700000000000145,1.5999999999993797,0.30434782608708244
2024-11-07 14:30:00,11,26.84356289399415,89.99999999999999,6.120000000000569,1,3.1399999999992545,2.980000000001315,0.513071895424667
2024-11-18 22:00:00,4,0.0,89.06386701662292,4.250000000001197,1,1.749999999998142,2.5000000000030553,0.41176470588179975
2023-05-23 16:00:00,6,20.88399757339171,87.5,10.599999999998388,1,1.9999999999997797,8.599999999998609,0.18867924528302676
2025-06-05 14:30:00,16,29.10611136021945,87.49999999999999,4.8000000000003595,-1,10.099999999999554,-5.299999999999194,2.104166666666416
2023-08-03 14:30:00,8,26.84356289399415,85.00000000000001,22.400000000000198,1,17.700000000000493,4.699999999999704,0.7901785714285865
2025-03-25 21:30:00,1,0.0,83.99999999999999,3.0999999999981043,1,1.9999999999997797,1.0999999999983245,0.6451612903229041
2024-03-05 22:30:00,1,0.0,83.73076923076923,2.60000000000149,-1,0.9999999999998899,1.6000000000016001,0.38461538461512185
2025-06-11 16:30:00,12,25.199964392161,82.2,12.700000000001044,1,3.5000000000007248,9.200000000000319,0.2755905511811368
2023-05-25 17:00:00,2,0.0,81.81818181818183,3.2999999999994145,1,8.699999999999264,-5.399999999999849,2.636363636363881
2025-01-28 16:00:00,6,22.95123044865877,80.95238095238095,3.900000000001125,1,0.2999999999997449,3.60000000000138,0.07692307692298933
2024-05-28 15:00:00,6,0.0,80.0,2.80000000000058,1,2.500000000000835,0.2999999999997449,0.8928571428572561
2023-10-13 14:30:00,6,28.822567457072772,80.0,8.299999999998864,1,5.800000000000249,2.4999999999986144,0.6987951807230173
2024-11-01 15:00:00,6,100.0,80.0,12.680000000000469,-1,1.3700000000005375,11.309999999999931,0.10804416403789328
2023-07-06 21:00:00,6,0.0,79.9576570218772,2.80000000000058,1,2.20000000000109,0.5999999999994898,0.7857142857145123
2025-05-06 22:30:00,1,0.0,79.60000000000001,3.8999999999989043,1,4.499999999998394,-0.5999999999994898,1.1538461538460663
2024-08-06 22:30:00,1,0.0,78.82352941176471,1.3000000000018552,-1,3.700000000002035,-2.4000000000001798,2.8461538461513496
2023-02-01 16:30:00,8,31.176641257616115,78.64077669902913,8.399999999999519,1,7.699999999999374,0.700000000000145,0.9166666666666446
2024-06-18 22:00:00,4,0.0,78.40579710144927,1.5999999999993797,1,1.40000000000029,0.1999999999990898,0.8750000000005205
2024-04-17 22:00:00,4,0.0,77.86069651741292,2.900000000001235,-1,2.900000000001235,0.0,1.0
2023-07-20 14:30:00,6,26.84356289399415,77.77777777777779,8.399999999999519,-1,0.9999999999998899,7.399999999999629,0.11904761904761275
2025-07-03 16:00:00,26,34.56334238915411,77.77777777777777,28.099999999999792,-1,1.80000000000069,26.299999999999102,0.06405693950180438
2023-07-18 22:00:00,2,0.0,76.58802177858439,2.80000000000058,1,0.9000000000014552,1.8999999999991246,0.3214285714290246
2023-07-13 18:30:00,8,27.133173317859306,75.00000000000001,3.60000000000138,-1,3.1000000000003247,0.5000000000010552,0.8611111111108712
2023-10-19 16:00:00,4,19.677570075850348,74.99999999999997,7.999999999999119,-1,1.1999999999989797,6.800000000000139,0.14999999999988897
2024-01-26 14:30:00,11,25.206393585313748,74.99999999999997,9.299999999998754,-1,11.200000000000099,-1.900000000001345,1.204301075268989
2022-12-01 19:30:00,7,26.84356289399415,74.99999999999997,4.20000000000087,-1,1.0000000000021103,3.1999999999987594,0.23809523809569125
2024-06-04 16:00:00,5,26.55913179216532,74.99999999999997,11.499999999999844,-1,4.500000000000615,6.999999999999229,0.3913043478261457
2023-07-26 16:30:00,3,0.0,74.44633730834752,5.1000000000001044,1,6.699999999999484,-1.5999999999993797,1.3137254901959503
2024-11-05 22:30:00,1,0.0,74.0,2.2799999999989495,1,2.2999999999995246,-0.020000000000575113,1.0087719298248177
2022-10-20 14:30:00,8,26.84356289399415,73.99999999999999,27.500000000000302,-1,1.2000000000000899,26.30000000000021,0.04363636363636642
2025-05-30 17:00:00,3,9.078303333571974,72.7272727272727,6.599999999998829,1,5.299999999999194,1.2999999999996348,0.8030303030303234
2023-06-02 18:30:00,7,61.492477137506555,71.51515151515152,2.300000000001745,-1,3.4000000000000696,-1.0999999999983245,1.4782608695641262
2023-08-02 14:15:00,1,0.0,71.42857142857143,7.800000000000029,1,15.799999999999148,-7.999999999999119,2.0256410256409088
2024-04-17 16:30:00,9,0.0,70.93749999999999,4.299999999999304,-1,1.4999999999987246,2.80000000000058,0.3488372093020854
2024-08-15 22:00:00,4,0.0,70.69271758436945,1.4500000000006175,-1,0.15000000000098268,1.2999999999996348,0.10344827586270262
2025-07-18 14:30:00,2,17.50579112239943,70.37037037037035,1.8999999999991246,-1,2.4000000000001798,-0.5000000000010552,1.2631578947375186
2023-09-28 14:30:00,20,33.282053649144096,68.75,15.100000000001224,-1,9.199999999998099,5.900000000003125,0.6092715231786326
2024-02-06 22:30:00,1,0.0,68.40131270511017,1.7999999999984695,1,1.7000000000000348,0.09999999999843467,0.9444444444452669
2025-06-04 14:15:00,1,0.0,67.82608695652173,11.900000000000244,1,3.5000000000007248,8.399999999999519,0.2941176470588784
2024-02-21 22:30:00,1,0.0,66.77524429967427,1.9999999999997797,1,3.0999999999981043,-1.0999999999983245,1.5499999999992229
2024-10-21 16:00:00,2,0.0,66.66666666666667,2.3799999999996047,-1,4.990000000000272,-2.6100000000006673,2.0966386554626473
2023-08-08 16:00:00,7,30.886023743354997,66.66666666666667,6.199999999998429,-1,13.699999999998713,-7.500000000000284,2.209677419355191
2024-07-16 16:00:00,5,26.483600012468738,66.66666666666667,6.500000000000394,-1,1.7999999999984695,4.700000000001925,0.27692307692282464
2025-02-12 14:30:00,8,45.70384828422969,66.66666666666667,9.700000000001374,-1,14.100000000001334,-4.3999999999999595,1.453608247422612
2023-05-05 14:30:00,11,61.492477137506555,66.66666666666667,16.700000000000603,1,19.700000000000273,-2.9999999999996696,1.179640718562848
2023-10-11 14:30:00,10,27.133173317859306,66.66666666666667,16.80000000000126,1,10.599999999998388,6.20000000000287,0.6309523809522378
2024-06-21 16:00:00,4,19.677570075850348,66.66666666666667,7.800000000000029,1,1.4999999999987246,6.300000000001305,0.19230769230752806
2025-01-14 14:30:00,9,26.730606915833615,66.66666666666666,11.300000000000754,-1,1.1999999999989797,10.100000000001774,0.10619469026538934
2024-01-22 16:00:00,4,0.0,66.66666666666666,9.799999999999809,1,5.499999999998284,4.300000000001525,0.5612244897957542
2025-04-29 15:00:00,8,0.0,66.66666666666666,9.500000000000064,-1,6.399999999999739,3.1000000000003247,0.6736842105262838
2024-04-22 14:30:00,7,20.713211827077785,66.66666666666666,1.7999999999984695,-1,0.8000000000008001,0.9999999999976694,0.4444444444452668
2025-06-11 14:30:00,12,50.99833830084667,66.66666666666666,16.899999999999693,1,26.199999999998447,-9.299999999998754,1.5502958579881019
2024-08-02 16:00:00,4,26.55913179216532,66.66666666666666,4.750000000000032,1,5.299999999999194,-0.5499999999991623,1.1157894736840335
2025-06-12 14:30:00,13,26.84356289399415,66.66666666666666,10.300000000000864,-1,3.1000000000003247,7.200000000000539,0.3009708737864141
2022-12-14 21:30:00,6,0.0,65.65954310980105,20.199999999999108,1,6.999999999999229,13.199999999999878,0.3465346534653237
2022-12-07 03:30:00,2,0.0,65.44799176107107,5.1000000000001044,-1,4.3999999999999595,0.700000000000145,0.8627450980391901
2023-05-18 14:30:00,6,26.84356289399415,65.38461538461537,14.099999999999113,-1,1.8999999999991246,12.199999999999989,0.1347517730495918
2025-06-06 21:00:00,2,0.0,64.7004608294931,2.6999999999999247,1,1.40000000000029,1.2999999999996348,0.5185185185186404
2023-07-19 02:30:00,1,0.0,64.57777777777777,2.100000000000435,-1,1.2000000000012,0.8999999999992347,0.5714285714290246
2023-05-31 16:30:00,3,0.0,64.28571428571429,13.099999999999223,1,17.300000000000093,-4.20000000000087,1.3206106870229861
2023-07-11 01:00:00,3,0.0,64.24691358024691,3.0999999999981043,1,0.09999999999843467,2.9999999999996696,0.032258064515643815
2023-06-28 02:30:00,1,0.0,64.14451261077026,4.500000000000615,-1,1.5999999999993797,2.900000000001235,0.35555555555536916
2025-05-01 13:30:00,2,0.0,63.64103448275862,8.799999999999919,-1,9.599999999998499,-0.7999999999985796,1.0909090909089303
2023-06-01 14:15:00,1,0.0,63.52941176470588,11.499999999999844,1,2.6999999999999247,8.799999999999919,0.23478260869564882
2024-05-02 14:30:00,16,28.94826008533708,62.5,14.399999999998858,1,14.199999999999768,0.1999999999990898,0.9861111111111732
2025-06-24 16:00:00,9,37.866958563025875,62.5,21.200000000001218,1,18.400000000000638,2.80000000000058,0.8679245283018671
2023-05-06 01:00:00,1,0.0,60.66666666666668,22.999999999999687,1,17.000000000000348,5.999999999999339,0.7391304347826338
2023-04-24 20:30:00,1,0.0,60.273972602739725,5.999999999999339,-1,1.5999999999993797,4.3999999999999595,0.26666666666659267
2023-07-18 18:30:00,6,28.542650278268667,60.0,10.40000000000152,-1,3.0999999999981043,7.300000000003415,0.29807692307669725
2024-04-25 17:00:00,3,0.0,60.0,4.8000000000003595,-1,10.099999999999554,-5.299999999999194,2.104166666666416
2024-05-03 14:30:00,12,67.6438161052937,60.0,12.400000000001299,-1,0.3999999999981796,12.00000000000312,0.032258064515978846
2024-06-07 14:30:00,22,67.6438161052937,60.0,22.999999999999687,-1,4.100000000000215,18.899999999999473,0.17826086956522916
2023-11-28 22:30:00,1,0.0,59.150000000000006,5.20000000000076,1,1.7999999999984695,3.40000000000229,0.34615384615350125
2025-08-29 17:00:00,3,9.078303333571974,59.09090909090908,6.599999999998829,-1,1.1999999999989797,5.399999999999849,0.18181818181805948
2024-11-07 21:00:00,2,0.0,58.620689655172406,26.119999999998367,1,5.4499999999979565,20.67000000000041,0.20865237365996545
2025-02-04 22:30:00,1,0.0,58.51735015772872,1.7000000000000348,1,0.40000000000040004,1.2999999999996348,0.23529411764728933
2025-09-08 21:00:00,3,0.0,58.51485148514853,2.5999999999992696,1,2.4000000000001798,0.1999999999990898,0.9230769230772515
2023-06-01 17:00:00,6,53.96565821749796,58.35010060362173,9.600000000000719,1,1.80000000000069,7.800000000000029,0.18750000000005781
2025-04-16 15:15:00,7,20.23593490359507,58.333333333333336,9.799999999999809,1,8.399999999999519,1.40000000000029,0.8571428571428248
2024-05-07 21:00:00,1,0.0,58.20000000000001,2.20000000000109,1,1.100000000000545,1.100000000000545,0.5
2024-07-23 22:30:00,1,0.0,57.894736842105246,1.5999999999993797,1,0.4999999999988347,1.100000000000545,0.3124999999993928
2022-12-07 16:30:00,2,0.0,56.94402420574887,20.599999999999508,-1,2.4999999999986144,18.100000000000893,0.12135922330090651
2023-01-05 19:15:00,1,0.0,56.666666666666664,13.900000000000023,1,5.5000000000005045,8.399999999999519,0.3956834532374457
2023-12-12 22:30:00,1,0.0,56.600000000000016,0.9999999999998899,1,2.500000000000835,-1.500000000000945,2.5000000000011102
2025-07-02 13:30:00,2,0.0,56.36454545454546,7.699999999999374,-1,5.9000000000009045,1.7999999999984695,0.766233766233946
2025-01-28 16:30:00,2,0.0,56.15384615384615,6.900000000000794,-1,2.9999999999996696,3.900000000001125,0.43478260869555424
2024-05-15 14:30:00,15,45.85630258750297,55.99999999999999,11.700000000001154,-1,6.00000000000156,5.699999999999594,0.5128205128205956
2022-09-21 02:30:00,1,0.0,55.40715208961655,8.099999999999774,-1,4.1999999999997595,3.9000000000000146,0.5185185185185033
2023-01-25 16:30:00,4,0.0,54.772524531668154,15.000000000000568,-1,6.900000000000794,8.099999999999774,0.46000000000003555
2025-04-16 16:30:00,12,25.199964392161,54.25000000000001,5.299999999999194,-1,20.899999999999253,-15.600000000000058,3.943396226415553
2025-05-01 18:00:00,6,9.078303333571974,54.166666666666664,7.399999999999629,1,2.9999999999996696,4.3999999999999595,0.40540540540538106
2023-02-08 02:00:00,1,0.0,53.76,3.2999999999994145,-1,2.8999999999990145,0.40000000000040004,0.878787878787736
2025-07-08 21:00:00,3,0.0,53.63636363636364,2.60000000000149,-1,0.8999999999992347,1.7000000000022553,0.34615384615335343
2024-09-05 16:30:00,1,0.0,53.57142857142857,9.249999999998426,-1,1.3999999999980695,7.850000000000357,0.1513513513511684
2025-08-07 16:30:00,3,0.0,53.333333333333336,10.799999999999699,-1,4.8000000000003595,5.999999999999339,0.4444444444444901
2023-07-26 20:30:00,7,0.0,53.15852205005959,38.599999999999746,1,5.700000000001815,32.89999999999793,0.1476683937824314
2024-12-31 22:30:00,1,0.0,51.93333333333333,1.40000000000029,-1,4.599999999999049,-3.1999999999987594,3.2857142857129262
2025-02-19 22:30:00,1,0.0,51.8181818181818,0.9999999999998899,-1,1.100000000000545,-0.10000000000065512,1.1000000000006662
2025-02-18 22:00:00,4,0.0,51.710261569416495,2.2999999999995246,1,3.4000000000000696,-1.100000000000545,1.4782608695655532
2024-04-05 14:30:00,19,67.6438161052937,51.5,11.499999999999844,1,5.800000000000249,5.699999999999594,0.504347826086985
2024-01-18 14:30:00,15,26.84356289399415,51.42857142857142,12.399999999999078,1,19.199999999999218,-6.800000000000139,1.5483870967742455
2025-07-01 16:30:00,2,0.0,51.11111111111111,16.899999999999693,-1,1.5999999999993797,15.300000000000313,0.09467455621298276
2025-01-17 22:00:00,4,0.0,50.594121325828645,3.6999999999998145,-1,1.900000000001345,1.7999999999984695,0.5135135135139027
2024-08-01 13:30:00,3,31.730540975391026,50.22115384615384,3.849999999998577,-1,3.949999999999232,-0.10000000000065512,1.0259740259742058
2023-05-04 18:30:00,7,28.94826008533708,50.000000000000014,8.300000000001084,1,4.699999999999704,3.60000000000138,0.5662650602408542
2023-07-03 20:00:00,6,100.0,50.000000000000014,3.0999999999981043,1,1.2999999999996348,1.7999999999984695,0.41935483870981605
2024-10-09 16:00:00,3,30.886023743354997,50.0,4.589999999999872,1,4.109999999999392,0.48000000000048004,0.8954248366011996
2022-12-23 14:30:00,5,25.206393585313748,50.0,19.100000000000783,1,22.100000000000453,-2.9999999999996696,1.1570680628272014
2024-10-03 16:00:00,8,32.4907400778474,50.0,14.990000000001391,-1,4.92000000000159,10.069999999999801,0.32821881254177004
2023-06-08 20:00:00,2,30.886023743354997,50.0,1.6000000000016001,1,1.2999999999996348,0.30000000000196536,0.8124999999989592
2023-06-13 14:30:00,5,46.131002713643156,50.0,9.500000000000064,1,7.500000000000284,1.9999999999997797,0.789473684210551
2023-06-30 14:30:00,9,25.206393585313748,50.0,13.099999999999223,1,5.700000000001815,7.399999999997409,0.4351145038169582
2024-12-17 14:30:00,16,28.542650278268667,50.0,7.399999999999629,-1,13.299999999998313,-5.899999999998684,1.7972972972971595
2024-09-24 15:00:00,8,0.0,50.0,3.4399999999989994,-1,4.089999999998817,-0.6499999999998174,1.188953488372095
2024-12-04 16:00:00,25,38.147864848468856,50.0,13.099999999999223,1,11.100000000001664,1.9999999999975593,0.8473282442749864
2025-09-10 16:00:00,4,30.886023743354997,50.0,3.9999999999995595,1,5.5000000000005045,-1.500000000000945,1.3750000000002776
2023-03-15 19:00:00,6,26.483600012468738,50.0,4.00000000000178,-1,35.100000000001245,-31.099999999999465,8.774999999996407
2024-10-11 14:30:00,18,52.04139621094228,50.0,12.360000000000149,-1,5.1000000000001044,7.260000000000044,0.41262135922330445
2024-09-27 14:30:00,17,30.886023743354997,50.0,20.979999999999333,1,13.549999999999951,7.4299999999993815,0.645853193517654
2024-08-01 14:30:00,10,26.84356289399415,50.0,6.5499999999985015,1,11.399999999999189,-4.850000000000687,1.7404580152674498
2024-09-05 14:30:00,9,26.84356289399415,50.0,12.100000000001554,-1,1.7000000000000348,10.40000000000152,0.14049586776857986
2025-02-04 16:00:00,12,38.147864848468856,50.0,14.100000000001334,-1,12.100000000001554,1.9999999999997797,0.8581560283688233
2025-05-15 16:00:00,8,26.483600012468738,50.0,6.6000000000010495,1,22.400000000000198,-15.799999999999148,3.393939393938884
2023-04-10 20:00:00,2,30.886023743354997,50.0,3.4000000000000696,-1,2.300000000001745,1.0999999999983245,0.6764705882357935
2023-04-12 18:30:00,10,46.131002713643156,50.0,4.299999999999304,-1,7.399999999999629,-3.1000000000003247,1.7209302325583318
2024-12-20 14:30:00,15,25.206393585313748,50.0,6.899999999998574,1,9.200000000000319,-2.300000000001745,1.3333333333336552
2023-07-13 14:30:00,4,27.133173317859306,50.0,19.499999999998963,-1,15.399999999998748,4.100000000000215,0.7897435897435675
2022-11-03 17:30:00,8,26.84356289399415,50.0,8.20000000000043,-1,6.599999999999939,1.60000000000049,0.8048780487804382
2023-06-05 20:00:00,3,26.55913179216532,50.0,2.6999999999999247,-1,4.20000000000087,-1.500000000000945,1.555555555555921
2024-06-07 16:00:00,2,30.886023743354997,50.0,6.399999999999739,-1,3.8000000000004697,2.5999999999992696,0.5937500000000976
2023-08-03 16:00:00,4,32.4907400778474,50.0,10.000000000001119,1,3.0999999999981043,6.900000000003015,0.30999999999977573
2025-03-25 14:00:00,11,0.0,50.0,1.80000000000069,1,4.20000000000087,-2.4000000000001798,2.3333333333329223
2023-05-16 18:30:00,13,28.542650278268667,50.0,4.999999999999449,1,3.6999999999998145,1.2999999999996348,0.7400000000000444
2024-02-13 14:30:00,9,46.131002713643156,49.999999999999986,32.399999999999096,-1,10.799999999999699,21.599999999999397,0.3333333333333333
2023-04-28 18:30:00,18,25.958114630865403,49.999999999999986,2.4000000000001798,-1,2.9999999999996696,-0.5999999999994898,1.2499999999997686
2025-07-21 16:00:00,2,0.0,49.999999999999986,15.700000000000713,1,1.4999999999987246,14.200000000001989,0.09554140127379977
2025-07-01 16:00:00,14,100.0,49.999999999999986,8.00000000000134,-1,9.00000000000123,-0.9999999999998899,1.1249999999999654
2023-09-13 14:30:00,9,46.131002713643156,49.999999999999986,30.600000000000627,1,11.799999999999589,18.800000000001038,0.3856209150326584
2023-02-24 19:30:00,14,25.206393585313748,49.999999999999986,3.5000000000007248,-1,3.1999999999987594,0.30000000000196536,0.9142857142851705
2022-12-09 14:30:00,2,27.133173317859306,49.999999999999986,31.800000000001827,1,8.40000000000174,23.400000000000087,0.26415094339626594
2024-01-11 14:30:00,12,46.131002713643156,49.999999999999986,18.500000000001293,-1,8.500000000000174,10.000000000001119,0.4594594594594367
2023-03-31 18:30:00,12,25.206393585313748,49.999999999999986,3.1000000000003247,-1,9.500000000000064,-6.399999999999739,3.064516129031958
2023-08-11 14:30:00,6,27.133173317859306,49.999999999999986,13.199999999999878,-1,7.500000000000284,5.699999999999594,0.568181818181845
2024-08-30 14:30:00,15,25.206393585313748,49.999999999999986,2.6999999999999247,1,1.500000000000945,1.1999999999989797,0.5555555555559211
2025-01-28 15:00:00,6,0.0,49.999999999999986,4.00000000000178,-1,10.100000000001774,-6.099999999999994,2.52499999999932
2025-01-27 14:30:00,2,21.813098409516527,49.999999999999986,11.900000000000244,1,6.00000000000156,5.899999999998684,0.5042016806723897
2023-11-28 15:00:00,6,0.0,49.999999999999986,7.599999999998719,-1,11.999999999998678,-4.3999999999999595,1.5789473684211448
2025-02-13 14:30:00,13,26.84356289399415,49.999999999999986,27.900000000000702,1,15.300000000000313,12.600000000000389,0.548387096774191
2022-10-28 18:30:00,7,25.958114630865403,49.999999999999986,3.6999999999998145,1,5.20000000000076,-1.500000000000945,1.405405405405681
2025-07-31 14:30:00,15,26.84356289399415,49.999999999999986,5.800000000000249,-1,2.60000000000149,3.1999999999987594,0.4482758620692031
2023-12-01 16:00:00,9,100.0,49.999999999999986,12.199999999999989,1,19.000000000000128,-6.800000000000139,1.5573770491803398
2024-09-11 14:30:00,9,46.131002713643156,49.999999999999986,17.75000000000082,-1,13.400000000001189,4.349999999999632,0.7549295774648208
2025-02-25 16:30:00,2,0.0,48.88888888888889,10.300000000000864,-1,7.800000000000029,2.500000000000835,0.7572815533979975
2025-03-27 15:30:00,1,0.0,48.0,4.100000000000215,1,7.0000000000014495,-2.900000000001235,1.707317073170996
2025-04-02 14:15:00,1,0.0,47.61904761904761,13.199999999999878,1,3.6999999999998145,9.500000000000064,0.28030303030301884
2023-05-18 18:30:00,7,26.84356289399415,47.474747474747474,2.5999999999992696,-1,0.9000000000014552,1.6999999999978144,0.34615384615450306
2025-03-20 13:30:00,15,37.866958563025875,47.05882352941176,5.9000000000009045,1,11.900000000000244,-5.999999999999339,2.016949152542105
2023-01-05 22:00:00,8,0.0,46.79376083188909,6.00000000000156,-1,1.900000000001345,4.100000000000215,0.31666666666680854
2024-12-10 14:30:00,5,21.34635996767719,46.666666666666664,4.60000000000127,1,5.399999999999849,-0.7999999999985796,1.1739130434779042
2025-02-12 20:00:00,2,15.270367803799608,46.42451759364359,3.9999999999995595,-1,5.199999999998539,-1.1999999999989797,1.299999999999778
2025-04-30 14:15:00,1,0.0,46.08695652173913,9.399999999999409,-1,13.300000000000534,-3.900000000001125,1.4148936170214224
2025-03-05 14:15:00,1,0.0,45.0,5.5000000000005045,-1,8.299999999998864,-2.7999999999983594,1.5090909090905642
2025-04-03 13:30:00,3,40.40641920788571,44.86315789473685,28.799999999999937,1,1.40000000000029,27.399999999999647,0.048611111111121284
2024-10-30 13:30:00,15,33.282053649144096,44.44444444444445,6.779999999999564,1,0.5199999999994098,6.260000000000154,0.0766961651916583
2024-11-20 16:30:00,11,0.0,43.0,8.950000000000902,-1,1.7800000000001148,7.170000000000787,0.1988826815642386
2023-12-07 21:00:00,1,0.0,43.0,1.2000000000012,1,3.1999999999987594,-1.9999999999975593,2.666666666662966
2022-12-05 21:00:00,2,34.56334238915411,42.85714285714287,3.5000000000007248,1,16.599999999999948,-13.099999999999223,4.742857142856146
2023-06-29 18:30:00,18,33.282053649144096,42.85714285714287,2.2999999999995246,-1,7.7000000000015945,-5.40000000000207,3.347826086957907
2025-04-02 16:00:00,8,26.55913179216532,42.85714285714285,3.4999999999985043,1,6.499999999998174,-2.9999999999996696,1.857142857143129
2025-08-26 22:30:00,1,0.0,42.705882352941174,6.500000000000394,1,3.5999999999991594,2.900000000001235,0.5538461538459909
2024-01-04 14:15:00,1,0.0,42.608695652173914,7.800000000000029,-1,0.5999999999994898,7.200000000000539,0.07692307692301123
2022-12-21 16:00:00,2,19.677570075850348,42.59259259259259,15.099999999999003,1,4.100000000000215,10.999999999998789,0.27152317880797916
2024-08-01 16:30:00,1,0.0,41.935483870967744,7.3499999999993015,-1,2.4500000000005073,4.899999999998794,0.333333333333434
2023-10-04 14:15:00,1,0.0,41.830065359477125,8.999999999999009,-1,15.899999999999803,-6.900000000000794,1.7666666666668394
2024-06-07 21:00:00,1,0.0,41.81818181818181,3.5000000000007248,-1,1.500000000000945,1.9999999999997797,0.42857142857160985
2024-10-31 12:30:00,5,0.0,41.47684210526316,3.569999999999407,-1,7.440000000000779,-3.8700000000013723,2.0840336134459427
2025-08-21 16:30:00,1,0.0,40.909090909090914,15.899999999999803,-1,10.900000000000354,4.999999999999449,0.6855345911949993
2025-08-12 20:00:00,2,15.270367803799608,40.78374455732947,8.100000000001994,1,11.000000000001009,-2.8999999999990145,1.358024691357815
2023-10-19 14:30:00,15,26.84356289399415,40.62499999999999,6.200000000000649,1,2.8999999999990145,3.300000000001635,0.467741935483663
2023-02-01 19:15:00,1,0.0,40.44943820224719,2.80000000000058,1,4.8000000000003595,-1.9999999999997797,1.7142857142854877
2023-05-17 16:30:00,3,0.0,40.35087719298245,4.999999999999449,-1,3.6999999999998145,1.2999999999996348,0.7400000000000444
2025-01-09 13:30:00,2,0.0,40.32,4.500000000000615,-1,5.399999999999849,-0.8999999999992347,1.1999999999998026
2025-07-03 14:30:00,20,67.6438161052937,40.0,13.499999999999623,1,10.499999999999954,2.9999999999996696,0.777777777777796
2023-07-28 14:30:00,16,25.958114630865403,40.0,16.199999999999548,-1,1.40000000000029,14.799999999999258,0.08641975308644007
2023-10-27 14:30:00,10,25.206393585313748,39.99999999999999,6.099999999999994,-1,23.999999999999577,-17.899999999999583,3.934426229508131
2023-04-04 20:00:00,7,26.55913179216532,39.99999999999999,3.5999999999991594,-1,3.2999999999994145,0.2999999999997449,0.916666666666718
2024-04-02 16:00:00,5,26.55913179216532,39.99999999999999,8.900000000000574,1,0.700000000000145,8.20000000000043,0.07865168539326964
2025-01-31 14:30:00,10,25.958114630865403,39.99999999999999,2.900000000001235,-1,0.5000000000010552,2.4000000000001798,0.1724137931037387
2025-04-21 16:00:00,3,0.0,39.99999999999999,13.900000000000023,-1,3.900000000001125,9.999999999998899,0.2805755395684258
2023-09-01 16:00:00,6,100.0,39.99999999999999,14.799999999999258,1,30.199999999998006,-15.399999999998748,2.040540540540508
2025-04-10 20:00:00,2,15.270367803799608,38.91285591026746,12.600000000000389,-1,36.500000000001535,-23.900000000001146,2.896825396825429
2024-06-12 20:00:00,13,75.71116767335741,38.800000000000004,7.300000000001194,-1,11.600000000000499,-4.299999999999304,1.5890410958902192
2025-05-27 16:30:00,1,0.0,38.8,8.099999999999774,-1,0.10000000000065512,7.999999999999119,0.012345679012426903
2024-06-11 22:30:00,1,0.0,38.74285714285714,1.7000000000000348,-1,0.9999999999998899,0.700000000000145,0.5882352941175703
2025-07-30 14:15:00,1,0.0,38.666666666666664,7.600000000000939,-1,20.899999999999253,-13.299999999998313,2.7499999999995617
2023-01-19 17:00:00,6,0.0,37.72241992882563,8.699999999999264,1,3.1999999999987594,5.5000000000005045,0.3678160919539115
2024-10-23 16:00:00,5,33.332893730382715,37.50000000000001,5.319999999999769,1,0.40000000000040004,4.919999999999369,0.07518796992489049
2023-10-31 14:00:00,6,0.0,37.50000000000001,10.600000000000609,-1,10.900000000000354,-0.2999999999997449,1.0283018867924272
2022-12-09 21:00:00,4,30.886023743354997,37.50000000000001,2.500000000000835,-1,4.900000000001015,-2.4000000000001798,1.9599999999997513
2023-08-08 01:00:00,2,0.0,37.30769230769232,1.4999999999987246,-1,2.4000000000001798,-0.9000000000014552,1.6000000000014802
2022-09-27 20:00:00,5,20.88399757339171,37.000000000000014,4.8000000000003595,-1,1.4999999999998348,3.3000000000005247,0.31249999999994216
2022-11-30 14:15:00,1,0.0,36.5,10.499999999999954,-1,6.699999999999484,3.8000000000004697,0.6380952380951918
2025-03-31 16:30:00,1,0.0,35.83333333333334,7.800000000000029,-1,14.600000000000168,-6.800000000000139,1.8717948717948865
2025-04-24 16:30:00,1,0.0,35.38461538461539,3.9999999999995595,-1,6.00000000000156,-2.000000000002,1.5000000000005551
2023-09-08 21:00:00,1,0.0,35.0,1.2999999999996348,1,1.2999999999996348,0.0,1.0
2024-10-01 16:30:00,2,0.0,35.0,4.490000000001437,1,4.060000000001285,0.4300000000001525,0.904231625835186
2025-02-03 18:00:00,3,9.078303333571974,34.48275862068966,8.20000000000043,-1,11.900000000000244,-3.6999999999998145,1.4512195121950757
2023-10-16 14:30:00,3,35.00725344868514,34.28571428571429,6.200000000000649,1,3.8000000000004697,2.4000000000001798,0.6129032258064632
2025-04-11 16:00:00,8,30.075435866325535,34.0,25.000000000001688,1,6.700000000001705,18.299999999999983,0.2680000000000501
2023-11-15 16:00:00,5,26.483600012468738,33.33333333333335,6.800000000000139,1,3.8999999999989043,2.900000000001235,0.573529411764533
2023-12-08 14:30:00,13,67.6438161052937,33.33333333333335,37.39999999999854,1,17.400000000000748,19.999999999997794,0.4652406417112681
2023-10-17 16:00:00,6,26.483600012468738,33.33333333333335,21.100000000000563,1,5.599999999998939,15.500000000001624,0.26540284360183836
2022-12-07 19:30:00,2,20.467583678421647,33.33333333333335,3.4000000000000696,1,11.900000000000244,-8.500000000000174,3.5
2025-01-06 16:00:00,7,26.55913179216532,33.33333333333335,12.499999999999734,-1,0.9999999999998899,11.499999999999844,0.0799999999999929
2024-02-20 16:00:00,2,0.0,33.33333333333335,6.00000000000156,-1,3.8000000000004697,2.20000000000109,0.6333333333332469
2023-05-26 18:30:00,2,25.206393585313748,33.33333333333335,3.1000000000003247,-1,4.8000000000003595,-1.7000000000000348,1.5483870967741473
2023-05-12 18:30:00,6,28.822567457072772,33.33333333333335,3.1000000000003247,-1,2.20000000000109,0.8999999999992347,0.709677419355116
2024-09-17 16:00:00,6,26.483600012468738,33.33333333333335,8.850000000000247,1,3.949999999999232,4.900000000001015,0.44632768361572
2023-07-07 14:30:00,5,61.33895365705695,33.33333333333335,27.800000000000047,1,22.100000000000453,5.699999999999594,0.7949640287769933
2024-04-12 14:30:00,6,28.822567457072772,33.33333333333335,11.599999999998278,-1,3.4999999999985043,8.099999999999774,0.3017241379309503
2023-10-12 14:30:00,13,46.131002713643156,33.33333333333335,31.000000000001027,-1,5.1000000000001044,25.900000000000922,0.164516129032256
2024-03-12 13:30:00,9,46.131002713643156,33.33333333333335,18.400000000000638,1,19.100000000000783,-0.700000000000145,1.038043478260876
2024-04-15 16:00:00,7,26.483600012468738,33.33333333333335,10.700000000001264,-1,1.500000000000945,9.200000000000319,0.14018691588792223
2024-04-26 14:30:00,11,25.206393585313748,33.33333333333335,6.099999999999994,-1,1.40000000000029,4.699999999999704,0.22950819672135922
2024-12-06 14:30:00,8,61.492477137506555,33.33333333333335,28.599999999998627,1,18.899999999999473,9.699999999999154,0.6608391608391742
2025-09-11 14:30:00,15,46.131002713643156,33.33333333333335,18.899999999999473,1,1.5999999999993797,17.300000000000093,0.0846560846560542
2024-01-05 14:30:00,18,67.6438161052937,33.33333333333335,35.70000000000073,1,10.099999999999554,25.600000000001174,0.2829131652660882
2024-03-07 14:30:00,16,28.94826008533708,33.33333333333333,9.500000000000064,-1,3.0999999999981043,6.40000000000196,0.32631578947348244
2023-07-12 14:30:00,3,46.131002713643156,33.33333333333333,9.699999999999154,1,12.399999999999078,-2.6999999999999247,1.278350515463934
2024-06-17 14:30:00,3,35.00725344868514,33.33333333333333,3.2999999999994145,-1,6.900000000000794,-3.60000000000138,2.090909090909703
2024-04-24 14:30:00,11,23.879877944240754,33.33333333333333,6.900000000000794,-1,5.800000000000249,1.100000000000545,0.8405797101448669
2025-03-27 15:00:00,3,0.0,33.33333333333333,5.1000000000001044,1,6.700000000001705,-1.6000000000016001,1.3137254901963857
2024-06-28 14:30:00,13,25.206393585313748,33.33333333333333,11.300000000000754,-1,8.099999999999774,3.20000000000098,0.7168141592919676
2025-05-13 14:30:00,11,46.131002713643156,33.33333333333333,9.099999999999664,1,0.5999999999994898,8.500000000000174,0.06593406593401231
2023-04-14 20:00:00,9,26.483600012468738,33.33333333333333,2.5999999999992696,1,1.6000000000016001,0.9999999999976694,0.6153846153854037
2023-11-14 14:30:00,10,46.131002713643156,33.33333333333333,21.600000000001618,1,4.500000000000615,17.100000000001003,0.2083333333333462
2023-12-15 15:15:00,7,20.23593490359507,33.33333333333333,5.899999999998684,1,9.799999999999809,-3.900000000001125,1.6610169491528803
2025-03-05 16:00:00,8,32.4907400778474,33.33333333333333,12.699999999998823,-1,12.699999999998823,0.0,1.0
2025-04-17 16:30:00,3,9.078303333571974,33.33333333333333,8.900000000000574,-1,18.100000000000893,-9.200000000000319,2.0337078651685085
2024-09-09 16:00:00,4,30.886023743354997,33.33333333333333,8.950000000000902,-1,3.1500000000006523,5.800000000000249,0.35195530726260726
2024-07-18 16:00:00,3,0.0,33.33333333333333,4.3999999999999595,-1,2.8999999999990145,1.500000000000945,0.6590909090906911
2022-12-13 14:30:00,1,44.414844512436375,33.33333333333333,21.299999999999653,1,3.2999999999994145,18.000000000000238,0.15492957746476377
2024-06-25 15:00:00,7,0.0,33.33333333333333,5.299999999999194,1,10.599999999998388,-5.299999999999194,2.0
2023-07-18 14:30:00,12,28.542650278268667,33.33333333333333,33.799999999999386,-1,13.099999999999223,20.700000000000163,0.38757396449702547
2024-01-02 16:00:00,4,100.0,33.33333333333333,11.900000000000244,-1,1.100000000000545,10.799999999999699,0.09243697478995987
2023-05-11 18:30:00,7,27.133173317859306,33.33333333333333,1.8999999999991246,-1,0.8000000000008001,1.0999999999983245,0.42105263157956246
2024-10-24 17:00:00,6,15.588320628808058,33.33333333333333,1.8100000000020877,1,0.5100000000002325,1.3000000000018552,0.2817679558009084
2023-12-06 14:30:00,11,28.94826008533708,33.33333333333333,6.200000000000649,1,4.299999999999304,1.900000000001345,0.6935483870965894
2023-07-12 18:30:00,6,45.85630258750297,33.33333333333333,3.4000000000000696,1,0.700000000000145,2.6999999999999247,0.20588235294121487
2024-04-11 14:30:00,15,27.133173317859306,33.33333333333333,8.00000000000134,1,5.699999999999594,2.300000000001745,0.71249999999983
2025-06-18 14:30:00,5,26.84356289399415,33.33333333333333,4.699999999999704,-1,0.1999999999990898,4.500000000000615,0.042553191489170715
2024-06-12 14:30:00,9,46.131002713643156,33.33333333333333,25.100000000000122,1,1.1999999999989797,23.900000000001143,0.04780876494019816
2024-05-31 14:30:00,16,25.206393585313748,33.33333333333333,15.000000000000568,1,1.0999999999983245,13.900000000002244,0.07333333333321886
2025-04-01 19:00:00,3,9.078303333571974,32.14285714285715,3.00000000000189,1,9.500000000000064,-6.499999999998174,3.166666666664693
2024-09-05 14:15:00,1,0.0,31.724137931034484,10.050000000001447,1,23.250000000001325,-13.199999999999878,2.3134328358206946
2022-10-07 21:00:00,1,0.0,31.591836734693885,2.60000000000038,1,5.600000000000049,-2.9999999999996696,2.1538461538458584
2024-10-24 16:30:00,2,0.0,31.147540983606557,2.5900000000000922,1,3.9200000000017,-1.3300000000016077,1.513513513514116
2025-08-28 16:30:00,4,0.0,30.76923076923077,8.00000000000134,-1,4.999999999999449,3.00000000000189,0.6249999999998266
2024-08-26 16:30:00,1,0.0,30.714285714285722,7.0000000000014495,1,1.100000000000545,5.9000000000009045,0.15714285714290246
2023-07-14 00:00:00,1,14.212383375335397,30.28571428571429,4.100000000000215,1,2.5999999999992696,1.500000000000945,0.6341463414632033
2024-12-05 16:30:00,3,0.0,30.23255813953488,5.60000000000116,-1,20.300000000001983,-14.700000000000824,3.6249999999996034
