event_key,country,occurrences,with_actual,first_seen,last_seen,avg_importance
6 month bill auction,US,177,155,2022-09-19 21:30:00+02:00,2025-12-29 17:30:00+01:00,1.0
3 month bill auction,US,176,154,2022-09-19 21:30:00+02:00,2025-12-29 17:30:00+01:00,1.0056818181818181
4 week bill auction,US,175,153,2022-09-15 21:30:00+02:00,2025-12-25 17:30:00+01:00,1.0
8 week bill auction,US,174,153,2022-09-15 21:30:00+02:00,2025-12-25 17:30:00+01:00,1.0
redbook,US,173,155,2022-09-13 18:55:00+02:00,2025-12-30 14:55:00+01:00,1.0
eia heating oil stocks change,US,173,153,2022-09-14 20:30:00+02:00,2025-12-31 16:30:00+01:00,1.0
6 month btf auction,FR,173,150,2022-09-19 19:00:00+02:00,2025-12-29 15:00:00+01:00,1.0
stock investment by foreigners,JP,173,146,2022-09-15 05:50:00+02:00,2026-01-01 00:50:00+01:00,1.0
baker hughes oil rig count,US,173,155,2022-09-16 23:00:00+02:00,2025-12-26 19:00:00+01:00,1.0
eia crude oil stocks change,US,173,153,2022-09-14 20:30:00+02:00,2025-12-31 16:30:00+01:00,1.0
eia distillate fuel production change,US,173,153,2022-09-14 20:30:00+02:00,2025-12-31 16:30:00+01:00,1.0
eia gasoline stocks change,US,173,153,2022-09-14 20:30:00+02:00,2025-12-31 16:30:00+01:00,1.0
eia refinery crude runs change,US,173,153,2022-09-14 20:30:00+02:00,2025-12-31 16:30:00+01:00,1.0
initial jobless claims,US,173,154,2022-09-15 18:30:00+02:00,2025-12-24 14:30:00+01:00,1.0057803468208093
3 month btf auction,FR,173,150,2022-09-19 19:00:00+02:00,2025-12-29 15:00:00+01:00,1.0
eia natural gas stocks change,US,173,58,2022-09-15 20:30:00+02:00,2025-12-31 18:00:00+01:00,1.0
eia cushing crude oil stocks change,US,173,153,2022-09-14 20:30:00+02:00,2025-12-31 16:30:00+01:00,1.0
jobless claims 4 week average,US,173,154,2022-09-15 18:30:00+02:00,2025-12-24 14:30:00+01:00,1.0
eia crude oil imports change,US,173,153,2022-09-14 20:30:00+02:00,2025-12-31 16:30:00+01:00,1.0
12 month btf auction,FR,173,150,2022-09-19 19:00:00+02:00,2025-12-29 15:00:00+01:00,1.0
eia distillate stocks change,US,173,153,2022-09-14 20:30:00+02:00,2025-12-31 16:30:00+01:00,1.0
eia gasoline production change,US,173,153,2022-09-14 20:30:00+02:00,2025-12-31 16:30:00+01:00,1.0
continuing jobless claims,US,173,154,2022-09-15 18:30:00+02:00,2025-12-24 14:30:00+01:00,1.0
mba purchase index,US,172,152,2022-09-14 17:00:00+02:00,2025-12-31 13:00:00+01:00,1.0
api crude oil stock change,US,172,153,2022-09-14 02:30:00+02:00,2025-12-30 22:30:00+01:00,1.0
mba 30 year mortgage rate,US,171,151,2022-09-14 17:00:00+02:00,2025-12-31 13:00:00+01:00,1.0058479532163742
mba mortgage applications,US,171,151,2022-09-14 17:00:00+02:00,2025-12-31 13:00:00+01:00,1.0
mba mortgage market index,US,171,151,2022-09-14 17:00:00+02:00,2025-12-31 13:00:00+01:00,1.0
mba mortgage refinance index,US,171,151,2022-09-14 17:00:00+02:00,2025-12-31 13:00:00+01:00,1.0
foreign bond investment,JP,168,145,2022-09-15 05:50:00+02:00,2026-01-01 00:50:00+01:00,1.0
17 week bill auction,US,154,144,2022-11-16 22:30:00+01:00,2025-10-29 16:30:00+01:00,1.0
ecb president lagarde speech,EU,144,0,2022-09-20 23:00:00+02:00,2025-09-18 09:10:00+02:00,1.0
30 year mortgage rate,US,136,116,2023-06-01 18:00:00+02:00,2025-12-31 18:00:00+01:00,1.0
15 year mortgage rate,US,136,116,2023-06-01 18:00:00+02:00,2025-12-31 18:00:00+01:00,1.0
ecb guindos speech,EU,101,0,2022-09-15 15:15:00+02:00,2025-09-18 10:00:00+02:00,1.0
ecb lane speech,EU,95,0,2022-09-14 17:00:00+02:00,2025-07-09 12:45:00+02:00,1.0
harmonised inflation rate,ES,87,78,2022-09-13 13:00:00+02:00,2025-12-30 09:00:00+01:00,1.0
inflation rate,ES,87,77,2022-09-13 13:00:00+02:00,2025-12-30 09:00:00+01:00,1.0
harmonised inflation rate,IT,85,77,2022-09-16 15:00:00+02:00,2025-12-16 11:00:00+01:00,1.0
harmonised inflation rate,DE,84,75,2022-09-13 12:00:00+02:00,2025-12-12 08:00:00+01:00,1.0
harmonised inflation rate,FR,84,75,2022-09-15 12:45:00+02:00,2025-12-16 08:45:00+01:00,1.0
inflation rate,EU,84,73,2022-09-16 15:00:00+02:00,2025-12-17 11:00:00+01:00,1.0
3 month bill auction,JP,84,82,2022-09-16 09:35:00+02:00,2024-08-30 05:35:00+02:00,1.0
imports,US,82,78,2022-10-05 14:30:00+02:00,2025-12-04 14:30:00+01:00,1.0121951219512195
inflation rate,DE,82,74,2022-09-13 12:00:00+02:00,2025-12-12 08:00:00+01:00,1.0
inflation rate,FR,82,72,2022-09-15 12:45:00+02:00,2025-12-16 08:45:00+01:00,1.0
coincident index,JP,81,71,2022-09-28 11:00:00+02:00,2025-12-25 06:00:00+01:00,1.0
michigan inflation expectations,US,81,71,2022-09-16 20:00:00+02:00,2025-12-19 16:00:00+01:00,1.0
leading economic index,JP,81,71,2022-09-28 11:00:00+02:00,2025-12-25 06:00:00+01:00,1.0
michigan 5 year inflation expectations,US,80,71,2022-09-16 20:00:00+02:00,2025-12-19 16:00:00+01:00,1.0
michigan consumer sentiment,US,80,71,2022-09-16 20:00:00+02:00,2025-12-19 16:00:00+01:00,1.0
michigan consumer expectations,US,80,71,2022-09-16 20:00:00+02:00,2025-12-19 16:00:00+01:00,1.0
cpi,EU,80,71,2022-09-16 15:00:00+02:00,2025-12-17 11:00:00+01:00,1.0
inflation rate,IT,80,71,2022-09-16 15:00:00+02:00,2025-12-16 11:00:00+01:00,1.0
fed bostic speech,US,80,0,2022-09-26 22:00:00+02:00,2025-08-21 13:30:00+02:00,1.0
michigan current conditions,US,80,71,2022-09-16 20:00:00+02:00,2025-12-19 16:00:00+01:00,1.0
industrial production,JP,79,70,2022-09-14 10:30:00+02:00,2025-12-26 00:50:00+01:00,1.0
core inflation rate,EU,79,70,2022-09-16 15:00:00+02:00,2025-12-17 11:00:00+01:00,1.0
s p global services pmi,US,78,71,2022-09-23 19:45:00+02:00,2025-12-03 15:45:00+01:00,1.0
fed williams speech,US,77,0,2022-09-30 19:00:00+02:00,2025-09-25 15:00:00+02:00,1.0
global dairy trade price index,NZ,77,68,2022-09-20 21:00:00+02:00,2025-10-07 14:00:00+02:00,1.0
s p global composite pmi,US,77,70,2022-09-23 19:45:00+02:00,2025-12-03 15:45:00+01:00,1.0
fed balance sheet,US,77,62,2024-06-27 22:30:00+02:00,2025-12-18 22:30:00+01:00,1.0
s p global manufacturing pmi,US,75,68,2022-09-23 19:45:00+02:00,2025-12-01 15:45:00+01:00,1.0
consumer confidence,EU,74,67,2022-09-22 20:00:00+02:00,2025-12-19 16:00:00+01:00,1.0
ecb schnabel speech,EU,74,0,2022-09-22 21:00:00+02:00,2025-09-18 11:45:00+02:00,1.0
baker hughes total rig count,US,73,71,2022-09-16 23:00:00+02:00,2024-11-27 19:00:00+01:00,1.0
building permits,US,72,64,2022-09-20 18:30:00+02:00,2025-12-16 14:30:00+01:00,1.0
3 month bill auction,EU,71,66,2022-09-21 16:10:00+02:00,2025-10-01 12:10:00+02:00,1.0
6 month bill auction,EU,71,66,2022-09-21 16:10:00+02:00,2025-10-01 12:10:00+02:00,1.0
core inflation rate,ES,71,62,2022-12-14 09:00:00+01:00,2025-12-30 09:00:00+01:00,1.0
retail inventories ex autos,US,69,55,2022-09-15 20:00:00+02:00,2025-12-29 14:30:00+01:00,1.0
wholesale inventories,US,68,56,2022-10-07 20:00:00+02:00,2025-12-29 14:30:00+01:00,1.0
judo bank services pmi,AU,66,62,2022-12-15 23:00:00+01:00,2025-10-03 01:00:00+02:00,1.0
fed barkin speech,US,66,0,2022-09-30 18:30:00+02:00,2025-08-27 18:45:00+02:00,1.0
bundesbank nagel speech,DE,65,0,2022-09-26 23:00:00+02:00,2025-09-18 16:00:00+02:00,1.0
fed bowman speech,US,65,0,2022-09-28 21:00:00+02:00,2025-08-19 20:10:00+02:00,1.0
hcob composite pmi,EU,64,56,2023-04-21 14:00:00+02:00,2025-12-15 10:00:00+01:00,1.0
consumer confidence,ES,64,32,2022-10-06 14:00:00+02:00,2025-09-08 12:00:00+02:00,1.0
hcob services pmi,DE,64,56,2023-04-21 13:30:00+02:00,2025-12-15 09:30:00+01:00,1.0
hcob composite pmi,FR,64,56,2023-04-21 13:15:00+02:00,2025-12-16 09:15:00+01:00,1.0
hcob composite pmi,DE,64,56,2023-04-21 13:30:00+02:00,2025-12-15 09:30:00+01:00,1.0
hcob services pmi,EU,64,56,2023-04-21 14:00:00+02:00,2025-12-15 10:00:00+01:00,1.0
hcob services pmi,FR,64,56,2023-04-21 13:15:00+02:00,2025-12-16 09:15:00+01:00,1.0
new car registrations,FR,63,48,2022-09-16 13:00:00+02:00,2025-10-09 09:00:00+02:00,1.0
hcob manufacturing pmi,DE,62,54,2023-04-21 13:30:00+02:00,2025-12-16 09:30:00+01:00,1.0
hcob manufacturing pmi,EU,62,54,2023-04-21 14:00:00+02:00,2025-12-15 10:00:00+01:00,1.0
judo bank manufacturing pmi,AU,62,56,2022-12-15 23:00:00+01:00,2025-10-01 01:00:00+02:00,1.0
hcob manufacturing pmi,FR,62,54,2023-04-21 13:15:00+02:00,2025-12-16 09:15:00+01:00,1.0
fed waller speech,US,59,0,2022-10-06 23:00:00+02:00,2025-08-29 00:00:00+02:00,1.0
boe gov bailey speech,GB,58,0,2022-09-13 14:00:00+02:00,2025-09-03 15:15:00+02:00,1.0
obligacion auction,ES,57,22,2023-02-16 15:40:00+01:00,2025-10-02 10:40:00+02:00,1.0
new car registrations,IT,56,46,2022-10-07 00:00:00+02:00,2025-09-25 06:00:00+02:00,1.0
ecb elderson speech,EU,56,0,2022-09-28 21:00:00+02:00,2025-09-02 13:30:00+02:00,1.0
10 year bund auction,DE,56,51,2022-09-21 15:30:00+02:00,2025-11-26 11:30:00+01:00,1.0
bonos auction,ES,56,7,2023-02-02 10:40:00+01:00,2025-10-02 10:40:00+02:00,1.0
atlanta fed gdpnow,US,54,51,2024-11-01 17:00:00+01:00,2025-09-26 17:30:00+02:00,1.0
new car registrations,DE,54,48,2022-10-06 14:00:00+02:00,2025-09-25 06:00:00+02:00,1.0
cftc aluminium speculative net positions,US,53,49,2024-10-22 22:30:00+02:00,2025-09-12 21:30:00+02:00,1.0
cftc gold speculative net positions,US,53,50,2024-10-22 22:30:00+02:00,2025-09-12 21:30:00+02:00,1.0
ecb cipollone speech,EU,53,0,2023-11-17 16:00:00+01:00,2025-09-17 13:15:00+02:00,1.0
cftc copper speculative net positions,US,53,50,2024-10-22 22:30:00+02:00,2025-09-12 21:30:00+02:00,1.0
cftc silver speculative net positions,US,53,50,2024-10-22 22:30:00+02:00,2025-09-12 21:30:00+02:00,1.0
cpi,IT,52,47,2022-10-28 15:00:00+02:00,2025-09-30 11:00:00+02:00,1.0
durable goods orders ex transp,US,52,40,2022-09-27 18:30:00+02:00,2025-12-24 14:30:00+01:00,1.0
judo bank composite pmi,AU,52,47,2022-12-15 23:00:00+01:00,2025-02-20 23:00:00+01:00,1.0
durable goods orders ex defense,US,52,45,2022-09-27 18:30:00+02:00,2025-12-24 14:30:00+01:00,1.0
fed barr speech,US,51,0,2023-02-08 01:00:00+01:00,2025-07-16 16:00:00+02:00,1.0
ecb lagarde speech,EU,51,0,2024-11-06 15:00:00+01:00,2025-09-18 09:10:00+02:00,1.0
economic sentiment,EU,49,44,2022-09-29 15:00:00+02:00,2025-11-27 11:00:00+01:00,1.0
jibun bank composite pmi,JP,49,48,2022-09-26 02:30:00+02:00,2024-08-22 02:30:00+02:00,1.0
2 year schatz auction,DE,49,45,2022-09-13 15:30:00+02:00,2025-12-02 11:30:00+01:00,1.0
retail sales,CH,49,38,2022-09-30 08:30:00+02:00,2025-11-28 08:30:00+01:00,1.0
jibun bank services pmi,JP,49,48,2022-09-26 02:30:00+02:00,2024-08-22 02:30:00+02:00,1.0
nationwide housing prices,GB,49,40,2022-09-30 12:00:00+02:00,2025-12-30 08:00:00+01:00,1.0
s p global services pmi,GB,48,41,2024-01-04 10:30:00+01:00,2025-12-15 10:30:00+01:00,1.0
economic sentiment index,CH,47,35,2022-09-28 14:00:00+02:00,2025-12-23 10:00:00+01:00,1.0
fed goolsbee speech,US,47,0,2023-06-21 18:25:00+02:00,2025-09-30 19:00:00+02:00,1.0
retail sales,GB,47,38,2022-09-16 08:00:00+02:00,2025-12-23 08:00:00+01:00,1.0
niesr monthly gdp tracker,GB,47,38,2022-10-12 14:00:00+02:00,2025-09-12 13:00:00+02:00,1.0
s p global composite pmi,GB,47,40,2024-01-04 10:30:00+01:00,2025-12-15 10:30:00+01:00,1.0
retail sales,DE,47,35,2022-10-07 12:00:00+02:00,2025-11-28 08:00:00+01:00,1.0
boe pill speech,GB,46,0,2022-09-27 17:00:00+02:00,2025-06-24 17:40:00+02:00,1.0
s p global manufacturing pmi,GB,45,38,2024-01-02 10:30:00+01:00,2025-12-15 10:30:00+01:00,1.0
cftc nzd speculative net positions,NZ,45,42,2024-11-01 19:30:00+01:00,2025-09-12 21:30:00+02:00,1.0
building permits,AU,45,44,2022-10-04 06:30:00+02:00,2024-05-30 03:30:00+02:00,1.0
cftc corn speculative net positions,US,45,42,2024-11-01 19:30:00+01:00,2025-09-12 21:30:00+02:00,1.0
cftc soybeans speculative net positions,US,45,42,2024-11-01 19:30:00+01:00,2025-09-12 21:30:00+02:00,1.0
cftc natural gas speculative net positions,US,45,42,2024-11-01 19:30:00+01:00,2025-09-12 21:30:00+02:00,1.0
cftc jpy speculative net positions,JP,45,42,2024-11-01 19:30:00+01:00,2025-09-12 21:30:00+02:00,1.0
cftc gbp speculative net positions,GB,45,42,2024-11-01 19:30:00+01:00,2025-09-12 21:30:00+02:00,1.0
cftc eur speculative net positions,EU,45,42,2024-11-01 19:30:00+01:00,2025-09-12 21:30:00+02:00,1.0
cftc crude oil speculative net positions,US,45,42,2024-11-01 19:30:00+01:00,2025-09-12 21:30:00+02:00,1.0
cftc wheat speculative net positions,US,45,42,2024-11-01 19:30:00+01:00,2025-09-12 21:30:00+02:00,1.0
cftc chf speculative net positions,CH,45,42,2024-11-01 19:30:00+01:00,2025-09-12 21:30:00+02:00,1.0
cftc s p 500 speculative net positions,US,45,42,2024-11-01 19:30:00+01:00,2025-09-12 21:30:00+02:00,1.0
cftc aud speculative net positions,AU,45,42,2024-11-01 19:30:00+01:00,2025-09-12 21:30:00+02:00,1.0
cftc nasdaq 100 speculative net positions,US,45,42,2024-11-01 19:30:00+01:00,2025-09-12 21:30:00+02:00,1.0
machinery orders,JP,44,39,2022-09-14 05:50:00+02:00,2025-11-18 00:50:00+01:00,1.0
core inflation rate,US,44,41,2022-09-13 18:30:00+02:00,2025-12-10 14:30:00+01:00,1.0
retail sales ex fuel,GB,44,38,2022-09-16 08:00:00+02:00,2025-12-23 08:00:00+01:00,1.0
fed daly speech,US,44,0,2022-09-28 02:35:00+02:00,2025-09-25 21:30:00+02:00,1.0
electronic retail card spending,NZ,44,36,2022-10-11 03:45:00+02:00,2025-12-11 22:45:00+01:00,1.0
inflation rate,GB,44,39,2022-09-14 12:00:00+02:00,2025-12-17 08:00:00+01:00,1.0
wholesale prices,DE,44,38,2022-09-15 12:00:00+02:00,2025-12-15 08:00:00+01:00,1.0
ecb mccaul speech,EU,44,0,2022-09-13 19:45:00+02:00,2024-11-26 11:00:00+01:00,1.0
cbi distributive trades,GB,44,35,2022-09-23 12:00:00+02:00,2025-12-19 12:00:00+01:00,1.0
imports,NZ,44,38,2022-09-22 04:45:00+02:00,2025-12-18 22:45:00+01:00,1.0
retail sales,ES,43,37,2022-09-30 13:00:00+02:00,2025-12-30 09:00:00+01:00,1.0
construction orders,JP,43,35,2022-09-30 11:00:00+02:00,2025-12-31 06:00:00+01:00,1.0
42 day bill auction,US,43,43,2023-12-05 17:30:00+01:00,2025-02-18 19:00:00+01:00,1.0
baker hughes total rigs count,US,43,43,2024-01-05 19:00:00+01:00,2024-10-25 19:00:00+02:00,1.0
eia weekly refinery utilization rates wow,US,43,42,2024-11-06 16:30:00+01:00,2025-09-17 16:30:00+02:00,1.0
import prices,DE,43,38,2022-10-07 08:00:00+02:00,2025-12-30 08:00:00+01:00,1.0
inflation rate,US,43,40,2022-09-13 18:30:00+02:00,2025-12-10 14:30:00+01:00,1.0
retail sales,JP,43,36,2022-09-30 05:50:00+02:00,2025-12-27 00:50:00+01:00,1.0
core ppi,US,43,40,2022-09-14 18:30:00+02:00,2025-12-11 14:30:00+01:00,1.0
business confidence,ES,43,35,2022-09-29 17:00:00+02:00,2025-11-27 13:00:00+01:00,1.0
monthly budget statement,US,43,36,2022-09-14 00:00:00+02:00,2025-12-10 20:00:00+01:00,1.0
house price index,US,43,37,2022-09-27 19:00:00+02:00,2025-12-30 15:00:00+01:00,1.0
core pce price index,US,43,38,2022-09-30 18:30:00+02:00,2025-12-19 14:30:00+01:00,1.0
industrial production,US,42,37,2022-09-15 19:15:00+02:00,2025-12-16 15:15:00+01:00,1.0
private house approvals,AU,42,41,2022-10-04 06:30:00+02:00,2024-05-30 03:30:00+02:00,1.0
ppi output,GB,42,30,2022-09-14 12:00:00+02:00,2025-12-17 08:00:00+01:00,1.0
imports,JP,42,35,2022-09-15 05:50:00+02:00,2025-12-17 00:50:00+01:00,1.0
inflation rate,JP,42,35,2022-09-20 05:30:00+02:00,2025-12-19 00:30:00+01:00,1.0
exports,JP,42,35,2022-09-15 05:50:00+02:00,2025-12-17 00:50:00+01:00,1.0
export prices,US,42,38,2022-09-15 18:30:00+02:00,2025-12-16 14:30:00+01:00,1.0
retail sales,US,42,38,2022-09-15 18:30:00+02:00,2025-12-17 14:30:00+01:00,1.0
household spending,JP,42,39,2022-10-07 01:30:00+02:00,2025-12-05 00:30:00+01:00,1.0
foreign exchange reserves,CH,42,36,2022-10-07 09:00:00+02:00,2025-12-05 09:00:00+01:00,1.0
cpi,ES,42,35,2022-10-28 13:00:00+02:00,2025-09-29 09:00:00+02:00,1.0
average hourly earnings,US,42,39,2022-10-07 14:30:00+02:00,2025-12-05 14:30:00+01:00,1.0
inflation rate,CH,42,38,2022-10-03 08:30:00+02:00,2025-12-03 08:30:00+01:00,1.0
brandenburg cpi,DE,42,35,2022-10-28 14:00:00+02:00,2025-11-28 10:00:00+01:00,1.0
pending home sales,US,42,37,2022-09-28 20:00:00+02:00,2025-12-29 16:00:00+01:00,1.0
unemployment rate,IT,42,36,2022-09-30 14:00:00+02:00,2025-12-02 10:00:00+01:00,1.0
housing starts,US,42,37,2022-09-20 18:30:00+02:00,2025-12-16 14:30:00+01:00,1.0
balance of trade,JP,42,35,2022-09-15 05:50:00+02:00,2025-12-17 00:50:00+01:00,1.0
producer import prices,CH,42,37,2022-09-13 12:30:00+02:00,2025-12-15 08:30:00+01:00,1.0
jobseekers total,FR,42,35,2022-09-27 16:00:00+02:00,2025-12-26 12:00:00+01:00,1.0
manufacturing production,US,42,36,2022-09-15 19:15:00+02:00,2025-12-16 15:15:00+01:00,1.0
consumer inflation expectations,EU,42,35,2022-09-29 15:00:00+02:00,2024-10-30 11:00:00+01:00,1.0
current account,ES,42,35,2022-09-30 14:00:00+02:00,2025-12-30 10:00:00+01:00,1.0
cbi industrial trends orders,GB,42,35,2022-09-21 12:00:00+02:00,2025-12-19 12:00:00+01:00,1.0
12 month bot auction,IT,42,38,2022-10-12 15:10:00+02:00,2025-12-10 11:10:00+01:00,1.0
new car registrations,EU,42,36,2022-09-16 08:00:00+02:00,2025-12-23 06:00:00+01:00,1.0
ppi core output,GB,42,31,2022-09-14 08:00:00+02:00,2025-12-17 08:00:00+01:00,1.0
ecb buch speech,EU,42,0,2024-02-12 17:00:00+01:00,2025-09-18 10:00:00+02:00,1.0
industrial production,EU,42,37,2022-09-14 15:00:00+02:00,2025-12-15 11:00:00+01:00,1.0
core inflation rate,JP,41,35,2022-09-20 05:30:00+02:00,2025-12-19 00:30:00+01:00,1.0
core inflation rate,GB,41,36,2022-09-14 12:00:00+02:00,2025-12-17 08:00:00+01:00,1.0
inflation rate ex food and energy,JP,41,35,2022-09-20 05:30:00+02:00,2025-12-19 00:30:00+01:00,1.0
claimant count change,GB,41,36,2022-09-13 12:00:00+02:00,2025-12-16 08:00:00+01:00,1.0
industrial production,IT,41,38,2022-10-11 10:00:00+02:00,2025-12-10 10:00:00+01:00,1.0
industrial production,GB,41,36,2022-10-12 08:00:00+02:00,2025-12-12 08:00:00+01:00,1.0
5 year bobl auction,DE,41,36,2022-09-27 15:30:00+02:00,2025-11-25 11:30:00+01:00,1.0
s p case shiller home price,US,41,36,2022-09-27 19:00:00+02:00,2025-12-30 15:00:00+01:00,1.0
employment change,GB,41,35,2022-09-13 12:00:00+02:00,2025-12-16 08:00:00+01:00,1.0
retail price index,GB,41,36,2022-09-14 08:00:00+02:00,2025-12-17 08:00:00+01:00,1.0
kof leading indicators,CH,41,35,2022-09-30 09:00:00+02:00,2025-12-30 09:00:00+01:00,1.0
current account,IT,41,35,2022-09-20 15:00:00+02:00,2025-12-19 11:00:00+01:00,1.0
balance of trade,NZ,41,35,2022-09-22 04:45:00+02:00,2025-12-18 22:45:00+01:00,1.0
nfib business optimism index,US,41,37,2022-09-13 16:00:00+02:00,2025-12-09 12:00:00+01:00,1.0
business confidence,FR,41,35,2022-09-22 12:45:00+02:00,2025-12-16 08:45:00+01:00,1.0
unemployment rate,GB,41,35,2022-09-13 12:00:00+02:00,2025-12-16 08:00:00+01:00,1.0
unemployment benefit claims,FR,41,35,2022-09-27 16:00:00+02:00,2025-12-26 12:00:00+01:00,1.0
consumer confidence,FR,41,35,2022-09-28 12:45:00+02:00,2025-11-27 08:45:00+01:00,1.0
jobs applications ratio,JP,41,35,2022-09-30 05:30:00+02:00,2025-12-26 00:30:00+01:00,1.0
unemployment rate,JP,41,35,2022-09-30 05:30:00+02:00,2025-12-26 00:30:00+01:00,1.0
personal income,US,41,35,2022-09-30 18:30:00+02:00,2025-12-19 14:30:00+01:00,1.0
industrial production,FR,41,36,2022-10-05 08:45:00+02:00,2025-12-02 08:45:00+01:00,1.0
52 week bill auction,US,41,39,2022-10-04 21:30:00+02:00,2025-10-28 16:30:00+01:00,1.0
net lending to individuals,GB,41,36,2022-09-30 14:30:00+02:00,2025-12-01 10:30:00+01:00,1.0
machine tool orders,JP,41,36,2022-10-12 08:00:00+02:00,2025-12-11 07:00:00+01:00,1.0
existing home sales,US,41,36,2022-09-21 20:00:00+02:00,2025-12-19 16:00:00+01:00,1.0
exports,NZ,41,35,2022-09-22 04:45:00+02:00,2025-12-18 22:45:00+01:00,1.0
fed cook speech,US,41,0,2022-10-20 19:45:00+02:00,2025-08-06 20:00:00+02:00,1.0
visitor arrivals,NZ,41,37,2022-10-12 03:45:00+02:00,2025-12-09 22:45:00+01:00,1.0
current account,FR,41,36,2022-10-07 08:45:00+02:00,2025-12-08 08:45:00+01:00,1.0
bavaria cpi,DE,41,37,2022-10-28 14:00:00+02:00,2025-11-28 10:00:00+01:00,1.0
retail sales,IT,41,38,2022-10-07 10:00:00+02:00,2025-12-05 10:00:00+01:00,1.0
total vehicle sales,US,41,36,2022-10-07 06:00:00+02:00,2025-10-02 16:00:00+02:00,1.0
industrial sales,IT,41,36,2022-09-28 15:00:00+02:00,2025-12-19 11:00:00+01:00,1.0
household consumption,FR,40,33,2022-09-30 08:45:00+02:00,2025-11-28 08:45:00+01:00,1.0
cpi,US,40,37,2022-09-13 18:30:00+02:00,2025-12-10 14:30:00+01:00,1.0
philly fed new orders,US,40,35,2022-09-15 18:30:00+02:00,2025-12-18 14:30:00+01:00,1.0
average earnings incl bonus,GB,40,36,2022-09-13 12:00:00+02:00,2025-12-16 08:00:00+01:00,1.0
foreign bond investment,US,40,35,2022-09-17 02:00:00+02:00,2025-12-18 22:00:00+01:00,1.0
commodity prices,AU,40,36,2022-10-04 07:30:00+02:00,2025-12-01 06:30:00+01:00,1.0
dallas fed services revenues index,US,40,35,2022-09-27 20:30:00+02:00,2025-12-30 16:30:00+01:00,1.0
retail sales ex autos,US,40,36,2022-09-15 18:30:00+02:00,2025-12-17 14:30:00+01:00,1.0
balance of trade,CH,40,35,2022-09-20 12:00:00+02:00,2025-12-18 08:00:00+01:00,1.0
philly fed prices paid,US,40,35,2022-09-15 18:30:00+02:00,2025-12-18 14:30:00+01:00,1.0
net long term tic flows,US,40,35,2022-09-16 22:00:00+02:00,2025-12-18 22:00:00+01:00,1.0
pce price index,US,40,35,2022-09-30 18:30:00+02:00,2025-12-19 14:30:00+01:00,1.0
procure ch manufacturing pmi,CH,40,36,2022-10-03 09:30:00+02:00,2025-12-01 09:30:00+01:00,1.0
services nz psi,NZ,40,36,2022-09-19 04:30:00+02:00,2025-12-14 22:30:00+01:00,1.0
dallas fed manufacturing index,US,40,35,2022-09-26 20:30:00+02:00,2025-12-29 16:30:00+01:00,1.0
food inflation,NZ,40,36,2022-09-13 04:45:00+02:00,2025-12-15 22:45:00+01:00,1.0
kansas fed manufacturing index,US,40,33,2022-09-22 21:00:00+02:00,2025-12-18 17:00:00+01:00,1.0
zew economic sentiment index,DE,40,36,2022-09-13 15:00:00+02:00,2025-12-16 11:00:00+01:00,1.0
kansas fed composite index,US,40,33,2022-09-22 21:00:00+02:00,2025-12-18 17:00:00+01:00,1.0
business inventories,US,40,31,2022-09-15 20:00:00+02:00,2025-12-17 16:00:00+01:00,1.0
retail sales,EU,40,36,2022-10-06 11:00:00+02:00,2025-12-04 11:00:00+01:00,1.025
saxony cpi,DE,40,36,2022-10-28 15:00:00+02:00,2025-11-28 10:00:00+01:00,1.0
philly fed capex index,US,40,35,2022-09-15 18:30:00+02:00,2025-12-18 14:30:00+01:00,1.0
current account,DE,40,36,2022-10-13 15:15:00+02:00,2025-12-12 14:45:00+01:00,1.0
retail sales ex gas autos,US,40,35,2022-09-15 18:30:00+02:00,2025-12-17 14:30:00+01:00,1.0
jibun bank manufacturing pmi,JP,40,39,2022-09-26 02:30:00+02:00,2024-08-22 02:30:00+02:00,1.0
3 month letras auction,ES,40,36,2022-09-13 14:40:00+02:00,2025-12-09 10:40:00+01:00,1.0
goods trade balance non eu,GB,40,35,2022-10-12 12:00:00+02:00,2025-12-12 08:00:00+01:00,1.0
durable goods orders,US,40,33,2022-09-27 18:30:00+02:00,2025-12-24 14:30:00+01:00,1.0
construction output,EU,40,35,2022-09-19 15:00:00+02:00,2025-12-18 11:00:00+01:00,1.0
public sector net borrowing ex banks,GB,40,35,2022-09-21 08:00:00+02:00,2025-12-19 08:00:00+01:00,1.0
balance of trade,ES,40,35,2022-09-20 14:00:00+02:00,2025-12-22 10:00:00+01:00,1.0
ny empire state manufacturing index,US,40,36,2022-09-15 18:30:00+02:00,2025-12-15 14:30:00+01:00,1.0
balance of trade,EU,40,35,2022-09-15 15:00:00+02:00,2025-12-16 11:00:00+01:00,1.0
business climate indicator,FR,40,35,2022-09-22 12:45:00+02:00,2025-12-16 08:45:00+01:00,1.0
ifo expectations,DE,40,35,2022-09-26 14:00:00+02:00,2025-12-17 10:00:00+01:00,1.0
philly fed business conditions,US,40,35,2022-09-15 18:30:00+02:00,2025-12-18 14:30:00+01:00,1.0
import prices,US,40,36,2022-09-15 18:30:00+02:00,2025-12-16 14:30:00+01:00,1.0
ifo current conditions,DE,40,35,2022-09-26 14:00:00+02:00,2025-12-17 10:00:00+01:00,1.0
north rhine westphalia cpi,DE,40,36,2022-10-28 11:30:00+02:00,2025-11-28 10:00:00+01:00,1.0
average earnings excl bonus,GB,40,36,2022-09-13 12:00:00+02:00,2025-12-16 08:00:00+01:00,1.0
zew current conditions,DE,40,36,2022-09-13 15:00:00+02:00,2025-12-16 11:00:00+01:00,1.0
nahb housing market index,US,40,35,2022-09-19 20:00:00+02:00,2025-12-15 16:00:00+01:00,1.0
non defense goods orders ex air,US,40,35,2022-09-27 18:30:00+02:00,2025-12-24 14:30:00+01:00,1.0
ppi input,GB,40,29,2022-09-14 08:00:00+02:00,2025-12-17 08:00:00+01:00,1.0
overall net capital flows,US,40,35,2022-09-17 02:00:00+02:00,2025-12-18 22:00:00+01:00,1.0
balance of trade,IT,40,36,2022-09-16 14:00:00+02:00,2025-12-16 10:00:00+01:00,1.0
consumer confidence,IT,40,35,2022-09-28 14:00:00+02:00,2025-12-19 10:00:00+01:00,1.0
richmond fed manufacturing shipments index,US,40,35,2022-09-27 20:00:00+02:00,2025-12-23 16:00:00+01:00,1.0
business nz pmi,NZ,40,36,2022-09-16 04:30:00+02:00,2025-12-11 22:30:00+01:00,1.0
anz roy morgan consumer confidence,NZ,40,35,2022-09-30 03:00:00+02:00,2025-12-18 22:00:00+01:00,1.0
manufacturing production,GB,40,36,2022-10-12 08:00:00+02:00,2025-12-12 08:00:00+01:00,1.0
balance of trade,GB,40,35,2022-10-12 12:00:00+02:00,2025-12-12 08:00:00+01:00,1.0
hesse cpi,DE,40,36,2022-10-28 14:00:00+02:00,2025-11-28 10:00:00+01:00,1.0
housing starts,JP,40,35,2022-09-30 11:00:00+02:00,2025-12-31 06:00:00+01:00,1.0
business confidence,IT,40,35,2022-09-28 14:00:00+02:00,2025-12-19 10:00:00+01:00,1.0
foreign exchange reserves,FR,40,36,2022-10-07 14:45:00+02:00,2025-12-08 08:45:00+01:00,1.0
chicago pmi,US,40,35,2022-09-30 19:45:00+02:00,2025-12-31 15:45:00+01:00,1.0
boe consumer credit,GB,40,35,2022-09-30 10:30:00+02:00,2025-12-01 10:30:00+01:00,1.0
capacity utilization,US,40,35,2022-09-15 19:15:00+02:00,2025-12-16 15:15:00+01:00,1.0
philadelphia fed manufacturing index,US,40,35,2022-09-15 18:30:00+02:00,2025-12-18 14:30:00+01:00,1.0
philly fed employment,US,40,35,2022-09-15 18:30:00+02:00,2025-12-18 14:30:00+01:00,1.0
eurogroup meeting,EU,40,0,2022-10-03 02:00:00+02:00,2025-09-19 12:00:00+02:00,1.0
industrial production,ES,40,36,2022-10-06 09:00:00+02:00,2025-12-05 09:00:00+01:00,1.0
zew economic sentiment index,EU,40,36,2022-09-13 15:00:00+02:00,2025-12-16 11:00:00+01:00,1.0
ifo business climate,DE,40,35,2022-09-26 14:00:00+02:00,2025-12-17 10:00:00+01:00,1.0
goods trade balance,GB,40,35,2022-10-12 08:00:00+02:00,2025-12-12 08:00:00+01:00,1.0
m3 money supply,EU,40,35,2022-09-27 14:00:00+02:00,2025-11-27 10:00:00+01:00,1.0
new home sales,US,40,35,2022-09-27 20:00:00+02:00,2025-12-23 16:00:00+01:00,1.0
richmond fed manufacturing index,US,40,33,2022-09-27 20:00:00+02:00,2025-12-23 16:00:00+01:00,1.0
dallas fed services index,US,40,35,2022-09-27 20:30:00+02:00,2025-12-30 16:30:00+01:00,1.0
personal spending,US,40,34,2022-09-30 18:30:00+02:00,2025-12-19 14:30:00+01:00,1.0
manufacturing payrolls,US,39,35,2022-10-07 14:30:00+02:00,2025-12-05 14:30:00+01:00,1.0
composite nz pci,NZ,39,35,2022-10-16 23:30:00+02:00,2025-12-14 22:30:00+01:00,1.0
consumer credit change,US,39,36,2022-10-07 21:00:00+02:00,2025-12-05 21:00:00+01:00,1.0
adp employment change,US,39,35,2022-10-05 18:15:00+02:00,2025-12-03 14:15:00+01:00,1.0
bba mortgage rate,GB,39,36,2022-10-07 16:00:00+02:00,2025-12-05 11:00:00+01:00,1.0256410256410255
industrial sentiment,EU,39,35,2022-09-29 15:00:00+02:00,2025-11-27 11:00:00+01:00,1.0
industrial production,DE,39,36,2022-10-07 12:00:00+02:00,2025-12-08 08:00:00+01:00,1.0
average weekly hours,US,39,36,2022-10-07 14:30:00+02:00,2025-12-05 14:30:00+01:00,1.0
cpi,DE,39,36,2022-11-11 13:00:00+01:00,2025-09-12 08:00:00+02:00,1.0
overtime pay,JP,39,36,2022-10-07 01:30:00+02:00,2025-12-08 00:30:00+01:00,1.0
services sentiment,EU,39,35,2022-09-29 15:00:00+02:00,2025-11-27 11:00:00+01:00,1.0
ism manufacturing prices,US,39,36,2022-10-03 16:00:00+02:00,2025-12-01 16:00:00+01:00,1.0
construction output,GB,39,35,2022-10-12 12:00:00+02:00,2025-12-12 08:00:00+01:00,1.0
new car sales,GB,39,36,2022-10-05 10:00:00+02:00,2025-12-04 10:00:00+01:00,1.0256410256410255
jolts job quits,US,39,35,2022-10-04 16:00:00+02:00,2025-12-02 16:00:00+01:00,1.0
nonfarm payrolls private,US,39,36,2022-10-07 18:30:00+02:00,2025-12-05 14:30:00+01:00,1.0
challenger job cuts,US,39,35,2022-10-06 17:30:00+02:00,2025-12-04 13:30:00+01:00,1.0
unemployment rate,US,39,36,2022-10-07 14:30:00+02:00,2025-12-05 14:30:00+01:00,1.0
exports,US,39,36,2022-10-05 18:30:00+02:00,2025-12-04 14:30:00+01:00,1.0
balance of trade,FR,39,36,2022-10-07 12:45:00+02:00,2025-12-05 08:45:00+01:00,1.0
average cash earnings,JP,39,36,2022-10-07 05:30:00+02:00,2025-12-08 00:30:00+01:00,1.0
loans to companies,EU,39,34,2022-09-27 14:00:00+02:00,2025-11-27 10:00:00+01:00,1.0
mortgage lending,GB,39,35,2022-09-30 10:30:00+02:00,2025-12-01 10:30:00+01:00,1.0
jolts job openings,US,39,35,2022-10-04 20:00:00+02:00,2025-12-02 16:00:00+01:00,1.0
unemployment rate,CH,39,36,2022-10-07 11:45:00+02:00,2025-12-04 07:45:00+01:00,1.0
bank lending,JP,39,36,2022-10-13 05:50:00+02:00,2025-12-08 00:50:00+01:00,1.0
factory orders,DE,39,35,2022-10-06 08:00:00+02:00,2025-12-05 08:00:00+01:00,1.0
ism manufacturing employment,US,39,36,2022-10-03 16:00:00+02:00,2025-12-01 16:00:00+01:00,1.0
construction spending,US,39,35,2022-10-03 20:00:00+02:00,2025-12-01 16:00:00+01:00,1.0
mortgage approvals,GB,39,34,2022-09-30 14:30:00+02:00,2025-12-01 10:30:00+01:00,1.0
unemployment rate,DE,39,35,2022-09-30 09:55:00+02:00,2025-11-28 09:55:00+01:00,1.0
ism manufacturing pmi,US,39,36,2022-10-03 20:00:00+02:00,2025-12-01 16:00:00+01:00,1.0
fed kashkari speech,US,39,0,2022-10-18 23:30:00+02:00,2025-09-03 19:30:00+02:00,1.0
retail sales,AU,39,34,2022-09-28 07:30:00+02:00,2024-08-30 03:30:00+02:00,1.0
government payrolls,US,39,36,2022-10-07 18:30:00+02:00,2025-12-05 14:30:00+01:00,1.0
current account,JP,39,36,2022-10-11 01:50:00+02:00,2025-12-08 00:50:00+01:00,1.0
chicago fed national activity index,US,39,33,2022-09-26 18:30:00+02:00,2025-12-22 14:30:00+01:00,1.0
unemployment rate,EU,39,35,2022-09-30 15:00:00+02:00,2025-12-02 11:00:00+01:00,1.0
tourist arrivals,ES,39,36,2022-10-04 09:00:00+02:00,2025-12-03 09:00:00+01:00,1.0
exports,FR,39,36,2022-10-07 12:45:00+02:00,2025-12-05 08:45:00+01:00,1.0
non farm payrolls,US,39,36,2022-10-07 18:30:00+02:00,2025-12-05 14:30:00+01:00,1.0
unemployed persons,DE,39,35,2022-09-30 13:55:00+02:00,2025-11-28 09:55:00+01:00,1.0
participation rate,US,39,36,2022-10-07 18:30:00+02:00,2025-12-05 14:30:00+01:00,1.0
consumer confidence,JP,39,35,2022-09-30 11:00:00+02:00,2025-11-28 06:00:00+01:00,1.0
5 year btp auction,IT,39,35,2022-09-29 15:10:00+02:00,2025-08-28 11:10:00+02:00,1.0
balance of trade,US,39,36,2022-10-05 14:30:00+02:00,2025-12-04 14:30:00+01:00,1.0256410256410255
current account,EU,39,34,2022-09-20 14:00:00+02:00,2025-12-19 10:00:00+01:00,1.0
loans to households,EU,39,35,2022-09-27 14:00:00+02:00,2025-11-27 10:00:00+01:00,1.0
balance of trade,DE,39,36,2022-10-05 12:00:00+02:00,2025-12-09 08:00:00+01:00,1.0
12 month bubill auction,DE,39,35,2022-09-19 15:30:00+02:00,2025-11-17 11:30:00+01:00,1.0
12 month letras auction,ES,39,36,2022-10-04 14:40:00+02:00,2025-12-02 10:40:00+01:00,1.0
imports,FR,39,36,2022-10-07 08:45:00+02:00,2025-12-05 08:45:00+01:00,1.0
gdp 3 month avg,GB,39,29,2022-10-12 08:00:00+02:00,2025-12-12 08:00:00+01:00,1.0
6 month bot auction,IT,39,32,2022-09-28 15:10:00+02:00,2025-12-29 11:10:00+01:00,1.0
ism manufacturing new orders,US,39,36,2022-10-03 16:00:00+02:00,2025-12-01 16:00:00+01:00,1.0
6 month letras auction,ES,39,36,2022-10-04 14:40:00+02:00,2025-12-03 10:40:00+01:00,1.0
factory orders,US,39,35,2022-10-04 16:00:00+02:00,2025-12-05 16:00:00+01:00,1.0
factory orders ex transportation,US,39,36,2022-10-04 20:00:00+02:00,2025-12-05 16:00:00+01:00,1.0
5 year note auction,US,38,35,2022-09-27 23:00:00+02:00,2025-10-27 18:00:00+01:00,1.0
fed harker speech,US,38,0,2022-10-11 17:30:00+02:00,2025-06-05 19:30:00+02:00,1.0
2 year note auction,US,38,35,2022-09-26 23:00:00+02:00,2025-10-27 18:00:00+01:00,1.0
new car sales,ES,38,36,2022-10-03 17:00:00+02:00,2025-10-01 12:00:00+02:00,1.0
eco watchers survey outlook,JP,38,36,2022-10-11 07:00:00+02:00,2025-09-08 07:00:00+02:00,1.0
baden wuerttemberg cpi,DE,38,34,2022-10-28 14:00:00+02:00,2025-11-28 10:00:00+01:00,1.0
10 year note auction,US,38,36,2022-10-12 23:00:00+02:00,2025-10-08 19:00:00+02:00,1.0
30 year bond auction,US,38,36,2022-09-13 23:00:00+02:00,2025-10-09 19:00:00+02:00,1.0
budget balance,FR,38,36,2022-10-03 22:30:00+02:00,2025-11-04 08:45:00+01:00,1.0
20 year bond auction,US,38,35,2022-09-20 23:00:00+02:00,2025-10-22 19:00:00+02:00,1.0
2 year frn auction,US,37,35,2022-09-28 21:30:00+02:00,2025-09-24 19:00:00+02:00,1.0
cb consumer confidence,US,37,35,2022-09-27 20:00:00+02:00,2025-09-30 16:00:00+02:00,1.0
construction output,IT,37,32,2022-09-21 14:00:00+02:00,2025-12-19 10:00:00+01:00,1.0
foreign exchange reserves,JP,37,35,2022-10-07 05:50:00+02:00,2025-10-07 01:50:00+02:00,1.0
10 year btp auction,IT,37,32,2022-09-29 15:10:00+02:00,2025-08-28 11:10:00+02:00,1.0
building permits,NZ,37,33,2022-09-30 03:45:00+02:00,2025-11-30 22:45:00+01:00,1.0
ai group construction index,AU,37,32,2022-10-06 03:30:00+02:00,2025-12-02 23:00:00+01:00,1.0
hmrc payrolls change,GB,37,33,2022-12-13 08:00:00+01:00,2025-12-16 08:00:00+01:00,1.0
7 year note auction,US,37,35,2022-09-28 23:00:00+02:00,2025-10-28 18:00:00+01:00,1.0
goods trade balance adv,US,37,33,2022-09-28 18:30:00+02:00,2025-12-29 14:30:00+01:00,1.0
3 year note auction,US,37,36,2022-10-11 19:00:00+02:00,2025-10-07 19:00:00+02:00,1.0
3 month bubill auction,DE,37,30,2023-01-23 17:30:00+01:00,2025-12-01 11:30:00+01:00,1.0
gdp sales,US,36,31,2022-09-29 18:30:00+02:00,2025-12-19 14:30:00+01:00,1.0
rics house price balance,GB,36,30,2022-10-13 03:00:00+02:00,2025-10-10 01:01:00+02:00,1.0
public sector net borrowing,GB,36,35,2022-09-21 12:00:00+02:00,2025-08-21 08:00:00+02:00,1.0
gdp growth rate,US,36,31,2022-09-29 18:30:00+02:00,2025-12-19 14:30:00+01:00,1.0
7 year btp auction,IT,36,34,2022-09-13 15:10:00+02:00,2025-09-11 11:10:00+02:00,1.0
gdp price index,US,36,31,2022-09-29 18:30:00+02:00,2025-12-19 14:30:00+01:00,1.0
pce prices,US,36,31,2022-09-29 18:30:00+02:00,2025-12-19 14:30:00+01:00,1.0
3 year bonos auction,ES,36,34,2022-10-20 10:40:00+02:00,2025-09-18 10:40:00+02:00,1.0
gdp growth rate,EU,36,31,2022-10-31 15:00:00+01:00,2025-12-05 11:00:00+01:00,1.0
eco watchers survey current,JP,36,36,2022-10-11 07:00:00+02:00,2025-09-08 07:00:00+02:00,1.0
core pce prices,US,36,31,2022-09-29 18:30:00+02:00,2025-12-19 14:30:00+01:00,1.0
fed chair powell speech,US,36,0,2022-09-24 00:00:00+02:00,2025-08-22 16:00:00+02:00,1.0
car production,GB,36,31,2022-09-29 05:01:00+02:00,2025-10-24 01:01:00+02:00,1.0
3 year btp auction,IT,36,35,2022-09-13 15:10:00+02:00,2025-09-11 11:10:00+02:00,1.0
real consumer spending,US,36,31,2022-09-29 18:30:00+02:00,2025-12-19 14:30:00+01:00,1.0
wasde report,US,36,0,2022-10-12 18:00:00+02:00,2025-09-12 18:00:00+02:00,1.0
current account s a,EU,36,34,2022-10-20 10:00:00+02:00,2025-09-18 10:00:00+02:00,1.0
30 year bund auction,DE,35,31,2022-09-14 15:30:00+02:00,2025-11-12 11:30:00+01:00,1.0
cpi s a,US,35,32,2023-03-14 17:30:00+01:00,2025-12-10 14:30:00+01:00,1.0
s p global cips manufacturing pmi,GB,35,34,2022-09-23 10:30:00+02:00,2024-02-22 10:30:00+01:00,1.0
td mi inflation gauge,AU,35,32,2022-10-03 03:00:00+02:00,2025-06-02 08:30:00+02:00,1.0
ai group manufacturing index,AU,35,31,2022-10-04 03:30:00+02:00,2025-12-02 23:00:00+01:00,1.0
house price index,GB,35,27,2024-11-07 08:00:00+01:00,2025-12-05 08:00:00+01:00,1.0285714285714285
fomc minutes,US,35,0,2022-10-12 20:00:00+02:00,2025-12-30 20:00:00+01:00,1.0
tertiary industry index,JP,35,30,2022-09-15 10:30:00+02:00,2025-10-16 06:30:00+02:00,1.0
s p global cips composite pmi,GB,35,34,2022-09-23 10:30:00+02:00,2024-02-22 10:30:00+01:00,1.0
capacity utilization,JP,35,32,2022-09-14 10:30:00+02:00,2025-10-15 06:30:00+02:00,1.0
imports,DE,34,30,2023-04-04 12:00:00+02:00,2025-12-09 08:00:00+01:00,1.0
unemployment change,ES,34,25,2022-10-04 13:00:00+02:00,2025-08-04 09:00:00+02:00,1.0
used car prices,US,34,34,2023-03-07 20:25:00+01:00,2025-09-08 15:00:00+02:00,1.0
fed logan speech,US,34,0,2022-10-04 19:00:00+02:00,2025-08-25 21:15:00+02:00,1.0
fed mester speech,US,34,0,2022-09-27 02:00:00+02:00,2024-05-28 06:55:00+02:00,1.0
bundesbank balz speech,DE,34,0,2022-09-26 16:10:00+02:00,2025-08-25 15:30:00+02:00,1.0
ecb enria speech,EU,33,0,2022-09-13 13:30:00+02:00,2023-12-19 10:00:00+01:00,1.0
5 year treasury gilt auction,GB,33,33,2022-10-12 15:00:00+02:00,2025-08-12 11:30:00+02:00,1.0
exports,DE,33,30,2023-04-04 12:00:00+02:00,2025-12-09 08:00:00+01:00,1.0
reuters tankan index,JP,33,30,2022-09-14 05:00:00+02:00,2025-12-05 00:00:00+01:00,1.0
10 year treasury gilt auction,GB,32,31,2022-10-05 15:00:00+02:00,2025-07-09 11:30:00+02:00,1.0
hcob manufacturing pmi,IT,32,29,2023-05-02 13:45:00+02:00,2025-12-01 09:45:00+01:00,1.0
ism services new orders,US,32,29,2023-05-03 20:00:00+02:00,2025-12-03 16:00:00+01:00,1.0
hcob composite pmi,ES,32,29,2023-05-04 13:15:00+02:00,2025-12-03 09:15:00+01:00,1.0
hcob construction pmi,IT,32,29,2023-05-05 13:30:00+02:00,2025-12-04 09:30:00+01:00,1.0
hcob construction pmi,DE,32,29,2023-05-05 13:30:00+02:00,2025-12-04 09:30:00+01:00,1.0
hcob manufacturing pmi,ES,32,29,2023-05-02 13:15:00+02:00,2025-12-01 09:15:00+01:00,1.0
ism services business activity,US,32,29,2023-05-03 20:00:00+02:00,2025-12-03 16:00:00+01:00,1.0
brc retail sales monitor,GB,32,31,2022-10-11 01:01:00+02:00,2025-10-14 01:01:00+02:00,1.0
ism services prices,US,32,29,2023-05-03 20:00:00+02:00,2025-12-03 16:00:00+01:00,1.0
hcob services pmi,IT,32,29,2023-05-04 13:45:00+02:00,2025-12-03 09:45:00+01:00,1.0
hcob construction pmi,FR,32,29,2023-05-05 13:30:00+02:00,2025-12-04 09:30:00+01:00,1.0
ai group industry index,AU,32,29,2023-02-08 04:20:00+01:00,2025-12-02 23:00:00+01:00,1.0
hcob composite pmi,IT,32,29,2023-05-04 13:45:00+02:00,2025-12-03 09:45:00+01:00,1.0
hcob construction pmi,EU,32,29,2023-05-05 13:30:00+02:00,2025-12-04 09:30:00+01:00,1.03125
hcob services pmi,ES,32,29,2023-05-04 13:15:00+02:00,2025-12-03 09:15:00+01:00,1.0
ism services pmi,US,32,29,2023-05-03 20:00:00+02:00,2025-12-03 16:00:00+01:00,1.0
10 year obligacion auction,ES,32,30,2022-10-06 14:40:00+02:00,2025-09-18 10:40:00+02:00,1.0
ecb de guindos speech,EU,32,0,2023-06-07 09:50:00+02:00,2025-08-29 11:00:00+02:00,1.0
ism services employment,US,32,29,2023-05-03 20:00:00+02:00,2025-12-03 16:00:00+01:00,1.0
westpac consumer confidence change,AU,31,26,2022-09-13 06:30:00+02:00,2025-12-13 00:30:00+01:00,1.0
cpi,CH,31,27,2022-11-03 12:30:00+01:00,2025-10-02 08:30:00+02:00,1.0
iea oil market report,FR,31,0,2022-09-14 14:00:00+02:00,2025-09-11 10:00:00+02:00,1.0
westpac consumer confidence index,AU,31,27,2022-09-13 06:30:00+02:00,2025-12-13 00:30:00+01:00,1.0
ppi,US,31,31,2022-09-14 18:30:00+02:00,2024-10-11 14:30:00+02:00,1.0
rba meeting minutes,AU,30,0,2022-09-20 03:30:00+02:00,2024-08-20 03:30:00+02:00,1.0
business investment,GB,30,26,2022-09-30 08:00:00+02:00,2025-12-23 08:00:00+01:00,1.0
15 year bund auction,DE,29,26,2022-10-05 15:30:00+02:00,2025-10-22 11:30:00+02:00,1.0
consumer confidence,CH,29,25,2022-11-01 13:00:00+01:00,2025-12-08 09:00:00+01:00,1.0
gdp,GB,29,28,2022-10-12 08:00:00+02:00,2024-10-11 08:00:00+02:00,1.0
m4 money supply,GB,29,23,2023-07-31 10:30:00+02:00,2025-12-01 10:30:00+01:00,1.0
consumer inflation expectation,EU,29,21,2024-11-05 10:00:00+01:00,2025-11-27 11:00:00+01:00,1.0
selling price expectations,EU,28,23,2023-07-28 11:00:00+02:00,2025-11-27 11:00:00+01:00,1.0
ppi,FR,28,26,2022-09-30 08:45:00+02:00,2024-10-31 08:45:00+01:00,1.0
gdp growth rate,GB,28,25,2022-09-30 08:00:00+02:00,2025-12-22 08:00:00+01:00,1.0
gdp growth rate,DE,28,24,2022-10-28 14:00:00+02:00,2025-11-25 08:00:00+01:00,1.0
9 month bubill auction,DE,28,24,2023-07-03 15:30:00+02:00,2025-09-22 11:30:00+02:00,1.0
gdp growth rate,ES,28,25,2022-09-23 13:00:00+02:00,2025-12-23 09:00:00+01:00,1.0
ppi ex food energy and trade,US,28,25,2023-10-11 14:30:00+02:00,2025-12-11 14:30:00+01:00,1.0
employment change,EU,28,25,2022-11-15 16:00:00+01:00,2025-12-05 11:00:00+01:00,1.0
unemployment change,DE,28,25,2022-09-30 13:55:00+02:00,2025-06-30 09:55:00+02:00,1.0
ibd tipp economic optimism,US,28,27,2022-09-13 20:00:00+02:00,2025-09-02 16:10:00+02:00,1.0
fed collins speech,US,28,0,2022-09-26 20:00:00+02:00,2025-08-22 15:00:00+02:00,1.0
gdp growth rate,FR,28,24,2022-10-28 11:30:00+02:00,2025-11-28 08:45:00+01:00,1.0
gfk consumer confidence,GB,27,25,2022-09-23 05:01:00+02:00,2024-10-25 01:01:00+02:00,1.0
boe mpc vote cut,GB,27,9,2022-09-22 17:00:00+02:00,2025-12-18 13:00:00+01:00,1.0
mpc meeting minutes,GB,27,0,2022-09-22 17:00:00+02:00,2025-12-18 13:00:00+01:00,1.0
tokyo cpi,JP,27,25,2022-10-04 05:30:00+02:00,2024-10-25 01:30:00+02:00,1.0
tokyo core cpi,JP,27,25,2022-10-04 01:30:00+02:00,2024-10-25 01:30:00+02:00,1.0
fed kugler speech,US,27,0,2024-02-07 17:00:00+01:00,2025-07-17 16:00:00+02:00,1.0
boj summary of opinions,JP,27,0,2022-10-03 01:50:00+02:00,2025-12-29 00:50:00+01:00,1.0
ppi,ES,27,25,2022-09-26 13:00:00+02:00,2024-10-25 09:00:00+02:00,1.0
boj monetary policy meeting minutes,JP,27,0,2022-09-28 05:50:00+02:00,2025-12-24 00:50:00+01:00,1.0
fed press conference,US,27,0,2022-09-22 00:30:00+02:00,2025-12-10 20:30:00+01:00,1.0
boe mpc vote unchanged,GB,27,9,2022-09-22 17:00:00+02:00,2025-12-18 13:00:00+01:00,1.0
boe interest rate decision,GB,27,24,2022-09-22 17:00:00+02:00,2025-12-18 13:00:00+01:00,1.0
none,US,27,14,2025-09-25 12:30:00+02:00,2025-09-30 00:00:00+02:00,0.0
fed interest rate decision,US,27,24,2022-09-22 00:00:00+02:00,2025-12-10 20:00:00+01:00,1.0
ppi,DE,27,26,2022-09-20 12:00:00+02:00,2024-10-21 08:00:00+02:00,1.0
ppi,IT,27,27,2022-09-29 14:00:00+02:00,2024-10-30 11:00:00+01:00,1.0
boe mpc vote hike,GB,27,9,2022-09-22 17:00:00+02:00,2025-12-18 13:00:00+01:00,1.0
deposit facility rate,EU,27,25,2022-10-27 18:15:00+02:00,2025-12-18 14:15:00+01:00,1.0
halifax house price index,GB,27,27,2022-10-07 08:00:00+02:00,2024-10-07 08:00:00+02:00,1.0
ppi,JP,27,27,2022-09-13 05:50:00+02:00,2024-10-10 01:50:00+02:00,1.0
tokyo cpi ex food and energy,JP,27,25,2022-10-04 05:30:00+02:00,2024-10-25 01:30:00+02:00,1.0
private sector credit,AU,27,26,2022-09-30 03:30:00+02:00,2024-08-30 03:30:00+02:00,1.0
9 month letras auction,ES,27,26,2023-07-11 10:40:00+02:00,2025-09-09 10:40:00+02:00,1.0
gdp growth rate,JP,26,22,2022-11-15 05:50:00+01:00,2025-12-08 00:50:00+01:00,1.0
cpi,JP,26,20,2024-11-22 00:30:00+01:00,2025-12-26 00:30:00+01:00,1.0
gfk consumer confidence,DE,26,25,2022-09-28 12:00:00+02:00,2024-10-29 08:00:00+01:00,1.0
gdp price index,JP,26,24,2022-11-15 05:50:00+01:00,2025-12-08 00:50:00+01:00,1.0
unit labour costs,US,26,24,2022-11-03 17:30:00+01:00,2025-12-09 14:30:00+01:00,1.0
ecb press conference,EU,26,0,2022-10-27 18:45:00+02:00,2025-12-18 14:45:00+01:00,1.0
bundesbank mauderer speech,DE,26,0,2023-03-22 17:05:00+01:00,2025-09-18 18:30:00+02:00,1.0
gdp private consumption,JP,26,21,2022-11-15 05:50:00+01:00,2025-12-08 00:50:00+01:00,1.0
gdp external demand,JP,26,24,2022-11-15 05:50:00+01:00,2025-12-08 00:50:00+01:00,1.0
cb leading index,US,26,25,2022-09-22 20:00:00+02:00,2024-10-21 16:00:00+02:00,1.0
gdp capital expenditure,JP,26,23,2022-11-15 05:50:00+01:00,2025-12-08 00:50:00+01:00,1.0
marginal lending rate,EU,26,24,2022-10-27 18:15:00+02:00,2025-12-18 14:15:00+01:00,1.0
nonfarm productivity,US,26,24,2022-11-03 17:30:00+01:00,2025-12-09 14:30:00+01:00,1.0
gdp growth annualized,JP,26,24,2022-11-15 05:50:00+01:00,2025-12-08 00:50:00+01:00,1.0
rcm tipp economic optimism index,US,26,23,2023-11-13 12:40:00+01:00,2025-12-02 16:10:00+01:00,1.0
fed jefferson speech,US,26,0,2022-10-04 21:45:00+02:00,2025-05-19 14:45:00+02:00,1.0
ecb interest rate decision,EU,26,24,2022-10-27 18:15:00+02:00,2025-12-18 14:15:00+01:00,1.0
goods trade balance,US,26,23,2023-07-27 14:00:00+02:00,2025-09-25 14:30:00+02:00,1.0
ppi,EU,25,25,2022-10-04 15:00:00+02:00,2024-10-03 11:00:00+02:00,1.0
richmond fed services index,US,25,22,2022-09-27 20:00:00+02:00,2025-01-28 16:00:00+01:00,1.0
ecb panetta speech,EU,25,0,2022-09-26 13:30:00+02:00,2024-02-10 10:00:00+01:00,1.0
btp auction,IT,25,6,2025-01-28 11:10:00+01:00,2025-09-26 11:10:00+02:00,1.0
s p global services pmi,AU,25,18,2022-09-23 05:00:00+02:00,2025-12-14 23:00:00+01:00,1.0
consumer inflation expectations,AU,25,22,2022-09-15 07:00:00+02:00,2024-08-15 03:00:00+02:00,1.0
ecb non monetary policy meeting,EU,25,0,2022-09-21 13:00:00+02:00,2025-11-19 09:00:00+01:00,1.0
consumer inflation expectations,US,25,25,2022-10-11 21:00:00+02:00,2024-10-15 17:00:00+02:00,1.0
10 year oat auction,FR,25,25,2022-10-06 11:00:00+02:00,2024-10-03 11:00:00+02:00,1.0
rba interest rate decision,AU,25,24,2022-10-04 05:30:00+02:00,2025-09-30 06:30:00+02:00,1.0
fed beige book,US,25,0,2022-10-19 20:00:00+02:00,2025-11-26 20:00:00+01:00,1.0
5 year oat auction,FR,25,22,2023-03-16 15:00:00+01:00,2025-06-19 11:00:00+02:00,1.0
westpac leading index,AU,24,16,2022-09-21 06:30:00+02:00,2024-05-29 03:00:00+02:00,1.0
gdp growth rate,IT,24,21,2022-11-30 15:00:00+01:00,2025-11-28 11:00:00+01:00,1.0
s p global composite pmi,AU,24,17,2022-09-23 05:00:00+02:00,2025-12-14 23:00:00+01:00,1.0
labour productivity,GB,24,17,2022-10-07 10:30:00+02:00,2025-11-13 10:30:00+01:00,1.0
u 6 unemployment rate,US,24,21,2023-07-07 18:30:00+02:00,2025-12-05 14:30:00+01:00,1.0
s p global construction pmi,GB,24,21,2024-01-05 10:30:00+01:00,2025-12-04 10:30:00+01:00,1.0416666666666667
corporate profits,US,24,19,2022-09-29 18:30:00+02:00,2025-12-19 14:30:00+01:00,1.0
nopa crush report,US,24,0,2023-10-16 18:00:00+02:00,2025-09-15 18:00:00+02:00,1.0
credit card spending,NZ,24,22,2022-09-21 09:00:00+02:00,2024-05-21 05:00:00+02:00,1.0
5 year bonos auction,ES,24,24,2022-09-15 14:40:00+02:00,2025-07-17 10:40:00+02:00,1.0
rba bullock speech,AU,23,0,2022-09-21 04:00:00+02:00,2025-09-03 10:00:00+02:00,1.0
anz business confidence,NZ,23,22,2022-09-29 06:00:00+02:00,2024-08-29 03:00:00+02:00,1.0
5 year jgb auction,JP,23,23,2022-10-14 05:35:00+02:00,2024-09-10 06:00:00+02:00,1.0
ecb monetary policy meeting accounts,EU,23,0,2022-10-06 13:30:00+02:00,2025-08-28 13:30:00+02:00,1.0
retail inventories ex autos mom adv,US,23,21,2022-09-28 18:30:00+02:00,2024-08-29 14:30:00+02:00,1.0
wholesale inventories mom adv,US,23,22,2022-09-28 18:30:00+02:00,2024-08-29 14:30:00+02:00,1.0
nab business confidence,AU,23,18,2022-09-13 07:30:00+02:00,2024-08-13 03:30:00+02:00,1.0
milk auctions,NZ,23,0,2024-11-19 13:00:00+01:00,2025-09-16 14:00:00+02:00,1.0
index linked obligacion auction,ES,23,11,2023-08-03 10:50:00+02:00,2024-10-17 10:40:00+02:00,1.0
20 year jgb auction,JP,23,22,2022-09-15 09:35:00+02:00,2024-10-24 06:00:00+02:00,1.0
15 year btp auction,IT,23,15,2022-09-13 15:10:00+02:00,2025-07-11 11:10:00+02:00,1.0
boe l mann speech,GB,23,0,2022-10-03 20:00:00+02:00,2025-09-03 09:30:00+02:00,1.0
globaldairytrade price index,NZ,22,18,2024-11-19 13:00:00+01:00,2025-09-16 14:00:00+02:00,1.0
oat auction,FR,22,20,2024-11-07 11:00:00+01:00,2025-10-02 11:00:00+02:00,1.0
participation rate,AU,22,21,2022-09-15 07:30:00+02:00,2024-08-15 03:30:00+02:00,1.0
retail sales,NZ,22,19,2022-11-25 03:45:00+01:00,2025-11-26 22:45:00+01:00,1.0
30 year btp auction,IT,22,13,2022-09-13 15:10:00+02:00,2025-06-12 11:10:00+02:00,1.0
52 week bill auction,JP,22,21,2022-09-15 09:35:00+02:00,2024-08-19 05:35:00+02:00,1.0
home loans,AU,22,21,2022-10-04 06:30:00+02:00,2024-08-02 03:30:00+02:00,1.0
employment change,AU,22,21,2022-09-15 07:30:00+02:00,2024-08-15 03:30:00+02:00,1.0
investment lending for homes,AU,22,21,2022-10-04 06:30:00+02:00,2024-08-02 03:30:00+02:00,1.0
boe breeden speech,GB,22,0,2022-10-13 10:00:00+02:00,2025-09-09 17:15:00+02:00,1.0
full time employment chg,AU,22,21,2022-09-15 07:30:00+02:00,2024-08-15 03:30:00+02:00,1.0
part time employment chg,AU,22,21,2022-09-15 07:30:00+02:00,2024-08-15 03:30:00+02:00,1.0
unemployment rate,AU,22,21,2022-09-15 07:30:00+02:00,2024-08-15 03:30:00+02:00,1.0
pmi,DE,21,19,2024-11-06 09:55:00+01:00,2025-10-03 09:55:00+02:00,1.0
30 year jgb auction,JP,21,21,2022-10-12 09:35:00+02:00,2024-08-08 05:35:00+02:00,1.0
7 year obligacion auction,ES,21,21,2022-10-20 10:40:00+02:00,2025-09-04 10:40:00+02:00,1.0
services pmi,DE,21,19,2024-11-06 09:55:00+01:00,2025-10-03 09:55:00+02:00,1.0
new car registrations,GB,21,20,2022-12-15 13:00:00+01:00,2025-09-25 06:00:00+02:00,1.0
s p global cips services pmi,GB,21,19,2023-04-21 10:30:00+02:00,2024-02-22 10:30:00+01:00,1.0
bundesbank buch speech,DE,21,0,2022-09-30 21:15:00+02:00,2025-09-16 14:00:00+02:00,1.0
non farm payrolls,FR,21,13,2022-12-13 12:30:00+01:00,2025-12-09 08:45:00+01:00,1.0
monthly cpi indicator,AU,21,20,2022-10-26 06:30:00+02:00,2024-08-28 03:30:00+02:00,1.0
services pmi,EU,21,19,2024-11-06 10:00:00+01:00,2025-10-03 10:00:00+02:00,1.0
pmi,EU,21,19,2024-11-06 10:00:00+01:00,2025-10-03 10:00:00+02:00,1.0
lmi logistics managers index,US,21,19,2024-03-05 12:30:00+01:00,2025-10-01 12:00:00+02:00,1.0
housing credit,AU,21,20,2022-11-30 06:30:00+01:00,2024-08-30 03:30:00+02:00,1.0
coincident indicator,JP,21,19,2024-11-25 06:00:00+01:00,2025-09-05 07:00:00+02:00,1.0
2 year btp short term auction,IT,21,20,2023-06-27 15:10:00+02:00,2025-09-24 11:10:00+02:00,1.0
6 month bill auction,JP,21,21,2022-10-06 09:35:00+02:00,2024-08-08 05:35:00+02:00,1.0
s p global manufacturing pmi,AU,21,15,2022-09-23 05:00:00+02:00,2025-12-14 23:00:00+01:00,1.0
money supply,US,21,16,2024-04-23 19:00:00+02:00,2025-12-23 19:00:00+01:00,1.0
pmi,FR,21,19,2024-11-06 09:50:00+01:00,2025-10-03 09:50:00+02:00,1.0
services pmi,FR,21,19,2024-11-06 09:50:00+01:00,2025-10-03 09:50:00+02:00,1.0
hicp,ES,21,19,2024-11-28 09:00:00+01:00,2025-09-29 09:00:00+02:00,1.0
hicp,EU,21,19,2024-11-19 11:00:00+01:00,2025-10-01 11:00:00+02:00,1.0
cpi,FR,21,18,2024-11-15 08:45:00+01:00,2025-09-30 08:45:00+02:00,1.0
2 year jgb auction,JP,20,20,2022-09-29 09:30:00+02:00,2024-08-29 05:35:00+02:00,1.0
hicp,IT,20,18,2024-11-15 10:00:00+01:00,2025-09-30 11:00:00+02:00,1.0
balance of trade,AU,20,20,2022-10-06 02:30:00+02:00,2024-05-02 03:30:00+02:00,1.0
hicp,DE,20,19,2024-11-12 08:00:00+01:00,2025-09-12 08:00:00+02:00,1.0
inflation expectations,US,20,18,2024-11-22 16:00:00+01:00,2025-09-26 16:00:00+02:00,1.0
leading index,JP,20,20,2024-11-25 06:00:00+01:00,2025-09-05 07:00:00+02:00,1.0
lmi logistics managers index current,US,20,19,2022-10-04 19:40:00+02:00,2024-04-03 21:15:00+02:00,1.0
fed musalem speech,US,20,0,2024-04-05 01:20:00+02:00,2025-09-22 16:00:00+02:00,1.0
rba chart pack,AU,20,0,2022-10-05 02:30:00+02:00,2025-02-18 06:30:00+01:00,1.0
imports,AU,20,20,2022-10-06 02:30:00+02:00,2024-05-02 03:30:00+02:00,1.0
exports,AU,20,20,2022-10-06 02:30:00+02:00,2024-05-02 03:30:00+02:00,1.0
3 year oat auction,FR,20,19,2023-03-16 15:00:00+01:00,2024-10-17 11:00:00+02:00,1.0
10 year tips auction,US,19,18,2022-09-22 23:00:00+02:00,2025-09-18 18:00:00+02:00,1.0
manufacturing pmi,EU,19,17,2024-11-04 10:00:00+01:00,2025-10-01 10:00:00+02:00,1.0
hicp,FR,19,18,2024-11-15 08:45:00+01:00,2025-09-12 08:45:00+02:00,1.0
labour cost index,EU,19,16,2022-09-15 15:00:00+02:00,2025-12-17 11:00:00+01:00,1.0
cb leading index,JP,19,19,2024-11-25 06:00:00+01:00,2025-09-05 07:00:00+02:00,1.0
manufacturing pmi,FR,19,17,2024-11-04 09:50:00+01:00,2025-10-01 09:50:00+02:00,1.0
manufacturing pmi,DE,19,17,2024-11-04 09:55:00+01:00,2025-10-01 09:55:00+02:00,1.0
20 year btp auction,IT,18,6,2022-09-13 15:10:00+02:00,2025-05-13 11:10:00+02:00,1.0
boe ramsden speech,GB,18,0,2022-09-29 17:30:00+02:00,2025-06-24 15:35:00+02:00,1.0
corelogic dwelling prices,AU,18,15,2022-11-30 06:00:00+01:00,2025-06-30 16:01:00+02:00,1.0
30 year treasury gilt auction,GB,18,17,2022-10-18 11:00:00+02:00,2025-04-08 11:00:00+02:00,1.0
gross domestic product,GB,17,12,2024-11-15 08:00:00+01:00,2025-12-12 08:00:00+01:00,1.0
cftc united kingdom speculative net positions,GB,17,13,2024-10-22 22:30:00+02:00,2025-02-14 21:30:00+01:00,1.0
fed bullard speech,US,17,0,2022-09-27 19:55:00+02:00,2023-07-11 19:00:00+02:00,1.0
trade balance,IT,17,16,2024-11-15 11:00:00+01:00,2025-09-15 10:00:00+02:00,1.0
rba gov lowe speech,AU,17,0,2022-10-01 10:20:00+02:00,2023-09-07 05:10:00+02:00,1.0
ism non manufacturing prices,US,17,17,2022-10-05 16:00:00+02:00,2025-09-04 16:00:00+02:00,1.0
richmond fed services revenues index,US,17,13,2024-08-27 16:00:00+02:00,2025-12-23 16:00:00+01:00,1.0
10 year jgb auction,JP,17,17,2022-10-04 09:35:00+02:00,2024-05-08 05:35:00+02:00,1.0
cftc switzerland speculative net positions,CH,17,13,2024-10-22 22:30:00+02:00,2025-02-14 21:30:00+01:00,1.0
cftc new zealand speculative net positions,NZ,17,13,2024-10-22 22:30:00+02:00,2025-02-14 21:30:00+01:00,1.0
ism non manufacturing business activity,US,17,17,2022-10-05 16:00:00+02:00,2025-09-04 16:00:00+02:00,1.0
ism non manufacturing employment,US,17,17,2022-10-05 16:00:00+02:00,2025-09-04 16:00:00+02:00,1.0
s p global cips construction pmi,GB,17,17,2022-10-06 14:30:00+02:00,2024-02-06 10:30:00+01:00,1.0
cftc platinum speculative net positions,US,17,13,2024-10-22 22:30:00+02:00,2025-02-14 21:30:00+01:00,1.0
cftc japan speculative net positions,JP,17,13,2024-10-22 22:30:00+02:00,2025-02-14 21:30:00+01:00,1.0
cftc palladium speculative net positions,US,17,13,2024-10-22 22:30:00+02:00,2025-02-14 21:30:00+01:00,1.0
ism non manufacturing new orders,US,17,17,2022-10-05 20:00:00+02:00,2025-09-04 16:00:00+02:00,1.0
cftc australia speculative net positions,AU,17,13,2024-10-22 22:30:00+02:00,2025-02-14 21:30:00+01:00,1.0
cftc european union speculative net positions,EU,17,13,2024-10-22 22:30:00+02:00,2025-02-14 21:30:00+01:00,1.0
12 month bill auction,EU,17,15,2025-01-08 12:10:00+01:00,2025-10-01 12:10:00+02:00,1.0
ism non manufacturing pmi,US,17,17,2022-10-05 20:00:00+02:00,2025-09-04 16:00:00+02:00,1.0
10 year index linked treasury gilt auction,GB,16,15,2023-01-19 12:30:00+01:00,2025-06-24 11:00:00+02:00,1.0
european council meeting,EU,16,0,2022-10-20 14:00:00+02:00,2024-04-18 02:00:00+02:00,1.0
ecb economic bulletin,EU,16,0,2022-09-22 14:00:00+02:00,2025-08-07 10:00:00+02:00,1.0
ecb tuominen speech,EU,16,0,2022-09-22 14:45:00+02:00,2025-09-19 11:30:00+02:00,1.0
private non farm payrolls,FR,16,12,2022-11-08 13:45:00+01:00,2024-08-30 07:30:00+02:00,1.0
bundesbank monthly report,DE,16,0,2022-10-17 12:00:00+02:00,2025-08-21 12:00:00+02:00,1.0
7 year bund auction,DE,16,14,2023-02-08 16:30:00+01:00,2025-09-24 11:30:00+02:00,1.0
boe mann speech,GB,16,0,2023-05-23 11:15:00+02:00,2025-09-03 09:30:00+02:00,1.0
anz indeed job ads,AU,16,16,2023-05-01 07:30:00+02:00,2024-05-06 03:30:00+02:00,1.0
producer price index,IT,15,10,2024-11-28 11:00:00+01:00,2025-12-22 12:00:00+01:00,1.0
tankan large all industry capex,JP,15,12,2022-10-03 01:50:00+02:00,2025-12-15 00:50:00+01:00,1.0
s p global services pmi,FR,15,15,2022-09-23 13:15:00+02:00,2024-01-04 09:50:00+01:00,1.0
cpi,GB,15,11,2024-12-18 08:00:00+01:00,2025-12-04 10:30:00+01:00,1.0
s p global manufacturing pmi,DE,15,15,2022-09-23 13:30:00+02:00,2024-01-02 09:55:00+01:00,1.0
s p global services pmi,EU,15,15,2022-09-23 14:00:00+02:00,2024-01-04 10:00:00+01:00,1.0
boj interest rate decision,JP,15,14,2022-09-22 09:00:00+02:00,2024-07-31 06:00:00+02:00,1.0
s p global composite pmi,FR,15,15,2022-09-23 13:15:00+02:00,2024-01-04 09:50:00+01:00,1.0
tankan large manufacturers index,JP,15,12,2022-10-03 01:50:00+02:00,2025-12-15 00:50:00+01:00,1.0
s p global cips uk services pmi,GB,15,15,2022-09-23 14:30:00+02:00,2024-01-04 10:30:00+01:00,1.0
fed hammack speech,US,15,0,2024-10-02 15:00:00+02:00,2025-09-29 14:00:00+02:00,1.0
s p global services pmi,DE,15,15,2022-09-23 13:30:00+02:00,2024-01-04 09:55:00+01:00,1.0
10 year bond auction,EU,15,15,2022-09-26 15:45:00+02:00,2025-01-27 11:45:00+01:00,1.0
s p global composite pmi,EU,15,15,2022-09-23 14:00:00+02:00,2024-01-04 10:00:00+01:00,1.0
current account,GB,15,12,2022-09-30 12:00:00+02:00,2025-12-22 08:00:00+01:00,1.0
ecb general council meeting,EU,15,0,2022-09-22 13:00:00+02:00,2025-11-20 09:00:00+01:00,1.0
eu bond auction,EU,15,11,2024-07-15 11:45:00+02:00,2025-09-22 11:45:00+02:00,1.0
tankan small manufacturers index,JP,15,11,2022-10-03 01:50:00+02:00,2025-12-15 00:50:00+01:00,1.0
3 year treasury gilt auction,GB,15,15,2022-11-23 17:45:00+01:00,2025-06-04 11:00:00+02:00,1.0
s p global composite pmi,DE,15,15,2022-09-23 13:30:00+02:00,2024-01-04 09:55:00+01:00,1.0
gdp growth rate,CH,15,13,2022-11-29 14:00:00+01:00,2025-11-28 09:00:00+01:00,1.0
tankan non manufacturing outlook,JP,15,12,2022-10-03 05:50:00+02:00,2025-12-15 00:50:00+01:00,1.0
boj gov ueda speech,JP,15,0,2023-06-28 15:30:00+02:00,2025-08-23 18:25:00+02:00,1.0
tankan large manufacturing outlook,JP,15,12,2022-10-03 05:50:00+02:00,2025-12-15 00:50:00+01:00,1.0
new car registrations,ES,15,10,2024-11-04 12:00:00+01:00,2025-10-01 12:00:00+02:00,1.0
core cpi,JP,15,10,2024-11-29 00:30:00+01:00,2025-12-26 00:30:00+01:00,1.0
current account,CH,15,12,2022-09-23 13:00:00+02:00,2025-12-19 09:00:00+01:00,1.0
s p global manufacturing pmi,FR,15,15,2022-09-23 13:15:00+02:00,2024-01-02 09:50:00+01:00,1.0
tankan large non manufacturing index,JP,15,12,2022-10-03 05:50:00+02:00,2025-12-15 00:50:00+01:00,1.0
non farm payrolls,CH,14,11,2022-11-25 13:30:00+01:00,2025-11-25 08:30:00+01:00,1.0
producer price index,DE,14,10,2024-11-20 08:00:00+01:00,2025-12-19 08:00:00+01:00,1.0
bundesbank wuermeling speech,DE,14,0,2022-11-08 13:15:00+01:00,2023-11-16 08:00:00+01:00,1.0
bsi large manufacturing,JP,14,13,2022-09-13 05:50:00+02:00,2025-12-11 00:50:00+01:00,1.0
interest rate projection longer,US,14,12,2022-09-22 00:00:00+02:00,2025-12-10 20:00:00+01:00,1.0
interest rate projection 2nd yr,US,14,12,2022-09-22 00:00:00+02:00,2025-12-10 20:00:00+01:00,1.0
producer price index,US,14,11,2024-11-14 14:30:00+01:00,2025-12-11 14:30:00+01:00,1.0
producer price index,JP,14,11,2024-11-13 00:50:00+01:00,2025-12-10 00:50:00+01:00,1.0
ecofin meeting,EU,14,0,2023-01-17 14:00:00+01:00,2025-09-20 12:00:00+02:00,1.0
consumer inflation expectation,US,14,11,2024-11-12 17:00:00+01:00,2025-12-08 17:00:00+01:00,1.0714285714285714
fomc economic projections,US,14,0,2022-09-22 00:00:00+02:00,2025-12-10 20:00:00+01:00,1.0
employment change,ES,14,11,2024-11-05 09:00:00+01:00,2025-12-02 09:00:00+01:00,1.0
10 year index linked oat auction,FR,14,12,2023-01-19 17:00:00+01:00,2024-10-17 12:00:00+02:00,1.0
wage growth,EU,14,12,2022-09-15 15:00:00+02:00,2025-12-17 11:00:00+01:00,1.0
producer price index,FR,14,10,2024-11-29 08:45:00+01:00,2025-12-23 08:45:00+01:00,1.0
s p global manufacturing pmi,EU,14,14,2022-09-23 14:00:00+02:00,2024-01-02 10:00:00+01:00,1.0
current account,US,14,12,2022-09-22 18:30:00+02:00,2025-12-18 14:30:00+01:00,1.0
inflation rate,NZ,14,13,2022-10-17 23:45:00+02:00,2025-10-19 23:45:00+02:00,1.0
current account,NZ,14,12,2022-09-14 04:45:00+02:00,2025-12-16 22:45:00+01:00,1.0
consumer confidence,DE,14,10,2024-11-27 10:30:00+01:00,2025-12-19 08:00:00+01:00,1.0
industrial production,CH,14,11,2022-11-18 13:30:00+01:00,2025-11-18 08:30:00+01:00,1.0
interest rate projection 1st yr,US,14,12,2022-09-22 00:00:00+02:00,2025-12-10 20:00:00+01:00,1.0
boe dhingra speech,GB,14,0,2022-09-29 00:00:00+02:00,2025-05-22 14:00:00+02:00,1.0
services pmi,AU,14,9,2025-01-05 23:00:00+01:00,2025-10-03 01:00:00+02:00,1.0
interest rate projection current,US,14,12,2022-09-22 00:00:00+02:00,2025-12-10 20:00:00+01:00,1.0
ecb survey of professional forecasters,EU,14,0,2022-10-28 14:00:00+02:00,2025-07-25 10:00:00+02:00,1.0
snb interest rate decision,CH,14,11,2022-09-22 13:30:00+02:00,2025-12-11 09:30:00+01:00,1.0
producer price index,ES,14,10,2024-11-25 09:00:00+01:00,2025-12-23 09:00:00+01:00,1.0
producer price index,EU,14,11,2024-11-06 11:00:00+01:00,2025-12-03 11:00:00+01:00,1.0
gdp growth rate,NZ,14,12,2022-09-15 04:45:00+02:00,2025-12-17 22:45:00+01:00,1.0
total household debt,US,13,9,2023-08-08 17:00:00+02:00,2025-11-13 17:00:00+01:00,1.0
fed schmid speech,US,13,0,2023-10-04 16:05:00+02:00,2025-08-12 16:30:00+02:00,1.0
employment change,DE,13,10,2024-11-29 09:55:00+01:00,2025-11-28 09:55:00+01:00,1.0
employment cost wages,US,13,12,2022-10-28 18:30:00+02:00,2025-10-31 13:30:00+01:00,1.0
boe member pill speech,GB,13,0,2024-08-02 13:15:00+02:00,2025-08-08 13:15:00+02:00,1.0
manufacturing sales,NZ,13,12,2022-12-08 22:45:00+01:00,2025-12-10 22:45:00+01:00,1.0
construction orders,GB,13,12,2022-11-11 13:00:00+01:00,2025-11-13 08:00:00+01:00,1.0
employment cost benefits,US,13,12,2022-10-28 18:30:00+02:00,2025-10-31 13:30:00+01:00,1.0
cbi business optimism index,GB,13,12,2022-10-25 16:00:00+02:00,2025-10-24 12:00:00+02:00,1.0
quarterly grain stocks soy,US,13,12,2022-09-30 22:00:00+02:00,2025-09-30 18:00:00+02:00,1.0
ppi output,NZ,13,11,2022-11-17 03:45:00+01:00,2025-11-18 22:45:00+01:00,1.0
export prices,NZ,13,12,2022-12-02 03:45:00+01:00,2025-12-01 22:45:00+01:00,1.0
terms of trade,NZ,13,12,2022-12-02 03:45:00+01:00,2025-12-01 22:45:00+01:00,1.0
unemployment rate,FR,13,12,2022-11-15 12:30:00+01:00,2025-11-13 07:30:00+01:00,1.0
unemployment rate,ES,13,12,2022-10-27 13:00:00+02:00,2025-10-24 09:00:00+02:00,1.0
5 year tips auction,US,13,12,2022-10-20 19:00:00+02:00,2025-10-23 19:00:00+02:00,1.0
quarterly grain stocks corn,US,13,12,2022-09-30 22:00:00+02:00,2025-09-30 18:00:00+02:00,1.0
import prices,NZ,13,12,2022-12-02 03:45:00+01:00,2025-12-01 22:45:00+01:00,1.0
treasury refunding announcement,US,13,0,2022-11-02 18:30:00+01:00,2025-11-05 14:30:00+01:00,1.0
quarterly grain stocks wheat,US,13,12,2022-09-30 22:00:00+02:00,2025-09-30 18:00:00+02:00,1.0
5 year bond auction,EU,13,13,2022-11-28 16:45:00+01:00,2025-04-28 11:45:00+02:00,1.0
employment change,NZ,13,12,2022-11-02 02:45:00+01:00,2025-11-04 22:45:00+01:00,1.0
employment cost index,US,13,12,2022-10-28 18:30:00+02:00,2025-10-31 13:30:00+01:00,1.0
rbnz interest rate decision,NZ,13,12,2022-10-05 03:00:00+02:00,2024-08-14 04:00:00+02:00,1.0
services pmi,IT,12,11,2024-11-06 09:45:00+01:00,2025-10-03 09:45:00+02:00,1.0
fed chair powell testimony,US,12,0,2023-03-07 21:00:00+01:00,2025-06-25 16:00:00+02:00,1.0
pmi,IT,12,11,2024-11-06 09:45:00+01:00,2025-10-03 09:45:00+02:00,1.0
30 year oat auction,FR,12,11,2023-07-06 15:00:00+02:00,2024-10-03 11:00:00+02:00,1.0
participation rate,NZ,12,11,2022-11-02 02:45:00+01:00,2025-11-04 22:45:00+01:00,1.0
services pmi,ES,12,11,2024-11-06 09:15:00+01:00,2025-10-03 09:15:00+02:00,1.0
all truck sales,US,12,12,2024-11-04 15:00:00+01:00,2025-09-04 16:00:00+02:00,1.0
boe monetary policy report,GB,12,0,2023-02-02 13:00:00+01:00,2025-11-06 13:00:00+01:00,1.0
trade balance,GB,12,10,2024-11-15 08:00:00+01:00,2025-09-12 08:00:00+02:00,1.0
bundesbank president nagel speech,DE,12,0,2023-09-04 15:00:00+02:00,2024-05-16 13:30:00+02:00,1.0
unemployment rate,NZ,12,11,2022-11-02 02:45:00+01:00,2025-11-04 22:45:00+01:00,1.0
trade balance,NZ,12,5,2024-11-24 22:45:00+01:00,2025-09-19 00:45:00+02:00,1.0
westpac consumer confidence,NZ,12,12,2022-09-22 03:00:00+02:00,2025-06-17 23:00:00+02:00,1.0
20 year treasury gilt auction,GB,11,10,2024-01-09 11:00:00+01:00,2025-04-24 11:00:00+02:00,1.0
seco economic forecasts,CH,11,0,2022-09-20 13:00:00+02:00,2025-09-17 09:00:00+02:00,1.0
rba payments system board meeting,AU,11,0,2022-11-24 01:00:00+01:00,2024-05-23 02:00:00+02:00,1.0
20 year oat auction,FR,11,8,2023-07-06 15:00:00+02:00,2024-10-03 11:00:00+02:00,1.0
ecb fernandez bollo speech,EU,11,0,2022-09-19 13:15:00+02:00,2024-04-23 10:15:00+02:00,1.0
gross domestic product,US,11,10,2024-11-27 14:30:00+01:00,2025-09-25 14:30:00+02:00,1.0
manufacturing pmi,ES,11,10,2024-11-04 09:15:00+01:00,2025-10-01 09:15:00+02:00,1.0
rba press conference,AU,11,0,2024-02-06 05:30:00+01:00,2025-09-30 07:30:00+02:00,1.0
loan officer survey,US,11,0,2023-05-09 00:00:00+02:00,2025-08-04 20:00:00+02:00,1.0
leading index,US,11,10,2024-11-21 16:00:00+01:00,2025-09-18 16:00:00+02:00,1.0
trade balance,DE,11,11,2024-11-07 08:00:00+01:00,2025-09-08 08:00:00+02:00,1.0
construction pmi,EU,11,10,2024-11-07 09:30:00+01:00,2025-10-06 09:30:00+02:00,1.0909090909090908
consumer spending,FR,11,9,2025-01-10 08:45:00+01:00,2025-09-30 08:45:00+02:00,1.0
sentix investors sentiment,EU,11,11,2024-11-04 10:30:00+01:00,2025-09-08 10:30:00+02:00,1.0
all car sales,US,11,11,2024-11-04 15:00:00+01:00,2025-09-04 16:00:00+02:00,1.0
30 year obligacion auction,ES,11,9,2023-01-19 15:40:00+01:00,2025-09-18 10:40:00+02:00,1.0
business climate,EU,11,10,2024-11-28 11:00:00+01:00,2025-09-29 11:00:00+02:00,1.0
budget balance,US,11,9,2024-11-13 20:00:00+01:00,2025-09-11 20:00:00+02:00,1.0
btp short term auction,IT,11,10,2024-01-25 11:10:00+01:00,2025-01-28 11:10:00+01:00,1.0
boe consumer credit,US,11,11,2024-11-07 21:00:00+01:00,2025-09-08 21:00:00+02:00,1.0
construction pmi,DE,11,10,2024-11-07 09:30:00+01:00,2025-10-06 09:30:00+02:00,1.0
cb employment trends index,US,11,11,2024-11-04 16:00:00+01:00,2025-09-08 16:00:00+02:00,1.0
producer price index,CH,11,10,2024-11-15 08:30:00+01:00,2025-09-15 08:30:00+02:00,1.0
manufacturing pmi,IT,11,10,2024-11-04 09:45:00+01:00,2025-10-01 09:45:00+02:00,1.0
thomson reuters ipsos pcsi,US,11,10,2024-11-13 17:00:00+01:00,2025-09-10 17:00:00+02:00,1.0
wholesale sales,US,11,11,2024-11-07 16:00:00+01:00,2025-09-10 16:00:00+02:00,1.0
construction pmi,IT,11,10,2024-11-07 09:30:00+01:00,2025-10-06 09:30:00+02:00,1.0
interest rate projection 3rd yr,US,11,6,2022-09-22 00:00:00+02:00,2025-12-10 20:00:00+01:00,1.0
world economic forum annual meeting,CH,11,0,2023-01-16 01:00:00+01:00,2024-01-19 01:00:00+01:00,1.0
boe haskel speech,GB,11,0,2022-10-12 10:00:00+02:00,2024-07-08 18:15:00+02:00,1.0
trade balance,CH,11,10,2024-11-19 08:00:00+01:00,2025-09-18 08:00:00+02:00,1.0
opec monthly report,US,11,0,2024-11-12 13:00:00+01:00,2025-10-13 13:00:00+02:00,1.0
rba hunter speech,AU,10,0,2024-03-11 23:30:00+01:00,2025-09-16 01:50:00+02:00,1.0
15 year obligacion auction,ES,10,9,2022-12-01 15:40:00+01:00,2025-07-03 10:40:00+02:00,1.0
btp short term,IT,10,7,2022-09-27 15:10:00+02:00,2023-11-24 10:10:00+01:00,1.0
monetary base,JP,10,8,2024-11-05 00:50:00+01:00,2025-10-02 01:50:00+02:00,1.0
money supply,CH,10,0,2024-11-21 09:00:00+01:00,2025-09-22 09:00:00+02:00,1.0
core rpi,GB,10,9,2024-12-18 08:00:00+01:00,2025-09-17 08:00:00+02:00,1.0
thomson reuters ipsos pcsi,FR,10,10,2024-12-12 12:00:00+01:00,2025-09-11 12:00:00+02:00,1.0
real earnings,US,10,10,2024-11-13 14:30:00+01:00,2025-09-11 14:30:00+02:00,1.0
thomson reuters ipsos pcsi,ES,10,10,2024-12-12 12:00:00+01:00,2025-09-11 12:00:00+02:00,1.0
trade balance,JP,10,8,2024-11-20 00:50:00+01:00,2025-09-17 01:50:00+02:00,1.0
construction pmi,FR,10,9,2025-01-07 09:30:00+01:00,2025-10-06 09:30:00+02:00,1.0
trade balance,EU,10,9,2024-11-18 11:00:00+01:00,2025-09-15 11:00:00+02:00,1.0
thomson reuters ipsos pcsi,DE,10,10,2024-12-12 12:00:00+01:00,2025-09-11 12:00:00+02:00,1.0
thomson reuters ipsos pcsi,GB,10,10,2024-12-12 12:00:00+01:00,2025-09-11 12:00:00+02:00,1.0
money supply,GB,10,0,2025-01-03 10:30:00+01:00,2025-09-29 10:30:00+02:00,1.0
trade balance,FR,10,10,2024-12-06 08:45:00+01:00,2025-09-05 08:45:00+02:00,1.0
thomson reuters ipsos pcsi,IT,10,10,2024-12-12 12:00:00+01:00,2025-09-11 12:00:00+02:00,1.0
money supply,JP,10,0,2024-12-10 00:50:00+01:00,2025-09-09 01:50:00+02:00,1.0
private sector loans,EU,10,10,2024-11-28 10:00:00+01:00,2025-08-28 10:00:00+02:00,1.0
ecb bank lending survey,EU,10,0,2023-10-24 10:00:00+02:00,2025-07-22 10:00:00+02:00,1.0
economic sentiment,DE,10,9,2024-11-12 11:00:00+01:00,2025-09-16 11:00:00+02:00,1.0
btp index linked auction,IT,10,8,2024-01-25 11:10:00+01:00,2024-11-26 11:10:00+01:00,1.0
zew expectations,CH,10,9,2024-11-27 10:00:00+01:00,2025-09-24 10:00:00+02:00,1.0
40 year jgb auction,JP,10,10,2022-09-27 09:35:00+02:00,2024-05-22 05:35:00+02:00,1.0
gross domestic product,EU,10,10,2024-12-06 11:00:00+01:00,2025-09-05 11:00:00+02:00,1.0
new passenger car registrations,GB,9,0,2024-11-06 11:00:00+01:00,2025-09-04 10:00:00+02:00,1.0
s p global services pmi,ES,9,8,2022-10-05 13:15:00+02:00,2025-01-06 09:15:00+01:00,1.0
boe cunliffe speech,GB,9,0,2022-09-28 14:15:00+02:00,2023-10-26 18:45:00+02:00,1.0
manufacturing pmi,AU,9,5,2025-01-01 23:00:00+01:00,2025-09-01 01:00:00+02:00,1.0
rba kent speech,AU,9,0,2022-10-24 04:05:00+02:00,2025-04-02 01:25:00+02:00,1.0
rbnz press conference,NZ,9,0,2022-11-02 03:00:00+01:00,2024-08-14 05:00:00+02:00,1.0
10 year bund g auction,DE,9,9,2023-07-05 15:30:00+02:00,2024-09-10 11:30:00+02:00,1.0
ppi,AU,9,9,2022-10-28 06:30:00+02:00,2024-08-02 03:30:00+02:00,1.0
10 year bund i auction,DE,9,8,2023-01-10 16:30:00+01:00,2023-10-10 11:30:00+02:00,1.0
s p global services pmi,IT,9,8,2022-10-05 13:45:00+02:00,2025-01-06 09:45:00+01:00,1.0
nzier business confidence,NZ,9,9,2022-10-04 03:00:00+02:00,2024-09-30 23:00:00+02:00,1.0
snb jordan speech,CH,9,0,2023-04-28 14:00:00+02:00,2024-05-30 02:00:00+02:00,1.0
money supply,EU,9,0,2024-11-28 10:00:00+01:00,2025-07-25 10:00:00+02:00,1.0
trade balance,US,9,9,2025-01-07 14:30:00+01:00,2025-09-04 14:30:00+02:00,1.0
s p global composite pmi,ES,9,8,2022-10-05 13:15:00+02:00,2025-01-06 09:15:00+01:00,1.0
15 year treasury gilt auction,GB,9,9,2023-07-25 11:00:00+02:00,2025-06-25 11:00:00+02:00,1.0
3 year bond auction,EU,9,9,2022-09-26 15:45:00+02:00,2025-06-02 11:45:00+02:00,1.0
7 year treasury gilt auction,GB,9,8,2022-10-26 15:00:00+02:00,2025-03-27 11:00:00+01:00,1.0
trade balance,ES,9,9,2024-11-18 10:00:00+01:00,2025-08-18 10:00:00+02:00,1.0
pmi,AU,9,5,2025-01-05 23:00:00+01:00,2025-09-03 01:00:00+02:00,1.0
s p global composite pmi,IT,9,8,2022-10-05 09:45:00+02:00,2025-01-06 09:45:00+01:00,1.0
business inventories,AU,9,9,2022-12-05 01:30:00+01:00,2024-03-04 01:30:00+01:00,1.0
business inflation expectations,NZ,9,8,2022-11-08 08:00:00+01:00,2024-08-08 05:00:00+02:00,1.0
nzier capacity utilization,NZ,9,9,2022-10-04 03:00:00+02:00,2024-09-30 23:00:00+02:00,1.0
boe greene speech,GB,9,0,2023-11-17 14:15:00+01:00,2025-06-24 11:30:00+02:00,1.0
company gross profits,AU,9,9,2022-12-05 01:30:00+01:00,2024-03-04 01:30:00+01:00,1.0
ecb montagner speech,EU,8,0,2024-12-05 16:15:00+01:00,2025-09-19 09:40:00+02:00,1.0
ecb monetary policy statement and press conference,EU,8,0,2024-12-12 14:15:00+01:00,2025-09-11 14:15:00+02:00,1.0
press conference,US,8,0,2024-11-07 20:30:00+01:00,2025-09-17 20:30:00+02:00,1.0
rba trimmed mean cpi,AU,8,8,2022-10-26 06:30:00+02:00,2024-04-24 03:30:00+02:00,1.0
bond auction,EU,8,5,2023-08-28 11:45:00+02:00,2025-08-25 11:45:00+02:00,1.0
retail sales,FR,8,7,2022-10-06 15:00:00+02:00,2023-04-11 15:00:00+02:00,1.0
gdp growth rate qoq 3rd,EU,8,5,2022-12-07 11:00:00+01:00,2024-09-06 11:00:00+02:00,1.0
gdp growth rate yoy 3rd,EU,8,6,2022-12-07 11:00:00+01:00,2024-09-06 11:00:00+02:00,1.0
building capital expenditure,AU,8,7,2022-12-01 06:30:00+01:00,2024-08-29 03:30:00+02:00,1.0
s p global construction pmi,IT,8,8,2022-10-06 13:30:00+02:00,2024-01-05 09:30:00+01:00,1.0
s p global construction pmi,DE,8,8,2022-10-06 13:30:00+02:00,2024-01-05 09:30:00+01:00,1.0
eu bonds auction,EU,8,8,2024-01-08 11:45:00+01:00,2025-07-14 11:45:00+02:00,1.0
boj kuroda speech,JP,8,0,2022-09-26 11:30:00+02:00,2023-03-28 10:00:00+02:00,1.0
wage price index,AU,8,8,2022-11-16 06:30:00+01:00,2024-08-13 03:30:00+02:00,1.0
interest rate decision,GB,8,7,2024-11-07 13:00:00+01:00,2025-09-18 13:00:00+02:00,1.0
labour costs index,NZ,8,8,2022-11-02 02:45:00+01:00,2024-08-07 00:45:00+02:00,1.0
rbnz gov orr speech,NZ,8,0,2024-02-15 19:40:00+01:00,2025-05-07 01:00:00+02:00,1.0
gdp price index qoq adv,US,8,8,2022-10-27 18:30:00+02:00,2024-07-25 14:30:00+02:00,1.0
construction work done,AU,8,7,2022-11-30 06:30:00+01:00,2024-08-28 03:30:00+02:00,1.0
ppi input,NZ,8,7,2022-11-17 03:45:00+01:00,2024-08-16 00:45:00+02:00,1.0
pce prices qoq adv,US,8,8,2022-10-27 18:30:00+02:00,2024-07-25 14:30:00+02:00,1.0
private capital expenditure,AU,8,7,2022-12-01 06:30:00+01:00,2024-08-29 03:30:00+02:00,1.0
plant machinery capital expenditure,AU,8,7,2022-12-01 06:30:00+01:00,2024-08-29 03:30:00+02:00,1.0
ecb af jochnick speech,EU,8,0,2022-11-25 14:50:00+01:00,2024-09-03 16:00:00+02:00,1.0
gdp growth rate qoq adv,IT,8,7,2022-10-31 14:00:00+01:00,2024-07-30 10:00:00+02:00,1.0
real consumer spending qoq adv,US,8,8,2022-10-27 18:30:00+02:00,2024-07-25 14:30:00+02:00,1.0
gdp growth rate qoq adv,US,8,8,2022-10-27 18:30:00+02:00,2024-07-25 14:30:00+02:00,1.0
rba jones speech,AU,8,0,2022-12-08 03:45:00+01:00,2025-03-25 00:10:00+01:00,1.0
core pce prices qoq adv,US,8,8,2022-10-27 18:30:00+02:00,2024-07-25 14:30:00+02:00,1.0
s p global construction pmi,FR,8,8,2022-10-06 13:30:00+02:00,2024-01-05 09:30:00+01:00,1.0
rba weighted median cpi,AU,8,8,2022-10-26 06:30:00+02:00,2024-04-24 03:30:00+02:00,1.0
gdp sales qoq adv,US,8,8,2022-10-27 18:30:00+02:00,2024-07-25 14:30:00+02:00,1.0
m2 money supply,US,8,8,2025-01-28 19:00:00+01:00,2025-08-26 19:00:00+02:00,1.0
gdp growth rate yoy adv,IT,8,7,2022-10-31 14:00:00+01:00,2024-07-30 10:00:00+02:00,1.0
5 year btp i auction,IT,8,8,2023-04-21 15:10:00+02:00,2024-07-25 11:10:00+02:00,1.0
boj quarterly outlook report,JP,8,0,2022-10-28 09:00:00+02:00,2024-07-31 06:00:00+02:00,1.0
s p global construction pmi,EU,8,8,2022-10-06 13:30:00+02:00,2024-01-05 09:30:00+01:00,1.0
inflation rate,AU,8,8,2022-10-26 06:30:00+02:00,2024-04-24 03:30:00+02:00,1.0
rba bulletin,AU,8,0,2022-09-15 07:30:00+02:00,2024-04-18 03:30:00+02:00,1.0
gross domestic product,JP,7,7,2024-12-11 00:50:00+01:00,2025-09-08 01:50:00+02:00,1.0
ecb nagel speech,EU,7,0,2022-09-17 14:00:00+02:00,2025-03-13 18:30:00+01:00,1.0
gross domestic product,DE,7,7,2024-11-22 08:00:00+01:00,2025-08-22 08:00:00+02:00,1.0
interest rate decision,EU,7,7,2024-12-12 14:15:00+01:00,2025-09-11 14:15:00+02:00,1.0
30 year tips auction,US,7,5,2023-02-17 00:00:00+01:00,2025-08-21 19:00:00+02:00,1.0
s p global manufacturing pmi,IT,7,7,2022-10-03 09:45:00+02:00,2023-04-03 13:45:00+02:00,1.0
capital spending,JP,7,6,2023-03-02 05:50:00+01:00,2024-09-02 01:50:00+02:00,1.0
snb quarterly bulletin,CH,7,0,2023-03-29 19:00:00+02:00,2025-06-25 15:00:00+02:00,1.0
10 year btp i auction,IT,7,7,2023-01-26 11:10:00+01:00,2024-06-25 11:10:00+02:00,1.0
beige book,US,7,0,2024-12-04 20:00:00+01:00,2025-09-03 20:00:00+02:00,1.0
boj press conference,JP,7,0,2024-12-19 07:30:00+01:00,2025-09-19 08:30:00+02:00,1.0
8 year obligacion auction,ES,7,7,2023-09-21 10:40:00+02:00,2025-06-19 11:30:00+02:00,1.0
bund auction,DE,7,6,2025-01-21 11:30:00+01:00,2025-09-09 11:30:00+02:00,1.0
s p global manufacturing pmi,ES,7,7,2022-10-03 09:15:00+02:00,2023-04-03 13:15:00+02:00,1.0
rbnz financial stability report,NZ,7,0,2022-11-02 01:00:00+01:00,2025-05-07 22:00:00+02:00,1.0
international monetary market imm date,US,7,0,2022-09-21 06:00:00+02:00,2024-03-20 01:00:00+01:00,1.0
ecb survey of monetary analysts,EU,7,0,2023-06-19 10:00:00+02:00,2025-06-10 10:00:00+02:00,1.0
treasury refunding financingimates,US,7,0,2024-01-29 21:00:00+01:00,2025-07-28 21:00:00+02:00,1.0
15 year index linked obligacion auction,ES,7,7,2023-01-12 15:40:00+01:00,2024-06-06 11:35:00+02:00,1.0
2 year treasury gilt auction,GB,7,7,2023-05-03 11:00:00+02:00,2024-09-12 11:00:00+02:00,1.0
central bank balance sheet,US,7,3,2024-06-27 22:30:00+02:00,2024-08-08 22:30:00+02:00,1.0
cpi,AU,7,7,2022-10-26 06:30:00+02:00,2024-04-24 03:30:00+02:00,1.0
consumer confidence,GB,7,5,2025-04-25 01:01:00+02:00,2025-10-24 01:01:00+02:00,1.0
rba gov bullock speaks,AU,7,0,2024-11-14 00:00:00+01:00,2025-09-03 10:00:00+02:00,1.0
opec meeting,US,6,0,2024-12-10 11:00:00+01:00,2025-07-05 12:00:00+02:00,1.0
20 year bond auction,EU,6,6,2022-11-28 16:45:00+01:00,2025-03-24 11:45:00+01:00,1.0
5 year btan auction,FR,6,5,2022-09-15 15:00:00+02:00,2023-02-16 16:00:00+01:00,1.0
boe tenreyro speech,GB,6,0,2022-09-26 22:00:00+02:00,2023-06-29 18:30:00+02:00,1.0
gross domestic product,IT,6,6,2025-01-30 10:00:00+01:00,2025-08-29 10:00:00+02:00,1.0
3 year btan auction,FR,6,4,2022-09-15 15:00:00+02:00,2023-02-16 16:00:00+01:00,1.0
ecb hern ndez de cos speech,EU,6,0,2022-11-29 18:00:00+01:00,2024-02-12 10:45:00+01:00,1.0
brc shop price index,GB,6,6,2025-04-01 01:01:00+02:00,2025-08-26 01:01:00+02:00,1.0
current account,AU,6,6,2022-12-06 06:30:00+01:00,2024-03-05 01:30:00+01:00,1.0
imf meeting,US,6,0,2025-04-21 12:00:00+02:00,2025-04-26 12:00:00+02:00,1.0
rba hauser speech,AU,6,0,2024-06-27 12:00:00+02:00,2025-07-31 01:20:00+02:00,1.0
import prices,AU,6,6,2022-10-27 06:30:00+02:00,2024-04-26 03:30:00+02:00,1.0
balance of trade s a,DE,6,6,2022-10-05 12:00:00+02:00,2023-03-03 13:00:00+01:00,1.0
gross domestic product,FR,6,6,2025-01-30 07:30:00+01:00,2025-08-29 08:45:00+02:00,1.0
15 year bond auction,EU,6,6,2022-10-24 15:45:00+02:00,2025-02-24 11:45:00+01:00,1.0
gdp capital expenditure,AU,6,6,2022-12-07 01:30:00+01:00,2024-03-06 01:30:00+01:00,1.0
ecb financial stability review,EU,6,0,2022-11-16 15:00:00+01:00,2025-05-21 10:00:00+02:00,1.0
eurozone leaders meeting,EU,6,0,2024-12-19 11:00:00+01:00,2025-06-27 12:00:00+02:00,1.0
exports mom s a,DE,6,6,2022-10-05 12:00:00+02:00,2023-03-03 13:00:00+01:00,1.0
imports mom s a,DE,6,6,2022-10-05 12:00:00+02:00,2023-03-03 13:00:00+01:00,1.0
fed evans speech,US,6,0,2022-09-27 16:15:00+02:00,2022-12-02 21:15:00+01:00,1.0
30 year green gilt auction,GB,6,6,2023-07-04 15:00:00+02:00,2025-02-05 11:00:00+01:00,1.0
boe woods speech,GB,6,0,2022-10-27 21:30:00+02:00,2024-10-17 22:00:00+02:00,1.0
negotiated wage growth,EU,6,6,2024-05-23 11:00:00+02:00,2025-08-22 11:00:00+02:00,1.0
gdp growth rate,AU,6,6,2022-12-07 06:30:00+01:00,2024-03-06 01:30:00+01:00,1.0
index linked btp auction,IT,6,2,2023-05-25 11:10:00+02:00,2023-11-24 11:10:00+01:00,1.0
cpi,NZ,6,5,2023-01-24 22:45:00+01:00,2024-04-17 00:45:00+02:00,1.0
gross domestic product,ES,6,5,2025-01-29 09:00:00+01:00,2025-09-26 09:00:00+02:00,1.0
european commission winter forecasts,EU,6,0,2023-02-13 15:00:00+01:00,2025-02-28 11:00:00+01:00,1.0
gdp consumption,AU,6,6,2022-12-07 06:30:00+01:00,2024-03-06 01:30:00+01:00,1.0
export prices,AU,6,6,2022-10-27 06:30:00+02:00,2024-04-26 03:30:00+02:00,1.0
ny fed treasury purchases 22 5 to 30 yrs,US,6,0,2023-03-02 21:30:00+01:00,2025-09-09 16:30:00+02:00,1.0
ny fed treasury purchases 0 to 1 yrs,US,6,0,2023-05-09 20:30:00+02:00,2025-05-06 16:30:00+02:00,1.0
rba statement on monetary policy,AU,5,0,2022-11-04 05:30:00+01:00,2023-11-10 01:30:00+01:00,1.0
20 year index linked treasury gilt auction,GB,5,5,2024-06-12 11:00:00+02:00,2025-02-12 11:00:00+01:00,1.0
boe benford speech,GB,5,0,2024-03-07 11:00:00+01:00,2025-05-13 13:00:00+02:00,1.0
boe credit conditions survey,GB,5,0,2022-10-13 10:30:00+02:00,2025-07-03 11:30:00+02:00,1.0
capacity utilization,NZ,5,4,2025-01-13 22:00:00+01:00,2025-10-06 23:00:00+02:00,1.0
capital expenditure,JP,5,4,2024-12-02 00:50:00+01:00,2025-12-01 00:50:00+01:00,1.0
10 year green gilt auction,GB,5,5,2023-09-26 11:00:00+02:00,2025-01-29 11:00:00+01:00,1.0
labour cost index,NZ,5,4,2024-11-05 22:45:00+01:00,2025-11-04 22:45:00+01:00,1.0
rba connolly speech,AU,5,0,2022-12-14 04:50:00+01:00,2025-08-19 06:50:00+02:00,1.0
financial stability report,GB,5,0,2022-12-13 11:30:00+01:00,2024-11-29 11:30:00+01:00,1.0
none,JP,5,4,2025-09-25 23:30:00+02:00,2025-09-30 01:50:00+02:00,0.0
10,IT,5,5,2024-05-30 11:30:00+02:00,2024-08-29 11:30:00+02:00,1.0
ai group services index,AU,5,3,2022-10-09 23:30:00+02:00,2023-02-07 03:30:00+01:00,1.0
20 year obligacion auction,ES,5,5,2023-02-02 16:00:00+01:00,2024-08-01 10:40:00+02:00,1.0
boe hauser speech,GB,5,0,2023-03-03 17:00:00+01:00,2025-05-27 10:00:00+02:00,1.0
oati auction,FR,5,2,2024-06-20 12:00:00+02:00,2024-10-17 12:00:00+02:00,1.0
monetary policy meeting minutes,JP,5,0,2025-01-29 00:50:00+01:00,2025-08-05 01:50:00+02:00,1.0
producer price index,NZ,5,4,2024-11-17 22:45:00+01:00,2025-11-18 22:45:00+01:00,1.0
6 year oat auction,FR,5,5,2023-11-16 11:00:00+01:00,2024-10-17 11:00:00+02:00,1.0
interest rate decision,AU,5,3,2025-05-06 06:30:00+02:00,2025-09-30 06:30:00+02:00,1.0
ny fed treasury purchases 10 to 22 5 yrs,US,5,0,2022-10-26 20:30:00+02:00,2025-06-24 16:30:00+02:00,1.0
snb schlegel speech,CH,5,0,2023-11-09 18:15:00+01:00,2025-09-10 13:45:00+02:00,1.0
boe quarterly bulletin,GB,5,0,2022-10-14 17:00:00+02:00,2025-04-30 13:30:00+02:00,1.0
ny fed treasury purchases tips 7 5 to 30 yrs,US,5,0,2022-11-08 21:30:00+01:00,2025-06-26 16:30:00+02:00,1.0
ecb jochnick speech,EU,5,0,2023-04-26 15:20:00+02:00,2024-09-12 09:25:00+02:00,1.0
30 year index linked oat auction,FR,5,5,2023-03-16 16:00:00+01:00,2024-07-18 12:00:00+02:00,1.0
snb press conference,CH,5,0,2022-12-15 10:30:00+01:00,2025-06-19 10:00:00+02:00,1.0
boj adachi speech,JP,4,0,2023-06-21 03:30:00+02:00,2024-05-29 03:30:00+02:00,1.0
boe mpc treasury committee hearings,GB,4,0,2023-09-06 15:15:00+02:00,2025-09-03 15:15:00+02:00,1.0
ecb consumer expectation survey,EU,4,0,2023-06-06 10:00:00+02:00,2023-10-11 10:00:00+02:00,1.0
fed brainard speech,US,4,0,2022-09-30 19:00:00+02:00,2023-01-19 19:15:00+01:00,1.0
5 year index linked oat auction,FR,4,4,2024-05-16 12:00:00+02:00,2024-10-17 12:00:00+02:00,1.0
ny fed treasury purchases 4 5 to 7 yrs,US,4,0,2023-03-07 21:30:00+01:00,2024-03-11 15:30:00+01:00,1.0
business confidence,NZ,4,3,2025-01-13 22:00:00+01:00,2025-10-06 23:00:00+02:00,1.0
consumer confidence,EA,4,3,2025-01-08 11:00:00+01:00,2025-02-20 16:00:00+01:00,1.0
boe deputy gov bailey speech,GB,4,0,2025-01-29 15:15:00+01:00,2025-05-09 10:40:00+02:00,1.0
none,RU,4,2,2025-09-25 13:00:00+02:00,2025-09-25 18:00:00+02:00,0.0
ny fed treasury purchases 0 to 2 25 yrs,US,4,0,2022-10-24 21:20:00+02:00,2024-01-10 16:30:00+01:00,1.0
28 year index linked treasury gilt auction,GB,4,4,2023-05-23 11:00:00+02:00,2024-01-30 11:00:00+01:00,1.0
rba kearns speech,AU,4,0,2022-09-19 04:10:00+02:00,2022-11-30 06:00:00+01:00,1.0
gross domestic product,NZ,4,3,2024-12-18 22:45:00+01:00,2025-09-18 00:45:00+02:00,1.0
rba financial stability review,AU,4,0,2022-10-07 06:30:00+02:00,2024-03-22 01:30:00+01:00,1.0
ecb forum on central banking,EU,4,0,2023-06-26 02:00:00+02:00,2023-06-28 06:00:00+02:00,1.0
30 year bund i auction,DE,4,4,2023-02-07 16:30:00+01:00,2023-10-10 11:30:00+02:00,1.0
index linked oat auction,FR,4,1,2024-06-20 12:00:00+02:00,2024-10-17 12:00:00+02:00,1.0
10 year index linked obligacion auction,ES,4,4,2023-11-02 10:40:00+01:00,2024-07-04 11:40:00+02:00,1.0
gross domestic product,CH,4,4,2025-02-27 09:00:00+01:00,2025-08-28 09:00:00+02:00,1.0
full year gdp growth,IT,4,3,2023-03-01 16:00:00+01:00,2025-03-03 12:00:00+01:00,1.0
4 year treasury gilt auction,GB,4,4,2024-11-13 11:00:00+01:00,2025-03-18 11:00:00+01:00,1.0
boj nakamura speech,JP,4,0,2022-12-07 02:30:00+01:00,2025-05-16 06:00:00+02:00,1.0
ecb knot speech,EU,4,0,2023-02-07 14:00:00+01:00,2025-04-22 12:30:00+02:00,1.0
employment level,CH,4,4,2024-11-25 08:30:00+01:00,2025-08-25 08:30:00+02:00,1.0
gdp chain price index,AU,4,4,2023-06-07 07:30:00+02:00,2024-03-06 01:30:00+01:00,1.0
tankan small non manufacturing index,JP,4,3,2024-12-13 00:50:00+01:00,2025-10-01 01:50:00+02:00,1.0
tankan all small industry capex,JP,4,3,2024-12-13 00:50:00+01:00,2025-10-01 01:50:00+02:00,1.0
fed barr testimony,US,4,0,2023-03-28 20:00:00+02:00,2023-05-18 19:30:00+02:00,1.0
fed george speech,US,3,0,2022-10-03 20:15:00+02:00,2022-11-23 01:15:00+01:00,1.0
7 year oat auction,FR,3,3,2023-03-16 15:00:00+01:00,2024-08-14 11:00:00+02:00,1.0
rba kohler speech,AU,3,0,2023-11-13 00:30:00+01:00,2024-02-13 22:55:00+01:00,1.0
snb moser speech,CH,3,0,2023-11-09 21:30:00+01:00,2025-04-10 18:00:00+02:00,1.0
boj amamiya speech,JP,3,0,2022-09-26 12:30:00+02:00,2022-11-27 10:10:00+01:00,1.0
pentecost monday,DE,3,0,2023-05-29 02:00:00+02:00,2024-05-20 02:00:00+02:00,1.0
german unity day,EU,3,0,2022-10-03 02:00:00+02:00,2023-10-03 02:00:00+02:00,1.0
6 month bubill auction,DE,3,1,2023-01-09 16:30:00+01:00,2023-07-10 11:30:00+02:00,1.0
coming of age day,JP,3,0,2023-01-09 01:00:00+01:00,2024-01-08 01:00:00+01:00,1.0
14 year oat auction,FR,3,3,2024-03-07 11:00:00+01:00,2025-03-06 11:00:00+01:00,1.0
st berchtold,CH,3,0,2023-01-02 01:00:00+01:00,2024-01-02 01:00:00+01:00,1.0
gdp deflator,AU,3,2,2022-12-07 01:30:00+01:00,2023-06-07 03:30:00+02:00,1.0
16 year index linked treasury gilt auction,GB,3,3,2023-04-12 15:00:00+02:00,2023-10-10 11:00:00+02:00,1.0
government budget to gdp,EU,3,3,2023-04-21 15:00:00+02:00,2025-04-22 11:00:00+02:00,1.0
3 month bill auction,NZ,3,3,2024-08-13 04:35:00+02:00,2024-08-27 04:35:00+02:00,1.0
industrial production mom,JP,3,1,2023-09-29 01:50:00+02:00,2023-11-30 00:50:00+01:00,1.0
culture day,JP,3,0,2022-11-03 05:00:00+01:00,2024-11-03 01:00:00+01:00,1.0
victory in europe day,FR,3,0,2023-05-08 02:00:00+02:00,2024-05-08 02:00:00+02:00,1.0
boxing day,GB,3,0,2022-12-26 01:00:00+01:00,2023-12-26 01:00:00+01:00,1.0
unemployment rate harmonised,DE,3,3,2022-09-30 12:00:00+02:00,2022-11-30 13:00:00+01:00,1.0
ny fed treasury purchases 2 25 to 4 5 yrs,US,3,0,2022-12-19 16:30:00+01:00,2024-09-09 16:30:00+02:00,1.0
ecb cipollone speech,EA,3,0,2025-01-17 12:00:00+01:00,2025-01-28 15:30:00+01:00,1.0
anz job advertisements,AU,3,1,2022-10-04 06:30:00+02:00,2022-12-19 07:30:00+01:00,1.0
day after new year s day,NZ,3,0,2023-01-02 01:00:00+01:00,2024-01-02 01:00:00+01:00,1.0
30 year btp i auction,IT,3,3,2023-09-26 11:10:00+02:00,2024-07-25 11:10:00+02:00,1.0
new year s day,JP,3,0,2023-01-02 01:00:00+01:00,2023-01-03 06:00:00+01:00,1.0
columbus day,US,3,0,2022-10-10 02:00:00+02:00,2023-10-09 02:00:00+02:00,1.0
none,BR,3,0,2025-09-29 13:00:00+02:00,2025-09-29 19:30:00+02:00,0.0
boj tamura speech,JP,3,0,2023-02-22 02:30:00+01:00,2024-03-27 02:00:00+01:00,1.0
washington s birthday,US,3,0,2023-02-20 01:00:00+01:00,2024-02-19 01:00:00+01:00,1.0
15 year index linked treasury gilt auction,GB,3,3,2024-02-27 11:00:00+01:00,2024-07-23 11:00:00+02:00,1.0
consumer inflation expectation,EA,3,3,2025-01-07 10:00:00+01:00,2025-01-30 11:00:00+01:00,1.0
boj noguchi speech,JP,3,0,2023-06-22 03:30:00+02:00,2024-04-18 03:30:00+02:00,1.0
health and sports day,JP,3,0,2022-10-10 02:00:00+02:00,2023-10-09 02:00:00+02:00,1.0
4 year bond auction,EU,3,3,2022-10-24 15:45:00+02:00,2025-04-28 11:45:00+02:00,1.0
6 year obligacion auction,ES,3,3,2023-08-03 14:50:00+02:00,2024-07-18 10:50:00+02:00,1.0
boe monetary policy report hearings,GB,3,0,2022-11-16 20:15:00+01:00,2023-11-21 11:15:00+01:00,1.0
christmas,US,3,0,2022-12-26 01:00:00+01:00,2023-12-25 01:00:00+01:00,1.0
employment wages,US,3,3,2025-01-31 14:30:00+01:00,2025-07-31 14:30:00+02:00,1.0
net exports contribution to gdp,AU,3,3,2023-09-05 03:30:00+02:00,2024-03-05 01:30:00+01:00,1.0
boe lombardelli speech,GB,3,0,2024-11-25 10:00:00+01:00,2025-05-12 10:00:00+02:00,1.0
saint stephen s day,CH,3,0,2022-12-26 01:00:00+01:00,2023-12-26 01:00:00+01:00,1.0
new year s day,DE,3,0,2023-01-01 06:00:00+01:00,2023-01-02 06:00:00+01:00,1.0
40 year treasury gilt auction,GB,3,3,2024-02-20 11:00:00+01:00,2025-02-18 11:00:00+01:00,1.0
12 year oati auction,FR,3,3,2024-06-20 12:00:00+02:00,2024-10-17 12:00:00+02:00,1.0
seco consumer climate,CH,3,3,2025-02-07 09:00:00+01:00,2025-08-08 09:00:00+02:00,1.0
6 month bill auction,NZ,3,2,2024-08-13 04:35:00+02:00,2024-08-27 04:35:00+02:00,1.0
boxing day,DE,3,0,2022-12-26 01:00:00+01:00,2023-12-26 01:00:00+01:00,1.0
30 year bund g auction,DE,3,3,2023-10-31 11:30:00+01:00,2024-09-10 11:30:00+02:00,1.0
christmas,EU,3,0,2022-12-26 01:00:00+01:00,2023-12-25 01:00:00+01:00,1.0
spring bank holiday,GB,3,0,2023-05-29 02:00:00+02:00,2024-05-27 02:00:00+02:00,1.0
none,KR,3,2,2025-09-25 21:00:00+02:00,2025-09-30 01:00:00+02:00,0.0
rba rate statement,AU,3,0,2025-05-20 06:30:00+02:00,2025-08-12 06:30:00+02:00,1.0
pentecost monday,CH,3,0,2023-05-29 02:00:00+02:00,2024-05-20 02:00:00+02:00,1.0
memorial day,US,3,0,2023-05-29 02:00:00+02:00,2024-05-27 02:00:00+02:00,1.0
8 year oat auction,FR,3,3,2024-06-20 11:00:00+02:00,2024-09-19 11:00:00+02:00,1.0
government debt to gdp,EU,3,3,2023-04-21 15:00:00+02:00,2025-04-22 11:00:00+02:00,1.0
inflation rate,EA,3,2,2025-01-07 11:00:00+01:00,2025-03-03 11:00:00+01:00,1.0
15 year oat auction,FR,3,3,2024-04-04 11:00:00+02:00,2024-08-01 11:00:00+02:00,1.0
15 year btp i auction,IT,3,3,2024-01-25 11:10:00+01:00,2024-09-25 11:10:00+02:00,1.0
none,MX,3,2,2025-09-25 19:00:00+02:00,2025-09-29 14:00:00+02:00,0.0
6 year index linked oat auction,FR,3,3,2023-03-16 16:00:00+01:00,2023-12-07 12:00:00+01:00,1.0
employment benefits,US,3,3,2025-01-31 14:30:00+01:00,2025-07-31 14:30:00+02:00,1.0
ecb consumer expectations survey,EU,3,0,2023-03-07 15:00:00+01:00,2023-11-08 10:00:00+01:00,1.0
respect for the aged day,JP,3,0,2022-09-19 02:00:00+02:00,2023-09-18 02:00:00+02:00,1.0
unemployment rate,EA,3,2,2025-01-07 11:00:00+01:00,2025-03-04 11:00:00+01:00,1.0
martin luther king jr day,US,3,0,2023-01-16 01:00:00+01:00,2024-01-15 01:00:00+01:00,1.0
boj nakagawa speech,JP,3,0,2023-03-01 07:30:00+01:00,2024-03-07 02:30:00+01:00,1.0
full year gdp growth,DE,3,3,2023-01-13 10:00:00+01:00,2025-01-15 10:00:00+01:00,1.0
new year s day,EU,3,0,2023-01-01 06:00:00+01:00,2023-01-02 06:00:00+01:00,1.0
bundesbank beermann speech,DE,3,0,2022-09-26 23:00:00+02:00,2022-10-05 11:00:00+02:00,1.0
boxing day,NZ,3,0,2022-12-26 01:00:00+01:00,2023-12-26 01:00:00+01:00,1.0
none,CA,3,2,2025-09-25 16:00:00+02:00,2025-09-29 14:30:00+02:00,0.0
monetary policy report,US,3,0,2025-02-07 16:00:00+01:00,2025-06-20 17:00:00+02:00,1.0
1 year bill auction,NZ,3,2,2024-08-13 04:35:00+02:00,2024-08-27 04:35:00+02:00,1.0
german unity day,DE,3,0,2022-10-03 02:00:00+02:00,2023-10-03 02:00:00+02:00,1.0
ecb villeroy de galhau speech,EU,3,0,2023-09-25 09:25:00+02:00,2024-01-17 10:30:00+01:00,1.0
ecb president lagarde speech,EA,3,0,2025-01-24 11:00:00+01:00,2025-01-28 18:00:00+01:00,1.0
consumer price index,NZ,3,3,2025-01-21 22:45:00+01:00,2025-07-21 00:45:00+02:00,1.0
boe fpc meeting minutes,GB,3,0,2022-12-13 11:30:00+01:00,2025-07-09 11:30:00+02:00,1.0
cpi,EA,3,2,2025-01-07 11:00:00+01:00,2025-03-03 11:00:00+01:00,1.0
core inflation rate,EA,3,2,2025-01-07 11:00:00+01:00,2025-03-03 11:00:00+01:00,1.0
boxing day,AU,3,0,2022-12-26 01:00:00+01:00,2023-12-26 01:00:00+01:00,1.0
none,UK,3,0,2025-09-25 23:01:00+02:00,2025-09-30 01:01:00+02:00,0.0
10 year btp short term auction,IT,3,3,2023-01-26 16:10:00+01:00,2023-03-28 15:10:00+02:00,1.0
government budget,IT,3,3,2023-03-01 16:00:00+01:00,2025-03-03 10:00:00+01:00,1.0
waitangi day,NZ,3,0,2023-02-06 01:00:00+01:00,2024-02-06 01:00:00+01:00,1.0
fed s barr testimony,US,2,0,2022-11-15 21:00:00+01:00,2022-11-16 21:00:00+01:00,1.0
boe kroszner speech,GB,2,0,2023-11-16 16:00:00+01:00,2024-05-21 10:20:00+02:00,1.0
retail sales,EA,2,1,2025-01-09 11:00:00+01:00,2025-03-06 11:00:00+01:00,1.0
economic sentiment,EA,2,2,2025-01-08 11:00:00+01:00,2025-01-30 11:00:00+01:00,1.0
epiphany,IT,2,0,2023-01-06 06:00:00+01:00,2024-01-06 01:00:00+01:00,1.0
oecd economic outlook,FR,2,0,2022-11-22 16:00:00+01:00,2023-11-22 11:00:00+01:00,1.0
ny fed treasury purchases 6 to 10 yrs,US,2,0,2025-01-06 16:30:00+01:00,2025-03-04 16:30:00+01:00,1.0
selling price expectations,EA,2,2,2025-01-08 11:00:00+01:00,2025-01-30 11:00:00+01:00,1.0
christmas eve,CH,2,0,2022-12-24 06:00:00+01:00,2023-12-24 01:00:00+01:00,1.0
saint stephen s day,FR,2,0,2022-12-26 01:00:00+01:00,2022-12-26 06:00:00+01:00,1.0
industrial sentiment,EA,2,2,2025-01-08 11:00:00+01:00,2025-01-30 11:00:00+01:00,1.0
special european council meeting,EU,2,0,2023-02-09 14:00:00+01:00,2023-02-10 14:00:00+01:00,1.0
boe financial stability report,GB,2,0,2024-05-16 10:00:00+02:00,2025-07-09 11:30:00+02:00,1.0
btp green auction,IT,2,2,2023-03-14 15:10:00+01:00,2025-03-13 11:10:00+01:00,1.0
50 year btp auction,IT,2,2,2023-03-14 15:10:00+01:00,2024-05-10 13:10:00+02:00,1.0
vernal equinox day,JP,2,0,2023-03-21 05:00:00+01:00,2024-03-20 01:00:00+01:00,1.0
prospective plantings wheat,US,2,2,2023-03-31 22:00:00+02:00,2024-03-28 17:00:00+01:00,1.0
easter monday,GB,2,0,2023-04-10 02:00:00+02:00,2023-04-10 06:00:00+02:00,1.0
euro summit,EU,2,0,2024-03-22 01:00:00+01:00,2025-03-06 12:00:00+01:00,1.0
boe broadbent speech,GB,2,0,2024-02-20 11:15:00+01:00,2024-05-20 11:00:00+02:00,1.0
services sentiment,EA,2,2,2025-01-08 11:00:00+01:00,2025-01-30 11:00:00+01:00,1.0
boe decision maker panel,GB,2,0,2024-12-05 10:30:00+01:00,2025-01-09 10:30:00+01:00,1.0
snb tschudin speech,CH,2,0,2024-11-21 18:30:00+01:00,2025-04-10 18:00:00+02:00,1.0
ecb research bulletin,EU,2,0,2022-11-23 13:00:00+01:00,2024-12-16 08:00:00+01:00,1.0
16 year index linked oat auction,FR,2,2,2024-09-19 12:00:00+02:00,2024-10-17 12:00:00+02:00,1.0
easter monday,DE,2,0,2023-04-10 02:00:00+02:00,2023-04-10 06:00:00+02:00,1.0
easter monday,IT,2,0,2023-04-10 02:00:00+02:00,2023-04-10 06:00:00+02:00,1.0
juneteenth,US,2,0,2023-06-19 02:00:00+02:00,2023-06-19 06:00:00+02:00,1.0
marine day,JP,2,0,2023-07-17 02:00:00+02:00,2023-07-17 06:00:00+02:00,1.0
labor day,NZ,2,0,2022-10-23 06:00:00+02:00,2023-10-23 02:00:00+02:00,1.0
constitution memorial day,JP,2,0,2023-05-03 02:00:00+02:00,2024-05-03 02:00:00+02:00,1.0
boe quantitative easing,GB,2,0,2022-09-15 17:00:00+02:00,2022-11-03 17:00:00+01:00,1.0
new year s day,GB,2,0,2023-01-02 01:00:00+01:00,2023-01-02 06:00:00+01:00,1.0
good friday,DE,2,0,2023-04-07 06:00:00+02:00,2024-03-29 01:00:00+01:00,1.0
thanksgiving day,US,2,0,2022-11-24 06:00:00+01:00,2023-11-23 01:00:00+01:00,1.0
prospective plantings cotton,US,2,2,2023-03-31 22:00:00+02:00,2024-03-28 17:00:00+01:00,1.0
hia new home sales,AU,2,1,2022-09-14 08:30:00+02:00,2022-10-12 13:00:00+02:00,1.0
new year s day,US,2,0,2023-01-02 01:00:00+01:00,2023-01-02 06:00:00+01:00,1.0
marginal lending rate,EA,2,1,2025-01-30 14:15:00+01:00,2025-03-06 14:15:00+01:00,1.0
rba simon speech,AU,2,0,2024-07-10 07:30:00+02:00,2024-07-17 10:00:00+02:00,1.0
12 year index linked oat auction,FR,2,2,2024-06-20 12:00:00+02:00,2024-08-14 12:00:00+02:00,1.0
hispanic day,ES,2,0,2023-10-12 02:00:00+02:00,2024-10-12 02:00:00+02:00,1.0
16 year treasury gilt auction,GB,2,2,2023-08-15 11:00:00+02:00,2023-10-10 11:00:00+02:00,1.0
balance of trade,EA,2,1,2025-01-16 11:00:00+01:00,2025-02-17 11:00:00+01:00,1.0
rba schwartz speech,AU,2,0,2023-08-08 01:05:00+02:00,2023-11-21 00:45:00+01:00,1.0
veterans day,US,2,0,2022-11-11 06:00:00+01:00,2023-11-10 01:00:00+01:00,1.0
autumnal equinox day,JP,2,0,2022-09-23 06:00:00+02:00,2023-09-23 02:00:00+02:00,1.0
saint stephen s day,IT,2,0,2022-12-26 01:00:00+01:00,2022-12-26 06:00:00+01:00,1.0
jackson hole symposium,US,2,0,2023-08-26 02:00:00+02:00,2024-08-22 02:00:00+02:00,1.0
rba monetary policy statement,AU,2,0,2025-05-20 06:30:00+02:00,2025-08-12 06:30:00+02:00,1.0
the emperor s birthday,JP,2,0,2023-02-23 06:00:00+01:00,2024-02-23 01:00:00+01:00,1.0
good friday,AU,2,0,2023-04-07 06:00:00+02:00,2024-03-29 01:00:00+01:00,1.0
easter monday,EU,2,0,2023-04-10 02:00:00+02:00,2023-04-10 06:00:00+02:00,1.0
new year s day,CH,2,0,2023-01-02 01:00:00+01:00,2023-01-02 06:00:00+01:00,1.0
ascension day,CH,2,0,2023-05-18 02:00:00+02:00,2024-05-09 02:00:00+02:00,1.0
australia day,AU,2,0,2023-01-26 06:00:00+01:00,2024-01-26 01:00:00+01:00,1.0
5 year bobl g auction,DE,2,2,2024-01-23 12:00:00+01:00,2024-03-26 11:30:00+01:00,1.0
christmas,AU,2,0,2022-12-27 06:00:00+01:00,2023-12-25 01:00:00+01:00,1.0
ny fed treasury purchases 7 to 10 yrs,US,2,0,2023-02-16 21:30:00+01:00,2024-04-24 16:30:00+02:00,1.0
eu energy ministers meeting,EU,2,0,2022-12-13 14:00:00+01:00,2022-12-19 14:00:00+01:00,1.0
ecb lane speech,EA,2,0,2025-01-14 08:35:00+01:00,2025-02-05 15:00:00+01:00,1.0
producer price index,EA,2,1,2025-01-08 11:00:00+01:00,2025-02-05 11:00:00+01:00,1.0
whit monday,FR,2,0,2023-05-29 02:00:00+02:00,2023-05-29 06:00:00+02:00,1.0
bank holiday for the coronation of king charles iii,GB,2,0,2023-05-08 02:00:00+02:00,2023-05-08 06:00:00+02:00,1.0
bank stress tests,US,2,0,2023-06-28 22:30:00+02:00,2024-06-26 22:30:00+02:00,1.0
eu energy meeting,EU,2,0,2022-10-12 02:00:00+02:00,2022-10-12 06:00:00+02:00,1.0
ny fed treasury purchases 1 to 2 5 yrs,US,2,0,2024-11-12 16:30:00+01:00,2025-01-09 16:30:00+01:00,1.0
epiphany,ES,2,0,2023-01-06 06:00:00+01:00,2024-01-06 01:00:00+01:00,1.0
greenery day,JP,2,0,2023-05-04 02:00:00+02:00,2024-05-04 02:00:00+02:00,1.0
ecb press conference,EA,2,0,2025-01-30 14:45:00+01:00,2025-03-06 14:45:00+01:00,1.0
29 year index linked oat auction,FR,2,2,2024-08-14 12:00:00+02:00,2024-09-19 12:00:00+02:00,1.0
ny fed treasury purchases tips 1 to 7 5 yrs,US,2,0,2023-05-04 16:30:00+02:00,2024-05-02 16:30:00+02:00,1.0
snb chair jordan speech,CH,2,0,2022-10-11 18:00:00+02:00,2022-11-08 14:15:00+01:00,1.0
fed s barr speech,US,2,0,2022-10-12 19:45:00+02:00,2022-12-02 02:00:00+01:00,1.0
state funeral of queen elizabeth ii,GB,2,0,2022-09-19 02:00:00+02:00,2022-09-19 06:00:00+02:00,1.0
boj uchida speech,JP,2,0,2024-05-27 04:05:00+02:00,2025-06-07 09:30:00+02:00,1.0
good friday,US,2,0,2023-04-07 06:00:00+02:00,2024-03-29 01:00:00+01:00,1.0
good friday,GB,2,0,2023-04-07 06:00:00+02:00,2024-03-29 01:00:00+01:00,1.0
prospective plantings corn,US,2,2,2023-03-31 22:00:00+02:00,2024-03-28 17:00:00+01:00,1.0
rba jacobs speech,AU,2,0,2023-05-24 09:10:00+02:00,2025-06-12 09:20:00+02:00,1.0
5 year obligacion auction,ES,2,2,2023-03-16 14:40:00+01:00,2023-05-04 10:40:00+02:00,1.0
hcob composite pmi,EA,2,1,2025-01-24 10:00:00+01:00,2025-02-05 10:00:00+01:00,1.0
autumn statement,GB,2,0,2022-11-17 18:30:00+01:00,2023-11-22 13:30:00+01:00,1.0
boe cleland speech,GB,2,0,2023-10-31 12:00:00+01:00,2024-07-09 10:05:00+02:00,1.0
new year s eve,JP,2,0,2022-12-31 06:00:00+01:00,2023-12-31 01:00:00+01:00,1.0
christmas,GB,2,0,2022-12-27 06:00:00+01:00,2023-12-25 01:00:00+01:00,1.0
ascension day,DE,2,0,2023-05-18 02:00:00+02:00,2024-05-09 02:00:00+02:00,1.0
none,IL,2,0,2025-09-28 12:00:00+02:00,2025-09-29 15:00:00+02:00,0.0
assumption of mary,IT,2,0,2023-08-15 06:00:00+02:00,2024-08-15 02:00:00+02:00,1.0
hcob services pmi,EA,2,1,2025-01-24 10:00:00+01:00,2025-02-05 10:00:00+01:00,1.0
showa day,JP,2,0,2023-04-29 02:00:00+02:00,2024-04-29 02:00:00+02:00,1.0
european commission spring forecasts,EU,2,0,2024-05-15 11:00:00+02:00,2025-05-19 11:00:00+02:00,1.0
new year s day,ES,2,0,2023-01-02 01:00:00+01:00,2023-01-02 06:00:00+01:00,1.0
labor thanksgiving day,JP,2,0,2022-11-23 06:00:00+01:00,2023-11-23 01:00:00+01:00,1.0
ecb interest rate decision,EA,2,1,2025-01-30 14:15:00+01:00,2025-03-06 14:15:00+01:00,1.0
christmas,NZ,2,0,2022-12-27 01:00:00+01:00,2023-12-25 01:00:00+01:00,1.0
assumption of mary,ES,2,0,2023-08-15 06:00:00+02:00,2024-08-15 02:00:00+02:00,1.0
7 year index linked obligacion auction,ES,2,2,2023-02-02 16:00:00+01:00,2023-09-07 10:40:00+02:00,1.0
boxing day,ES,2,0,2022-12-26 01:00:00+01:00,2022-12-26 06:00:00+01:00,1.0
national foundation day,JP,2,0,2023-02-11 06:00:00+01:00,2024-02-11 01:00:00+01:00,1.0
bundesbank annual report,DE,2,0,2023-03-01 06:00:00+01:00,2025-02-25 11:00:00+01:00,1.0
boe benjamin speech,GB,2,0,2024-07-18 10:05:00+02:00,2025-05-14 16:35:00+02:00,1.0
hcob construction pmi,EA,2,1,2025-01-07 09:30:00+01:00,2025-03-06 09:30:00+01:00,1.0
boe financial policy summary and record,GB,2,0,2023-03-29 15:30:00+02:00,2023-04-04 22:30:00+02:00,1.0
prospective plantings soy,US,2,2,2023-03-31 22:00:00+02:00,2024-03-28 17:00:00+01:00,1.0
good friday,ES,2,0,2023-04-07 06:00:00+02:00,2024-03-29 01:00:00+01:00,1.0
good friday,EU,2,0,2023-04-07 06:00:00+02:00,2024-03-29 01:00:00+01:00,1.0
easter monday,AU,2,0,2023-04-10 02:00:00+02:00,2023-04-10 06:00:00+02:00,1.0
4 year oat auction,FR,2,2,2024-09-19 11:00:00+02:00,2024-10-17 11:00:00+02:00,1.0
none,NZ,2,2,2025-09-25 22:00:00+02:00,2025-09-26 00:00:00+02:00,0.0
emergency energy meeting,EU,2,0,2022-09-30 02:00:00+02:00,2022-09-30 06:00:00+02:00,1.0
boj himino speech,JP,2,0,2025-01-14 11:30:00+01:00,2025-01-30 07:10:00+01:00,1.0
anzac day,NZ,2,0,2023-04-25 06:00:00+02:00,2024-04-25 02:00:00+02:00,1.0
liberation day,IT,2,0,2023-04-25 06:00:00+02:00,2024-04-25 02:00:00+02:00,1.0
good friday,NZ,2,0,2023-04-07 06:00:00+02:00,2024-03-29 01:00:00+01:00,1.0
easter monday,CH,2,0,2023-04-10 02:00:00+02:00,2023-04-10 06:00:00+02:00,1.0
snb maechler speech,CH,2,0,2022-11-08 14:30:00+01:00,2022-12-08 20:30:00+01:00,1.0
current account,EA,2,1,2025-01-17 10:00:00+01:00,2025-02-19 10:00:00+01:00,1.0
ascension day,FR,2,0,2023-05-18 02:00:00+02:00,2024-05-09 02:00:00+02:00,1.0
treasury secretary yellen speech,US,2,0,2024-05-21 10:00:00+02:00,2024-09-26 17:15:00+02:00,1.0
deposit facility rate,EA,2,1,2025-01-30 14:15:00+01:00,2025-03-06 14:15:00+01:00,1.0
none,IE,2,2,2025-09-25 23:01:00+02:00,2025-09-26 01:01:00+02:00,0.0
ny fed treasury purchases bill,US,2,0,2024-12-17 16:30:00+01:00,2025-07-09 16:30:00+02:00,1.0
assumption of mary,FR,2,0,2023-08-15 02:00:00+02:00,2024-08-15 02:00:00+02:00,1.0
ecb holzmann speech,EU,2,0,2023-11-17 12:00:00+01:00,2024-04-03 07:00:00+02:00,1.0
index linked bund auction,DE,2,2,2023-09-05 11:30:00+02:00,2023-10-10 11:30:00+02:00,1.0
30 year bond auction,EU,2,2,2023-09-25 11:45:00+02:00,2024-10-21 11:45:00+02:00,1.0
armistice day,FR,2,0,2022-11-11 06:00:00+01:00,2023-11-11 01:00:00+01:00,1.0
european commission autumn forecasts,EU,2,0,2023-11-14 10:00:00+01:00,2024-11-15 10:00:00+01:00,1.0
queen s birthday,NZ,2,0,2023-06-05 02:00:00+02:00,2023-06-05 06:00:00+02:00,1.0
btp i 10 years,IT,2,2,2022-09-27 15:10:00+02:00,2022-10-26 15:10:00+02:00,1.0
new year s eve,CH,2,0,2022-12-31 06:00:00+01:00,2023-12-31 01:00:00+01:00,1.0
ecb guindos speech,EA,2,0,2025-01-15 09:00:00+01:00,2025-02-07 09:45:00+01:00,1.0
4 year index linked obligacion auction,ES,2,2,2023-08-03 10:50:00+02:00,2024-01-04 10:40:00+01:00,1.0
european commission summer forecasts,EU,2,0,2023-09-11 11:00:00+02:00,2024-09-13 11:00:00+02:00,1.0
uk autumn statement,GB,2,0,2022-11-17 18:00:00+01:00,2023-11-22 13:00:00+01:00,1.0
feast of the immaculate conception,IT,2,0,2022-12-08 06:00:00+01:00,2023-12-08 01:00:00+01:00,1.0
easter monday,NZ,2,0,2023-04-10 02:00:00+02:00,2023-04-10 06:00:00+02:00,1.0
easter monday,FR,2,0,2023-04-10 02:00:00+02:00,2023-04-10 06:00:00+02:00,1.0
good friday,CH,2,0,2023-04-07 06:00:00+02:00,2024-03-29 01:00:00+01:00,1.0
13 year index linked oat auction,FR,2,2,2023-03-16 16:00:00+01:00,2023-11-16 12:00:00+01:00,1.0
hcob manufacturing pmi,EA,2,1,2025-01-24 10:00:00+01:00,2025-03-03 10:00:00+01:00,1.0
new year s day,AU,2,0,2023-01-02 01:00:00+01:00,2023-01-02 06:00:00+01:00,1.0
4 year obligacion auction,ES,2,2,2023-08-03 14:50:00+02:00,2023-09-21 10:40:00+02:00,1.0
ecb economic projections,EU,2,0,2023-12-14 15:45:00+01:00,2024-12-12 15:45:00+01:00,1.0
christmas,CH,2,0,2022-12-25 01:00:00+01:00,2023-12-25 01:00:00+01:00,1.0
pentecost monday,EU,2,0,2023-05-29 02:00:00+02:00,2023-05-29 06:00:00+02:00,1.0
5 year index linked obligacion auction,ES,2,2,2023-05-04 14:40:00+02:00,2023-07-06 14:40:00+02:00,1.0
construction output,EA,2,1,2025-01-20 11:00:00+01:00,2025-02-20 11:00:00+01:00,1.0
7 year bond auction,EU,2,2,2023-10-23 11:45:00+02:00,2024-04-08 11:45:00+02:00,1.0
anzac day,AU,2,0,2023-04-25 06:00:00+02:00,2024-04-25 02:00:00+02:00,1.0
s p global manufacturing pmii,EU,1,1,2022-11-02 14:00:00+01:00,2022-11-02 14:00:00+01:00,1.0
none,AR,1,0,2025-09-29 21:00:00+02:00,2025-09-29 21:00:00+02:00,0.0
ecb annual report 2022,EU,1,0,2023-05-25 11:00:00+02:00,2023-05-25 11:00:00+02:00,1.0
ecb de cos speech,EU,1,0,2023-10-16 12:30:00+02:00,2023-10-16 12:30:00+02:00,1.0
rba smith speech,AU,1,0,2023-10-18 01:40:00+02:00,2023-10-18 01:40:00+02:00,1.0
fed jeffrey speech,US,1,0,2023-11-07 15:50:00+01:00,2023-11-07 15:50:00+01:00,1.0
republic day,IT,1,0,2023-06-02 06:00:00+02:00,2023-06-02 06:00:00+02:00,1.0
30 year index linked treasury gilt auction,GB,1,1,2023-03-02 16:00:00+01:00,2023-03-02 16:00:00+01:00,1.0
feast of the immaculate conception,ES,1,0,2023-12-08 01:00:00+01:00,2023-12-08 01:00:00+01:00,1.0
labor day,FR,1,0,2023-05-01 06:00:00+02:00,2023-05-01 06:00:00+02:00,1.0
ecb herodotou speech,EU,1,0,2022-10-18 12:50:00+02:00,2022-10-18 12:50:00+02:00,1.0
chancellor jeremy hunt speech,GB,1,0,2022-10-17 16:30:00+02:00,2022-10-17 16:30:00+02:00,1.0
snb financial stability report 2023,CH,1,0,2023-06-22 06:30:00+02:00,2023-06-22 06:30:00+02:00,1.0
independence day,US,1,0,2023-07-04 06:00:00+02:00,2023-07-04 06:00:00+02:00,1.0
european commission economic forecasts,EU,1,0,2023-07-13 15:00:00+02:00,2023-07-13 15:00:00+02:00,1.0
boe stheeman speech,GB,1,0,2023-10-18 16:00:00+02:00,2023-10-18 16:00:00+02:00,1.0
bund g auction,DE,1,0,2023-10-31 11:30:00+01:00,2023-10-31 11:30:00+01:00,1.0
boe broabent speech,GB,1,0,2023-12-18 11:30:00+01:00,2023-12-18 11:30:00+01:00,1.0
fed lane speech,US,1,0,2022-09-29 23:00:00+02:00,2022-09-29 23:00:00+02:00,1.0
16 year oat auction,FR,1,1,2024-09-05 11:00:00+02:00,2024-09-05 11:00:00+02:00,1.0
eu japan summit,EU,1,0,2023-07-13 02:00:00+02:00,2023-07-13 02:00:00+02:00,1.0
presidential elections,US,1,0,2024-11-05 13:00:00+01:00,2024-11-05 13:00:00+01:00,1.0
snb gov maechler speech,CH,1,0,2023-03-30 22:00:00+02:00,2023-03-30 22:00:00+02:00,1.0
2 year btp short term,IT,1,1,2023-05-25 11:10:00+02:00,2023-05-25 11:10:00+02:00,1.0
news conference on debt ceiling,US,1,0,2023-05-21 02:00:00+02:00,2023-05-21 02:00:00+02:00,1.0
chancellor olaf scholz confidence vote,DE,1,0,2024-12-16 13:00:00+01:00,2024-12-16 13:00:00+01:00,1.0
ec president urusla von der leyen speech,EU,1,0,2022-09-14 13:00:00+02:00,2022-09-14 13:00:00+02:00,1.0
anniversary of robert schumans declaration,EU,1,0,2023-05-09 06:00:00+02:00,2023-05-09 06:00:00+02:00,1.0
4 year oati auction,FR,1,1,2024-07-18 12:00:00+02:00,2024-07-18 12:00:00+02:00,1.0
inauguration day,US,1,0,2025-01-20 18:00:00+01:00,2025-01-20 18:00:00+01:00,1.0
uk general election,GB,1,0,2024-07-04 11:00:00+02:00,2024-07-04 11:00:00+02:00,1.0
ecb hernandez de cos speech,EU,1,0,2024-02-12 10:45:00+01:00,2024-02-12 10:45:00+01:00,1.0
9 year oat auction,FR,1,1,2024-07-04 11:00:00+02:00,2024-07-04 11:00:00+02:00,1.0
ecb stournaras speech,EU,1,0,2024-04-08 13:00:00+02:00,2024-04-08 13:00:00+02:00,1.0
labor day,EU,1,0,2023-05-01 06:00:00+02:00,2023-05-01 06:00:00+02:00,1.0
labor day,ES,1,0,2023-05-01 06:00:00+02:00,2023-05-01 06:00:00+02:00,1.0
fed goolsbe speech,US,1,0,2024-04-10 18:45:00+02:00,2024-04-10 18:45:00+02:00,1.0
informal ecofin meeting,EU,1,0,2023-04-28 14:00:00+02:00,2023-04-28 14:00:00+02:00,1.0
12 day bill auction,US,1,1,2023-02-14 22:30:00+01:00,2023-02-14 22:30:00+01:00,1.0
7 year btp buyback auction,IT,1,0,2022-12-16 10:30:00+01:00,2022-12-16 10:30:00+01:00,1.0
boe truran speech,GB,1,0,2024-07-09 17:00:00+02:00,2024-07-09 17:00:00+02:00,1.0
13 year obligacion auction,ES,1,1,2024-07-18 10:50:00+02:00,2024-07-18 10:50:00+02:00,1.0
5 year btp buyback auction,IT,1,0,2022-12-16 10:30:00+01:00,2022-12-16 10:30:00+01:00,1.0
2022 midterm elections,US,1,0,2022-11-08 06:00:00+01:00,2022-11-08 06:00:00+01:00,1.0
17 year btp auction,IT,1,1,2023-09-13 11:10:00+02:00,2023-09-13 11:10:00+02:00,1.0
snb 2023 annual report,CH,1,0,2024-03-04 07:15:00+01:00,2024-03-04 07:15:00+01:00,1.0
corpus christi,EU,1,0,2023-06-08 06:00:00+02:00,2023-06-08 06:00:00+02:00,1.0
14 year oati auction,FR,1,1,2024-01-18 12:00:00+01:00,2024-01-18 12:00:00+01:00,1.0
christmas eve,EU,1,0,2023-12-24 01:00:00+01:00,2023-12-24 01:00:00+01:00,1.0
boe butt speech,GB,1,0,2024-03-12 15:05:00+01:00,2024-03-12 15:05:00+01:00,1.0
boe grenne speech,GB,1,0,2024-05-16 13:00:00+02:00,2024-05-16 13:00:00+02:00,1.0
10 year index linked jgb auction,JP,1,1,2024-05-20 05:35:00+02:00,2024-05-20 05:35:00+02:00,1.0
fed chair yellen speech,US,1,0,2024-05-21 10:00:00+02:00,2024-05-21 10:00:00+02:00,1.0
fed kroszner speech,US,1,0,2024-05-21 10:20:00+02:00,2024-05-21 10:20:00+02:00,1.0
18 year obligacion auction,ES,1,1,2023-05-04 10:40:00+02:00,2023-05-04 10:40:00+02:00,1.0
2 year bond auction,EU,1,1,2023-06-26 11:45:00+02:00,2023-06-26 11:45:00+02:00,1.0
treasury secretary yellen testimony,US,1,0,2024-07-09 16:00:00+02:00,2024-07-09 16:00:00+02:00,1.0
general election,NZ,1,0,2023-10-14 02:00:00+02:00,2023-10-14 02:00:00+02:00,1.0
non farm payrolls annual revision,US,1,1,2024-08-21 16:00:00+02:00,2024-08-21 16:00:00+02:00,1.0
financial stability report,US,1,0,2023-10-20 22:00:00+02:00,2023-10-20 22:00:00+02:00,1.0
41 day bill auction,US,1,1,2023-11-21 17:30:00+01:00,2023-11-21 17:30:00+01:00,1.0
constitution day,ES,1,0,2023-12-06 01:00:00+01:00,2023-12-06 01:00:00+01:00,1.0
procure ch services pmi,CH,1,0,2023-01-03 09:30:00+01:00,2023-01-03 09:30:00+01:00,1.0
autumn budget 2024,GB,1,0,2024-10-30 13:30:00+01:00,2024-10-30 13:30:00+01:00,1.0
none,SA,1,0,2025-09-28 16:00:00+02:00,2025-09-28 16:00:00+02:00,0.0
none,JM,1,0,2025-09-29 23:30:00+02:00,2025-09-29 23:30:00+02:00,0.0
7 year btp short term auction,IT,1,1,2023-01-26 11:10:00+01:00,2023-01-26 11:10:00+01:00,1.0
30 day bill auction,US,1,1,2024-11-25 19:00:00+01:00,2024-11-25 19:00:00+01:00,1.0
ecb ka im r speech,EU,1,0,2023-02-07 14:00:00+01:00,2023-02-07 14:00:00+01:00,1.0
rba ellis speech,AU,1,0,2022-10-12 04:00:00+02:00,2022-10-12 04:00:00+02:00,1.0
finance minister kwarteng statement,GB,1,0,2022-09-23 14:30:00+02:00,2022-09-23 14:30:00+02:00,1.0
rba cagliarini speech,AU,1,0,2023-02-23 11:15:00+01:00,2023-02-23 11:15:00+01:00,1.0
industrial production,EA,1,1,2025-01-15 11:00:00+01:00,2025-01-15 11:00:00+01:00,1.0
zew economic sentiment index,EA,1,1,2025-01-21 11:00:00+01:00,2025-01-21 11:00:00+01:00,1.0
fed d cook speech,US,1,0,2022-10-06 23:00:00+02:00,2022-10-06 23:00:00+02:00,1.0
may day bank holiday,GB,1,0,2023-05-01 06:00:00+02:00,2023-05-01 06:00:00+02:00,1.0
m3 money supply,EA,1,1,2025-01-29 10:00:00+01:00,2025-01-29 10:00:00+01:00,1.0
ecb bulletin,EU,1,0,2024-10-31 10:00:00+01:00,2024-10-31 10:00:00+01:00,1.0
6 year index linked obligacion auction,ES,1,0,2024-09-05 10:40:00+02:00,2024-09-05 10:40:00+02:00,1.0
50 year oat auction,FR,1,1,2023-11-02 11:00:00+01:00,2023-11-02 11:00:00+01:00,1.0
australia indigenous voice referendum,AU,1,0,2023-10-14 02:00:00+02:00,2023-10-14 02:00:00+02:00,1.0
children s day,JP,1,0,2024-05-05 02:00:00+02:00,2024-05-05 02:00:00+02:00,1.0
50 year index linked treasury gilt auction,GB,1,1,2024-05-14 11:00:00+02:00,2024-05-14 11:00:00+02:00,1.0
pentecost monday,FR,1,0,2024-05-20 02:00:00+02:00,2024-05-20 02:00:00+02:00,1.0
bundesbank nagelspeech,DE,1,0,2023-10-05 15:00:00+02:00,2023-10-05 15:00:00+02:00,1.0
19 year green bonos auction,ES,1,1,2023-10-05 10:50:00+02:00,2023-10-05 10:50:00+02:00,1.0
2023 us monetary policy forum,US,1,0,2023-02-24 19:00:00+01:00,2023-02-24 19:00:00+01:00,1.0
gdp final consumption,AU,1,0,2023-09-06 03:00:00+02:00,2023-09-06 03:00:00+02:00,1.0
labor day,US,1,0,2023-09-04 02:00:00+02:00,2023-09-04 02:00:00+02:00,1.0
2023 24 federal budget,AU,1,0,2023-05-09 11:30:00+02:00,2023-05-09 11:30:00+02:00,1.0
christmas eve,NZ,1,0,2022-12-23 06:00:00+01:00,2022-12-23 06:00:00+01:00,1.0
none,MZ,1,0,2025-09-29 16:00:00+02:00,2025-09-29 16:00:00+02:00,0.0
eu china summit,EU,1,0,2023-12-07 01:00:00+01:00,2023-12-07 01:00:00+01:00,1.0
all saints day,IT,1,0,2022-11-01 05:00:00+01:00,2022-11-01 05:00:00+01:00,1.0
new year s day,IT,1,0,2023-01-01 06:00:00+01:00,2023-01-01 06:00:00+01:00,1.0
loans to companies,EA,1,1,2025-01-29 10:00:00+01:00,2025-01-29 10:00:00+01:00,1.0
14 year index linked oat auction,FR,1,1,2024-01-18 12:00:00+01:00,2024-01-18 12:00:00+01:00,1.0
chancellor jeremy hunt statement,GB,1,0,2022-10-17 12:15:00+02:00,2022-10-17 12:15:00+02:00,1.0
pm liz truss speech,GB,1,0,2022-10-14 15:30:00+02:00,2022-10-14 15:30:00+02:00,1.0
president biden speech on banking system,US,1,0,2023-03-13 18:00:00+01:00,2023-03-13 18:00:00+01:00,1.0
boj hajime speech,JP,1,0,2024-02-29 01:00:00+01:00,2024-02-29 01:00:00+01:00,1.0
43 day bill auction,US,1,1,2024-05-21 17:30:00+02:00,2024-05-21 17:30:00+02:00,1.0
snb 2022 annual report,CH,1,0,2023-03-21 11:25:00+01:00,2023-03-21 11:25:00+01:00,1.0
14 year btp auction,IT,1,0,2023-04-13 15:10:00+02:00,2023-04-13 15:10:00+02:00,1.0
3 year index linked oat auction,FR,1,1,2024-06-20 12:00:00+02:00,2024-06-20 12:00:00+02:00,1.0
3 year btp buyback auction,IT,1,0,2022-12-16 10:30:00+01:00,2022-12-16 10:30:00+01:00,1.0
42 year oat auction,FR,1,1,2024-07-04 11:00:00+02:00,2024-07-04 11:00:00+02:00,1.0
mountain day,JP,1,0,2023-08-11 02:00:00+02:00,2023-08-11 02:00:00+02:00,1.0
president biden speech on debt ceiling,US,1,0,2023-05-17 20:45:00+02:00,2023-05-17 20:45:00+02:00,1.0
general election,ES,1,0,2023-07-23 02:00:00+02:00,2023-07-23 02:00:00+02:00,1.0
50 year obligacion auction,ES,1,1,2023-07-06 14:40:00+02:00,2023-07-06 14:40:00+02:00,1.0
budget 2024 news conference,DE,1,0,2023-07-05 18:15:00+02:00,2023-07-05 18:15:00+02:00,1.0
5 year index linked treasury gilt auction,GB,1,1,2024-10-08 11:00:00+02:00,2024-10-08 11:00:00+02:00,1.0
boxing day,IT,1,0,2023-12-26 01:00:00+01:00,2023-12-26 01:00:00+01:00,1.0
ny fed treasury purchases frns 0 to 2 yrs,US,1,0,2023-09-12 16:30:00+02:00,2023-09-12 16:30:00+02:00,1.0
none,UG,1,0,2025-09-29 12:30:00+02:00,2025-09-29 12:30:00+02:00,0.0
none,AL,1,0,2025-09-29 13:00:00+02:00,2025-09-29 13:00:00+02:00,0.0
national day of mourning,AU,1,0,2022-09-22 06:00:00+02:00,2022-09-22 06:00:00+02:00,1.0
financial accounts of the united states,US,1,0,2023-09-08 18:00:00+02:00,2023-09-08 18:00:00+02:00,1.0
none,GH,1,0,2025-09-29 15:30:00+02:00,2025-09-29 15:30:00+02:00,0.0
christmas day,DE,1,0,2023-12-25 01:00:00+01:00,2023-12-25 01:00:00+01:00,1.0
christmas day,IT,1,0,2023-12-25 01:00:00+01:00,2023-12-25 01:00:00+01:00,1.0
new year s eve,EU,1,0,2023-12-31 01:00:00+01:00,2023-12-31 01:00:00+01:00,1.0
bank holiday,JP,1,0,2024-01-03 01:00:00+01:00,2024-01-03 01:00:00+01:00,1.0
general election,IT,1,0,2022-09-25 06:00:00+02:00,2022-09-25 06:00:00+02:00,1.0
12 year oat auction,FR,1,1,2024-09-05 11:00:00+02:00,2024-09-05 11:00:00+02:00,1.0
fed kahkari speech,US,1,0,2024-09-26 19:00:00+02:00,2024-09-26 19:00:00+02:00,1.0
rba annual report 2023,AU,1,0,2023-10-19 06:30:00+02:00,2023-10-19 06:30:00+02:00,1.0
rba brischetto speech,AU,1,0,2023-12-08 03:20:00+01:00,2023-12-08 03:20:00+01:00,1.0
new year s day,FR,1,0,2023-01-01 06:00:00+01:00,2023-01-01 06:00:00+01:00,1.0
international children s day,JP,1,0,2023-05-05 06:00:00+02:00,2023-05-05 06:00:00+02:00,1.0
fed powell speech,US,1,0,2022-09-27 17:30:00+02:00,2022-09-27 17:30:00+02:00,1.0
4 month bot auction,IT,1,1,2023-04-12 15:10:00+02:00,2023-04-12 15:10:00+02:00,1.0
closed door fed emergency meeting,US,1,0,2023-03-13 20:30:00+01:00,2023-03-13 20:30:00+01:00,1.0
new year s day,NZ,1,0,2023-01-03 06:00:00+01:00,2023-01-03 06:00:00+01:00,1.0
fed quarterly financial accounts,US,1,0,2022-12-09 23:00:00+01:00,2022-12-09 23:00:00+01:00,1.0
btp green,IT,1,1,2022-11-11 16:10:00+01:00,2022-11-11 16:10:00+01:00,1.0
employment change adjusted,GB,1,1,2023-10-24 08:00:00+02:00,2023-10-24 08:00:00+02:00,1.0
fed board meeting,US,1,0,2023-10-24 02:00:00+02:00,2023-10-24 02:00:00+02:00,1.0
annual report 2022,AU,1,0,2022-10-27 10:30:00+02:00,2022-10-27 10:30:00+02:00,1.0
federal budget,AU,1,0,2022-10-25 14:30:00+02:00,2022-10-25 14:30:00+02:00,1.0
ecb makhlouf speech,EU,1,0,2022-10-18 12:50:00+02:00,2022-10-18 12:50:00+02:00,1.0
12 year obligacion auction,ES,1,1,2024-11-21 10:40:00+01:00,2024-11-21 10:40:00+01:00,1.0
bundesbank theurer speech,DE,1,0,2024-11-21 11:00:00+01:00,2024-11-21 11:00:00+01:00,1.0
all saints day,EU,1,0,2022-11-01 05:00:00+01:00,2022-11-01 05:00:00+01:00,1.0
boj noguchi asahi speech,JP,1,0,2022-12-01 07:30:00+01:00,2022-12-01 07:30:00+01:00,1.0
m2 money supply,JP,1,1,2024-12-10 00:50:00+01:00,2024-12-10 00:50:00+01:00,1.0
boe evans speech,GB,1,0,2022-12-07 12:00:00+01:00,2022-12-07 12:00:00+01:00,1.0
christmas,FR,1,0,2023-12-25 01:00:00+01:00,2023-12-25 01:00:00+01:00,1.0
ecb macroeconomic projections,EU,1,0,2023-03-16 19:45:00+01:00,2023-03-16 19:45:00+01:00,1.0
boe member broadbent,GB,1,0,2023-04-25 15:00:00+02:00,2023-04-25 15:00:00+02:00,1.0
5 year note yield,JP,1,1,2022-09-13 09:35:00+02:00,2022-09-13 09:35:00+02:00,1.0
ascension day,EU,1,0,2023-05-18 02:00:00+02:00,2023-05-18 02:00:00+02:00,1.0
fed cook testimony,US,1,0,2023-06-21 16:00:00+02:00,2023-06-21 16:00:00+02:00,1.0
fed jefferson testimony,US,1,0,2023-06-21 16:00:00+02:00,2023-06-21 16:00:00+02:00,1.0
none,EU,1,0,2025-09-29 14:00:00+02:00,2025-09-29 14:00:00+02:00,0.0
none,ES,1,0,2025-09-29 13:00:00+02:00,2025-09-29 13:00:00+02:00,0.0
none,IN,1,0,2025-09-29 12:30:00+02:00,2025-09-29 12:30:00+02:00,0.0
5 year oati auction,FR,1,1,2024-01-18 12:00:00+01:00,2024-01-18 12:00:00+01:00,1.0
fed bank stress test results,US,1,0,2025-06-27 22:30:00+02:00,2025-06-27 22:30:00+02:00,1.0
rba assist gov jones speech,AU,1,0,2025-03-25 00:10:00+01:00,2025-03-25 00:10:00+01:00,1.0
good friday,FR,1,0,2024-03-29 01:00:00+01:00,2024-03-29 01:00:00+01:00,1.0
boe hall speech,GB,1,0,2024-05-07 14:30:00+02:00,2024-05-07 14:30:00+02:00,1.0
2024 25 budget presentation,AU,1,0,2024-05-14 11:30:00+02:00,2024-05-14 11:30:00+02:00,1.0
loans to households,EA,1,1,2025-01-29 10:00:00+01:00,2025-01-29 10:00:00+01:00,1.0
budget 2024,NZ,1,0,2024-05-30 02:00:00+02:00,2024-05-30 02:00:00+02:00,1.0
corpus christi,DE,1,0,2024-05-30 02:00:00+02:00,2024-05-30 02:00:00+02:00,1.0
17 year green bonos auction,ES,1,1,2024-11-21 10:40:00+01:00,2024-11-21 10:40:00+01:00,1.0
esrb annual report 2023,EU,1,0,2024-07-19 11:00:00+02:00,2024-07-19 11:00:00+02:00,1.0
bastille day,FR,1,0,2023-07-14 02:00:00+02:00,2023-07-14 02:00:00+02:00,1.0
24 year index linked obligacion auction,ES,1,1,2024-10-17 10:40:00+02:00,2024-10-17 10:40:00+02:00,1.0
annual report,CH,1,0,2025-03-18 07:15:00+01:00,2025-03-18 07:15:00+01:00,1.0
european commission forecasts,EU,1,0,2025-03-27 11:00:00+01:00,2025-03-27 11:00:00+01:00,1.0
boxing day,EU,1,0,2023-12-26 01:00:00+01:00,2023-12-26 01:00:00+01:00,1.0
inflation report hearings,GB,1,0,2023-11-21 11:15:00+01:00,2023-11-21 11:15:00+01:00,1.0
all saints day,FR,1,0,2022-11-01 05:00:00+01:00,2022-11-01 05:00:00+01:00,1.0
none,FR,1,0,2025-09-29 15:00:00+02:00,2025-09-29 15:00:00+02:00,0.0
christmas,ES,1,0,2023-12-25 01:00:00+01:00,2023-12-25 01:00:00+01:00,1.0
federal election,CH,1,0,2023-10-22 02:00:00+02:00,2023-10-22 02:00:00+02:00,1.0
ecb monetary policy meeting accounts,EA,1,0,2025-01-16 13:30:00+01:00,2025-01-16 13:30:00+01:00,1.0
unemployment rate adjusted,GB,1,1,2023-10-24 08:00:00+02:00,2023-10-24 08:00:00+02:00,1.0
2 year bonos auction,ES,1,1,2023-10-19 10:40:00+02:00,2023-10-19 10:40:00+02:00,1.0
spring budget 2023,GB,1,0,2023-03-15 17:30:00+01:00,2023-03-15 17:30:00+01:00,1.0
rba 2023 conference on inflation,AU,1,0,2023-09-26 03:00:00+02:00,2023-09-26 03:00:00+02:00,1.0
21 year btp auction,IT,1,0,2023-04-13 15:10:00+02:00,2023-04-13 15:10:00+02:00,1.0
gdp growth rate,EA,1,1,2025-01-30 11:00:00+01:00,2025-01-30 11:00:00+01:00,1.0
fed woods speech,US,1,0,2024-01-17 15:15:00+01:00,2024-01-17 15:15:00+01:00,1.0
btp i 5 years,IT,1,1,2022-10-26 15:10:00+02:00,2022-10-26 15:10:00+02:00,1.0
ecb wunsch speech,EU,1,0,2024-02-08 13:00:00+01:00,2024-02-08 13:00:00+01:00,1.0
monetary policy report,GB,1,0,2022-11-03 17:00:00+01:00,2022-11-03 17:00:00+01:00,1.0
spring budget 2024,GB,1,0,2024-03-06 13:30:00+01:00,2024-03-06 13:30:00+01:00,1.0
rba woods speech,AU,1,0,2024-03-21 01:10:00+01:00,2024-03-21 01:10:00+01:00,1.0
36 year oat auction,FR,1,1,2024-04-04 11:00:00+02:00,2024-04-04 11:00:00+02:00,1.0
early may bank holiday,GB,1,0,2024-05-06 02:00:00+02:00,2024-05-06 02:00:00+02:00,1.0
rba 2023 conference inflation,AU,1,0,2023-09-26 03:00:00+02:00,2023-09-26 03:00:00+02:00,1.0
3 year index linked obligacion auction,ES,1,1,2024-08-01 10:40:00+02:00,2024-08-01 10:40:00+02:00,1.0
labor day,DE,1,0,2023-05-01 06:00:00+02:00,2023-05-01 06:00:00+02:00,1.0
ny fed treasury purchases frns 0 to 20 yrs,US,1,0,2024-08-20 16:30:00+02:00,2024-08-20 16:30:00+02:00,1.0
late summer bank holiday,GB,1,0,2023-08-28 02:00:00+02:00,2023-08-28 02:00:00+02:00,1.0
ecb non monetary policy meeting,EA,1,0,2025-02-19 09:00:00+01:00,2025-02-19 09:00:00+01:00,1.0
labor day,IT,1,0,2023-05-01 06:00:00+02:00,2023-05-01 06:00:00+02:00,1.0
fed gibson speech,US,1,0,2023-07-18 16:00:00+02:00,2023-07-18 16:00:00+02:00,1.0
