cluster_id,date,time,timestamp,num_events,score_mean,score_min,score_max,max_surprise,avg_surprise,num_surprises,completeness_pct,cluster_type,dominant_family,is_testable
2022-11-04_17:30,2022-11-04,17:30,2022-11-04 17:30:00+01:00,8,61.29347723136464,59.90047788837122,61.492477137506555,113.33333333333333,32.74074074074074,6,75.0,NFP,Employment,True
2022-11-04_22:00,2022-11-04,22:00,2022-11-04 22:00:00+01:00,2,12.472385772630831,11.24287509813271,13.701896447128952,0.0,0.0,0,0.0,Other,Other,False
2022-11-08_05:00,2022-11-08,05:00,2022-11-08 05:00:00+01:00,1,33.85118560915781,33.85118560915781,33.85118560915781,0.0,0.0,0,0.0,Other,Other,False
2022-11-09_21:00,2022-11-09,21:00,2022-11-09 21:00:00+01:00,1,30.886023743354997,30.886023743354997,30.886023743354997,25.000000000000007,25.000000000000007,1,100.0,Other,Other,False
2022-11-09_22:00,2022-11-09,22:00,2022-11-09 22:00:00+01:00,1,33.85118560915781,33.85118560915781,33.85118560915781,0.0,0.0,0,0.0,Other,Other,False
2022-11-10_19:30,2022-11-10,19:30,2022-11-10 19:30:00+01:00,6,35.74908342784797,26.84356289399415,45.13412286023265,3.749999999999998,2.102245188055532,5,83.33333333333334,CPI,Employment,False
2022-11-10_22:30,2022-11-10,22:30,2022-11-10 22:30:00+01:00,2,24.727665972094,24.727665972094,24.727665972094,0.0,0.0,0,0.0,Other,Other,False
2022-11-11_01:00,2022-11-11,01:00,2022-11-11 01:00:00+01:00,1,14.212383375335397,14.212383375335397,14.212383375335397,2.2222222222222223,2.2222222222222223,1,100.0,Other,Other,False
2022-11-11_21:00,2022-11-11,21:00,2022-11-11 21:00:00+01:00,5,24.01327815351321,23.7495601289988,24.07920765964181,9.687500000000004,7.882528011204479,3,60.0,CPI,Consumer,True
2022-11-12_00:00,2022-11-12,00:00,2022-11-12 00:00:00+01:00,2,12.472385772630831,11.24287509813271,13.701896447128952,0.0,0.0,0,0.0,Other,Other,False
2022-11-15_19:30,2022-11-15,19:30,2022-11-15 19:30:00+01:00,3,29.623677894126022,26.730606915833615,35.00725344868514,190.0,66.85296742525658,3,100.0,PPI,Inflation,True
2022-11-16_19:30,2022-11-16,19:30,2022-11-16 19:30:00+01:00,5,27.977398659684418,27.12952123180804,28.542650278268667,349.99999999999994,162.5,4,80.0,Retail Sales,Consumer,True
2022-11-16_20:15,2022-11-16,20:15,2022-11-16 20:15:00+01:00,3,20.23593490359507,20.23593490359507,20.23593490359507,150.00000000000003,75.31094527363186,2,66.66666666666666,Other,Manufacturing,True
2022-11-16_21:00,2022-11-16,21:00,2022-11-16 21:00:00+01:00,1,26.483600012468738,26.483600012468738,26.483600012468738,0.0,0.0,0,0.0,Retail Sales,Consumer,False
2022-11-17_19:30,2022-11-17,19:30,2022-11-17 19:30:00+01:00,11,24.57764885101641,16.802745760029545,26.84356289399415,212.9032258064516,71.56774193548387,3,27.27272727272727,Jobless Claims,Employment,False
2022-11-17_22:30,2022-11-17,22:30,2022-11-17 22:30:00+01:00,2,24.727665972094,24.727665972094,24.727665972094,0.0,0.0,0,0.0,Other,Other,False
2022-11-18_21:00,2022-11-18,21:00,2022-11-18 21:00:00+01:00,1,19.677570075850348,19.677570075850348,19.677570075850348,0.0,0.0,0,0.0,Other,Consumer,False
2022-11-19_00:00,2022-11-19,00:00,2022-11-19 00:00:00+01:00,2,12.472385772630831,11.24287509813271,13.701896447128952,0.0,0.0,0,0.0,Other,Other,False
2022-11-21_19:30,2022-11-21,19:30,2022-11-21 19:30:00+01:00,1,20.713211827077785,20.713211827077785,20.713211827077785,0.0,0.0,0,0.0,Other,Other,False
2022-11-22_21:00,2022-11-22,21:00,2022-11-22 21:00:00+01:00,3,18.794721750172386,14.616170103733737,20.88399757339171,0.0,0.0,0,0.0,Other,Manufacturing,False
2022-11-23_19:25,2022-11-23,19:25,2022-11-23 19:25:00+01:00,1,16.80723913018904,16.80723913018904,16.80723913018904,0.9174311926605512,0.9174311926605512,1,100.0,Other,Housing,False
2022-11-23_19:30,2022-11-23,19:30,2022-11-23 19:30:00+01:00,7,24.750182278223452,22.480415688550092,26.84356289399415,149.99999999999997,52.96931077418881,3,42.857142857142854,Jobless Claims,Other,False
2022-11-23_20:45,2022-11-23,20:45,2022-11-23 20:45:00+01:00,3,41.773947816545196,30.8479683588807,63.305740150233156,4.799999999999997,4.278914405010434,2,66.66666666666666,Other,Manufacturing,False
2022-11-23_21:00,2022-11-23,21:00,2022-11-23 21:00:00+01:00,6,22.795400316385457,16.70601113074671,24.07920765964181,3.2727272727272676,3.2727272727272676,1,16.666666666666664,CPI,Consumer,False
2022-11-23_22:30,2022-11-23,22:30,2022-11-23 22:30:00+01:00,2,24.727665972094,24.727665972094,24.727665972094,0.0,0.0,0,0.0,Other,Other,False
2022-11-24_00:00,2022-11-24,00:00,2022-11-24 00:00:00+01:00,2,12.472385772630831,11.24287509813271,13.701896447128952,0.0,0.0,0,0.0,Other,Other,False
2022-11-24_01:00,2022-11-24,01:00,2022-11-24 01:00:00+01:00,1,45.77832801413763,45.77832801413763,45.77832801413763,0.0,0.0,0,0.0,Other,Interest Rates,False
2022-11-29_21:00,2022-11-29,21:00,2022-11-29 21:00:00+01:00,1,19.53683433123203,19.53683433123203,19.53683433123203,0.20000000000000281,0.20000000000000281,1,100.0,Other,Consumer,False
2022-11-30_19:30,2022-11-30,19:30,2022-11-30 19:30:00+01:00,10,31.208404169354242,27.648300055389974,33.282053649144096,7.407407407407398,4.835892803372474,3,30.0,Retail Sales,GDP/Growth,False
2022-11-30_21:00,2022-11-30,21:00,2022-11-30 21:00:00+01:00,2,22.62424343039249,22.62424343039249,22.62424343039249,0.33009708737863025,0.33009708737863025,1,50.0,Other,Other,False
2022-12-01_19:30,2022-12-01,19:30,2022-12-01 19:30:00+01:00,7,25.908037574748203,25.206393585313748,26.84356289399415,74.99999999999997,22.96274003237252,5,71.42857142857143,Jobless Claims,Employment,True
2022-12-01_20:45,2022-12-01,20:45,2022-12-01 20:45:00+01:00,1,63.305740150233156,63.305740150233156,63.305740150233156,0.21008403361344835,0.21008403361344835,1,100.0,Other,Manufacturing,False
2022-12-01_21:00,2022-12-01,21:00,2022-12-01 21:00:00+01:00,5,94.01302983145622,92.51628728932027,100.0,9.473684210526317,3.6933699711125185,3,60.0,Other,Manufacturing,True
2022-12-01_22:30,2022-12-01,22:30,2022-12-01 22:30:00+01:00,2,24.727665972094,24.727665972094,24.727665972094,0.0,0.0,0,0.0,Other,Other,False
2022-12-02_19:30,2022-12-02,19:30,2022-12-02 19:30:00+01:00,8,61.29347723136464,59.90047788837122,61.492477137506555,100.0,29.684274091024662,6,75.0,NFP,Employment,True
2022-12-03_00:00,2022-12-03,00:00,2022-12-03 00:00:00+01:00,2,12.472385772630831,11.24287509813271,13.701896447128952,0.0,0.0,0,0.0,Other,Other,False
2022-12-05_15:45,2022-12-05,15:45,2022-12-05 15:45:00+01:00,2,31.008051649701212,30.8479683588807,31.168134940521725,0.21691973969631545,0.21645123053930398,2,100.0,Other,Manufacturing,False
2022-12-05_16:00,2022-12-05,16:00,2022-12-05 16:00:00+01:00,5,32.96250026975635,26.55913179216532,34.56334238915411,6.003752345215766,6.003752345215766,1,20.0,Other,Manufacturing,False
2022-12-05_21:00,2022-12-05,21:00,2022-12-05 21:00:00+01:00,2,30.561237090659716,26.55913179216532,34.56334238915411,42.85714285714287,42.85714285714287,1,50.0,Other,Manufacturing,False
2022-12-06_14:30,2022-12-06,14:30,2022-12-06 14:30:00+01:00,2,25.69179766834595,25.199964392161,26.1836309445309,0.0,0.0,0,0.0,Other,Trade Balance,False
2022-12-06_19:30,2022-12-06,19:30,2022-12-06 19:30:00+01:00,1,26.1836309445309,26.1836309445309,26.1836309445309,2.2499999999999964,2.2499999999999964,1,100.0,Other,Trade Balance,False
2022-12-07_06:00,2022-12-07,06:00,2022-12-07 06:00:00+01:00,1,21.47350513016643,21.47350513016643,21.47350513016643,0.0,0.0,0,0.0,Other,Consumer,False
2022-12-07_19:30,2022-12-07,19:30,2022-12-07 19:30:00+01:00,2,20.467583678421647,20.467583678421647,20.467583678421647,33.33333333333335,27.95698924731184,2,100.0,Other,Other,False
2022-12-08_19:30,2022-12-08,19:30,2022-12-08 19:30:00+01:00,3,26.84356289399415,26.84356289399415,26.84356289399415,4.4375,2.21875,2,66.66666666666666,Jobless Claims,Employment,False
2022-12-08_22:30,2022-12-08,22:30,2022-12-08 22:30:00+01:00,2,24.727665972094,24.727665972094,24.727665972094,0.0,0.0,0,0.0,Other,Other,False
2022-12-09_14:30,2022-12-09,14:30,2022-12-09 14:30:00+01:00,2,26.93189011684646,26.730606915833615,27.133173317859306,49.999999999999986,27.542372881355924,2,100.0,PPI,Inflation,False
2022-12-09_16:00,2022-12-09,16:00,2022-12-09 16:00:00+01:00,2,23.914383894320306,23.7495601289988,24.07920765964181,3.8664323374341003,3.8664323374341003,1,50.0,CPI,Consumer,False
2022-12-09_19:00,2022-12-09,19:00,2022-12-09 19:00:00+01:00,1,11.24287509813271,11.24287509813271,11.24287509813271,0.0,0.0,0,0.0,Other,Other,False
2022-12-09_19:30,2022-12-09,19:30,2022-12-09 19:30:00+01:00,1,27.133173317859306,27.133173317859306,27.133173317859306,2.77777777777778,2.77777777777778,1,100.0,PPI,Inflation,False
2022-12-09_21:00,2022-12-09,21:00,2022-12-09 21:00:00+01:00,4,25.780911680570107,24.07920765964181,30.886023743354997,37.50000000000001,15.192939244663386,3,75.0,CPI,Confidence,True
2022-12-10_00:00,2022-12-10,00:00,2022-12-10 00:00:00+01:00,1,13.701896447128952,13.701896447128952,13.701896447128952,0.0,0.0,0,0.0,Other,Other,False
2022-12-13_01:00,2022-12-13,01:00,2022-12-13 01:00:00+01:00,1,14.212383375335397,14.212383375335397,14.212383375335397,0.4032258064516129,0.4032258064516129,1,100.0,Other,Other,False
2022-12-13_14:30,2022-12-13,14:30,2022-12-13 14:30:00+01:00,1,44.414844512436375,44.414844512436375,44.414844512436375,33.33333333333333,33.33333333333333,1,100.0,CPI,Inflation,False
2022-12-13_19:30,2022-12-13,19:30,2022-12-13 19:30:00+01:00,2,44.77448368633451,44.414844512436375,45.13412286023265,2.739726027397263,1.4258948209760565,2,100.0,CPI,Inflation,False
2022-12-14_14:30,2022-12-14,14:30,2022-12-14 14:30:00+01:00,1,27.12952123180804,27.12952123180804,27.12952123180804,19.999999999999996,19.999999999999996,1,100.0,Other,Trade Balance,False
2022-12-14_19:30,2022-12-14,19:30,2022-12-14 19:30:00+01:00,1,27.12952123180804,27.12952123180804,27.12952123180804,25.000000000000007,25.000000000000007,1,100.0,Other,Trade Balance,False
2022-12-14_20:00,2022-12-14,20:00,2022-12-14 20:00:00+01:00,5,61.44573913149336,48.517963191030475,64.67768311660907,0.0,0.0,1,20.0,Other,Interest Rates,False
2022-12-15_01:00,2022-12-15,01:00,2022-12-15 01:00:00+01:00,2,70.19442539498324,64.67768311660907,75.71116767335741,0.0,0.0,0,0.0,Other,Interest Rates,False
2022-12-15_14:30,2022-12-15,14:30,2022-12-15 14:30:00+01:00,7,27.225463660469984,26.035577298163243,28.542650278268667,500.0,184.5,4,57.14285714285714,Retail Sales,Consumer,True
2022-12-15_15:15,2022-12-15,15:15,2022-12-15 15:15:00+01:00,3,20.23593490359507,20.23593490359507,20.23593490359507,300.00000000000006,150.06265664160404,2,66.66666666666666,Other,Manufacturing,True
2022-12-15_17:30,2022-12-15,17:30,2022-12-15 17:30:00+01:00,1,24.727665972094,24.727665972094,24.727665972094,0.0,0.0,0,0.0,Other,Other,False
2022-12-15_19:30,2022-12-15,19:30,2022-12-15 19:30:00+01:00,7,27.906251629918835,26.035577298163243,35.00725344868514,500.0,254.1304347826087,2,28.57142857142857,Retail Sales,Employment,False
2022-12-15_21:00,2022-12-15,21:00,2022-12-15 21:00:00+01:00,1,26.483600012468738,26.483600012468738,26.483600012468738,0.0,0.0,0,0.0,Retail Sales,Consumer,False
2022-12-15_22:30,2022-12-15,22:30,2022-12-15 22:30:00+01:00,1,24.727665972094,24.727665972094,24.727665972094,0.0,0.0,0,0.0,Other,Other,False
2022-12-16_15:45,2022-12-16,15:45,2022-12-16 15:45:00+01:00,2,47.07685425455693,30.8479683588807,63.305740150233156,5.128205128205125,4.13642960812772,2,100.0,Other,Manufacturing,False
2022-12-16_19:00,2022-12-16,19:00,2022-12-16 19:00:00+01:00,2,12.472385772630831,11.24287509813271,13.701896447128952,0.0,0.0,0,0.0,Other,Other,False
2022-12-16_20:45,2022-12-16,20:45,2022-12-16 20:45:00+01:00,1,31.168134940521725,31.168134940521725,31.168134940521725,0.0,0.0,0,0.0,Other,Manufacturing,False
2022-12-20_14:30,2022-12-20,14:30,2022-12-20 14:30:00+01:00,1,16.802745760029545,16.802745760029545,16.802745760029545,1.9285714285714382,1.9285714285714382,1,100.0,Other,Housing,False
2022-12-20_19:30,2022-12-20,19:30,2022-12-20 19:30:00+01:00,1,16.802745760029545,16.802745760029545,16.802745760029545,0.0,0.0,0,0.0,Other,Housing,False
2022-12-21_14:30,2022-12-21,14:30,2022-12-21 14:30:00+01:00,1,20.700023738559334,20.700023738559334,20.700023738559334,2.2072072072072095,2.2072072072072095,1,100.0,Other,Trade Balance,False
2022-12-21_16:00,2022-12-21,16:00,2022-12-21 16:00:00+01:00,2,19.60720220354119,19.53683433123203,19.677570075850348,42.59259259259259,24.910157682434907,2,100.0,Other,Consumer,False
2022-12-22_14:30,2022-12-22,14:30,2022-12-22 14:30:00+01:00,6,30.434964140388406,26.84356289399415,33.282053649144096,10.344827586206906,4.567041686717146,3,50.0,Jobless Claims,Employment,True
2022-12-22_19:30,2022-12-22,19:30,2022-12-22 19:30:00+01:00,4,31.67243096035661,26.84356289399415,33.282053649144096,2.32558139534885,2.2497472194135613,2,50.0,Jobless Claims,GDP/Growth,False
2022-12-22_22:30,2022-12-22,22:30,2022-12-22 22:30:00+01:00,2,24.727665972094,24.727665972094,24.727665972094,0.0,0.0,0,0.0,Other,Other,False
2022-12-23_14:25,2022-12-23,14:25,2022-12-23 14:25:00+01:00,1,16.80723913018904,16.80723913018904,16.80723913018904,0.0,0.0,0,0.0,Other,Housing,False
2022-12-23_14:30,2022-12-23,14:30,2022-12-23 14:30:00+01:00,5,24.67578732888455,23.879877944240754,25.206393585313748,50.0,25.0,2,40.0,Other,Inflation,False
2022-12-23_16:00,2022-12-23,16:00,2022-12-23 16:00:00+01:00,6,22.795400316385457,16.70601113074671,24.07920765964181,6.666666666666673,2.894822974558151,4,66.66666666666666,CPI,Consumer,True
2022-12-23_19:30,2022-12-23,19:30,2022-12-23 19:30:00+01:00,4,23.843404636931922,22.480415688550092,25.206393585313748,250.0,94.44444444444446,3,75.0,Other,Other,True
2022-12-24_00:00,2022-12-24,00:00,2022-12-24 00:00:00+01:00,2,12.472385772630831,11.24287509813271,13.701896447128952,0.0,0.0,0,0.0,Other,Other,False
2022-12-27_14:30,2022-12-27,14:30,2022-12-27 14:30:00+01:00,3,27.771740563922663,27.648300055389974,27.83346081818901,0.0,0.0,0,0.0,Retail Sales,Consumer,False
2022-12-28_16:00,2022-12-28,16:00,2022-12-28 16:00:00+01:00,3,18.794721750172386,14.616170103733737,20.88399757339171,0.0,0.0,0,0.0,Other,Manufacturing,False
2022-12-29_14:30,2022-12-29,14:30,2022-12-29 14:30:00+01:00,3,26.84356289399415,26.84356289399415,26.84356289399415,1.4234875444839856,0.7117437722419928,2,66.66666666666666,Jobless Claims,Employment,False
2022-12-29_17:30,2022-12-29,17:30,2022-12-29 17:30:00+01:00,2,24.727665972094,24.727665972094,24.727665972094,0.0,0.0,0,0.0,Other,Other,False
2022-12-31_00:00,2022-12-31,00:00,2022-12-31 00:00:00+01:00,2,12.472385772630831,11.24287509813271,13.701896447128952,0.0,0.0,0,0.0,Other,Other,False
2023-01-03_15:45,2023-01-03,15:45,2023-01-03 15:45:00+01:00,2,63.30574015023315,63.305740150233135,63.305740150233156,0.0,0.0,0,0.0,Other,Manufacturing,False
2023-01-03_16:00,2023-01-03,16:00,2023-01-03 16:00:00+01:00,2,100.0,100.0,100.0,150.00000000000003,150.00000000000003,2,100.0,Other,Consumer,False
2023-01-04_16:00,2023-01-04,16:00,2023-01-04 16:00:00+01:00,6,69.21893933634435,22.62424343039249,92.51628728932027,7.511737089201885,4.679035529477481,4,66.66666666666666,Other,Manufacturing,True
2023-01-04_20:00,2023-01-04,20:00,2023-01-04 20:00:00+01:00,1,45.77832801413763,45.77832801413763,45.77832801413763,0.0,0.0,0,0.0,Other,Interest Rates,False
2023-01-05_14:30,2023-01-05,14:30,2023-01-05 14:30:00+01:00,4,26.102697293804237,25.199964392161,26.84356289399415,15.753424657534246,12.543378995433791,2,50.0,Jobless Claims,Trade Balance,True
2023-01-05_15:45,2023-01-05,15:45,2023-01-05 15:45:00+01:00,4,30.99642593522476,30.82095851027352,31.168134940521725,0.896860986547082,0.7862683311113836,4,100.0,Other,Manufacturing,False
2023-01-05_19:30,2023-01-05,19:30,2023-01-05 19:30:00+01:00,3,26.34204986056594,25.339023793709526,26.84356289399415,0.819672131147541,0.819672131147541,1,33.33333333333333,Jobless Claims,Employment,False
2023-01-05_22:30,2023-01-05,22:30,2023-01-05 22:30:00+01:00,4,24.727665972094,24.727665972094,24.727665972094,0.0,0.0,0,0.0,Other,Other,False
2023-01-06_06:00,2023-01-06,06:00,2023-01-06 06:00:00+01:00,1,21.47350513016643,21.47350513016643,21.47350513016643,0.0,0.0,0,0.0,Other,Consumer,False
2023-01-06_14:30,2023-01-06,14:30,2023-01-06 14:30:00+01:00,8,61.27428679630844,59.90047788837122,61.492477137506555,22.22222222222222,10.774046471720892,7,87.5,NFP,Employment,True
2023-01-06_16:00,2023-01-06,16:00,2023-01-06 16:00:00+01:00,8,34.56334238915411,34.56334238915411,34.56334238915411,9.818181818181817,8.942704354469058,4,50.0,Other,Manufacturing,True
2023-01-06_19:30,2023-01-06,19:30,2023-01-06 19:30:00+01:00,3,60.61114055566526,59.90047788837122,61.492477137506555,25.000000000000007,25.000000000000007,2,66.66666666666666,Other,Other,True
2023-01-06_21:00,2023-01-06,21:00,2023-01-06 21:00:00+01:00,5,29.760816030960836,26.55913179216532,34.56334238915411,125.0,125.0,2,40.0,Other,Other,False
2023-01-06_23:15,2023-01-06,23:15,2023-01-06 23:15:00+01:00,1,33.85118560915781,33.85118560915781,33.85118560915781,0.0,0.0,0,0.0,Other,Other,False
2023-01-07_00:00,2023-01-07,00:00,2023-01-07 00:00:00+01:00,2,12.472385772630831,11.24287509813271,13.701896447128952,0.0,0.0,0,0.0,Other,Other,False
2023-01-10_21:00,2023-01-10,21:00,2023-01-10 21:00:00+01:00,2,27.869488278187138,24.85295281301928,30.886023743354997,0.0,0.0,2,100.0,Other,Other,False
2023-01-12_14:30,2023-01-12,14:30,2023-01-12 14:30:00+01:00,6,45.1369940255101,44.414844512436375,46.131002713643156,0.03235580601346259,0.008088951503365648,4,66.66666666666666,CPI,Inflation,False
2023-01-12_17:30,2023-01-12,17:30,2023-01-12 17:30:00+01:00,2,24.727665972094,24.727665972094,24.727665972094,0.0,0.0,0,0.0,Other,Other,False
2023-01-12_19:30,2023-01-12,19:30,2023-01-12 19:30:00+01:00,6,32.69014326260522,25.339023793709526,45.85630258750297,4.651162790697675,2.203846416149492,4,66.66666666666666,CPI,Employment,False
2023-01-12_22:30,2023-01-12,22:30,2023-01-12 22:30:00+01:00,2,24.727665972094,24.727665972094,24.727665972094,0.0,0.0,0,0.0,Other,Other,False
2023-01-13_01:00,2023-01-13,01:00,2023-01-13 01:00:00+01:00,1,14.212383375335397,14.212383375335397,14.212383375335397,21.428571428571427,21.428571428571427,1,100.0,Other,Other,False
2023-01-13_14:30,2023-01-13,14:30,2023-01-13 14:30:00+01:00,5,28.14534896696688,27.12952123180804,28.822567457072772,420.0,282.22222222222223,4,80.0,Other,Trade Balance,True
2023-01-13_16:00,2023-01-13,16:00,2023-01-13 16:00:00+01:00,2,24.07920765964181,24.07920765964181,24.07920765964181,14.333333333333323,14.333333333333323,1,50.0,CPI,Confidence,False
2023-01-13_19:00,2023-01-13,19:00,2023-01-13 19:00:00+01:00,2,12.472385772630831,11.24287509813271,13.701896447128952,0.0,0.0,0,0.0,Other,Other,False
2023-01-13_19:30,2023-01-13,19:30,2023-01-13 19:30:00+01:00,2,27.976044344440407,27.12952123180804,28.822567457072772,0.0,0.0,0,0.0,Other,Trade Balance,False
2023-01-13_21:00,2023-01-13,21:00,2023-01-13 21:00:00+01:00,3,23.969325149427476,23.7495601289988,24.07920765964181,6.776859504132222,5.4892700882005645,2,66.66666666666666,CPI,Consumer,True
2023-01-17_14:30,2023-01-17,14:30,2023-01-17 14:30:00+01:00,1,35.00725344868514,35.00725344868514,35.00725344868514,265.55555555555554,265.55555555555554,1,100.0,Other,Manufacturing,False
2023-01-18_14:30,2023-01-18,14:30,2023-01-18 14:30:00+01:00,11,26.900521980016176,25.772522257896668,28.542650278268667,400.0,133.3147001490655,9,81.81818181818183,Retail Sales,Inflation,True
2023-01-18_15:15,2023-01-18,15:15,2023-01-18 15:15:00+01:00,7,19.84881685114106,19.558478311800545,20.23593490359507,500.0,333.58458961474037,4,57.14285714285714,Other,Manufacturing,True
2023-01-18_19:30,2023-01-18,19:30,2023-01-18 19:30:00+01:00,2,25.106988368105924,21.671326457943184,28.542650278268667,0.0,0.0,0,0.0,Retail Sales,Consumer,False
2023-01-18_21:00,2023-01-18,21:00,2023-01-18 21:00:00+01:00,2,25.167458751255865,23.851317490042995,26.483600012468738,0.0,0.0,0,0.0,Retail Sales,Consumer,False
2023-01-19_14:30,2023-01-19,14:30,2023-01-19 14:30:00+01:00,13,23.06529894364891,13.493496884140557,26.84356289399415,19.09090909090909,8.729497822213279,4,30.76923076923077,Jobless Claims,Employment,False
2023-01-19_17:30,2023-01-19,17:30,2023-01-19 17:30:00+01:00,4,24.727665972094,24.727665972094,24.727665972094,0.0,0.0,0,0.0,Other,Other,False
2023-01-19_19:30,2023-01-19,19:30,2023-01-19 19:30:00+01:00,1,26.84356289399415,26.84356289399415,26.84356289399415,0.783132530120482,0.783132530120482,1,100.0,Jobless Claims,Employment,False
2023-01-20_21:00,2023-01-20,21:00,2023-01-20 21:00:00+01:00,2,19.677570075850348,19.677570075850348,19.677570075850348,1.5151515151515054,1.5151515151515054,1,50.0,Other,Consumer,False
2023-01-21_00:00,2023-01-21,00:00,2023-01-21 00:00:00+01:00,2,12.472385772630831,11.24287509813271,13.701896447128952,0.0,0.0,0,0.0,Other,Other,False
2023-01-24_15:45,2023-01-24,15:45,2023-01-24 15:45:00+01:00,6,41.766197340227556,30.82095851027352,63.305740150233156,3.555555555555559,2.6473429951690806,4,66.66666666666666,Other,Manufacturing,False
2023-01-24_16:00,2023-01-24,16:00,2023-01-24 16:00:00+01:00,3,18.794721750172386,14.616170103733737,20.88399757339171,120.0,120.0,1,33.33333333333333,Other,Manufacturing,False
2023-01-26_14:00,2023-01-26,14:00,2023-01-26 14:00:00+01:00,2,15.150368007164797,13.493496884140557,16.80723913018904,0.0,0.0,0,0.0,Other,Housing,False
2023-01-26_14:30,2023-01-26,14:30,2023-01-26 14:30:00+01:00,14,28.07284880878297,20.713211827077785,33.15485453538364,123.99999999999997,46.13293800081774,8,57.14285714285714,Jobless Claims,Other,True
2023-01-26_16:00,2023-01-26,16:00,2023-01-26 16:00:00+01:00,1,16.70601113074671,16.70601113074671,16.70601113074671,0.16207455429497583,0.16207455429497583,1,100.0,Other,Consumer,False
2023-01-26_17:30,2023-01-26,17:30,2023-01-26 17:30:00+01:00,2,24.727665972094,24.727665972094,24.727665972094,0.0,0.0,0,0.0,Other,Other,False
2023-01-26_19:30,2023-01-26,19:30,2023-01-26 19:30:00+01:00,7,25.267628599277703,22.480415688550092,27.83346081818901,9.268292682926829,4.634146341463414,2,28.57142857142857,Retail Sales,Employment,False
2023-01-26_22:30,2023-01-26,22:30,2023-01-26 22:30:00+01:00,2,24.727665972094,24.727665972094,24.727665972094,0.0,0.0,0,0.0,Other,Other,False
2023-01-27_14:30,2023-01-27,14:30,2023-01-27 14:30:00+01:00,6,25.206393585313748,25.206393585313748,25.206393585313748,100.0,25.0,4,66.66666666666666,Other,Inflation,True
2023-01-27_16:00,2023-01-27,16:00,2023-01-27 16:00:00+01:00,5,24.01327815351321,23.7495601289988,24.07920765964181,0.46439628482973905,0.46439628482973905,1,20.0,CPI,Consumer,False
2023-01-27_19:00,2023-01-27,19:00,2023-01-27 19:00:00+01:00,1,11.24287509813271,11.24287509813271,11.24287509813271,0.0,0.0,0,0.0,Other,Other,False
2023-01-28_00:00,2023-01-28,00:00,2023-01-28 00:00:00+01:00,1,13.701896447128952,13.701896447128952,13.701896447128952,0.0,0.0,0,0.0,Other,Other,False
2023-01-31_14:30,2023-01-31,14:30,2023-01-31 14:30:00+01:00,3,25.958114630865406,25.958114630865403,25.958114630865403,9.090909090909099,9.090909090909099,1,33.33333333333333,Other,Employment,False
2023-01-31_21:00,2023-01-31,21:00,2023-01-31 21:00:00+01:00,1,19.53683433123203,19.53683433123203,19.53683433123203,1.7431192660550512,1.7431192660550512,1,100.0,Other,Consumer,False
2023-02-01_15:45,2023-02-01,15:45,2023-02-01 15:45:00+01:00,2,63.30574015023315,63.305740150233135,63.305740150233156,0.0,0.0,0,0.0,Other,Manufacturing,False
2023-02-01_16:00,2023-02-01,16:00,2023-02-01 16:00:00+01:00,8,76.91420450225826,22.62424343039249,100.0,12.658227848101266,6.151920078003418,4,50.0,Other,Manufacturing,True
2023-02-01_19:30,2023-02-01,19:30,2023-02-01 19:30:00+01:00,1,26.51003613536254,26.51003613536254,26.51003613536254,0.0,0.0,0,0.0,Other,Other,False
2023-02-01_20:00,2023-02-01,20:00,2023-02-01 20:00:00+01:00,1,48.517963191030475,48.517963191030475,48.517963191030475,0.0,0.0,1,100.0,Other,Interest Rates,False
2023-02-02_14:30,2023-02-02,14:30,2023-02-02 14:30:00+01:00,5,22.094290037238366,20.467583678421647,26.84356289399415,26.66666666666666,22.366666666666667,5,100.0,Jobless Claims,Other,True
2023-02-02_16:00,2023-02-02,16:00,2023-02-02 16:00:00+01:00,2,26.55913179216532,26.55913179216532,26.55913179216532,18.181818181818183,18.181818181818183,2,100.0,Other,Other,False
2023-02-02_17:30,2023-02-02,17:30,2023-02-02 17:30:00+01:00,2,24.727665972094,24.727665972094,24.727665972094,0.0,0.0,0,0.0,Other,Other,False
2023-02-02_19:30,2023-02-02,19:30,2023-02-02 19:30:00+01:00,3,26.34204986056594,25.339023793709526,26.84356289399415,1.311866428145498,1.311866428145498,1,33.33333333333333,Jobless Claims,Employment,False
2023-02-02_21:00,2023-02-02,21:00,2023-02-02 21:00:00+01:00,1,26.55913179216532,26.55913179216532,26.55913179216532,0.0,0.0,0,0.0,Other,Other,False
2023-02-02_22:30,2023-02-02,22:30,2023-02-02 22:30:00+01:00,2,24.727665972094,24.727665972094,24.727665972094,0.0,0.0,0,0.0,Other,Other,False
2023-02-03_14:30,2023-02-03,14:30,2023-02-03 14:30:00+01:00,6,61.05180884658591,59.90047788837122,61.492477137506555,179.45945945945948,62.75670699086381,5,83.33333333333334,NFP,Other,True
2023-02-03_15:45,2023-02-03,15:45,2023-02-03 15:45:00+01:00,2,31.15838843587241,31.148641931223096,31.168134940521725,0.429184549356214,0.429184549356214,2,100.0,Other,Manufacturing,False
2023-02-03_16:00,2023-02-03,16:00,2023-02-03 16:00:00+01:00,11,33.37335718379159,21.47350513016643,34.56334238915411,10.825688073394494,10.174748798602014,4,36.36363636363637,Other,Manufacturing,False
2023-02-03_19:30,2023-02-03,19:30,2023-02-03 19:30:00+01:00,5,61.14337259158957,59.90047788837122,61.492477137506555,216.66666666666666,56.71834625322998,4,80.0,NFP,Employment,True
2023-02-03_20:45,2023-02-03,20:45,2023-02-03 20:45:00+01:00,2,30.83446343457711,30.82095851027352,30.8479683588807,0.429184549356214,0.429184549356214,2,100.0,Other,Manufacturing,False
2023-02-04_00:00,2023-02-04,00:00,2023-02-04 00:00:00+01:00,2,12.472385772630831,11.24287509813271,13.701896447128952,0.0,0.0,0,0.0,Other,Other,False
2023-02-07_19:30,2023-02-07,19:30,2023-02-07 19:30:00+01:00,3,25.855742093740933,25.199964392161,26.1836309445309,1.605839416058386,1.605839416058386,1,33.33333333333333,Other,Trade Balance,False
2023-02-08_21:00,2023-02-08,21:00,2023-02-08 21:00:00+01:00,2,27.869488278187138,24.85295281301928,30.886023743354997,0.0,0.0,2,100.0,Other,Other,False
2023-02-09_19:30,2023-02-09,19:30,2023-02-09 19:30:00+01:00,4,26.467428118922996,25.339023793709526,26.84356289399415,3.1578947368421053,2.483651831629738,2,50.0,Jobless Claims,Employment,False
2023-02-09_22:30,2023-02-09,22:30,2023-02-09 22:30:00+01:00,4,24.727665972094,24.727665972094,24.727665972094,0.0,0.0,0,0.0,Other,Other,False
2023-02-10_21:00,2023-02-10,21:00,2023-02-10 21:00:00+01:00,5,24.01327815351321,23.7495601289988,24.07920765964181,6.764705882352932,3.290815702580409,3,60.0,CPI,Consumer,True
2023-02-11_00:00,2023-02-11,00:00,2023-02-11 00:00:00+01:00,2,12.472385772630831,11.24287509813271,13.701896447128952,0.0,0.0,0,0.0,Other,Other,False
2023-02-11_01:00,2023-02-11,01:00,2023-02-11 01:00:00+01:00,1,14.212383375335397,14.212383375335397,14.212383375335397,38.095238095238095,38.095238095238095,1,100.0,Other,Other,False
2023-02-14_19:30,2023-02-14,19:30,2023-02-14 19:30:00+01:00,7,45.23975239150908,44.414844512436375,46.131002713643156,3.2258064516129057,1.4655341828327386,7,100.0,CPI,Inflation,False
2023-02-15_19:30,2023-02-15,19:30,2023-02-15 19:30:00+01:00,8,27.68147507248376,21.671326457943184,35.00725344868514,187.49999999999994,127.36111111111107,4,50.0,Retail Sales,Consumer,True
2023-02-15_20:15,2023-02-15,20:15,2023-02-15 20:15:00+01:00,7,19.84881685114106,19.558478311800545,20.23593490359507,24.999999999999993,12.943037974683543,2,28.57142857142857,Other,Manufacturing,False
2023-02-15_21:00,2023-02-15,21:00,2023-02-15 21:00:00+01:00,2,25.167458751255865,23.851317490042995,26.483600012468738,0.0,0.0,0,0.0,Retail Sales,Consumer,False
2023-02-16_19:30,2023-02-16,19:30,2023-02-16 19:30:00+01:00,20,24.318381027331746,13.493496884140557,27.133173317859306,228.37837837837833,38.2090220361396,11,55.00000000000001,Jobless Claims,Inflation,True
2023-02-16_22:30,2023-02-16,22:30,2023-02-16 22:30:00+01:00,4,24.727665972094,24.727665972094,24.727665972094,0.0,0.0,0,0.0,Other,Other,False
2023-02-17_19:30,2023-02-17,19:30,2023-02-17 19:30:00+01:00,7,29.057213985866422,27.12952123180804,33.85118560915781,500.0,250.0,2,28.57142857142857,Other,Trade Balance,False
2023-02-18_00:00,2023-02-18,00:00,2023-02-18 00:00:00+01:00,2,12.472385772630831,11.24287509813271,13.701896447128952,0.0,0.0,0,0.0,Other,Other,False
2023-02-21_20:45,2023-02-21,20:45,2023-02-21 20:45:00+01:00,6,41.766197340227556,30.82095851027352,63.305740150233156,6.991525423728808,4.720645175138714,6,100.0,Other,Manufacturing,True
2023-02-21_21:00,2023-02-21,21:00,2023-02-21 21:00:00+01:00,2,19.677570075850348,19.677570075850348,19.677570075850348,135.0,68.71951219512195,2,100.0,Other,Consumer,False
2023-02-23_01:00,2023-02-23,01:00,2023-02-23 01:00:00+01:00,1,45.77832801413763,45.77832801413763,45.77832801413763,0.0,0.0,0,0.0,Other,Interest Rates,False
2023-02-23_19:30,2023-02-23,19:30,2023-02-23 19:30:00+01:00,17,30.12763071236221,20.713211827077785,33.282053649144096,11.428571428571425,7.983618646397548,8,47.05882352941176,Jobless Claims,GDP/Growth,False
2023-02-23_22:30,2023-02-23,22:30,2023-02-23 22:30:00+01:00,4,24.727665972094,24.727665972094,24.727665972094,0.0,0.0,0,0.0,Other,Other,False
2023-02-24_19:30,2023-02-24,19:30,2023-02-24 19:30:00+01:00,8,22.69238719077651,13.493496884140557,25.206393585313748,49.999999999999986,34.44096601073345,4,50.0,Other,Inflation,True
2023-02-24_21:00,2023-02-24,21:00,2023-02-24 21:00:00+01:00,6,22.795400316385457,16.70601113074671,24.07920765964181,8.064516129032265,3.859384481125952,4,66.66666666666666,CPI,Consumer,True
2023-02-25_00:00,2023-02-25,00:00,2023-02-25 00:00:00+01:00,2,12.472385772630831,11.24287509813271,13.701896447128952,0.0,0.0,0,0.0,Other,Other,False
2023-02-27_19:30,2023-02-27,19:30,2023-02-27 19:30:00+01:00,7,23.009430044437988,20.88430992285662,23.879877944240754,500.0,175.0,3,42.857142857142854,Other,Other,False
2023-02-28_19:30,2023-02-28,19:30,2023-02-28 19:30:00+01:00,3,27.771740563922663,27.648300055389974,27.83346081818901,0.0,0.0,0,0.0,Retail Sales,Consumer,False
2023-02-28_21:00,2023-02-28,21:00,2023-02-28 21:00:00+01:00,4,18.980249895437296,14.616170103733737,20.88399757339171,5.16129032258064,5.16129032258064,1,25.0,Other,Manufacturing,False
2023-03-01_20:45,2023-03-01,20:45,2023-03-01 20:45:00+01:00,2,63.30574015023315,63.305740150233135,63.305740150233156,1.0460251046025106,1.0460251046025106,2,100.0,Other,Manufacturing,False
2023-03-01_21:00,2023-03-01,21:00,2023-03-01 21:00:00+01:00,6,95.01085819288018,92.51628728932027,100.0,150.00000000000003,78.5930570953437,4,66.66666666666666,Other,Manufacturing,True
2023-03-02_19:30,2023-03-02,19:30,2023-03-02 19:30:00+01:00,8,23.687199970986207,20.467583678421647,26.84356289399415,100.0,45.39924539924541,6,75.0,Jobless Claims,Employment,True
2023-03-02_21:50,2023-03-02,21:50,2023-03-02 21:50:00+01:00,1,21.47350513016643,21.47350513016643,21.47350513016643,0.0,0.0,0,0.0,Other,Consumer,False
2023-03-02_22:30,2023-03-02,22:30,2023-03-02 22:30:00+01:00,4,24.727665972094,24.727665972094,24.727665972094,0.0,0.0,0,0.0,Other,Other,False
2023-03-03_20:45,2023-03-03,20:45,2023-03-03 20:45:00+01:00,4,30.99642593522476,30.82095851027352,31.168134940521725,0.19920318725099884,0.19861149461559985,4,100.0,Other,Manufacturing,False
2023-03-03_21:00,2023-03-03,21:00,2023-03-03 21:00:00+01:00,10,34.56334238915411,34.56334238915411,34.56334238915411,1.1009174311926633,1.1009174311926633,2,20.0,Other,Manufacturing,False
2023-03-04_00:00,2023-03-04,00:00,2023-03-04 00:00:00+01:00,2,12.472385772630831,11.24287509813271,13.701896447128952,0.0,0.0,0,0.0,Other,Other,False
2023-03-04_03:45,2023-03-04,03:45,2023-03-04 03:45:00+01:00,1,33.85118560915781,33.85118560915781,33.85118560915781,0.0,0.0,0,0.0,Other,Other,False
2023-03-06_21:00,2023-03-06,21:00,2023-03-06 21:00:00+01:00,3,26.55913179216532,26.55913179216532,26.55913179216532,11.111111111111107,11.111111111111107,2,66.66666666666666,Other,Other,True
2023-03-07_21:00,2023-03-07,21:00,2023-03-07 21:00:00+01:00,2,27.869488278187138,24.85295281301928,30.886023743354997,0.0,0.0,2,100.0,Other,Other,False
2023-03-08_19:30,2023-03-08,19:30,2023-03-08 19:30:00+01:00,3,25.855742093740933,25.199964392161,26.1836309445309,0.8708272859216378,0.8708272859216378,1,33.33333333333333,Other,Trade Balance,False
2023-03-08_21:00,2023-03-08,21:00,2023-03-08 21:00:00+01:00,2,22.62424343039249,22.62424343039249,22.62424343039249,3.0857142857142845,3.0857142857142845,1,50.0,Other,Other,False
2023-03-09_19:30,2023-03-09,19:30,2023-03-09 19:30:00+01:00,4,26.467428118922996,25.339023793709526,26.84356289399415,8.205128205128204,5.880743728844994,2,50.0,Jobless Claims,Employment,True
2023-03-09_22:30,2023-03-09,22:30,2023-03-09 22:30:00+01:00,4,24.727665972094,24.727665972094,24.727665972094,0.0,0.0,0,0.0,Other,Other,False
2023-03-10_19:30,2023-03-10,19:30,2023-03-10 19:30:00+01:00,10,61.212723814909204,59.90047788837122,61.492477137506555,133.33333333333331,35.77460289004149,8,80.0,NFP,Employment,True
2023-03-11_00:00,2023-03-11,00:00,2023-03-11 00:00:00+01:00,2,12.472385772630831,11.24287509813271,13.701896447128952,0.0,0.0,0,0.0,Other,Other,False
2023-03-11_01:00,2023-03-11,01:00,2023-03-11 01:00:00+01:00,1,14.212383375335397,14.212383375335397,14.212383375335397,2.34375,2.34375,1,100.0,Other,Other,False
2023-03-14_17:30,2023-03-14,17:30,2023-03-14 17:30:00+01:00,9,44.82035621858594,42.012728389432944,46.131002713643156,24.999999999999993,3.5723782300263065,7,77.77777777777779,CPI,Inflation,True
2023-03-15_17:30,2023-03-15,17:30,2023-03-15 17:30:00+01:00,14,27.223355140362496,21.671326457943184,35.00725344868514,207.50000000000003,61.453782842671735,9,64.28571428571429,Retail Sales,Consumer,True
2023-03-15_19:00,2023-03-15,19:00,2023-03-15 19:00:00+01:00,2,25.167458751255865,23.851317490042995,26.483600012468738,50.0,50.0,2,100.0,Retail Sales,Consumer,False
2023-03-16_17:30,2023-03-16,17:30,2023-03-16 17:30:00+01:00,20,24.81208807266686,13.493496884140557,28.822567457072772,300.00000000000006,61.61219407026507,7,35.0,Jobless Claims,Trade Balance,False
2023-03-17_18:15,2023-03-17,18:15,2023-03-17 18:15:00+01:00,7,19.84881685114106,19.558478311800545,20.23593490359507,150.00000000000003,100.1700680272109,3,42.857142857142854,Other,Manufacturing,False
2023-03-17_19:00,2023-03-17,19:00,2023-03-17 19:00:00+01:00,9,24.33078385066023,23.7495601289988,24.727665972094,5.373134328358211,5.0557180873043395,3,33.33333333333333,CPI,Other,False
2023-03-17_22:00,2023-03-17,22:00,2023-03-17 22:00:00+01:00,2,12.472385772630831,11.24287509813271,13.701896447128952,0.0,0.0,0,0.0,Other,Other,False
2023-03-21_19:00,2023-03-21,19:00,2023-03-21 19:00:00+01:00,2,19.677570075850348,19.677570075850348,19.677570075850348,190.0,99.52380952380952,2,100.0,Other,Consumer,False
2023-03-22_23:00,2023-03-22,23:00,2023-03-22 23:00:00+01:00,12,65.16995388226891,48.517963191030475,75.71116767335741,0.0,0.0,1,8.333333333333332,Other,Interest Rates,False
2023-03-23_17:30,2023-03-23,17:30,2023-03-23 17:30:00+01:00,8,22.197960506957337,13.493496884140557,26.84356289399415,3.0456852791878175,2.2137952266080636,3,37.5,Jobless Claims,Employment,False
2023-03-23_19:00,2023-03-23,19:00,2023-03-23 19:00:00+01:00,1,16.70601113074671,16.70601113074671,16.70601113074671,1.5384615384615397,1.5384615384615397,1,100.0,Other,Consumer,False
2023-03-23_20:30,2023-03-23,20:30,2023-03-23 20:30:00+01:00,4,24.727665972094,24.727665972094,24.727665972094,0.0,0.0,0,0.0,Other,Other,False
2023-03-24_17:30,2023-03-24,17:30,2023-03-24 17:30:00+01:00,7,23.009430044437988,20.88430992285662,23.879877944240754,266.6666666666667,266.6666666666667,2,28.57142857142857,Other,Other,False
2023-03-24_18:45,2023-03-24,18:45,2023-03-24 18:45:00+01:00,6,41.766197340227556,30.82095851027352,63.305740150233156,6.53465346534653,5.71413524331156,4,66.66666666666666,Other,Manufacturing,True
2023-03-24_22:00,2023-03-24,22:00,2023-03-24 22:00:00+01:00,2,12.472385772630831,11.24287509813271,13.701896447128952,0.0,0.0,0,0.0,Other,Other,False
2023-03-28_18:30,2023-03-28,18:30,2023-03-28 18:30:00+02:00,3,27.771740563922663,27.648300055389974,27.83346081818901,0.6923076923076873,0.6923076923076873,1,33.33333333333333,Retail Sales,Consumer,False
2023-03-28_20:00,2023-03-28,20:00,2023-03-28 20:00:00+02:00,4,18.980249895437296,14.616170103733737,20.88399757339171,3.168316831683171,3.168316831683171,1,25.0,Other,Manufacturing,False
2023-03-30_18:30,2023-03-30,18:30,2023-03-30 18:30:00+02:00,18,30.20697671436311,23.19257246854641,33.282053649144096,3.703703703703707,1.693799814322746,8,44.44444444444444,Jobless Claims,GDP/Growth,False
2023-03-30_21:30,2023-03-30,21:30,2023-03-30 21:30:00+02:00,4,24.727665972094,24.727665972094,24.727665972094,0.0,0.0,0,0.0,Other,Other,False
2023-03-30_22:45,2023-03-30,22:45,2023-03-30 22:45:00+02:00,1,33.85118560915781,33.85118560915781,33.85118560915781,0.0,0.0,0,0.0,Other,Other,False
2023-03-31_18:30,2023-03-31,18:30,2023-03-31 18:30:00+02:00,6,25.206393585313748,25.206393585313748,25.206393585313748,49.999999999999986,33.333333333333336,4,66.66666666666666,Other,Inflation,True
2023-03-31_20:00,2023-03-31,20:00,2023-03-31 20:00:00+02:00,5,24.01327815351321,23.7495601289988,24.07920765964181,3.7398373983739788,1.92972466174258,3,60.0,CPI,Consumer,False
2023-03-31_23:00,2023-03-31,23:00,2023-03-31 23:00:00+02:00,2,12.472385772630831,11.24287509813271,13.701896447128952,0.0,0.0,0,0.0,Other,Other,False
2023-04-03_19:45,2023-04-03,19:45,2023-04-03 19:45:00+02:00,2,63.30574015023315,63.305740150233135,63.305740150233156,0.20283975659228054,0.20283975659228054,2,100.0,Other,Manufacturing,False
2023-04-03_20:00,2023-04-03,20:00,2023-04-03 20:00:00+02:00,6,95.01085819288018,92.51628728932027,100.0,3.529411764705877,3.0278637770897836,2,33.33333333333333,Other,Manufacturing,False
2023-04-04_20:00,2023-04-04,20:00,2023-04-04 20:00:00+02:00,5,24.98517644745619,22.62424343039249,26.55913179216532,39.99999999999999,28.169871794871796,3,60.0,Other,Other,True
2023-04-05_18:30,2023-04-05,18:30,2023-04-05 18:30:00+02:00,3,25.855742093740933,25.199964392161,26.1836309445309,2.1739130434782608,2.1739130434782608,1,33.33333333333333,Other,Trade Balance,False
2023-04-05_19:45,2023-04-05,19:45,2023-04-05 19:45:00+02:00,4,30.99642593522476,30.82095851027352,31.168134940521725,2.2304832713754568,2.0533279396276907,4,100.0,Other,Manufacturing,False
2023-04-05_20:00,2023-04-05,20:00,2023-04-05 20:00:00+02:00,10,34.56334238915411,34.56334238915411,34.56334238915411,6.055045871559628,6.055045871559628,2,20.0,Other,Manufacturing,False
2023-04-06_17:45,2023-04-06,17:45,2023-04-06 17:45:00+02:00,1,21.47350513016643,21.47350513016643,21.47350513016643,0.0,0.0,0,0.0,Other,Consumer,False
2023-04-06_18:30,2023-04-06,18:30,2023-04-06 18:30:00+02:00,4,26.467428118922996,25.339023793709526,26.84356289399415,14.000000000000002,10.649205414949972,2,50.0,Jobless Claims,Employment,True
2023-04-06_21:30,2023-04-06,21:30,2023-04-06 21:30:00+02:00,4,24.727665972094,24.727665972094,24.727665972094,0.0,0.0,0,0.0,Other,Other,False
2023-04-06_23:00,2023-04-06,23:00,2023-04-06 23:00:00+02:00,2,12.472385772630831,11.24287509813271,13.701896447128952,0.0,0.0,0,0.0,Other,Other,False
2023-04-07_18:30,2023-04-07,18:30,2023-04-07 18:30:00+02:00,10,61.212723814909204,59.90047788837122,61.492477137506555,120.0,17.63338112778452,8,80.0,NFP,Employment,True
2023-04-10_20:00,2023-04-10,20:00,2023-04-10 20:00:00+02:00,2,27.869488278187138,24.85295281301928,30.886023743354997,50.0,50.0,2,100.0,Other,Other,False
2023-04-12_18:30,2023-04-12,18:30,2023-04-12 18:30:00+02:00,9,44.82035621858594,42.012728389432944,46.131002713643156,50.0,11.611843285476915,9,100.0,CPI,Inflation,True
2023-04-13_00:00,2023-04-13,00:00,2023-04-13 00:00:00+02:00,2,29.995355694736514,14.212383375335397,45.77832801413763,25.165562913907287,25.165562913907287,1,50.0,Other,Interest Rates,False
2023-04-13_18:30,2023-04-13,18:30,2023-04-13 18:30:00+02:00,10,26.554488386089684,25.339023793709526,27.133173317859306,133.33333333333334,22.3672974113038,7,70.0,Jobless Claims,Inflation,True
2023-04-13_21:30,2023-04-13,21:30,2023-04-13 21:30:00+02:00,4,24.727665972094,24.727665972094,24.727665972094,0.0,0.0,0,0.0,Other,Other,False
2023-04-14_18:30,2023-04-14,18:30,2023-04-14 18:30:00+02:00,13,27.384143032545545,21.671326457943184,28.822567457072772,500.0,261.9047619047619,7,53.84615384615385,Retail Sales,Consumer,True
2023-04-14_19:15,2023-04-14,19:15,2023-04-14 19:15:00+02:00,7,19.84881685114106,19.558478311800545,20.23593490359507,400.0,225.25316455696202,4,57.14285714285714,Other,Manufacturing,True
2023-04-14_20:00,2023-04-14,20:00,2023-04-14 20:00:00+02:00,7,24.34304403858254,23.7495601289988,26.483600012468738,2.4193548387096775,1.6170013900206077,3,42.857142857142854,CPI,Consumer,False
2023-04-14_23:00,2023-04-14,23:00,2023-04-14 23:00:00+02:00,2,12.472385772630831,11.24287509813271,13.701896447128952,0.0,0.0,0,0.0,Other,Other,False
2023-04-17_18:30,2023-04-17,18:30,2023-04-17 18:30:00+02:00,1,35.00725344868514,35.00725344868514,35.00725344868514,160.0,160.0,1,100.0,Other,Manufacturing,False
2023-04-18_18:30,2023-04-18,18:30,2023-04-18 18:30:00+02:00,4,16.152318224189642,13.493496884140557,17.50579112239943,2.551724137931029,1.9901477832512295,2,50.0,Other,Housing,False
2023-04-20_18:30,2023-04-20,18:30,2023-04-20 18:30:00+02:00,10,26.208317626467146,25.339023793709526,26.84356289399415,165.06024096385542,61.26616785079176,8,80.0,Jobless Claims,Employment,True
2023-04-20_20:00,2023-04-20,20:00,2023-04-20 20:00:00+02:00,2,19.677570075850348,19.677570075850348,19.677570075850348,1.3333333333333246,1.3333333333333246,1,50.0,Other,Consumer,False
2023-04-20_21:30,2023-04-20,21:30,2023-04-20 21:30:00+02:00,4,24.727665972094,24.727665972094,24.727665972094,0.0,0.0,0,0.0,Other,Other,False
2023-04-21_19:45,2023-04-21,19:45,2023-04-21 19:45:00+02:00,6,41.766197340227556,30.82095851027352,63.305740150233156,4.27184466019418,3.564493758668517,4,66.66666666666666,Other,Manufacturing,False
2023-04-21_23:00,2023-04-21,23:00,2023-04-21 23:00:00+02:00,2,12.472385772630831,11.24287509813271,13.701896447128952,0.0,0.0,0,0.0,Other,Other,False
2023-04-24_18:30,2023-04-24,18:30,2023-04-24 18:30:00+02:00,1,20.713211827077785,20.713211827077785,20.713211827077785,500.0,500.0,1,100.0,Other,Other,False
2023-04-25_18:10,2023-04-25,18:10,2023-04-25 18:10:00+02:00,2,15.150368007164797,13.493496884140557,16.80723913018904,0.0,0.0,0,0.0,Other,Housing,False
2023-04-25_20:00,2023-04-25,20:00,2023-04-25 20:00:00+02:00,5,18.52540214249918,14.616170103733737,20.88399757339171,8.41269841269842,5.504426129426134,2,40.0,Other,Consumer,False
2023-04-26_18:30,2023-04-26,18:30,2023-04-26 18:30:00+02:00,10,24.438123200283393,20.88430992285662,27.83346081818901,357.14285714285717,233.6536918138042,8,80.0,Retail Sales,Other,True
2023-04-27_18:30,2023-04-27,18:30,2023-04-27 18:30:00+02:00,10,30.479883968799385,25.339023793709526,33.15485453538364,500.0,87.64464877942852,7,70.0,Jobless Claims,Employment,True
2023-04-27_21:30,2023-04-27,21:30,2023-04-27 21:30:00+02:00,4,24.727665972094,24.727665972094,24.727665972094,0.0,0.0,0,0.0,Other,Other,False
2023-04-28_14:30,2023-04-28,14:30,2023-04-28 14:30:00+02:00,1,25.206393585313748,25.206393585313748,25.206393585313748,0.0,0.0,1,100.0,Other,Inflation,False
2023-04-28_18:30,2023-04-28,18:30,2023-04-28 18:30:00+02:00,8,25.48828897739562,25.206393585313748,25.958114630865403,49.999999999999986,20.437710437710425,3,37.5,Other,Employment,False
2023-04-28_20:00,2023-04-28,20:00,2023-04-28 20:00:00+02:00,5,24.01327815351321,23.7495601289988,24.07920765964181,3.3333333333333375,1.8122977346278315,3,60.0,CPI,Consumer,False
2023-04-28_23:00,2023-04-28,23:00,2023-04-28 23:00:00+02:00,2,12.472385772630831,11.24287509813271,13.701896447128952,0.0,0.0,0,0.0,Other,Other,False
2023-05-01_15:45,2023-05-01,15:45,2023-05-01 15:45:00+02:00,2,63.30574015023315,63.305740150233135,63.305740150233156,0.39682539682538837,0.39682539682538837,2,100.0,Other,Manufacturing,False
2023-05-01_20:00,2023-05-01,20:00,2023-05-01 20:00:00+02:00,6,95.01085819288018,92.51628728932027,100.0,199.99999999999997,102.30311355311355,4,66.66666666666666,Other,Manufacturing,True
2023-05-02_20:00,2023-05-02,20:00,2023-05-02 20:00:00+02:00,5,24.98517644745619,22.62424343039249,26.55913179216532,18.181818181818183,12.752073161280327,3,60.0,Other,Other,True
2023-05-03_15:00,2023-05-03,15:00,2023-05-03 15:00:00+02:00,1,21.47350513016643,21.47350513016643,21.47350513016643,0.0,0.0,0,0.0,Other,Consumer,False
2023-05-03_15:45,2023-05-03,15:45,2023-05-03 15:45:00+02:00,4,30.99642593522476,30.82095851027352,31.168134940521725,0.18691588785046995,0.18656781357141877,4,100.0,Other,Manufacturing,False
2023-05-03_19:30,2023-05-03,19:30,2023-05-03 19:30:00+02:00,1,26.51003613536254,26.51003613536254,26.51003613536254,0.0,0.0,0,0.0,Other,Other,False
2023-05-03_20:00,2023-05-03,20:00,2023-05-03 20:00:00+02:00,5,32.4907400778474,32.4907400778474,32.4907400778474,4.587155963302752,2.390103078176474,2,40.0,Other,Other,False
2023-05-04_00:00,2023-05-04,00:00,2023-05-04 00:00:00+02:00,1,48.517963191030475,48.517963191030475,48.517963191030475,0.0,0.0,1,100.0,Other,Interest Rates,False
2023-05-04_14:30,2023-05-04,14:30,2023-05-04 14:30:00+02:00,7,24.83818386661739,20.467583678421647,26.84356289399415,14.545454545454541,8.285350150296528,4,57.14285714285714,Jobless Claims,Employment,True
2023-05-04_17:30,2023-05-04,17:30,2023-05-04 17:30:00+02:00,4,24.727665972094,24.727665972094,24.727665972094,0.0,0.0,0,0.0,Other,Other,False
2023-05-04_18:30,2023-05-04,18:30,2023-05-04 18:30:00+02:00,4,23.299384745697687,20.467583678421647,26.1836309445309,50.000000000000014,33.807266982622444,3,75.0,Other,Other,True
2023-05-05_14:30,2023-05-05,14:30,2023-05-05 14:30:00+02:00,8,61.14278548425987,59.90047788837122,61.492477137506555,66.66666666666667,32.56519274376417,7,87.5,NFP,Other,True
2023-05-05_18:30,2023-05-05,18:30,2023-05-05 18:30:00+02:00,2,61.492477137506555,61.492477137506555,61.492477137506555,320.0,320.0,1,50.0,NFP,Employment,False
2023-05-05_19:00,2023-05-05,19:00,2023-05-05 19:00:00+02:00,2,12.472385772630831,11.24287509813271,13.701896447128952,0.0,0.0,0,0.0,Other,Other,False
2023-05-08_20:00,2023-05-08,20:00,2023-05-08 20:00:00+02:00,2,27.869488278187138,24.85295281301928,30.886023743354997,0.0,0.0,0,0.0,Other,Other,False
2023-05-10_14:30,2023-05-10,14:30,2023-05-10 14:30:00+02:00,2,45.059346398333034,44.414844512436375,45.70384828422969,0.0,0.0,2,100.0,CPI,Inflation,False
2023-05-10_18:30,2023-05-10,18:30,2023-05-10 18:30:00+02:00,8,44.70991971038048,42.012728389432944,46.131002713643156,1.9999999999999927,0.538281850785443,8,100.0,CPI,Inflation,False
2023-05-11_00:00,2023-05-11,00:00,2023-05-11 00:00:00+02:00,1,14.212383375335397,14.212383375335397,14.212383375335397,25.106382978723403,25.106382978723403,1,100.0,Other,Other,False
2023-05-11_14:30,2023-05-11,14:30,2023-05-11 14:30:00+02:00,3,26.34204986056594,25.339023793709526,26.84356289399415,0.38461538461538464,0.38461538461538464,1,33.33333333333333,Jobless Claims,Employment,False
2023-05-11_17:30,2023-05-11,17:30,2023-05-11 17:30:00+02:00,4,24.727665972094,24.727665972094,24.727665972094,0.0,0.0,0,0.0,Other,Other,False
2023-05-11_18:30,2023-05-11,18:30,2023-05-11 18:30:00+02:00,7,26.645533468457,25.772522257896668,27.133173317859306,33.33333333333333,12.092720204965099,7,100.0,Jobless Claims,Inflation,True
2023-05-12_18:30,2023-05-12,18:30,2023-05-12 18:30:00+02:00,6,28.258218715317863,27.12952123180804,28.822567457072772,33.33333333333335,16.666666666666675,2,33.33333333333333,Other,Trade Balance,False
2023-05-12_20:00,2023-05-12,20:00,2023-05-12 20:00:00+02:00,5,24.01327815351321,23.7495601289988,24.07920765964181,10.702341137123744,7.615460944468079,3,60.0,CPI,Consumer,True
2023-05-12_23:00,2023-05-12,23:00,2023-05-12 23:00:00+02:00,2,12.472385772630831,11.24287509813271,13.701896447128952,0.0,0.0,0,0.0,Other,Other,False
2023-05-15_18:30,2023-05-15,18:30,2023-05-15 18:30:00+02:00,1,35.00725344868514,35.00725344868514,35.00725344868514,500.0,500.0,1,100.0,Other,Manufacturing,False
2023-05-15_22:30,2023-05-15,22:30,2023-05-15 22:30:00+02:00,1,33.85118560915781,33.85118560915781,33.85118560915781,0.0,0.0,0,0.0,Other,Other,False
2023-05-16_15:15,2023-05-16,15:15,2023-05-16 15:15:00+02:00,4,19.897206607697807,19.558478311800545,20.23593490359507,500.0,500.0,2,50.0,Other,Manufacturing,True
2023-05-16_16:00,2023-05-16,16:00,2023-05-16 16:00:00+02:00,2,25.167458751255865,23.851317490042995,26.483600012468738,25.000000000000007,25.000000000000007,2,100.0,Retail Sales,Consumer,False
2023-05-16_18:30,2023-05-16,18:30,2023-05-16 18:30:00+02:00,7,26.63493530445499,21.671326457943184,28.542650278268667,50.0,16.666666666666668,3,42.857142857142854,Retail Sales,Consumer,False
2023-05-16_19:15,2023-05-16,19:15,2023-05-16 19:15:00+02:00,5,19.96495226687726,19.558478311800545,20.23593490359507,0.0,0.0,1,20.0,Other,Manufacturing,False
2023-05-17_14:30,2023-05-17,14:30,2023-05-17 14:30:00+02:00,2,15.150368007164797,13.493496884140557,16.80723913018904,0.0,0.0,0,0.0,Other,Housing,False
2023-05-17_18:30,2023-05-17,18:30,2023-05-17 18:30:00+02:00,3,17.038592004206006,16.802745760029545,17.50579112239943,1.4613778705636833,0.7664032209961313,2,66.66666666666666,Other,Housing,False
2023-05-18_14:30,2023-05-18,14:30,2023-05-18 14:30:00+02:00,4,26.06343532100754,25.339023793709526,26.84356289399415,65.38461538461537,33.032146032410395,4,100.0,Jobless Claims,Employment,True
2023-05-18_16:00,2023-05-18,16:00,2023-05-18 16:00:00+02:00,2,19.677570075850348,19.677570075850348,19.677570075850348,0.46511627906975755,0.46511627906975755,1,50.0,Other,Consumer,False
2023-05-18_17:30,2023-05-18,17:30,2023-05-18 17:30:00+02:00,4,24.727665972094,24.727665972094,24.727665972094,0.0,0.0,0,0.0,Other,Other,False
2023-05-18_18:30,2023-05-18,18:30,2023-05-18 18:30:00+02:00,6,26.30490583010688,26.035577298163243,26.84356289399415,47.474747474747474,17.55956206077038,6,100.0,Jobless Claims,Other,True
2023-05-19_23:00,2023-05-19,23:00,2023-05-19 23:00:00+02:00,2,12.472385772630831,11.24287509813271,13.701896447128952,0.0,0.0,0,0.0,Other,Other,False
2023-05-22_16:50,2023-05-22,16:50,2023-05-22 16:50:00+02:00,1,33.85118560915781,33.85118560915781,33.85118560915781,0.0,0.0,0,0.0,Other,Other,False
2023-05-23_14:00,2023-05-23,14:00,2023-05-23 14:00:00+02:00,2,15.150368007164797,13.493496884140557,16.80723913018904,0.07062146892656157,0.07062146892656157,1,50.0,Other,Housing,False
2023-05-23_15:45,2023-05-23,15:45,2023-05-23 15:45:00+02:00,6,41.766197340227556,30.82095851027352,63.305740150233156,9.0,5.584283903675538,6,100.0,Other,Manufacturing,True
2023-05-23_16:00,2023-05-23,16:00,2023-05-23 16:00:00+02:00,4,18.272544095315965,14.616170103733737,20.88399757339171,87.5,51.908002765534526,3,75.0,Other,Manufacturing,True
2023-05-24_20:00,2023-05-24,20:00,2023-05-24 20:00:00+02:00,1,45.77832801413763,45.77832801413763,45.77832801413763,0.0,0.0,0,0.0,Other,Interest Rates,False
2023-05-25_14:30,2023-05-25,14:30,2023-05-25 14:30:00+02:00,10,30.58973365640769,20.713211827077785,33.282053649144096,18.181818181818176,6.670995670995671,7,70.0,Jobless Claims,GDP/Growth,True
2023-05-25_17:30,2023-05-25,17:30,2023-05-25 17:30:00+02:00,2,24.727665972094,24.727665972094,24.727665972094,0.0,0.0,0,0.0,Other,Other,False
2023-05-25_18:30,2023-05-25,18:30,2023-05-25 18:30:00+02:00,9,28.72682845794855,23.19257246854641,33.282053649144096,500.0,147.37628355254856,7,77.77777777777779,Jobless Claims,Employment,True
2023-05-25_21:30,2023-05-25,21:30,2023-05-25 21:30:00+02:00,2,24.727665972094,24.727665972094,24.727665972094,0.0,0.0,0,0.0,Other,Other,False
2023-05-26_14:30,2023-05-26,14:30,2023-05-26 14:30:00+02:00,15,24.694213328626844,20.88430992285662,27.83346081818901,500.0,137.23623019295485,9,60.0,Retail Sales,Other,True
2023-05-26_16:00,2023-05-26,16:00,2023-05-26 16:00:00+02:00,5,24.01327815351321,23.7495601289988,24.07920765964181,2.5996533795493932,2.5996533795493932,1,20.0,CPI,Consumer,False
2023-05-26_18:30,2023-05-26,18:30,2023-05-26 18:30:00+02:00,2,25.206393585313748,25.206393585313748,25.206393585313748,33.33333333333335,33.33333333333335,2,100.0,Other,Inflation,False
2023-05-26_19:00,2023-05-26,19:00,2023-05-26 19:00:00+02:00,2,12.472385772630831,11.24287509813271,13.701896447128952,0.0,0.0,0,0.0,Other,Other,False
2023-05-30_20:00,2023-05-30,20:00,2023-05-30 20:00:00+02:00,1,19.53683433123203,19.53683433123203,19.53683433123203,3.3333333333333304,3.3333333333333304,1,100.0,Other,Consumer,False
2023-05-30_23:00,2023-05-30,23:00,2023-05-30 23:00:00+02:00,1,33.85118560915781,33.85118560915781,33.85118560915781,0.0,0.0,0,0.0,Other,Other,False
2023-05-31_20:00,2023-05-31,20:00,2023-05-31 20:00:00+02:00,2,22.62424343039249,22.62424343039249,22.62424343039249,7.765333333333331,7.765333333333331,1,50.0,Other,Other,False
2023-06-01_14:30,2023-06-01,14:30,2023-06-01 14:30:00+02:00,4,23.875267358521786,20.467583678421647,26.84356289399415,30.0,15.388593380614658,4,100.0,Jobless Claims,Employment,True
2023-06-01_15:45,2023-06-01,15:45,2023-06-01 15:45:00+02:00,2,63.30574015023315,63.305740150233135,63.305740150233156,0.0,0.0,0,0.0,Other,Manufacturing,False
2023-06-01_16:00,2023-06-01,16:00,2023-06-01 16:00:00+02:00,5,95.50977237359216,92.51628728932027,100.0,500.0,250.8564043407673,4,80.0,Other,Consumer,True
2023-06-01_17:30,2023-06-01,17:30,2023-06-01 17:30:00+02:00,4,24.727665972094,24.727665972094,24.727665972094,0.0,0.0,0,0.0,Other,Other,False
2023-06-01_18:30,2023-06-01,18:30,2023-06-01 18:30:00+02:00,4,23.499132583450628,20.467583678421647,26.84356289399415,15.999999999999998,15.999999999999998,2,50.0,Jobless Claims,Employment,True
2023-06-01_20:00,2023-06-01,20:00,2023-06-01 20:00:00+02:00,1,92.51628728932027,92.51628728932027,92.51628728932027,14.999999999999995,14.999999999999995,1,100.0,Other,Manufacturing,False
2023-06-02_14:30,2023-06-02,14:30,2023-06-02 14:30:00+02:00,3,61.49247713750655,61.492477137506555,61.492477137506555,133.33333333333331,72.48955722639933,3,100.0,NFP,Employment,True
2023-06-02_15:40,2023-06-02,15:40,2023-06-02 15:40:00+02:00,1,21.47350513016643,21.47350513016643,21.47350513016643,0.0,0.0,0,0.0,Other,Consumer,False
2023-06-02_18:30,2023-06-02,18:30,2023-06-02 18:30:00+02:00,7,61.092829533796056,59.90047788837122,61.492477137506555,71.51515151515152,15.270260747004937,5,71.42857142857143,NFP,Other,True
2023-06-02_23:00,2023-06-02,23:00,2023-06-02 23:00:00+02:00,2,12.472385772630831,11.24287509813271,13.701896447128952,0.0,0.0,0,0.0,Other,Other,False
2023-06-05_15:45,2023-06-05,15:45,2023-06-05 15:45:00+02:00,2,31.15838843587241,31.148641931223096,31.168134940521725,0.3669724770642254,0.3669724770642254,2,100.0,Other,Manufacturing,False
2023-06-05_16:00,2023-06-05,16:00,2023-06-05 16:00:00+02:00,5,32.4907400778474,32.4907400778474,32.4907400778474,3.63984674329503,2.7723043240284673,2,40.0,Other,Other,False
2023-06-05_19:45,2023-06-05,19:45,2023-06-05 19:45:00+02:00,2,30.83446343457711,30.82095851027352,30.8479683588807,0.3629764065335805,0.3629764065335805,2,100.0,Other,Manufacturing,False
2023-06-05_20:00,2023-06-05,20:00,2023-06-05 20:00:00+02:00,3,26.55913179216532,26.55913179216532,26.55913179216532,50.0,50.0,2,66.66666666666666,Other,Other,True
2023-06-07_14:30,2023-06-07,14:30,2023-06-07 14:30:00+02:00,1,26.1836309445309,26.1836309445309,26.1836309445309,0.7978723404255433,0.7978723404255433,1,100.0,Other,Trade Balance,False
2023-06-07_18:30,2023-06-07,18:30,2023-06-07 18:30:00+02:00,2,25.69179766834595,25.199964392161,26.1836309445309,0.0,0.0,0,0.0,Other,Trade Balance,False
2023-06-08_14:30,2023-06-08,14:30,2023-06-08 14:30:00+02:00,3,26.34204986056594,25.339023793709526,26.84356289399415,11.063829787234042,11.063829787234042,1,33.33333333333333,Jobless Claims,Employment,False
2023-06-08_18:30,2023-06-08,18:30,2023-06-08 18:30:00+02:00,1,26.84356289399415,26.84356289399415,26.84356289399415,2.388888888888889,2.388888888888889,1,100.0,Jobless Claims,Employment,False
2023-06-08_20:00,2023-06-08,20:00,2023-06-08 20:00:00+02:00,2,27.869488278187138,24.85295281301928,30.886023743354997,50.0,50.0,2,100.0,Other,Other,False
2023-06-08_21:30,2023-06-08,21:30,2023-06-08 21:30:00+02:00,4,24.727665972094,24.727665972094,24.727665972094,0.0,0.0,0,0.0,Other,Other,False
2023-06-09_23:00,2023-06-09,23:00,2023-06-09 23:00:00+02:00,2,12.472385772630831,11.24287509813271,13.701896447128952,0.0,0.0,0,0.0,Other,Other,False
2023-06-13_00:00,2023-06-13,00:00,2023-06-13 00:00:00+02:00,1,14.212383375335397,14.212383375335397,14.212383375335397,1.694915254237288,1.694915254237288,1,100.0,Other,Other,False
2023-06-13_14:30,2023-06-13,14:30,2023-06-13 14:30:00+02:00,5,45.137568258565594,44.414844512436375,46.131002713643156,50.0,10.975609756097558,5,100.0,CPI,Inflation,True
2023-06-13_18:30,2023-06-13,18:30,2023-06-13 18:30:00+02:00,5,44.4220418373764,42.012728389432944,45.85630258750297,0.021048269602030295,0.007016089867343432,3,60.0,CPI,Inflation,False
2023-06-14_14:30,2023-06-14,14:30,2023-06-14 14:30:00+02:00,5,26.508399613469113,25.772522257896668,27.133173317859306,26.66666666666666,12.045977011494251,5,100.0,PPI,Inflation,True
2023-06-14_18:30,2023-06-14,18:30,2023-06-14 18:30:00+02:00,2,27.133173317859306,27.133173317859306,27.133173317859306,199.99999999999997,199.99999999999997,2,100.0,PPI,Inflation,False
2023-06-14_20:00,2023-06-14,20:00,2023-06-14 20:00:00+02:00,6,61.98439646234598,48.517963191030475,64.67768311660907,0.0,0.0,1,16.666666666666664,Other,Interest Rates,False
2023-06-15_00:00,2023-06-15,00:00,2023-06-15 00:00:00+02:00,4,64.67768311660907,64.67768311660907,64.67768311660907,0.0,0.0,0,0.0,Other,Interest Rates,False
2023-06-15_14:30,2023-06-15,14:30,2023-06-15 14:30:00+02:00,19,27.322828034930012,21.671326457943184,35.00725344868514,500.0,130.85466045003767,11,57.89473684210527,Retail Sales,Trade Balance,True
2023-06-15_15:15,2023-06-15,15:15,2023-06-15 15:15:00+02:00,7,19.84881685114106,19.558478311800545,20.23593490359507,300.00000000000006,75.0313676286073,4,57.14285714285714,Other,Manufacturing,True
2023-06-15_18:30,2023-06-15,18:30,2023-06-15 18:30:00+02:00,5,26.79011129455568,25.339023793709526,28.542650278268667,5.728854229154171,2.4048561392537366,5,100.0,Retail Sales,Employment,True
2023-06-15_20:00,2023-06-15,20:00,2023-06-15 20:00:00+02:00,2,25.167458751255865,23.851317490042995,26.483600012468738,100.0,100.0,2,100.0,Retail Sales,Consumer,False
2023-06-15_21:30,2023-06-15,21:30,2023-06-15 21:30:00+02:00,4,24.727665972094,24.727665972094,24.727665972094,0.0,0.0,0,0.0,Other,Other,False
2023-06-16_16:00,2023-06-16,16:00,2023-06-16 16:00:00+02:00,4,23.99679577698106,23.7495601289988,24.07920765964181,8.495575221238932,6.156184557184352,2,50.0,CPI,Inflation,True
2023-06-16_20:00,2023-06-16,20:00,2023-06-16 20:00:00+02:00,1,24.07920765964181,24.07920765964181,24.07920765964181,6.499999999999997,6.499999999999997,1,100.0,Other,Consumer,False
2023-06-16_23:00,2023-06-16,23:00,2023-06-16 23:00:00+02:00,2,12.472385772630831,11.24287509813271,13.701896447128952,0.0,0.0,0,0.0,Other,Other,False
2023-06-20_14:30,2023-06-20,14:30,2023-06-20 14:30:00+02:00,4,16.152318224189642,13.493496884140557,17.50579112239943,16.50000000000001,10.75000000000001,2,50.0,Other,Housing,True
2023-06-22_14:30,2023-06-22,14:30,2023-06-22 14:30:00+02:00,5,24.087877029466988,20.700023738559334,26.84356289399415,5.677451344985748,3.430237608832398,4,80.0,Jobless Claims,Employment,True
2023-06-22_16:00,2023-06-22,16:00,2023-06-22 16:00:00+02:00,2,19.677570075850348,19.677570075850348,19.677570075850348,1.17647058823529,1.17647058823529,1,50.0,Other,Consumer,False
2023-06-22_18:30,2023-06-22,18:30,2023-06-22 18:30:00+02:00,1,26.84356289399415,26.84356289399415,26.84356289399415,1.2906846240179575,1.2906846240179575,1,100.0,Jobless Claims,Employment,False
2023-06-22_21:30,2023-06-22,21:30,2023-06-22 21:30:00+02:00,4,24.727665972094,24.727665972094,24.727665972094,0.0,0.0,0,0.0,Other,Other,False
2023-06-22_22:30,2023-06-22,22:30,2023-06-22 22:30:00+02:00,1,33.85118560915781,33.85118560915781,33.85118560915781,0.0,0.0,0,0.0,Other,Other,False
2023-06-23_15:45,2023-06-23,15:45,2023-06-23 15:45:00+02:00,6,41.766197340227556,30.82095851027352,63.305740150233156,4.53608247422681,2.360633829705999,4,66.66666666666666,Other,Manufacturing,False
2023-06-23_19:00,2023-06-23,19:00,2023-06-23 19:00:00+02:00,2,12.472385772630831,11.24287509813271,13.701896447128952,0.0,0.0,0,0.0,Other,Other,False
2023-06-27_13:45,2023-06-27,13:45,2023-06-27 13:45:00+02:00,1,16.80723913018904,16.80723913018904,16.80723913018904,0.3353454057679338,0.3353454057679338,1,100.0,Other,Housing,False
2023-06-27_14:30,2023-06-27,14:30,2023-06-27 14:30:00+02:00,4,23.805217252777283,23.653496162266233,23.879877944240754,500.0,500.0,2,50.0,Other,Other,True
2023-06-27_16:00,2023-06-27,16:00,2023-06-27 16:00:00+02:00,5,18.52540214249918,14.616170103733737,20.88399757339171,142.85714285714286,47.84373728123728,4,80.0,Other,Consumer,True
2023-06-27_17:45,2023-06-27,17:45,2023-06-27 17:45:00+02:00,2,15.150368007164797,13.493496884140557,16.80723913018904,0.0,0.0,0,0.0,Other,Housing,False
2023-06-27_18:30,2023-06-27,18:30,2023-06-27 18:30:00+02:00,3,21.948380433318935,20.88430992285662,22.480415688550092,270.0,270.0,2,66.66666666666666,Other,Other,True
2023-06-28_14:30,2023-06-28,14:30,2023-06-28 14:30:00+02:00,1,27.83346081818901,27.83346081818901,27.83346081818901,0.0,0.0,0,0.0,Other,Other,False
2023-06-28_18:30,2023-06-28,18:30,2023-06-28 18:30:00+02:00,2,27.740880436789492,27.648300055389974,27.83346081818901,0.0,0.0,0,0.0,Retail Sales,Consumer,False
2023-06-29_14:30,2023-06-29,14:30,2023-06-29 14:30:00+02:00,3,30.32907577875663,26.84356289399415,33.282053649144096,9.811320754716983,4.603773584905656,3,100.0,Jobless Claims,Inflation,True
2023-06-29_17:30,2023-06-29,17:30,2023-06-29 17:30:00+02:00,4,24.727665972094,24.727665972094,24.727665972094,0.0,0.0,0,0.0,Other,Other,False
2023-06-29_18:30,2023-06-29,18:30,2023-06-29 18:30:00+02:00,15,30.18255690148441,23.19257246854641,33.282053649144096,42.85714285714287,12.920816066901018,13,86.66666666666667,Jobless Claims,GDP/Growth,True
2023-06-30_14:30,2023-06-30,14:30,2023-06-30 14:30:00+02:00,4,25.206393585313748,25.206393585313748,25.206393585313748,50.0,20.833333333333336,4,100.0,Other,Inflation,True
2023-06-30_16:00,2023-06-30,16:00,2023-06-30 16:00:00+02:00,5,24.01327815351321,23.7495601289988,24.07920765964181,1.4705882352941175,0.8597750409382175,3,60.0,CPI,Consumer,False
2023-06-30_18:30,2023-06-30,18:30,2023-06-30 18:30:00+02:00,2,25.206393585313748,25.206393585313748,25.206393585313748,0.0,0.0,0,0.0,Other,Inflation,False
2023-06-30_23:00,2023-06-30,23:00,2023-06-30 23:00:00+02:00,2,12.472385772630831,11.24287509813271,13.701896447128952,0.0,0.0,0,0.0,Other,Other,False
2023-07-03_19:45,2023-07-03,19:45,2023-07-03 19:45:00+02:00,2,63.30574015023315,63.305740150233135,63.305740150233156,0.0,0.0,0,0.0,Other,Manufacturing,False
2023-07-03_20:00,2023-07-03,20:00,2023-07-03 20:00:00+02:00,6,95.01085819288018,92.51628728932027,100.0,50.000000000000014,22.376026964398573,5,83.33333333333334,Other,Manufacturing,True
2023-07-05_20:00,2023-07-05,20:00,2023-07-05 20:00:00+02:00,4,31.3639308476584,26.55913179216532,45.77832801413763,200.0,108.33333333333333,3,75.0,Other,Other,True
2023-07-06_14:30,2023-07-06,14:30,2023-07-06 14:30:00+02:00,2,26.1836309445309,26.1836309445309,26.1836309445309,0.0,0.0,1,50.0,Other,Trade Balance,False
2023-07-06_15:45,2023-07-06,15:45,2023-07-06 15:45:00+02:00,4,30.99642593522476,30.82095851027352,31.168134940521725,0.5545286506469448,0.5545286506469448,2,50.0,Other,Manufacturing,False
2023-07-06_16:00,2023-07-06,16:00,2023-07-06 16:00:00+02:00,5,28.31399375882022,21.47350513016643,32.4907400778474,14.065510597302513,4.410211150134247,4,80.0,Other,Other,True
2023-07-06_18:30,2023-07-06,18:30,2023-07-06 18:30:00+02:00,5,26.2139353735706,25.199964392161,26.84356289399415,1.4326647564469914,1.3247468675177712,4,80.0,Jobless Claims,Employment,False
2023-07-06_20:00,2023-07-06,20:00,2023-07-06 20:00:00+02:00,3,29.2019078620291,22.62424343039249,32.4907400778474,6.412825651302612,6.049550080553265,2,66.66666666666666,Other,Employment,True
2023-07-06_21:30,2023-07-06,21:30,2023-07-06 21:30:00+02:00,4,24.727665972094,24.727665972094,24.727665972094,0.0,0.0,0,0.0,Other,Other,False
2023-07-07_14:30,2023-07-07,14:30,2023-07-07 14:30:00+02:00,3,60.55996606218205,59.90047788837122,61.33895365705695,33.33333333333335,14.285714285714294,3,100.0,Other,Other,True
2023-07-07_18:30,2023-07-07,18:30,2023-07-07 18:30:00+02:00,9,61.754380015398674,57.69826407074845,67.6438161052937,25.5,8.225664075153873,4,44.44444444444444,NFP,Employment,False
2023-07-07_23:00,2023-07-07,23:00,2023-07-07 23:00:00+02:00,2,12.472385772630831,11.24287509813271,13.701896447128952,0.0,0.0,0,0.0,Other,Other,False
2023-07-10_20:00,2023-07-10,20:00,2023-07-10 20:00:00+02:00,2,27.869488278187138,24.85295281301928,30.886023743354997,0.0,0.0,0,0.0,Other,Other,False
2023-07-12_14:30,2023-07-12,14:30,2023-07-12 14:30:00+02:00,3,45.41656517010307,44.414844512436375,46.131002713643156,33.33333333333333,23.297491039426518,3,100.0,CPI,Inflation,True
2023-07-12_18:30,2023-07-12,18:30,2023-07-12 18:30:00+02:00,6,44.522251742827386,42.012728389432944,45.85630258750297,33.33333333333333,6.910371303388753,6,100.0,CPI,Inflation,True
2023-07-13_14:30,2023-07-13,14:30,2023-07-13 14:30:00+02:00,4,26.692368952362223,25.772522257896668,27.133173317859306,50.0,50.0,4,100.0,PPI,Inflation,True
2023-07-13_18:30,2023-07-13,18:30,2023-07-13 18:30:00+02:00,8,26.57989853564261,25.339023793709526,27.133173317859306,75.00000000000001,22.212370952167255,8,100.0,Jobless Claims,Employment,True
2023-07-13_21:30,2023-07-13,21:30,2023-07-13 21:30:00+02:00,4,24.727665972094,24.727665972094,24.727665972094,0.0,0.0,0,0.0,Other,Other,False
2023-07-14_00:00,2023-07-14,00:00,2023-07-14 00:00:00+02:00,1,14.212383375335397,14.212383375335397,14.212383375335397,30.28571428571429,30.28571428571429,1,100.0,Other,Other,False
2023-07-14_14:30,2023-07-14,14:30,2023-07-14 14:30:00+02:00,5,28.14534896696688,27.12952123180804,28.822567457072772,100.0,57.13213213213213,5,100.0,Other,Trade Balance,True
2023-07-14_16:00,2023-07-14,16:00,2023-07-14 16:00:00+02:00,5,24.01327815351321,23.7495601289988,24.07920765964181,12.29773462783173,7.250591917470113,5,100.0,CPI,Consumer,True
2023-07-14_18:30,2023-07-14,18:30,2023-07-14 18:30:00+02:00,2,27.976044344440407,27.12952123180804,28.822567457072772,349.99999999999994,349.99999999999994,2,100.0,Other,Trade Balance,False
2023-07-14_23:00,2023-07-14,23:00,2023-07-14 23:00:00+02:00,2,12.472385772630831,11.24287509813271,13.701896447128952,0.0,0.0,0,0.0,Other,Other,False
2023-07-17_14:30,2023-07-17,14:30,2023-07-17 14:30:00+02:00,1,35.00725344868514,35.00725344868514,35.00725344868514,125.58139534883723,125.58139534883723,1,100.0,Other,Manufacturing,False
2023-07-18_14:30,2023-07-18,14:30,2023-07-18 14:30:00+02:00,4,27.462203445540293,26.38175661281192,28.542650278268667,33.33333333333333,20.104166666666664,4,100.0,Retail Sales,Consumer,True
2023-07-18_15:15,2023-07-18,15:15,2023-07-18 15:15:00+02:00,5,19.829460948518356,19.558478311800545,20.23593490359507,0.0,0.0,0,0.0,Other,Manufacturing,False
2023-07-18_18:30,2023-07-18,18:30,2023-07-18 18:30:00+02:00,4,26.28459590682311,21.671326457943184,28.542650278268667,60.0,60.0,2,50.0,Retail Sales,Consumer,True
2023-07-18_19:15,2023-07-18,19:15,2023-07-18 19:15:00+02:00,3,20.01011603966356,19.55847831180055,20.23593490359507,136.36363636363635,91.16066323613491,3,100.0,Other,Manufacturing,True
2023-07-18_20:00,2023-07-18,20:00,2023-07-18 20:00:00+02:00,2,25.167458751255865,23.851317490042995,26.483600012468738,0.0,0.0,0,0.0,Retail Sales,Consumer,False
2023-07-19_14:30,2023-07-19,14:30,2023-07-19 14:30:00+02:00,4,16.152318224189642,13.493496884140557,17.50579112239943,3.35570469798658,3.35570469798658,1,25.0,Other,Housing,False
2023-07-19_18:30,2023-07-19,18:30,2023-07-19 18:30:00+02:00,1,16.802745760029545,16.802745760029545,16.802745760029545,3.108108108108111,3.108108108108111,1,100.0,Other,Housing,False
2023-07-20_14:30,2023-07-20,14:30,2023-07-20 14:30:00+02:00,5,26.19717441732943,26.035577298163243,26.84356289399415,77.77777777777779,32.829666193342945,5,100.0,Jobless Claims,Employment,True
2023-07-20_16:00,2023-07-20,16:00,2023-07-20 16:00:00+02:00,1,19.677570075850348,19.677570075850348,19.677570075850348,0.9523809523809532,0.9523809523809532,1,100.0,Other,Consumer,False
2023-07-20_18:30,2023-07-20,18:30,2023-07-20 18:30:00+02:00,5,26.21946083560486,25.339023793709526,26.84356289399415,191.0,85.26170798898072,3,60.0,Jobless Claims,Employment,True
2023-07-20_20:00,2023-07-20,20:00,2023-07-20 20:00:00+02:00,2,19.677570075850348,19.677570075850348,19.677570075850348,0.0,0.0,0,0.0,Other,Consumer,False
2023-07-20_21:30,2023-07-20,21:30,2023-07-20 21:30:00+02:00,4,24.727665972094,24.727665972094,24.727665972094,0.0,0.0,0,0.0,Other,Other,False
2023-07-21_19:00,2023-07-21,19:00,2023-07-21 19:00:00+02:00,1,11.24287509813271,11.24287509813271,11.24287509813271,0.0,0.0,0,0.0,Other,Other,False
2023-07-21_23:00,2023-07-21,23:00,2023-07-21 23:00:00+02:00,1,13.701896447128952,13.701896447128952,13.701896447128952,0.0,0.0,0,0.0,Other,Other,False
2023-07-24_15:45,2023-07-24,15:45,2023-07-24 15:45:00+02:00,6,41.766197340227556,30.82095851027352,63.305740150233156,6.0606060606060534,4.5117845117845095,4,66.66666666666666,Other,Manufacturing,True
2023-07-24_18:30,2023-07-24,18:30,2023-07-24 18:30:00+02:00,1,20.713211827077785,20.713211827077785,20.713211827077785,500.0,500.0,1,100.0,Other,Other,False
2023-07-25_16:00,2023-07-25,16:00,2023-07-25 16:00:00+02:00,2,17.076502217482883,14.616170103733737,19.53683433123203,4.651162790697677,4.651162790697677,1,50.0,Other,Consumer,False
2023-07-25_20:00,2023-07-25,20:00,2023-07-25 20:00:00+02:00,2,20.88399757339171,20.88399757339171,20.88399757339171,0.0,0.0,0,0.0,Other,Manufacturing,False
2023-07-26_13:45,2023-07-26,13:45,2023-07-26 13:45:00+02:00,2,15.150368007164797,13.493496884140557,16.80723913018904,0.0,0.0,0,0.0,Other,Housing,False
2023-07-26_16:00,2023-07-26,16:00,2023-07-26 16:00:00+02:00,1,16.70601113074671,16.70601113074671,16.70601113074671,3.862068965517245,3.862068965517245,1,100.0,Other,Consumer,False
2023-07-26_17:45,2023-07-26,17:45,2023-07-26 17:45:00+02:00,1,16.80723913018904,16.80723913018904,16.80723913018904,0.06944444444445222,0.06944444444445222,1,100.0,Other,Housing,False
2023-07-26_20:00,2023-07-26,20:00,2023-07-26 20:00:00+02:00,1,48.517963191030475,48.517963191030475,48.517963191030475,0.0,0.0,1,100.0,Other,Interest Rates,False
2023-07-27_14:00,2023-07-27,14:00,2023-07-27 14:00:00+02:00,16,30.539598778331374,23.851317490042995,33.282053649144096,400.0,88.53895841140496,16,100.0,Retail Sales,GDP/Growth,True
2023-07-27_14:30,2023-07-27,14:30,2023-07-27 14:30:00+02:00,20,27.343539771457365,20.88430992285662,33.15485453538364,370.0,99.08489138226939,12,60.0,Retail Sales,Other,True
2023-07-27_17:30,2023-07-27,17:30,2023-07-27 17:30:00+02:00,4,24.727665972094,24.727665972094,24.727665972094,0.0,0.0,0,0.0,Other,Other,False
2023-07-27_18:30,2023-07-27,18:30,2023-07-27 18:30:00+02:00,1,27.648300055389974,27.648300055389974,27.648300055389974,0.0,0.0,0,0.0,Other,Trade Balance,False
2023-07-28_14:00,2023-07-28,14:00,2023-07-28 14:00:00+02:00,1,25.206393585313748,25.206393585313748,25.206393585313748,0.0,0.0,0,0.0,Other,Other,False
2023-07-28_14:30,2023-07-28,14:30,2023-07-28 14:30:00+02:00,8,25.39432384670166,25.206393585313748,25.958114630865403,40.0,10.833333333333334,6,75.0,Other,Inflation,True
2023-07-28_16:00,2023-07-28,16:00,2023-07-28 16:00:00+02:00,3,23.969325149427476,23.7495601289988,24.07920765964181,1.5850144092219143,0.9154349106008556,3,100.0,CPI,Confidence,False
2023-07-28_18:30,2023-07-28,18:30,2023-07-28 18:30:00+02:00,1,25.958114630865403,25.958114630865403,25.958114630865403,9.090909090909099,9.090909090909099,1,100.0,Other,Employment,False
2023-07-28_19:00,2023-07-28,19:00,2023-07-28 19:00:00+02:00,2,12.472385772630831,11.24287509813271,13.701896447128952,0.0,0.0,0,0.0,Other,Other,False
2023-07-28_20:00,2023-07-28,20:00,2023-07-28 20:00:00+02:00,2,24.07920765964181,24.07920765964181,24.07920765964181,3.2258064516129057,2.3016084599662325,2,100.0,CPI,Consumer,False
2023-08-01_16:00,2023-08-01,16:00,2023-08-01 16:00:00+02:00,6,83.36218421639222,22.62424343039249,100.0,16.666666666666664,8.431064781532069,5,83.33333333333334,Other,Consumer,True
2023-08-01_19:45,2023-08-01,19:45,2023-08-01 19:45:00+02:00,2,63.30574015023315,63.305740150233135,63.305740150233156,0.0,0.0,2,100.0,Other,Manufacturing,False
2023-08-01_20:00,2023-08-01,20:00,2023-08-01 20:00:00+02:00,2,57.57026535985638,22.62424343039249,92.51628728932027,7.499999999999994,3.895681581685734,2,100.0,Other,Manufacturing,False
2023-08-02_14:30,2023-08-02,14:30,2023-08-02 14:30:00+02:00,1,26.51003613536254,26.51003613536254,26.51003613536254,0.0,0.0,0,0.0,Other,Other,False
2023-08-02_15:10,2023-08-02,15:10,2023-08-02 15:10:00+02:00,1,21.47350513016643,21.47350513016643,21.47350513016643,0.0,0.0,0,0.0,Other,Consumer,False
2023-08-03_14:30,2023-08-03,14:30,2023-08-03 14:30:00+02:00,7,23.23629098198507,20.467583678421647,26.84356289399415,85.00000000000001,36.1695907114572,7,100.0,Jobless Claims,Other,True
2023-08-03_15:45,2023-08-03,15:45,2023-08-03 15:45:00+02:00,2,30.83446343457711,30.82095851027352,30.8479683588807,0.19083969465649128,0.19083969465649128,2,100.0,Other,Manufacturing,False
2023-08-03_16:00,2023-08-03,16:00,2023-08-03 16:00:00+02:00,4,31.00783800642688,26.55913179216532,32.4907400778474,50.0,15.092482461145421,4,100.0,Other,Other,True
2023-08-03_17:30,2023-08-03,17:30,2023-08-03 17:30:00+02:00,4,24.727665972094,24.727665972094,24.727665972094,0.0,0.0,0,0.0,Other,Other,False
2023-08-03_18:30,2023-08-03,18:30,2023-08-03 18:30:00+02:00,1,26.84356289399415,26.84356289399415,26.84356289399415,0.0,0.0,1,100.0,Jobless Claims,Employment,False
2023-08-03_19:45,2023-08-03,19:45,2023-08-03 19:45:00+02:00,2,31.15838843587241,31.148641931223096,31.168134940521725,0.0,0.0,2,100.0,Other,Manufacturing,False
2023-08-03_20:00,2023-08-03,20:00,2023-08-03 20:00:00+02:00,4,29.524935935006358,26.55913179216532,32.4907400778474,4.545454545454529,2.5862177390954297,4,100.0,Other,Other,False
2023-08-04_14:30,2023-08-04,14:30,2023-08-04 14:30:00+02:00,12,61.455776527094514,57.69826407074845,67.6438161052937,140.0,28.11345767573844,8,66.66666666666666,NFP,Employment,True
2023-08-04_19:00,2023-08-04,19:00,2023-08-04 19:00:00+02:00,2,12.472385772630831,11.24287509813271,13.701896447128952,0.0,0.0,0,0.0,Other,Other,False
2023-08-08_14:30,2023-08-08,14:30,2023-08-08 14:30:00+02:00,3,25.855742093740933,25.199964392161,26.1836309445309,0.7692307692307693,0.7692307692307693,1,33.33333333333333,Other,Trade Balance,False
2023-08-08_16:00,2023-08-08,16:00,2023-08-08 16:00:00+02:00,2,27.869488278187138,24.85295281301928,30.886023743354997,66.66666666666667,66.66666666666667,2,100.0,Other,Other,False
2023-08-08_18:30,2023-08-08,18:30,2023-08-08 18:30:00+02:00,1,33.85118560915781,33.85118560915781,33.85118560915781,0.0,0.0,0,0.0,Other,Other,False
2023-08-10_14:30,2023-08-10,14:30,2023-08-10 14:30:00+02:00,13,39.173301418689654,25.339023793709526,46.131002713643156,7.82608695652174,1.7846548579991361,11,84.61538461538461,CPI,Inflation,True
2023-08-10_17:30,2023-08-10,17:30,2023-08-10 17:30:00+02:00,4,24.727665972094,24.727665972094,24.727665972094,0.0,0.0,0,0.0,Other,Other,False
2023-08-10_20:00,2023-08-10,20:00,2023-08-10 20:00:00+02:00,1,14.212383375335397,14.212383375335397,14.212383375335397,102.19579139981703,102.19579139981703,1,100.0,Other,Other,False
2023-08-11_14:30,2023-08-11,14:30,2023-08-11 14:30:00+02:00,6,26.61252856420081,25.772522257896668,27.133173317859306,49.999999999999986,30.48654244306418,6,100.0,PPI,Inflation,True
2023-08-11_16:00,2023-08-11,16:00,2023-08-11 16:00:00+02:00,5,24.01327815351321,23.7495601289988,24.07920765964181,1.1747430249632853,0.7022094081086383,3,60.0,CPI,Consumer,False
2023-08-11_19:00,2023-08-11,19:00,2023-08-11 19:00:00+02:00,2,12.472385772630831,11.24287509813271,13.701896447128952,0.0,0.0,0,0.0,Other,Other,False
2023-08-15_14:30,2023-08-15,14:30,2023-08-15 14:30:00+02:00,14,27.92865091941266,21.671326457943184,35.00725344868514,500.0,156.49549918166937,12,85.71428571428571,Retail Sales,Consumer,True
2023-08-15_16:00,2023-08-15,16:00,2023-08-15 16:00:00+02:00,2,25.167458751255865,23.851317490042995,26.483600012468738,0.0,0.0,0,0.0,Retail Sales,Consumer,False
2023-08-16_14:30,2023-08-16,14:30,2023-08-16 14:30:00+02:00,3,17.038592004206006,16.802745760029545,17.50579112239943,0.0,0.0,0,0.0,Other,Housing,False
2023-08-16_15:15,2023-08-16,15:15,2023-08-16 15:15:00+02:00,5,19.829460948518356,19.558478311800545,20.23593490359507,0.0,0.0,0,0.0,Other,Manufacturing,False
2023-08-16_18:30,2023-08-16,18:30,2023-08-16 18:30:00+02:00,2,15.150368007164797,13.493496884140557,16.80723913018904,0.0,0.0,0,0.0,Other,Housing,False
2023-08-16_19:15,2023-08-16,19:15,2023-08-16 19:15:00+02:00,3,20.01011603966356,19.558478311800545,20.23593490359507,0.0,0.0,0,0.0,Other,Manufacturing,False
2023-08-17_00:00,2023-08-17,00:00,2023-08-17 00:00:00+02:00,1,45.77832801413763,45.77832801413763,45.77832801413763,0.0,0.0,0,0.0,Other,Interest Rates,False
2023-08-17_14:30,2023-08-17,14:30,2023-08-17 14:30:00+02:00,9,26.22751099627869,25.339023793709526,26.84356289399415,0.0,0.0,0,0.0,Jobless Claims,Employment,False
2023-08-17_17:30,2023-08-17,17:30,2023-08-17 17:30:00+02:00,4,24.727665972094,24.727665972094,24.727665972094,0.0,0.0,0,0.0,Other,Other,False
2023-08-17_18:30,2023-08-17,18:30,2023-08-17 18:30:00+02:00,1,26.035577298163243,26.035577298163243,26.035577298163243,0.0,0.0,0,0.0,Other,Other,False
2023-08-18_19:00,2023-08-18,19:00,2023-08-18 19:00:00+02:00,1,13.701896447128952,13.701896447128952,13.701896447128952,0.0,0.0,0,0.0,Other,Other,False
2023-08-18_23:00,2023-08-18,23:00,2023-08-18 23:00:00+02:00,1,11.24287509813271,11.24287509813271,11.24287509813271,0.0,0.0,0,0.0,Other,Other,False
2023-08-22_16:00,2023-08-22,16:00,2023-08-22 16:00:00+02:00,5,19.14786108044357,14.616170103733737,20.88399757339171,0.0,0.0,0,0.0,Other,Consumer,False
2023-08-23_14:00,2023-08-23,14:00,2023-08-23 14:00:00+02:00,2,15.150368007164797,13.493496884140557,16.80723913018904,0.0,0.0,0,0.0,Other,Housing,False
2023-08-23_15:45,2023-08-23,15:45,2023-08-23 15:45:00+02:00,6,41.766197340227556,30.82095851027352,63.305740150233156,0.0,0.0,0,0.0,Other,Manufacturing,False
2023-08-23_16:00,2023-08-23,16:00,2023-08-23 16:00:00+02:00,1,16.70601113074671,16.70601113074671,16.70601113074671,0.0,0.0,0,0.0,Other,Consumer,False
2023-08-24_14:30,2023-08-24,14:30,2023-08-24 14:30:00+02:00,12,23.970744551152976,20.713211827077785,26.84356289399415,0.0,0.0,0,0.0,Jobless Claims,Other,False
2023-08-24_17:30,2023-08-24,17:30,2023-08-24 17:30:00+02:00,4,24.727665972094,24.727665972094,24.727665972094,0.0,0.0,0,0.0,Other,Other,False
2023-08-25_16:00,2023-08-25,16:00,2023-08-25 16:00:00+02:00,5,24.01327815351321,23.7495601289988,24.07920765964181,0.0,0.0,0,0.0,CPI,Consumer,False
2023-08-25_19:00,2023-08-25,19:00,2023-08-25 19:00:00+02:00,2,12.472385772630831,11.24287509813271,13.701896447128952,0.0,0.0,0,0.0,Other,Other,False
2023-08-29_16:00,2023-08-29,16:00,2023-08-29 16:00:00+02:00,3,21.59510706400567,19.53683433123203,22.62424343039249,0.0,0.0,0,0.0,Other,Other,False
2023-08-30_14:30,2023-08-30,14:30,2023-08-30 14:30:00+02:00,19,30.083055920901057,23.19257246854641,33.282053649144096,0.0,0.0,0,0.0,Retail Sales,GDP/Growth,False
2023-08-31_14:30,2023-08-31,14:30,2023-08-31 14:30:00+02:00,10,25.710807398757446,25.206393585313748,26.84356289399415,0.0,0.0,0,0.0,Jobless Claims,Employment,False
2023-08-31_17:30,2023-08-31,17:30,2023-08-31 17:30:00+02:00,4,24.727665972094,24.727665972094,24.727665972094,0.0,0.0,0,0.0,Other,Other,False
2023-09-01_14:30,2023-09-01,14:30,2023-09-01 14:30:00+02:00,12,61.455776527094514,57.69826407074845,67.6438161052937,500.0,53.20164665479184,11,91.66666666666666,NFP,Employment,True
2023-09-01_15:45,2023-09-01,15:45,2023-09-01 15:45:00+02:00,2,63.30574015023315,63.305740150233135,63.305740150233156,1.9148936170212734,1.9148936170212734,2,100.0,Other,Manufacturing,False
2023-09-01_16:00,2023-09-01,16:00,2023-09-01 16:00:00+02:00,6,95.01085819288018,92.51628728932027,100.0,39.99999999999999,20.251134401618632,5,83.33333333333334,Other,Manufacturing,True
2023-09-01_19:00,2023-09-01,19:00,2023-09-01 19:00:00+02:00,2,12.472385772630831,11.24287509813271,13.701896447128952,0.0,0.0,0,0.0,Other,Other,False
2023-09-05_16:00,2023-09-05,16:00,2023-09-05 16:00:00+02:00,3,26.55913179216532,26.55913179216532,26.55913179216532,15.999999999999998,15.999999999999998,2,66.66666666666666,Other,Other,True
2023-09-06_12:00,2023-09-06,12:00,2023-09-06 12:00:00+02:00,1,21.47350513016643,21.47350513016643,21.47350513016643,0.0,0.0,0,0.0,Other,Consumer,False
2023-09-06_14:30,2023-09-06,14:30,2023-09-06 14:30:00+02:00,3,25.855742093740933,25.199964392161,26.1836309445309,4.411764705882353,4.411764705882353,1,33.33333333333333,Other,Trade Balance,False
2023-09-06_15:45,2023-09-06,15:45,2023-09-06 15:45:00+02:00,4,30.99642593522476,30.82095851027352,31.168134940521725,0.9803921568627451,0.6886087768440667,4,100.0,Other,Manufacturing,False
2023-09-06_16:00,2023-09-06,16:00,2023-09-06 16:00:00+02:00,5,32.4907400778474,32.4907400778474,32.4907400778474,3.8095238095238098,3.8095238095238098,1,20.0,Other,Other,False
2023-09-07_14:30,2023-09-07,14:30,2023-09-07 14:30:00+02:00,8,23.687199970986207,20.467583678421647,26.84356289399415,15.789473684210542,7.875455561056124,6,75.0,Jobless Claims,Employment,True
2023-09-07_17:30,2023-09-07,17:30,2023-09-07 17:30:00+02:00,4,24.727665972094,24.727665972094,24.727665972094,0.0,0.0,0,0.0,Other,Other,False
2023-09-08_16:00,2023-09-08,16:00,2023-09-08 16:00:00+02:00,2,27.869488278187138,24.85295281301928,30.886023743354997,100.0,100.0,2,100.0,Other,Other,False
2023-09-08_19:00,2023-09-08,19:00,2023-09-08 19:00:00+02:00,2,12.472385772630831,11.24287509813271,13.701896447128952,0.0,0.0,0,0.0,Other,Other,False
2023-09-13_14:30,2023-09-13,14:30,2023-09-13 14:30:00+02:00,9,44.82035621858594,42.012728389432944,46.131002713643156,49.999999999999986,7.938834781975613,7,77.77777777777779,CPI,Inflation,True
2023-09-13_20:00,2023-09-13,20:00,2023-09-13 20:00:00+02:00,1,14.212383375335397,14.212383375335397,14.212383375335397,137.08333333333334,137.08333333333334,1,100.0,Other,Other,False
2023-09-14_14:30,2023-09-14,14:30,2023-09-14 14:30:00+02:00,17,26.587613587769518,21.671326457943184,28.542650278268667,199.99999999999997,44.17895771878072,11,64.70588235294117,Retail Sales,Consumer,True
2023-09-14_16:00,2023-09-14,16:00,2023-09-14 16:00:00+02:00,2,25.167458751255865,23.851317490042995,26.483600012468738,0.0,0.0,0,0.0,Retail Sales,Consumer,False
2023-09-14_17:30,2023-09-14,17:30,2023-09-14 17:30:00+02:00,4,24.727665972094,24.727665972094,24.727665972094,0.0,0.0,0,0.0,Other,Other,False
2023-09-15_14:30,2023-09-15,14:30,2023-09-15 14:30:00+02:00,7,29.22236653437033,27.12952123180804,35.00725344868514,225.0,158.91666666666669,4,57.14285714285714,Other,Trade Balance,True
2023-09-15_15:15,2023-09-15,15:15,2023-09-15 15:15:00+02:00,7,19.84881685114106,19.558478311800545,20.23593490359507,300.00000000000006,150.12610340479196,4,57.14285714285714,Other,Manufacturing,True
2023-09-15_16:00,2023-09-15,16:00,2023-09-15 16:00:00+02:00,5,24.01327815351321,23.7495601289988,24.07920765964181,7.3041168658698545,3.261570508155797,3,60.0,CPI,Consumer,True
2023-09-15_19:00,2023-09-15,19:00,2023-09-15 19:00:00+02:00,2,12.472385772630831,11.24287509813271,13.701896447128952,0.0,0.0,0,0.0,Other,Other,False
2023-09-19_14:30,2023-09-19,14:30,2023-09-19 14:30:00+02:00,4,16.152318224189642,13.493496884140557,17.50579112239943,10.90277777777778,8.91639235389235,2,50.0,Other,Housing,True
2023-09-20_20:00,2023-09-20,20:00,2023-09-20 20:00:00+02:00,12,65.16995388226891,48.517963191030475,75.71116767335741,0.0,0.0,1,8.333333333333332,Other,Interest Rates,False
2023-09-21_14:30,2023-09-21,14:30,2023-09-21 14:30:00+02:00,11,25.707563636657344,20.700023738559334,26.84356289399415,500.0,129.16017966070024,4,36.36363636363637,Jobless Claims,Employment,False
2023-09-21_16:00,2023-09-21,16:00,2023-09-21 16:00:00+02:00,2,19.677570075850348,19.677570075850348,19.677570075850348,1.463414634146332,1.463414634146332,1,50.0,Other,Consumer,False
2023-09-21_17:30,2023-09-21,17:30,2023-09-21 17:30:00+02:00,4,24.727665972094,24.727665972094,24.727665972094,0.0,0.0,0,0.0,Other,Other,False
2023-09-22_15:45,2023-09-22,15:45,2023-09-22 15:45:00+02:00,6,41.766197340227556,30.82095851027352,63.305740150233156,1.8749999999999971,1.3327569169960447,4,66.66666666666666,Other,Manufacturing,False
2023-09-22_19:00,2023-09-22,19:00,2023-09-22 19:00:00+02:00,2,12.472385772630831,11.24287509813271,13.701896447128952,0.0,0.0,0,0.0,Other,Other,False
2023-09-25_14:30,2023-09-25,14:30,2023-09-25 14:30:00+02:00,1,20.713211827077785,20.713211827077785,20.713211827077785,0.0,0.0,0,0.0,Other,Other,False
2023-09-26_13:30,2023-09-26,13:30,2023-09-26 13:30:00+02:00,2,15.150368007164797,13.493496884140557,16.80723913018904,0.0,0.0,0,0.0,Other,Housing,False
2023-09-26_16:00,2023-09-26,16:00,2023-09-26 16:00:00+02:00,5,18.52540214249918,14.616170103733737,20.88399757339171,183.33333333333331,63.09147671706913,3,60.0,Other,Consumer,True
2023-09-27_14:30,2023-09-27,14:30,2023-09-27 14:30:00+02:00,7,23.009430044437988,20.88430992285662,23.879877944240754,300.00000000000006,220.00000000000003,4,57.14285714285714,Other,Other,True
2023-09-28_14:30,2023-09-28,14:30,2023-09-28 14:30:00+02:00,19,29.95076866590766,23.19257246854641,33.282053649144096,68.75,17.993003035283724,16,84.21052631578947,Jobless Claims,GDP/Growth,True
2023-09-28_17:30,2023-09-28,17:30,2023-09-28 17:30:00+02:00,4,24.727665972094,24.727665972094,24.727665972094,0.0,0.0,0,0.0,Other,Other,False
2023-09-29_14:30,2023-09-29,14:30,2023-09-29 14:30:00+02:00,14,26.305412665566173,23.851317490042995,30.886023743354997,500.0,100.1177033492823,11,78.57142857142857,Retail Sales,Consumer,True
2023-09-29_16:00,2023-09-29,16:00,2023-09-29 16:00:00+02:00,5,24.01327815351321,23.7495601289988,24.07920765964181,3.7037037037036904,2.0530208806386034,5,100.0,CPI,Consumer,False
2023-09-29_19:00,2023-09-29,19:00,2023-09-29 19:00:00+02:00,2,12.472385772630831,11.24287509813271,13.701896447128952,0.0,0.0,0,0.0,Other,Other,False
2023-10-02_15:45,2023-10-02,15:45,2023-10-02 15:45:00+02:00,2,63.30574015023315,63.305740150233135,63.305740150233156,1.8404907975460092,1.8404907975460092,2,100.0,Other,Manufacturing,False
2023-10-02_16:00,2023-10-02,16:00,2023-10-02 16:00:00+02:00,6,95.01085819288018,92.51628728932027,100.0,9.876543209876552,3.6782288495344155,5,83.33333333333334,Other,Manufacturing,True
2023-10-03_16:00,2023-10-03,16:00,2023-10-03 16:00:00+02:00,2,22.62424343039249,22.62424343039249,22.62424343039249,9.204545454545439,9.204545454545439,1,50.0,Other,Other,False
2023-10-04_15:45,2023-10-04,15:45,2023-10-04 15:45:00+02:00,4,30.99642593522476,30.82095851027352,31.168134940521725,0.19960079840319644,0.19940199282709764,4,100.0,Other,Manufacturing,False
2023-10-04_16:00,2023-10-04,16:00,2023-10-04 16:00:00+02:00,8,30.26638697071662,26.55913179216532,32.4907400778474,500.0,251.01769911504425,4,50.0,Other,Other,True
2023-10-05_14:30,2023-10-05,14:30,2023-10-05 14:30:00+02:00,8,26.09699531882804,25.199964392161,26.84356289399415,6.420545746388444,2.835277864290107,3,37.5,Jobless Claims,Employment,False
2023-10-05_17:30,2023-10-05,17:30,2023-10-05 17:30:00+02:00,5,26.552369899506765,24.727665972094,33.85118560915781,0.0,0.0,0,0.0,Other,Other,False
2023-10-06_12:50,2023-10-06,12:50,2023-10-06 12:50:00+02:00,1,21.47350513016643,21.47350513016643,21.47350513016643,0.0,0.0,0,0.0,Other,Consumer,False
2023-10-06_14:30,2023-10-06,14:30,2023-10-06 14:30:00+02:00,12,61.455776527094514,57.69826407074845,67.6438161052937,240.0,55.33865720628288,8,66.66666666666666,NFP,Employment,True
2023-10-06_19:00,2023-10-06,19:00,2023-10-06 19:00:00+02:00,2,12.472385772630831,11.24287509813271,13.701896447128952,0.0,0.0,0,0.0,Other,Other,False
2023-10-10_16:00,2023-10-10,16:00,2023-10-10 16:00:00+02:00,2,27.869488278187138,24.85295281301928,30.886023743354997,0.0,0.0,2,100.0,Other,Other,False
2023-10-11_14:30,2023-10-11,14:30,2023-10-11 14:30:00+02:00,9,26.438980312981315,25.772522257896668,27.133173317859306,66.66666666666667,48.03743961352657,6,66.66666666666666,PPI,Inflation,True
2023-10-11_20:00,2023-10-11,20:00,2023-10-11 20:00:00+02:00,1,45.77832801413763,45.77832801413763,45.77832801413763,0.0,0.0,0,0.0,Other,Interest Rates,False
2023-10-12_14:30,2023-10-12,14:30,2023-10-12 14:30:00+02:00,13,39.173301418689654,25.339023793709526,46.131002713643156,33.33333333333335,4.533967632238212,9,69.23076923076923,CPI,Inflation,True
2023-10-12_17:30,2023-10-12,17:30,2023-10-12 17:30:00+02:00,4,24.727665972094,24.727665972094,24.727665972094,0.0,0.0,0,0.0,Other,Other,False
2023-10-12_20:00,2023-10-12,20:00,2023-10-12 20:00:00+02:00,1,14.212383375335397,14.212383375335397,14.212383375335397,0.0,0.0,0,0.0,Other,Other,False
2023-10-13_14:30,2023-10-13,14:30,2023-10-13 14:30:00+02:00,6,28.258218715317863,27.12952123180804,28.822567457072772,80.0,53.333333333333336,3,50.0,Other,Trade Balance,True
2023-10-13_16:00,2023-10-13,16:00,2023-10-13 16:00:00+02:00,5,24.01327815351321,23.7495601289988,24.07920765964181,7.3282442748091565,6.277975364330328,3,60.0,CPI,Consumer,True
2023-10-13_20:00,2023-10-13,20:00,2023-10-13 20:00:00+02:00,2,12.472385772630831,11.24287509813271,13.701896447128952,0.0,0.0,0,0.0,Other,Other,False
2023-10-16_14:30,2023-10-16,14:30,2023-10-16 14:30:00+02:00,1,35.00725344868514,35.00725344868514,35.00725344868514,34.28571428571429,34.28571428571429,1,100.0,Other,Manufacturing,False
2023-10-17_14:30,2023-10-17,14:30,2023-10-17 14:30:00+02:00,7,26.63493530445499,21.671326457943184,28.542650278268667,199.99999999999997,166.66666666666663,4,57.14285714285714,Retail Sales,Consumer,True
2023-10-17_15:15,2023-10-17,15:15,2023-10-17 15:15:00+02:00,7,19.84881685114106,19.558478311800545,20.23593490359507,300.00000000000006,200.0418760469012,3,42.857142857142854,Other,Manufacturing,False
2023-10-17_16:00,2023-10-17,16:00,2023-10-17 16:00:00+02:00,2,25.167458751255865,23.851317490042995,26.483600012468738,16.666666666666664,16.666666666666664,2,100.0,Retail Sales,Consumer,False
2023-10-17_16:45,2023-10-17,16:45,2023-10-17 16:45:00+02:00,1,33.85118560915781,33.85118560915781,33.85118560915781,0.0,0.0,0,0.0,Other,Other,False
2023-10-18_14:30,2023-10-18,14:30,2023-10-18 14:30:00+02:00,4,16.152318224189642,13.493496884140557,17.50579112239943,1.59420289855071,1.5902048975512217,2,50.0,Other,Housing,False
2023-10-19_14:30,2023-10-19,14:30,2023-10-19 14:30:00+02:00,10,26.208317626467146,25.339023793709526,26.84356289399415,40.62499999999999,16.210760785611825,3,30.0,Jobless Claims,Employment,False
2023-10-19_16:00,2023-10-19,16:00,2023-10-19 16:00:00+02:00,2,19.677570075850348,19.677570075850348,19.677570075850348,1.7994858611825153,1.7994858611825153,1,50.0,Other,Consumer,False
2023-10-19_17:30,2023-10-19,17:30,2023-10-19 17:30:00+02:00,4,24.727665972094,24.727665972094,24.727665972094,0.0,0.0,0,0.0,Other,Other,False
2023-10-20_19:00,2023-10-20,19:00,2023-10-20 19:00:00+02:00,2,12.472385772630831,11.24287509813271,13.701896447128952,0.0,0.0,0,0.0,Other,Other,False
2023-10-20_23:00,2023-10-20,23:00,2023-10-20 23:00:00+02:00,1,14.212383375335397,14.212383375335397,14.212383375335397,117.55725190839696,117.55725190839696,1,100.0,Other,Other,False
2023-10-23_14:30,2023-10-23,14:30,2023-10-23 14:30:00+02:00,1,20.713211827077785,20.713211827077785,20.713211827077785,0.0,0.0,0,0.0,Other,Other,False
2023-10-24_15:45,2023-10-24,15:45,2023-10-24 15:45:00+02:00,6,41.766197340227556,30.82095851027352,63.305740150233156,2.208835341365465,1.6094681757332374,4,66.66666666666666,Other,Manufacturing,False
2023-10-24_16:00,2023-10-24,16:00,2023-10-24 16:00:00+02:00,3,18.794721750172386,14.616170103733737,20.88399757339171,0.0,0.0,0,0.0,Other,Manufacturing,False
2023-10-25_13:40,2023-10-25,13:40,2023-10-25 13:40:00+02:00,2,15.150368007164797,13.493496884140557,16.80723913018904,2.2727272727272645,1.2042522989569793,2,100.0,Other,Housing,False
2023-10-25_16:00,2023-10-25,16:00,2023-10-25 16:00:00+02:00,1,16.70601113074671,16.70601113074671,16.70601113074671,11.617647058823524,11.617647058823524,1,100.0,Other,Consumer,False
2023-10-26_14:30,2023-10-26,14:30,2023-10-26 14:30:00+02:00,21,27.358052165930346,20.88430992285662,33.15485453538364,500.0,112.4501807949848,11,52.38095238095239,Retail Sales,Other,True
2023-10-26_17:30,2023-10-26,17:30,2023-10-26 17:30:00+02:00,4,24.727665972094,24.727665972094,24.727665972094,0.0,0.0,0,0.0,Other,Other,False
2023-10-27_14:30,2023-10-27,14:30,2023-10-27 14:30:00+02:00,6,25.206393585313748,25.206393585313748,25.206393585313748,39.99999999999999,21.944444444444446,6,100.0,Other,Inflation,True
2023-10-27_16:00,2023-10-27,16:00,2023-10-27 16:00:00+02:00,5,24.01327815351321,23.7495601289988,24.07920765964181,10.526315789473696,3.932052353104987,3,60.0,CPI,Consumer,True
2023-10-27_19:50,2023-10-27,19:50,2023-10-27 19:50:00+02:00,2,12.472385772630831,11.24287509813271,13.701896447128952,0.0,0.0,0,0.0,Other,Other,False
2023-10-31_13:30,2023-10-31,13:30,2023-10-31 13:30:00+01:00,3,25.958114630865406,25.958114630865403,25.958114630865403,10.000000000000009,10.000000000000009,1,33.33333333333333,Other,Employment,False
2023-10-31_15:00,2023-10-31,15:00,2023-10-31 15:00:00+01:00,1,19.53683433123203,19.53683433123203,19.53683433123203,2.5999999999999943,2.5999999999999943,1,100.0,Other,Consumer,False
2023-11-01_13:30,2023-11-01,13:30,2023-11-01 13:30:00+01:00,1,26.51003613536254,26.51003613536254,26.51003613536254,0.0,0.0,0,0.0,Other,Other,False
2023-11-01_14:45,2023-11-01,14:45,2023-11-01 14:45:00+01:00,2,63.30574015023315,63.305740150233135,63.305740150233156,0.0,0.0,2,100.0,Other,Manufacturing,False
2023-11-01_15:00,2023-11-01,15:00,2023-11-01 15:00:00+01:00,8,76.91420450225826,22.62424343039249,100.0,6.958250497017893,2.5250043243227007,6,75.0,Other,Manufacturing,True
2023-11-01_19:00,2023-11-01,19:00,2023-11-01 19:00:00+01:00,1,48.517963191030475,48.517963191030475,48.517963191030475,0.0,0.0,1,100.0,Other,Interest Rates,False
2023-11-02_13:30,2023-11-02,13:30,2023-11-02 13:30:00+01:00,8,23.687199970986207,20.467583678421647,26.84356289399415,214.28571428571428,77.02884243128146,6,75.0,Jobless Claims,Employment,True
2023-11-02_15:00,2023-11-02,15:00,2023-11-02 15:00:00+01:00,4,25.2877251266656,21.47350513016643,26.55913179216532,16.666666666666664,11.546840958605662,3,75.0,Other,Other,True
2023-11-02_16:30,2023-11-02,16:30,2023-11-02 16:30:00+01:00,4,24.727665972094,24.727665972094,24.727665972094,0.0,0.0,0,0.0,Other,Other,False
2023-11-03_13:30,2023-11-03,13:30,2023-11-03 13:30:00+01:00,12,61.455776527094514,57.69826407074845,67.6438161052937,250.0,50.21771678583736,9,75.0,NFP,Employment,True
2023-11-03_14:45,2023-11-03,14:45,2023-11-03 14:45:00+01:00,4,30.99642593522476,30.82095851027352,31.168134940521725,0.5893909626719002,0.5893909626719002,2,50.0,Other,Manufacturing,False
2023-11-03_15:00,2023-11-03,15:00,2023-11-03 15:00:00+01:00,5,32.4907400778474,32.4907400778474,32.4907400778474,2.2641509433962317,2.2641509433962317,1,20.0,Other,Other,False
2023-11-03_18:00,2023-11-03,18:00,2023-11-03 18:00:00+01:00,2,12.472385772630831,11.24287509813271,13.701896447128952,0.0,0.0,0,0.0,Other,Other,False
2023-11-07_14:30,2023-11-07,14:30,2023-11-07 14:30:00+01:00,3,25.855742093740933,25.199964392161,26.1836309445309,2.6711185308848107,2.6711185308848107,1,33.33333333333333,Other,Trade Balance,False
2023-11-08_16:00,2023-11-08,16:00,2023-11-08 16:00:00+01:00,2,27.869488278187138,24.85295281301928,30.886023743354997,0.0,0.0,0,0.0,Other,Other,False
2023-11-09_14:30,2023-11-09,14:30,2023-11-09 14:30:00+01:00,5,26.2417472538803,25.339023793709526,26.84356289399415,0.7692307692307693,0.6139731827805223,2,40.0,Jobless Claims,Employment,False
2023-11-09_17:00,2023-11-09,17:00,2023-11-09 17:00:00+01:00,1,33.85118560915781,33.85118560915781,33.85118560915781,0.0,0.0,0,0.0,Other,Other,False
2023-11-09_17:30,2023-11-09,17:30,2023-11-09 17:30:00+01:00,4,24.727665972094,24.727665972094,24.727665972094,0.0,0.0,0,0.0,Other,Other,False
2023-11-10_16:00,2023-11-10,16:00,2023-11-10 16:00:00+01:00,5,24.01327815351321,23.7495601289988,24.07920765964181,5.467625899280571,5.0059691834675215,3,60.0,CPI,Consumer,True
2023-11-10_19:00,2023-11-10,19:00,2023-11-10 19:00:00+01:00,1,13.701896447128952,13.701896447128952,13.701896447128952,0.0,0.0,0,0.0,Other,Other,False
2023-11-10_19:50,2023-11-10,19:50,2023-11-10 19:50:00+01:00,1,11.24287509813271,11.24287509813271,11.24287509813271,0.0,0.0,0,0.0,Other,Other,False
2023-11-13_20:00,2023-11-13,20:00,2023-11-13 20:00:00+01:00,1,14.212383375335397,14.212383375335397,14.212383375335397,3.076923076923077,3.076923076923077,1,100.0,Other,Other,False
2023-11-14_14:30,2023-11-14,14:30,2023-11-14 14:30:00+01:00,9,44.82035621858594,42.012728389432944,46.131002713643156,33.33333333333333,12.537785796493885,6,66.66666666666666,CPI,Inflation,True
2023-11-15_14:30,2023-11-15,14:30,2023-11-15 14:30:00+01:00,15,27.099795188063062,21.671326457943184,35.00725344868514,500.0,158.8763575605681,7,46.666666666666664,Retail Sales,Consumer,False
2023-11-15_16:00,2023-11-15,16:00,2023-11-15 16:00:00+01:00,2,25.167458751255865,23.851317490042995,26.483600012468738,33.33333333333335,33.33333333333335,2,100.0,Retail Sales,Consumer,False
2023-11-15_21:30,2023-11-15,21:30,2023-11-15 21:30:00+01:00,1,33.85118560915781,33.85118560915781,33.85118560915781,0.0,0.0,0,0.0,Other,Other,False
2023-11-16_14:30,2023-11-16,14:30,2023-11-16 14:30:00+01:00,17,26.880677197075773,25.339023793709526,28.822567457072772,166.66666666666669,74.51427740680585,6,35.294117647058826,Jobless Claims,Employment,False
2023-11-16_15:15,2023-11-16,15:15,2023-11-16 15:15:00+01:00,7,19.84881685114106,19.558478311800545,20.23593490359507,133.33333333333331,83.49076406381192,4,57.14285714285714,Other,Manufacturing,True
2023-11-16_17:30,2023-11-16,17:30,2023-11-16 17:30:00+01:00,4,24.727665972094,24.727665972094,24.727665972094,0.0,0.0,0,0.0,Other,Other,False
2023-11-17_14:30,2023-11-17,14:30,2023-11-17 14:30:00+01:00,4,16.152318224189642,13.493496884140557,17.50579112239943,2.5517241379310445,2.0906768837803376,2,50.0,Other,Housing,False
2023-11-17_19:00,2023-11-17,19:00,2023-11-17 19:00:00+01:00,2,12.472385772630831,11.24287509813271,13.701896447128952,0.0,0.0,0,0.0,Other,Other,False
2023-11-21_14:30,2023-11-21,14:30,2023-11-21 14:30:00+01:00,1,20.713211827077785,20.713211827077785,20.713211827077785,0.0,0.0,0,0.0,Other,Other,False
2023-11-21_16:00,2023-11-21,16:00,2023-11-21 16:00:00+01:00,2,19.677570075850348,19.677570075850348,19.677570075850348,2.8205128205128176,2.8205128205128176,1,50.0,Other,Consumer,False
2023-11-21_20:00,2023-11-21,20:00,2023-11-21 20:00:00+01:00,1,45.77832801413763,45.77832801413763,45.77832801413763,0.0,0.0,0,0.0,Other,Interest Rates,False
2023-11-22_14:30,2023-11-22,14:30,2023-11-22 14:30:00+01:00,11,24.266883889705266,20.88430992285662,26.84356289399415,200.0,88.87455197132617,4,36.36363636363637,Jobless Claims,Other,False
2023-11-22_16:00,2023-11-22,16:00,2023-11-22 16:00:00+01:00,5,24.01327815351321,23.7495601289988,24.07920765964181,2.2727272727272645,1.1983471074380123,3,60.0,CPI,Consumer,False
2023-11-22_17:30,2023-11-22,17:30,2023-11-22 17:30:00+01:00,4,24.727665972094,24.727665972094,24.727665972094,0.0,0.0,0,0.0,Other,Other,False
2023-11-22_19:00,2023-11-22,19:00,2023-11-22 19:00:00+01:00,2,12.472385772630831,11.24287509813271,13.701896447128952,0.0,0.0,0,0.0,Other,Other,False
2023-11-24_15:45,2023-11-24,15:45,2023-11-24 15:45:00+01:00,6,41.766197340227556,30.82095851027352,63.305740150233156,0.8032128514056196,0.7984318225282052,4,66.66666666666666,Other,Manufacturing,False
2023-11-27_13:50,2023-11-27,13:50,2023-11-27 13:50:00+01:00,2,15.150368007164797,13.493496884140557,16.80723913018904,0.7397444519166038,0.7397444519166038,1,50.0,Other,Housing,False
2023-11-27_16:00,2023-11-27,16:00,2023-11-27 16:00:00+01:00,1,16.70601113074671,16.70601113074671,16.70601113074671,6.085753803596117,6.085753803596117,1,100.0,Other,Consumer,False
2023-11-28_16:00,2023-11-28,16:00,2023-11-28 16:00:00+01:00,4,18.980249895437296,14.616170103733737,20.88399757339171,500.0,250.4950495049505,2,50.0,Other,Manufacturing,True
2023-11-29_14:30,2023-11-29,14:30,2023-11-29 14:30:00+01:00,22,29.767876554040367,23.19257246854641,33.282053649144096,400.0,97.61146014294442,18,81.81818181818183,Retail Sales,GDP/Growth,True
2023-11-30_14:30,2023-11-30,14:30,2023-11-30 14:30:00+01:00,11,25.677008889207638,25.206393585313748,26.84356289399415,2.938034188034188,0.5495892995892996,7,63.63636363636363,Jobless Claims,Employment,False
2023-11-30_17:30,2023-11-30,17:30,2023-11-30 17:30:00+01:00,4,24.727665972094,24.727665972094,24.727665972094,0.0,0.0,0,0.0,Other,Other,False
2023-12-01_15:45,2023-12-01,15:45,2023-12-01 15:45:00+01:00,2,63.30574015023315,63.305740150233135,63.305740150233156,0.0,0.0,2,100.0,Other,Manufacturing,False
2023-12-01_16:00,2023-12-01,16:00,2023-12-01 16:00:00+01:00,6,95.01085819288018,92.51628728932027,100.0,49.999999999999986,33.96358543417366,3,50.0,Other,Manufacturing,True
2023-12-01_19:00,2023-12-01,19:00,2023-12-01 19:00:00+01:00,2,12.472385772630831,11.24287509813271,13.701896447128952,0.0,0.0,0,0.0,Other,Other,False
2023-12-04_16:00,2023-12-04,16:00,2023-12-04 16:00:00+01:00,3,26.55913179216532,26.55913179216532,26.55913179216532,28.57142857142858,28.57142857142858,2,66.66666666666666,Other,Other,True
2023-12-05_15:45,2023-12-05,15:45,2023-12-05 15:45:00+01:00,4,30.99642593522476,30.82095851027352,31.168134940521725,0.0,0.0,2,50.0,Other,Manufacturing,False
2023-12-05_16:00,2023-12-05,16:00,2023-12-05 16:00:00+01:00,8,28.64696154752355,21.47350513016643,32.4907400778474,6.096774193548389,3.72146401985112,2,25.0,Other,Other,False
2023-12-06_14:30,2023-12-06,14:30,2023-12-06 14:30:00+01:00,7,23.027873367631496,20.467583678421647,26.1836309445309,33.33333333333333,15.813465573145141,5,71.42857142857143,Other,Other,True
2023-12-07_14:30,2023-12-07,14:30,2023-12-07 14:30:00+01:00,5,26.2417472538803,25.339023793709526,26.84356289399415,2.5654450261780104,1.7331729635394557,2,40.0,Jobless Claims,Employment,False
2023-12-07_16:00,2023-12-07,16:00,2023-12-07 16:00:00+01:00,2,27.869488278187138,24.85295281301928,30.886023743354997,100.0,100.0,2,100.0,Other,Other,False
2023-12-07_17:30,2023-12-07,17:30,2023-12-07 17:30:00+01:00,4,24.727665972094,24.727665972094,24.727665972094,0.0,0.0,0,0.0,Other,Other,False
2023-12-08_14:30,2023-12-08,14:30,2023-12-08 14:30:00+01:00,12,61.455776527094514,57.69826407074845,67.6438161052937,33.33333333333335,7.24201127337382,8,66.66666666666666,NFP,Employment,True
2023-12-08_16:00,2023-12-08,16:00,2023-12-08 16:00:00+01:00,5,24.01327815351321,23.7495601289988,24.07920765964181,16.49122807017545,12.151969673811722,3,60.0,CPI,Consumer,True
2023-12-08_19:00,2023-12-08,19:00,2023-12-08 19:00:00+01:00,2,12.472385772630831,11.24287509813271,13.701896447128952,0.0,0.0,0,0.0,Other,Other,False
2023-12-12_14:30,2023-12-12,14:30,2023-12-12 14:30:00+01:00,9,44.82035621858594,42.012728389432944,46.131002713643156,0.0492016943629881,0.008200282393831351,6,66.66666666666666,CPI,Inflation,False
2023-12-12_20:00,2023-12-12,20:00,2023-12-12 20:00:00+01:00,1,14.212383375335397,14.212383375335397,14.212383375335397,4.3016110280684225,4.3016110280684225,1,100.0,Other,Other,False
2023-12-13_14:30,2023-12-13,14:30,2023-12-13 14:30:00+01:00,9,26.438980312981315,25.772522257896668,27.133173317859306,9.999999999999998,9.545454545454549,4,44.44444444444444,PPI,Inflation,False
2023-12-13_20:00,2023-12-13,20:00,2023-12-13 20:00:00+01:00,12,65.16995388226891,48.517963191030475,75.71116767335741,0.0,0.0,1,8.333333333333332,Other,Interest Rates,False
2023-12-14_14:30,2023-12-14,14:30,2023-12-14 14:30:00+01:00,18,27.066810871805203,21.671326457943184,28.822567457072772,400.0,164.30719489543017,9,50.0,Retail Sales,Consumer,True
2023-12-14_16:00,2023-12-14,16:00,2023-12-14 16:00:00+01:00,2,25.167458751255865,23.851317490042995,26.483600012468738,0.0,0.0,2,100.0,Retail Sales,Consumer,False
2023-12-14_17:30,2023-12-14,17:30,2023-12-14 17:30:00+01:00,4,24.727665972094,24.727665972094,24.727665972094,0.0,0.0,0,0.0,Other,Other,False
2023-12-15_14:30,2023-12-15,14:30,2023-12-15 14:30:00+01:00,1,35.00725344868514,35.00725344868514,35.00725344868514,500.0,500.0,1,100.0,Other,Manufacturing,False
2023-12-15_15:15,2023-12-15,15:15,2023-12-15 15:15:00+01:00,7,19.84881685114106,19.558478311800545,20.23593490359507,33.33333333333333,19.5708666947605,3,42.857142857142854,Other,Manufacturing,False
2023-12-15_15:45,2023-12-15,15:45,2023-12-15 15:45:00+01:00,6,41.766197340227556,30.82095851027352,63.305740150233156,2.2312373225152013,1.8073182660006792,4,66.66666666666666,Other,Manufacturing,False
2023-12-15_19:00,2023-12-15,19:00,2023-12-15 19:00:00+01:00,2,12.472385772630831,11.24287509813271,13.701896447128952,0.0,0.0,0,0.0,Other,Other,False
2023-12-19_14:30,2023-12-19,14:30,2023-12-19 14:30:00+01:00,4,16.152318224189642,13.493496884140557,17.50579112239943,14.705882352941172,7.693077230892355,2,50.0,Other,Housing,True
2023-12-20_14:30,2023-12-20,14:30,2023-12-20 14:30:00+01:00,1,20.700023738559334,20.700023738559334,20.700023738559334,2.193877551020414,2.193877551020414,1,100.0,Other,Trade Balance,False
2023-12-20_16:00,2023-12-20,16:00,2023-12-20 16:00:00+01:00,3,19.630658160977575,19.53683433123203,19.677570075850348,6.442307692307694,3.8842838196286458,2,66.66666666666666,Other,Consumer,True
2023-12-21_14:30,2023-12-21,14:30,2023-12-21 14:30:00+01:00,24,29.164126860313146,23.19257246854641,33.282053649144096,250.0,22.94177916210158,15,62.5,Jobless Claims,GDP/Growth,True
2023-12-21_17:30,2023-12-21,17:30,2023-12-21 17:30:00+01:00,4,24.727665972094,24.727665972094,24.727665972094,0.0,0.0,0,0.0,Other,Other,False
2023-12-22_14:30,2023-12-22,14:30,2023-12-22 14:30:00+01:00,13,24.02341321714988,20.88430992285662,25.206393585313748,400.0,153.13852813852813,10,76.92307692307693,Other,Other,True
2023-12-22_16:00,2023-12-22,16:00,2023-12-22 16:00:00+01:00,6,22.795400316385457,16.70601113074671,24.07920765964181,13.868613138686142,3.3873814015844537,6,100.0,CPI,Consumer,True
2023-12-22_19:00,2023-12-22,19:00,2023-12-22 19:00:00+01:00,2,12.472385772630831,11.24287509813271,13.701896447128952,0.0,0.0,0,0.0,Other,Other,False
2023-12-26_14:30,2023-12-26,14:30,2023-12-26 14:30:00+01:00,1,20.713211827077785,20.713211827077785,20.713211827077785,0.0,0.0,0,0.0,Other,Other,False
2023-12-27_16:00,2023-12-27,16:00,2023-12-27 16:00:00+01:00,3,18.794721750172386,14.616170103733737,20.88399757339171,0.0,0.0,0,0.0,Other,Manufacturing,False
2023-12-28_14:30,2023-12-28,14:30,2023-12-28 14:30:00+01:00,12,26.90892735681133,23.851317490042995,30.886023743354997,14.285714285714299,4.6687074829932005,7,58.333333333333336,Retail Sales,Employment,True
2023-12-28_17:30,2023-12-28,17:30,2023-12-28 17:30:00+01:00,4,24.727665972094,24.727665972094,24.727665972094,0.0,0.0,0,0.0,Other,Other,False
2023-12-29_19:00,2023-12-29,19:00,2023-12-29 19:00:00+01:00,2,12.472385772630831,11.24287509813271,13.701896447128952,0.0,0.0,0,0.0,Other,Other,False
2024-01-02_15:45,2024-01-02,15:45,2024-01-02 15:45:00+01:00,2,63.30574015023315,63.305740150233135,63.305740150233156,0.6224066390041582,0.6224066390041582,2,100.0,Other,Manufacturing,False
2024-01-02_16:00,2024-01-02,16:00,2024-01-02 16:00:00+01:00,2,100.0,100.0,100.0,33.33333333333333,33.33333333333333,2,100.0,Other,Consumer,False
2024-01-03_14:30,2024-01-03,14:30,2024-01-03 14:30:00+01:00,1,33.85118560915781,33.85118560915781,33.85118560915781,0.0,0.0,0,0.0,Other,Other,False
2024-01-03_16:00,2024-01-03,16:00,2024-01-03 16:00:00+01:00,6,69.21893933634435,22.62424343039249,92.51628728932027,4.8421052631578885,2.6238522084845712,4,66.66666666666666,Other,Manufacturing,False
2024-01-03_20:00,2024-01-03,20:00,2024-01-03 20:00:00+01:00,1,45.77832801413763,45.77832801413763,45.77832801413763,0.0,0.0,0,0.0,Other,Interest Rates,False
2024-01-04_14:30,2024-01-04,14:30,2024-01-04 14:30:00+01:00,5,26.2417472538803,25.339023793709526,26.84356289399415,6.481481481481481,3.9842351645325618,2,40.0,Jobless Claims,Employment,False
2024-01-04_15:45,2024-01-04,15:45,2024-01-04 15:45:00+01:00,4,30.99642593522476,30.82095851027352,31.168134940521725,0.1960784313725518,0.19550510262584844,4,100.0,Other,Manufacturing,False
2024-01-04_16:00,2024-01-04,16:00,2024-01-04 16:00:00+01:00,1,21.47350513016643,21.47350513016643,21.47350513016643,0.0,0.0,0,0.0,Other,Consumer,False
2024-01-04_17:30,2024-01-04,17:30,2024-01-04 17:30:00+01:00,4,24.727665972094,24.727665972094,24.727665972094,0.0,0.0,0,0.0,Other,Other,False
2024-01-05_14:30,2024-01-05,14:30,2024-01-05 14:30:00+01:00,12,61.455776527094514,57.69826407074845,67.6438161052937,33.33333333333335,14.965586236848567,8,66.66666666666666,NFP,Employment,True
2024-01-05_16:00,2024-01-05,16:00,2024-01-05 16:00:00+01:00,8,30.26638697071662,26.55913179216532,32.4907400778474,23.809523809523807,17.140442995956302,3,37.5,Other,Other,False
2024-01-05_19:00,2024-01-05,19:00,2024-01-05 19:00:00+01:00,2,9.245156234256866,7.247437370381022,11.24287509813271,0.0,0.0,0,0.0,Other,Other,False
2024-01-05_19:30,2024-01-05,19:30,2024-01-05 19:30:00+01:00,1,33.85118560915781,33.85118560915781,33.85118560915781,0.0,0.0,0,0.0,Other,Other,False
2024-01-09_14:30,2024-01-09,14:30,2024-01-09 14:30:00+01:00,3,25.855742093740933,25.199964392161,26.1836309445309,2.7692307692307647,2.7692307692307647,1,33.33333333333333,Other,Trade Balance,False
2024-01-10_08:30,2024-01-10,08:30,2024-01-10 08:30:00+01:00,1,42.012728389432944,42.012728389432944,42.012728389432944,0.0,0.0,0,0.0,CPI,Inflation,False
2024-01-10_16:00,2024-01-10,16:00,2024-01-10 16:00:00+01:00,2,27.869488278187138,24.85295281301928,30.886023743354997,0.0,0.0,2,100.0,Other,Other,False
2024-01-11_14:30,2024-01-11,14:30,2024-01-11 14:30:00+01:00,12,37.32391691749709,25.339023793709526,46.131002713643156,49.999999999999986,13.038287759748842,9,75.0,CPI,Inflation,True
2024-01-11_17:30,2024-01-11,17:30,2024-01-11 17:30:00+01:00,4,24.727665972094,24.727665972094,24.727665972094,0.0,0.0,0,0.0,Other,Other,False
2024-01-11_18:40,2024-01-11,18:40,2024-01-11 18:40:00+01:00,1,33.85118560915781,33.85118560915781,33.85118560915781,0.0,0.0,0,0.0,Other,Other,False
2024-01-11_20:00,2024-01-11,20:00,2024-01-11 20:00:00+01:00,1,14.212383375335397,14.212383375335397,14.212383375335397,97.70114942528735,97.70114942528735,1,100.0,Other,Other,False
2024-01-12_14:30,2024-01-12,14:30,2024-01-12 14:30:00+01:00,9,26.438980312981315,25.772522257896668,27.133173317859306,200.0,51.336032388663966,5,55.55555555555556,PPI,Inflation,True
2024-01-12_19:00,2024-01-12,19:00,2024-01-12 19:00:00+01:00,2,9.245156234256866,7.247437370381022,11.24287509813271,0.0,0.0,0,0.0,Other,Other,False
2024-01-16_14:30,2024-01-16,14:30,2024-01-16 14:30:00+01:00,1,35.00725344868514,35.00725344868514,35.00725344868514,500.0,500.0,1,100.0,Other,Manufacturing,False
2024-01-17_14:30,2024-01-17,14:30,2024-01-17 14:30:00+01:00,13,27.384143032545545,21.671326457943184,28.822567457072772,100.0,70.0,5,38.46153846153847,Retail Sales,Consumer,False
2024-01-17_15:15,2024-01-17,15:15,2024-01-17 15:15:00+01:00,7,19.84881685114106,19.558478311800545,20.23593490359507,0.1270648030495661,0.1270648030495661,1,14.285714285714285,Other,Manufacturing,False
2024-01-17_16:00,2024-01-17,16:00,2024-01-17 16:00:00+01:00,2,25.167458751255865,23.851317490042995,26.483600012468738,0.0,0.0,0,0.0,Retail Sales,Consumer,False
2024-01-18_14:30,2024-01-18,14:30,2024-01-18 14:30:00+01:00,15,23.46876486367597,13.493496884140557,26.84356289399415,51.42857142857142,13.320406710838759,5,33.33333333333333,Jobless Claims,Employment,False
2024-01-18_17:30,2024-01-18,17:30,2024-01-18 17:30:00+01:00,4,24.727665972094,24.727665972094,24.727665972094,0.0,0.0,0,0.0,Other,Other,False
2024-01-19_16:00,2024-01-19,16:00,2024-01-19 16:00:00+01:00,7,22.774504417038106,19.677570075850348,24.07920765964181,12.571428571428566,6.809274495138367,2,28.57142857142857,CPI,Consumer,False
2024-01-19_19:00,2024-01-19,19:00,2024-01-19 19:00:00+01:00,2,9.245156234256866,7.247437370381022,11.24287509813271,0.0,0.0,0,0.0,Other,Other,False
2024-01-23_16:00,2024-01-23,16:00,2024-01-23 16:00:00+01:00,3,18.794721750172386,14.616170103733737,20.88399757339171,114.28571428571428,114.28571428571428,1,33.33333333333333,Other,Manufacturing,False
2024-01-24_15:45,2024-01-24,15:45,2024-01-24 15:45:00+01:00,6,41.766197340227556,30.82095851027352,63.305740150233156,5.010438413361166,4.367964304719798,4,66.66666666666666,Other,Manufacturing,True
2024-01-25_13:40,2024-01-25,13:40,2024-01-25 13:40:00+01:00,1,16.80723913018904,16.80723913018904,16.80723913018904,0.0,0.0,0,0.0,Other,Housing,False
2024-01-25_14:30,2024-01-25,14:30,2024-01-25 14:30:00+01:00,38,28.66321777472551,20.713211827077785,33.282053649144096,233.33333333333334,77.22599615365765,25,65.78947368421053,Retail Sales,Other,True
2024-01-25_16:00,2024-01-25,16:00,2024-01-25 16:00:00+01:00,1,16.70601113074671,16.70601113074671,16.70601113074671,2.9457364341085297,2.9457364341085297,1,100.0,Other,Consumer,False
2024-01-25_17:30,2024-01-25,17:30,2024-01-25 17:30:00+01:00,4,24.727665972094,24.727665972094,24.727665972094,0.0,0.0,0,0.0,Other,Other,False
2024-01-26_14:30,2024-01-26,14:30,2024-01-26 14:30:00+01:00,6,25.206393585313748,25.206393585313748,25.206393585313748,74.99999999999997,12.499999999999995,6,100.0,Other,Inflation,True
2024-01-26_19:00,2024-01-26,19:00,2024-01-26 19:00:00+01:00,2,9.245156234256866,7.247437370381022,11.24287509813271,0.0,0.0,0,0.0,Other,Other,False
2024-01-30_16:00,2024-01-30,16:00,2024-01-30 16:00:00+01:00,3,21.59510706400567,19.53683433123203,22.62424343039249,3.154285714285712,1.6640993788819878,2,66.66666666666666,Other,Other,False
2024-01-31_14:30,2024-01-31,14:30,2024-01-31 14:30:00+01:00,4,26.096095006989685,25.958114630865403,26.51003613536254,9.999999999999998,9.999999999999998,1,25.0,Other,Employment,False
2024-01-31_20:00,2024-01-31,20:00,2024-01-31 20:00:00+01:00,1,48.517963191030475,48.517963191030475,48.517963191030475,0.0,0.0,1,100.0,Other,Interest Rates,False
2024-02-01_14:30,2024-02-01,14:30,2024-02-01 14:30:00+01:00,8,23.687199970986207,20.467583678421647,26.84356289399415,68.75,33.718758545255675,6,75.0,Jobless Claims,Employment,True
2024-02-01_15:45,2024-02-01,15:45,2024-02-01 15:45:00+01:00,2,63.30574015023315,63.305740150233135,63.305740150233156,0.0,0.0,0,0.0,Other,Manufacturing,False
2024-02-01_16:00,2024-02-01,16:00,2024-02-01 16:00:00+01:00,6,95.01085819288018,92.51628728932027,100.0,80.0,44.31531551966611,4,66.66666666666666,Other,Manufacturing,True
2024-02-01_17:30,2024-02-01,17:30,2024-02-01 17:30:00+01:00,4,24.727665972094,24.727665972094,24.727665972094,0.0,0.0,0,0.0,Other,Other,False
2024-02-02_14:30,2024-02-02,14:30,2024-02-02 14:30:00+01:00,12,61.455776527094514,57.69826407074845,67.6438161052937,360.0,96.69975087884023,8,66.66666666666666,NFP,Employment,True
2024-02-02_16:00,2024-02-02,16:00,2024-02-02 16:00:00+01:00,9,24.579699030469826,21.47350513016643,26.55913179216532,0.1267427122940359,0.04224757076467863,3,33.33333333333333,CPI,Consumer,False
2024-02-02_19:00,2024-02-02,19:00,2024-02-02 19:00:00+01:00,2,9.245156234256866,7.247437370381022,11.24287509813271,0.0,0.0,0,0.0,Other,Other,False
2024-02-05_15:10,2024-02-05,15:10,2024-02-05 15:10:00+01:00,1,21.47350513016643,21.47350513016643,21.47350513016643,0.0,0.0,0,0.0,Other,Consumer,False
2024-02-05_15:45,2024-02-05,15:45,2024-02-05 15:45:00+01:00,4,30.99642593522476,30.82095851027352,31.168134940521725,0.7561436672967837,0.7561436672967837,2,50.0,Other,Manufacturing,False
2024-02-05_16:00,2024-02-05,16:00,2024-02-05 16:00:00+01:00,5,32.4907400778474,32.4907400778474,32.4907400778474,13.274336283185843,7.983321987746766,2,40.0,Other,Other,False
2024-02-07_14:30,2024-02-07,14:30,2024-02-07 14:30:00+01:00,3,25.855742093740933,25.199964392161,26.1836309445309,0.0,0.0,1,33.33333333333333,Other,Trade Balance,False
2024-02-07_18:30,2024-02-07,18:30,2024-02-07 18:30:00+01:00,1,33.85118560915781,33.85118560915781,33.85118560915781,0.0,0.0,0,0.0,Other,Other,False
2024-02-08_14:30,2024-02-08,14:30,2024-02-08 14:30:00+01:00,5,26.2417472538803,25.339023793709526,26.84356289399415,0.9090909090909091,0.640913931648756,2,40.0,Jobless Claims,Employment,False
2024-02-08_16:00,2024-02-08,16:00,2024-02-08 16:00:00+01:00,2,27.869488278187138,24.85295281301928,30.886023743354997,0.0,0.0,2,100.0,Other,Other,False
2024-02-08_17:30,2024-02-08,17:30,2024-02-08 17:30:00+01:00,4,24.727665972094,24.727665972094,24.727665972094,0.0,0.0,0,0.0,Other,Other,False
2024-02-08_18:05,2024-02-08,18:05,2024-02-08 18:05:00+01:00,1,33.85118560915781,33.85118560915781,33.85118560915781,0.0,0.0,0,0.0,Other,Other,False
2024-02-09_14:30,2024-02-09,14:30,2024-02-09 14:30:00+01:00,6,44.37696296764913,42.012728389432944,45.70384828422969,0.0,0.0,0,0.0,CPI,Inflation,False
2024-02-09_19:00,2024-02-09,19:00,2024-02-09 19:00:00+01:00,2,9.245156234256866,7.247437370381022,11.24287509813271,0.0,0.0,0,0.0,Other,Other,False
2024-02-12_20:00,2024-02-12,20:00,2024-02-12 20:00:00+01:00,1,14.212383375335397,14.212383375335397,14.212383375335397,4.761904761904762,4.761904761904762,1,100.0,Other,Other,False
2024-02-13_14:30,2024-02-13,14:30,2024-02-13 14:30:00+01:00,9,44.82035621858594,42.012728389432944,46.131002713643156,49.999999999999986,15.439598431189854,7,77.77777777777779,CPI,Inflation,True
2024-02-14_14:30,2024-02-14,14:30,2024-02-14 14:30:00+01:00,6,26.545434163863195,25.772522257896668,27.133173317859306,0.0,0.0,0,0.0,PPI,Inflation,False
2024-02-15_14:30,2024-02-15,14:30,2024-02-15 14:30:00+01:00,21,27.33042949038157,21.671326457943184,35.00725344868514,500.0,269.17927949709866,8,38.095238095238095,Retail Sales,Trade Balance,False
2024-02-15_15:15,2024-02-15,15:15,2024-02-15 15:15:00+01:00,7,19.84881685114106,19.558478311800545,20.23593490359507,133.33333333333334,89.0157924421884,3,42.857142857142854,Other,Manufacturing,False
2024-02-15_16:00,2024-02-15,16:00,2024-02-15 16:00:00+01:00,2,25.167458751255865,23.851317490042995,26.483600012468738,0.0,0.0,0,0.0,Retail Sales,Consumer,False
2024-02-15_17:30,2024-02-15,17:30,2024-02-15 17:30:00+01:00,4,24.727665972094,24.727665972094,24.727665972094,0.0,0.0,0,0.0,Other,Other,False
2024-02-16_14:00,2024-02-16,14:00,2024-02-16 14:00:00+01:00,1,33.85118560915781,33.85118560915781,33.85118560915781,0.0,0.0,0,0.0,Other,Other,False
2024-02-16_14:30,2024-02-16,14:30,2024-02-16 14:30:00+01:00,13,23.27385351643003,13.493496884140557,27.133173317859306,400.0,160.8025136850132,8,61.53846153846154,PPI,Inflation,True
2024-02-16_16:00,2024-02-16,16:00,2024-02-16 16:00:00+01:00,5,24.01327815351321,23.7495601289988,24.07920765964181,2.483660130718962,1.1978054094266481,3,60.0,CPI,Consumer,False
2024-02-16_19:00,2024-02-16,19:00,2024-02-16 19:00:00+01:00,2,9.245156234256866,7.247437370381022,11.24287509813271,0.0,0.0,0,0.0,Other,Other,False
2024-02-21_20:00,2024-02-21,20:00,2024-02-21 20:00:00+01:00,1,45.77832801413763,45.77832801413763,45.77832801413763,0.0,0.0,0,0.0,Other,Interest Rates,False
2024-02-22_14:30,2024-02-22,14:30,2024-02-22 14:30:00+01:00,6,25.32032468274655,20.713211827077785,26.84356289399415,7.79816513761468,4.509162144404157,2,33.33333333333333,Jobless Claims,Employment,False
2024-02-22_15:45,2024-02-22,15:45,2024-02-22 15:45:00+01:00,6,41.766197340227556,30.82095851027352,63.305740150233156,1.9801980198019802,1.663175932977916,4,66.66666666666666,Other,Manufacturing,False
2024-02-22_16:00,2024-02-22,16:00,2024-02-22 16:00:00+01:00,2,19.677570075850348,19.677570075850348,19.677570075850348,0.7556675062972242,0.7556675062972242,1,50.0,Other,Consumer,False
2024-02-22_17:30,2024-02-22,17:30,2024-02-22 17:30:00+01:00,4,24.727665972094,24.727665972094,24.727665972094,0.0,0.0,0,0.0,Other,Other,False
2024-02-23_19:00,2024-02-23,19:00,2024-02-23 19:00:00+01:00,2,9.245156234256866,7.247437370381022,11.24287509813271,0.0,0.0,0,0.0,Other,Other,False
2024-02-26_14:25,2024-02-26,14:25,2024-02-26 14:25:00+01:00,2,15.150368007164797,13.493496884140557,16.80723913018904,0.0,0.0,0,0.0,Other,Housing,False
2024-02-26_16:00,2024-02-26,16:00,2024-02-26 16:00:00+01:00,1,16.70601113074671,16.70601113074671,16.70601113074671,2.7941176470588256,2.7941176470588256,1,100.0,Other,Consumer,False
2024-02-27_14:30,2024-02-27,14:30,2024-02-27 14:30:00+01:00,7,23.009430044437988,20.88430992285662,23.879877944240754,250.0,114.22222222222221,5,71.42857142857143,Other,Other,True
2024-02-27_16:00,2024-02-27,16:00,2024-02-27 16:00:00+01:00,4,18.980249895437296,14.616170103733737,20.88399757339171,7.217391304347824,7.217391304347824,1,25.0,Other,Manufacturing,False
2024-02-28_14:30,2024-02-28,14:30,2024-02-28 14:30:00+01:00,20,30.131210680671593,23.851317490042995,33.282053649144096,200.0,43.94926779639246,18,90.0,Retail Sales,GDP/Growth,True
2024-02-29_14:30,2024-02-29,14:30,2024-02-29 14:30:00+01:00,10,25.710807398757446,25.206393585313748,26.84356289399415,149.99999999999997,19.254395995324487,8,80.0,Jobless Claims,Employment,True
2024-02-29_17:30,2024-02-29,17:30,2024-02-29 17:30:00+01:00,4,24.727665972094,24.727665972094,24.727665972094,0.0,0.0,0,0.0,Other,Other,False
2024-03-01_15:45,2024-03-01,15:45,2024-03-01 15:45:00+01:00,2,63.30574015023315,63.305740150233135,63.305740150233156,0.0,0.0,0,0.0,Other,Manufacturing,False
2024-03-01_16:00,2024-03-01,16:00,2024-03-01 16:00:00+01:00,11,62.73923090225883,23.7495601289988,100.0,200.0,81.5539398919507,5,45.45454545454545,CPI,Consumer,False
2024-03-01_19:00,2024-03-01,19:00,2024-03-01 19:00:00+01:00,2,9.245156234256866,7.247437370381022,11.24287509813271,0.0,0.0,0,0.0,Other,Other,False
2024-03-05_12:15,2024-03-05,12:15,2024-03-05 12:15:00+01:00,1,21.47350513016643,21.47350513016643,21.47350513016643,0.0,0.0,0,0.0,Other,Consumer,False
2024-03-05_15:45,2024-03-05,15:45,2024-03-05 15:45:00+01:00,4,30.99642593522476,30.82095851027352,31.168134940521725,2.1400778210116758,2.1400778210116758,2,50.0,Other,Manufacturing,False
2024-03-05_16:00,2024-03-05,16:00,2024-03-05 16:00:00+01:00,8,30.26638697071662,26.55913179216532,32.4907400778474,24.137931034482765,16.343526350032533,3,37.5,Other,Other,False
2024-03-06_16:00,2024-03-06,16:00,2024-03-06 16:00:00+01:00,4,25.246865854289815,22.62424343039249,30.886023743354997,199.99999999999997,133.47191011235952,3,75.0,Other,Other,True
2024-03-07_14:30,2024-03-07,14:30,2024-03-07 14:30:00+01:00,12,24.36698748690183,20.467583678421647,26.84356289399415,33.33333333333333,11.584313067633445,7,58.333333333333336,Jobless Claims,Employment,True
2024-03-07_17:30,2024-03-07,17:30,2024-03-07 17:30:00+01:00,4,24.727665972094,24.727665972094,24.727665972094,0.0,0.0,0,0.0,Other,Other,False
2024-03-08_14:30,2024-03-08,14:30,2024-03-08 14:30:00+01:00,12,61.455776527094514,57.69826407074845,67.6438161052937,140.0,36.686565827190826,8,66.66666666666666,NFP,Employment,True
2024-03-08_19:00,2024-03-08,19:00,2024-03-08 19:00:00+01:00,2,9.245156234256866,7.247437370381022,11.24287509813271,0.0,0.0,0,0.0,Other,Other,False
2024-03-12_13:30,2024-03-12,13:30,2024-03-12 13:30:00+01:00,9,44.82035621858594,42.012728389432944,46.131002713643156,33.33333333333335,10.37193640129405,7,77.77777777777779,CPI,Inflation,True
2024-03-12_19:00,2024-03-12,19:00,2024-03-12 19:00:00+01:00,1,14.212383375335397,14.212383375335397,14.212383375335397,1.0033444816053512,1.0033444816053512,1,100.0,Other,Other,False
2024-03-14_13:30,2024-03-14,13:30,2024-03-14 13:30:00+01:00,20,26.513254121185433,21.671326457943184,28.542650278268667,100.0,40.794196186880875,12,60.0,Retail Sales,Inflation,True
2024-03-14_15:00,2024-03-14,15:00,2024-03-14 15:00:00+01:00,2,25.167458751255865,23.851317490042995,26.483600012468738,0.0,0.0,2,100.0,Retail Sales,Consumer,False
2024-03-14_16:30,2024-03-14,16:30,2024-03-14 16:30:00+01:00,4,24.727665972094,24.727665972094,24.727665972094,0.0,0.0,0,0.0,Other,Other,False
2024-03-15_13:30,2024-03-15,13:30,2024-03-15 13:30:00+01:00,7,29.22236653437033,27.12952123180804,35.00725344868514,300.00000000000006,124.64285714285715,4,57.14285714285714,Other,Trade Balance,True
2024-03-15_14:15,2024-03-15,14:15,2024-03-15 14:15:00+01:00,7,19.84881685114106,19.558478311800545,20.23593490359507,166.66666666666669,83.4607218683652,2,28.57142857142857,Other,Manufacturing,False
2024-03-15_15:00,2024-03-15,15:00,2024-03-15 15:00:00+01:00,5,24.01327815351321,23.7495601289988,24.07920765964181,0.6657789613848203,0.4794867535747094,3,60.0,CPI,Consumer,False
2024-03-15_18:00,2024-03-15,18:00,2024-03-15 18:00:00+01:00,2,9.245156234256866,7.247437370381022,11.24287509813271,0.0,0.0,0,0.0,Other,Other,False
2024-03-19_13:30,2024-03-19,13:30,2024-03-19 13:30:00+01:00,4,16.152318224189642,13.493496884140557,17.50579112239943,6.736842105263148,4.13765182186234,2,50.0,Other,Housing,True
2024-03-20_19:00,2024-03-20,19:00,2024-03-20 19:00:00+01:00,12,65.16995388226891,48.517963191030475,75.71116767335741,0.0,0.0,1,8.333333333333332,Other,Interest Rates,False
2024-03-21_13:30,2024-03-21,13:30,2024-03-21 13:30:00+01:00,11,25.707563636657344,20.700023738559334,26.84356289399415,239.13043478260875,82.75009151705444,3,27.27272727272727,Jobless Claims,Employment,False
2024-03-21_14:45,2024-03-21,14:45,2024-03-21 14:45:00+01:00,6,41.766197340227556,30.82095851027352,63.305740150233156,1.5473887814313292,1.0621559291772003,4,66.66666666666666,Other,Manufacturing,False
2024-03-21_15:00,2024-03-21,15:00,2024-03-21 15:00:00+01:00,2,19.677570075850348,19.677570075850348,19.677570075850348,11.167512690355329,11.167512690355329,1,50.0,Other,Consumer,False
2024-03-21_16:30,2024-03-21,16:30,2024-03-21 16:30:00+01:00,4,24.727665972094,24.727665972094,24.727665972094,0.0,0.0,0,0.0,Other,Other,False
2024-03-22_18:00,2024-03-22,18:00,2024-03-22 18:00:00+01:00,2,9.245156234256866,7.247437370381022,11.24287509813271,0.0,0.0,0,0.0,Other,Other,False
2024-03-25_12:20,2024-03-25,12:20,2024-03-25 12:20:00+01:00,2,15.150368007164797,13.493496884140557,16.80723913018904,0.0,0.0,0,0.0,Other,Housing,False
2024-03-25_13:30,2024-03-25,13:30,2024-03-25 13:30:00+01:00,1,20.713211827077785,20.713211827077785,20.713211827077785,0.0,0.0,0,0.0,Other,Other,False
2024-03-25_15:00,2024-03-25,15:00,2024-03-25 15:00:00+01:00,1,16.70601113074671,16.70601113074671,16.70601113074671,1.9259259259259274,1.9259259259259274,1,100.0,Other,Consumer,False
2024-03-26_13:30,2024-03-26,13:30,2024-03-26 13:30:00+01:00,7,23.009430044437988,20.88430992285662,23.879877944240754,500.0,120.9090909090909,5,71.42857142857143,Other,Other,True
2024-03-26_15:00,2024-03-26,15:00,2024-03-26 15:00:00+01:00,4,18.980249895437296,14.616170103733737,20.88399757339171,2.149532710280371,2.149532710280371,1,25.0,Other,Manufacturing,False
2024-03-28_13:30,2024-03-28,13:30,2024-03-28 13:30:00+01:00,19,29.95076866590766,23.19257246854641,33.282053649144096,11.428571428571425,6.131271828946244,13,68.42105263157895,Jobless Claims,GDP/Growth,True
2024-03-28_15:00,2024-03-28,15:00,2024-03-28 15:00:00+01:00,5,24.01327815351321,23.7495601289988,24.07920765964181,3.790849673202622,3.790849673202622,1,20.0,CPI,Consumer,False
2024-03-28_16:30,2024-03-28,16:30,2024-03-28 16:30:00+01:00,4,24.727665972094,24.727665972094,24.727665972094,0.0,0.0,0,0.0,Other,Other,False
2024-03-28_18:00,2024-03-28,18:00,2024-03-28 18:00:00+01:00,2,9.245156234256866,7.247437370381022,11.24287509813271,0.0,0.0,0,0.0,Other,Other,False
2024-03-29_13:30,2024-03-29,13:30,2024-03-29 13:30:00+01:00,14,26.305412665566173,23.851317490042995,30.886023743354997,400.0,139.94214876033058,11,78.57142857142857,Retail Sales,Consumer,True
2024-04-01_15:45,2024-04-01,15:45,2024-04-01 15:45:00+02:00,2,63.30574015023315,63.305740150233135,63.305740150233156,0.0,0.0,0,0.0,Other,Manufacturing,False
2024-04-01_16:00,2024-04-01,16:00,2024-04-01 16:00:00+02:00,6,95.01085819288018,92.51628728932027,100.0,142.85714285714286,73.88056462254323,4,66.66666666666666,Other,Manufacturing,True
2024-04-02_16:00,2024-04-02,16:00,2024-04-02 16:00:00+02:00,5,24.98517644745619,22.62424343039249,26.55913179216532,39.99999999999999,26.689523809523806,3,60.0,Other,Other,True
2024-04-02_23:00,2024-04-02,23:00,2024-04-02 23:00:00+02:00,1,21.47350513016643,21.47350513016643,21.47350513016643,2.5157232704402537,2.5157232704402537,1,100.0,Other,Consumer,False
2024-04-03_15:45,2024-04-03,15:45,2024-04-03 15:45:00+02:00,4,30.99642593522476,30.82095851027352,31.168134940521725,0.0,0.0,0,0.0,Other,Manufacturing,False
2024-04-03_16:00,2024-04-03,16:00,2024-04-03 16:00:00+02:00,5,32.4907400778474,32.4907400778474,32.4907400778474,2.4667931688804634,1.8506805350575117,2,40.0,Other,Other,False
2024-04-04_14:30,2024-04-04,14:30,2024-04-04 14:30:00+02:00,8,26.09699531882804,25.199964392161,26.84356289399415,3.2710280373831773,2.82422129952369,2,25.0,Jobless Claims,Employment,False
2024-04-04_17:30,2024-04-04,17:30,2024-04-04 17:30:00+02:00,4,24.727665972094,24.727665972094,24.727665972094,0.0,0.0,0,0.0,Other,Other,False
2024-04-04_18:15,2024-04-04,18:15,2024-04-04 18:15:00+02:00,1,33.85118560915781,33.85118560915781,33.85118560915781,0.0,0.0,0,0.0,Other,Other,False
2024-04-05_14:30,2024-04-05,14:30,2024-04-05 14:30:00+02:00,12,61.455776527094514,57.69826407074845,67.6438161052937,51.5,14.193663964800992,7,58.333333333333336,NFP,Employment,True
2024-04-05_15:15,2024-04-05,15:15,2024-04-05 15:15:00+02:00,1,33.85118560915781,33.85118560915781,33.85118560915781,0.0,0.0,0,0.0,Other,Other,False
2024-04-05_19:00,2024-04-05,19:00,2024-04-05 19:00:00+02:00,2,9.245156234256866,7.247437370381022,11.24287509813271,0.0,0.0,0,0.0,Other,Other,False
2024-04-10_14:30,2024-04-10,14:30,2024-04-10 14:30:00+02:00,9,44.82035621858594,42.012728389432944,46.131002713643156,33.33333333333335,15.488702500191733,7,77.77777777777779,CPI,Inflation,True
2024-04-10_16:00,2024-04-10,16:00,2024-04-10 16:00:00+02:00,2,27.869488278187138,24.85295281301928,30.886023743354997,0.0,0.0,2,100.0,Other,Other,False
2024-04-10_20:00,2024-04-10,20:00,2024-04-10 20:00:00+02:00,2,29.995355694736514,14.212383375335397,45.77832801413763,19.49367088607595,19.49367088607595,1,50.0,Other,Interest Rates,False
2024-04-11_14:30,2024-04-11,14:30,2024-04-11 14:30:00+02:00,13,26.447733484040292,25.339023793709526,27.133173317859306,33.33333333333333,7.347846513670579,6,46.15384615384615,Jobless Claims,Inflation,False
2024-04-11_17:30,2024-04-11,17:30,2024-04-11 17:30:00+02:00,4,24.727665972094,24.727665972094,24.727665972094,0.0,0.0,0,0.0,Other,Other,False
2024-04-12_14:30,2024-04-12,14:30,2024-04-12 14:30:00+02:00,6,28.258218715317863,27.12952123180804,28.822567457072772,33.33333333333335,11.111111111111116,3,50.0,Other,Trade Balance,True
2024-04-12_16:00,2024-04-12,16:00,2024-04-12 16:00:00+02:00,5,24.01327815351321,23.7495601289988,24.07920765964181,3.527980535279812,1.8978604916198656,3,60.0,CPI,Consumer,False
2024-04-12_19:00,2024-04-12,19:00,2024-04-12 19:00:00+02:00,2,9.245156234256866,7.247437370381022,11.24287509813271,0.0,0.0,0,0.0,Other,Other,False
2024-04-15_14:30,2024-04-15,14:30,2024-04-15 14:30:00+02:00,8,27.68147507248376,21.671326457943184,35.00725344868514,233.33333333333334,168.14814814814818,6,75.0,Retail Sales,Consumer,True
2024-04-15_16:00,2024-04-15,16:00,2024-04-15 16:00:00+02:00,2,25.167458751255865,23.851317490042995,26.483600012468738,0.0,0.0,2,100.0,Retail Sales,Consumer,False
2024-04-16_14:30,2024-04-16,14:30,2024-04-16 14:30:00+02:00,4,16.152318224189642,13.493496884140557,17.50579112239943,10.743243243243246,7.221027169838269,2,50.0,Other,Housing,True
2024-04-16_15:15,2024-04-16,15:15,2024-04-16 15:15:00+02:00,7,19.84881685114106,19.558478311800545,20.23593490359507,0.1273885350318399,0.042462845010613294,3,42.857142857142854,Other,Manufacturing,False
2024-04-18_14:30,2024-04-18,14:30,2024-04-18 14:30:00+02:00,10,26.208317626467146,25.339023793709526,26.84356289399415,500.0,167.24179394683654,3,30.0,Jobless Claims,Employment,False
2024-04-18_16:00,2024-04-18,16:00,2024-04-18 16:00:00+02:00,2,19.677570075850348,19.677570075850348,19.677570075850348,0.238095238095233,0.238095238095233,1,50.0,Other,Consumer,False
2024-04-18_17:30,2024-04-18,17:30,2024-04-18 17:30:00+02:00,4,24.727665972094,24.727665972094,24.727665972094,0.0,0.0,0,0.0,Other,Other,False
2024-04-19_19:00,2024-04-19,19:00,2024-04-19 19:00:00+02:00,2,9.245156234256866,7.247437370381022,11.24287509813271,0.0,0.0,0,0.0,Other,Other,False
2024-04-22_14:30,2024-04-22,14:30,2024-04-22 14:30:00+02:00,1,20.713211827077785,20.713211827077785,20.713211827077785,66.66666666666666,66.66666666666666,1,100.0,Other,Other,False
2024-04-23_13:30,2024-04-23,13:30,2024-04-23 13:30:00+02:00,2,15.150368007164797,13.493496884140557,16.80723913018904,13.953488372093014,7.285386161355153,2,100.0,Other,Housing,False
2024-04-23_15:45,2024-04-23,15:45,2024-04-23 15:45:00+02:00,6,41.766197340227556,30.82095851027352,63.305740150233156,4.038461538461542,3.07692307692308,4,66.66666666666666,Other,Manufacturing,False
2024-04-23_16:00,2024-04-23,16:00,2024-04-23 16:00:00+02:00,4,18.272544095315965,14.616170103733737,20.88399757339171,3.7425149700598666,1.8712574850299333,2,50.0,Other,Manufacturing,False
2024-04-24_14:30,2024-04-24,14:30,2024-04-24 14:30:00+02:00,7,23.009430044437988,20.88430992285662,23.879877944240754,33.33333333333333,14.933333333333332,5,71.42857142857143,Other,Other,True
2024-04-25_14:30,2024-04-25,14:30,2024-04-25 14:30:00+02:00,31,30.08909926113339,23.851317490042995,33.282053649144096,300.00000000000006,58.208096148369094,25,80.64516129032258,Retail Sales,GDP/Growth,True
2024-04-25_17:30,2024-04-25,17:30,2024-04-25 17:30:00+02:00,4,24.727665972094,24.727665972094,24.727665972094,0.0,0.0,0,0.0,Other,Other,False
2024-04-26_14:30,2024-04-26,14:30,2024-04-26 14:30:00+02:00,6,25.206393585313748,25.206393585313748,25.206393585313748,33.33333333333335,7.4786324786324805,6,100.0,Other,Inflation,True
2024-04-26_16:00,2024-04-26,16:00,2024-04-26 16:00:00+02:00,5,24.01327815351321,23.7495601289988,24.07920765964181,3.2258064516129057,1.1348052381822122,5,100.0,CPI,Consumer,False
2024-04-26_19:00,2024-04-26,19:00,2024-04-26 19:00:00+02:00,2,9.245156234256866,7.247437370381022,11.24287509813271,0.0,0.0,0,0.0,Other,Other,False
2024-04-30_14:30,2024-04-30,14:30,2024-04-30 14:30:00+02:00,3,25.958114630865406,25.958114630865403,25.958114630865403,19.999999999999996,19.999999999999996,1,33.33333333333333,Other,Employment,False
2024-04-30_16:00,2024-04-30,16:00,2024-04-30 16:00:00+02:00,1,19.53683433123203,19.53683433123203,19.53683433123203,6.730769230769231,6.730769230769231,1,100.0,Other,Consumer,False
2024-05-01_14:30,2024-05-01,14:30,2024-05-01 14:30:00+02:00,1,26.51003613536254,26.51003613536254,26.51003613536254,0.0,0.0,0,0.0,Other,Other,False
2024-05-01_15:45,2024-05-01,15:45,2024-05-01 15:45:00+02:00,2,63.30574015023315,63.305740150233135,63.305740150233156,0.20040080160320925,0.20040080160320925,2,100.0,Other,Manufacturing,False
2024-05-01_16:00,2024-05-01,16:00,2024-05-01 16:00:00+02:00,8,76.91420450225826,22.62424343039249,100.0,166.66666666666669,50.36292610106609,7,87.5,Other,Manufacturing,True
2024-05-01_20:00,2024-05-01,20:00,2024-05-01 20:00:00+02:00,1,48.517963191030475,48.517963191030475,48.517963191030475,0.0,0.0,1,100.0,Other,Interest Rates,False
2024-05-02_14:30,2024-05-02,14:30,2024-05-02 14:30:00+02:00,11,24.278620549919314,20.467583678421647,26.84356289399415,62.5,30.51626787808969,7,63.63636363636363,Jobless Claims,Employment,True
2024-05-02_16:00,2024-05-02,16:00,2024-05-02 16:00:00+02:00,3,26.55913179216532,26.55913179216532,26.55913179216532,0.0,0.0,2,66.66666666666666,Other,Other,False
2024-05-02_17:30,2024-05-02,17:30,2024-05-02 17:30:00+02:00,4,24.727665972094,24.727665972094,24.727665972094,0.0,0.0,0,0.0,Other,Other,False
2024-05-03_14:30,2024-05-03,14:30,2024-05-03 14:30:00+02:00,12,61.455776527094514,57.69826407074845,67.6438161052937,60.0,19.130860615666517,9,75.0,NFP,Employment,True
2024-05-03_15:45,2024-05-03,15:45,2024-05-03 15:45:00+02:00,4,30.99642593522476,30.82095851027352,31.168134940521725,0.7858546168958714,0.7858546168958714,4,100.0,Other,Manufacturing,False
2024-05-03_16:00,2024-05-03,16:00,2024-05-03 16:00:00+02:00,5,32.4907400778474,32.4907400778474,32.4907400778474,7.636363636363641,5.795769433711768,4,80.0,Other,Other,True
2024-05-03_17:00,2024-05-03,17:00,2024-05-03 17:00:00+02:00,1,21.47350513016643,21.47350513016643,21.47350513016643,0.0,0.0,0,0.0,Other,Consumer,False
2024-05-03_19:00,2024-05-03,19:00,2024-05-03 19:00:00+02:00,2,9.245156234256866,7.247437370381022,11.24287509813271,0.0,0.0,0,0.0,Other,Other,False
2024-05-06_18:50,2024-05-06,18:50,2024-05-06 18:50:00+02:00,1,33.85118560915781,33.85118560915781,33.85118560915781,0.0,0.0,0,0.0,Other,Other,False
2024-05-08_16:00,2024-05-08,16:00,2024-05-08 16:00:00+02:00,2,27.869488278187138,24.85295281301928,30.886023743354997,0.0,0.0,2,100.0,Other,Other,False
2024-05-09_14:30,2024-05-09,14:30,2024-05-09 14:30:00+02:00,4,26.467428118922996,25.339023793709526,26.84356289399415,10.0,5.139664804469274,2,50.0,Jobless Claims,Employment,True
2024-05-09_17:30,2024-05-09,17:30,2024-05-09 17:30:00+02:00,4,24.727665972094,24.727665972094,24.727665972094,0.0,0.0,0,0.0,Other,Other,False
2024-05-10_16:00,2024-05-10,16:00,2024-05-10 16:00:00+02:00,5,24.01327815351321,23.7495601289988,24.07920765964181,12.911392405063296,11.233878803020206,4,80.0,CPI,Consumer,True
2024-05-10_19:00,2024-05-10,19:00,2024-05-10 19:00:00+02:00,2,9.245156234256866,7.247437370381022,11.24287509813271,0.0,0.0,0,0.0,Other,Other,False
2024-05-10_20:00,2024-05-10,20:00,2024-05-10 20:00:00+02:00,1,14.212383375335397,14.212383375335397,14.212383375335397,14.11042944785276,14.11042944785276,1,100.0,Other,Other,False
2024-05-14_14:30,2024-05-14,14:30,2024-05-14 14:30:00+02:00,9,26.438980312981315,25.772522257896668,27.133173317859306,149.99999999999997,43.33333333333333,5,55.55555555555556,PPI,Inflation,True
2024-05-15_14:30,2024-05-15,14:30,2024-05-15 14:30:00+02:00,15,37.135511825037156,26.38175661281192,45.85630258750297,55.99999999999999,9.007436681964982,9,60.0,CPI,Inflation,True
2024-05-15_16:00,2024-05-15,16:00,2024-05-15 16:00:00+02:00,2,25.167458751255865,23.851317490042995,26.483600012468738,0.0,0.0,0,0.0,Retail Sales,Consumer,False
2024-05-16_14:30,2024-05-16,14:30,2024-05-16 14:30:00+02:00,20,24.81208807266686,13.493496884140557,28.822567457072772,200.00000000000006,55.81929584204471,9,45.0,Jobless Claims,Trade Balance,False
2024-05-16_15:15,2024-05-16,15:15,2024-05-16 15:15:00+02:00,7,19.84881685114106,19.558478311800545,20.23593490359507,400.0,266.6666666666667,3,42.857142857142854,Other,Manufacturing,False
2024-05-16_17:30,2024-05-16,17:30,2024-05-16 17:30:00+02:00,4,24.727665972094,24.727665972094,24.727665972094,0.0,0.0,0,0.0,Other,Other,False
2024-05-17_19:00,2024-05-17,19:00,2024-05-17 19:00:00+02:00,2,9.245156234256866,7.247437370381022,11.24287509813271,0.0,0.0,0,0.0,Other,Other,False
2024-05-21_15:00,2024-05-21,15:00,2024-05-21 15:00:00+02:00,1,33.85118560915781,33.85118560915781,33.85118560915781,0.0,0.0,0,0.0,Other,Other,False
2024-05-22_16:00,2024-05-22,16:00,2024-05-22 16:00:00+02:00,2,19.677570075850348,19.677570075850348,19.677570075850348,1.6627078384798168,1.6627078384798168,1,50.0,Other,Consumer,False
2024-05-22_20:00,2024-05-22,20:00,2024-05-22 20:00:00+02:00,1,45.77832801413763,45.77832801413763,45.77832801413763,0.0,0.0,0,0.0,Other,Interest Rates,False
2024-05-23_14:20,2024-05-23,14:20,2024-05-23 14:20:00+02:00,2,15.150368007164797,13.493496884140557,16.80723913018904,0.0,0.0,2,100.0,Other,Housing,False
2024-05-23_14:30,2024-05-23,14:30,2024-05-23 14:30:00+02:00,5,25.316584860553952,20.713211827077785,26.84356289399415,2.272727272727273,2.272727272727273,1,20.0,Jobless Claims,Employment,False
2024-05-23_15:45,2024-05-23,15:45,2024-05-23 15:45:00+02:00,6,41.766197340227556,30.82095851027352,63.305740150233156,6.822612085769982,5.0268459072592675,6,100.0,Other,Manufacturing,True
2024-05-23_16:00,2024-05-23,16:00,2024-05-23 16:00:00+02:00,1,16.70601113074671,16.70601113074671,16.70601113074671,6.7647058823529465,6.7647058823529465,1,100.0,Other,Consumer,False
2024-05-23_17:30,2024-05-23,17:30,2024-05-23 17:30:00+02:00,4,24.727665972094,24.727665972094,24.727665972094,0.0,0.0,0,0.0,Other,Other,False
2024-05-24_14:30,2024-05-24,14:30,2024-05-24 14:30:00+02:00,7,23.009430044437988,20.88430992285662,23.879877944240754,300.00000000000006,235.0,5,71.42857142857143,Other,Other,True
2024-05-24_16:00,2024-05-24,16:00,2024-05-24 16:00:00+02:00,5,24.01327815351321,23.7495601289988,24.07920765964181,5.71428571428572,3.1183133084858503,4,80.0,CPI,Consumer,True
2024-05-24_19:00,2024-05-24,19:00,2024-05-24 19:00:00+02:00,2,9.245156234256866,7.247437370381022,11.24287509813271,0.0,0.0,0,0.0,Other,Other,False
2024-05-28_16:00,2024-05-28,16:00,2024-05-28 16:00:00+02:00,1,19.53683433123203,19.53683433123203,19.53683433123203,6.360792492179347,6.360792492179347,1,100.0,Other,Consumer,False
2024-05-29_16:00,2024-05-29,16:00,2024-05-29 16:00:00+02:00,3,18.794721750172386,14.616170103733737,20.88399757339171,0.0,0.0,0,0.0,Other,Manufacturing,False
2024-05-30_14:30,2024-05-30,14:30,2024-05-30 14:30:00+02:00,23,28.99842476469626,23.19257246854641,33.282053649144096,300.00000000000006,83.16136174504588,15,65.21739130434783,Retail Sales,Consumer,True
2024-05-30_17:30,2024-05-30,17:30,2024-05-30 17:30:00+02:00,4,24.727665972094,24.727665972094,24.727665972094,0.0,0.0,0,0.0,Other,Other,False
2024-05-31_14:30,2024-05-31,14:30,2024-05-31 14:30:00+02:00,6,25.206393585313748,25.206393585313748,25.206393585313748,33.33333333333333,11.111111111111109,6,100.0,Other,Inflation,True
2024-05-31_19:00,2024-05-31,19:00,2024-05-31 19:00:00+02:00,2,9.245156234256866,7.247437370381022,11.24287509813271,0.0,0.0,0,0.0,Other,Other,False
2024-06-03_15:45,2024-06-03,15:45,2024-06-03 15:45:00+02:00,2,63.30574015023315,63.305740150233135,63.305740150233156,0.7858546168958714,0.7858546168958714,2,100.0,Other,Manufacturing,False
2024-06-03_16:00,2024-06-03,16:00,2024-06-03 16:00:00+02:00,6,95.01085819288018,92.51628728932027,100.0,150.00000000000003,53.3787511438672,6,100.0,Other,Manufacturing,True
2024-06-04_16:00,2024-06-04,16:00,2024-06-04 16:00:00+02:00,5,24.98517644745619,22.62424343039249,26.55913179216532,74.99999999999997,27.925659472422055,4,80.0,Other,Other,True
2024-06-05_15:45,2024-06-05,15:45,2024-06-05 15:45:00+02:00,4,30.99642593522476,30.82095851027352,31.168134940521725,0.18382352941176733,0.09191176470588366,4,100.0,Other,Manufacturing,False
2024-06-05_16:00,2024-06-05,16:00,2024-06-05 16:00:00+02:00,5,32.4907400778474,32.4907400778474,32.4907400778474,15.471698113207552,4.961245476626533,5,100.0,Other,Other,True
2024-06-05_16:30,2024-06-05,16:30,2024-06-05 16:30:00+02:00,1,21.47350513016643,21.47350513016643,21.47350513016643,0.632911392405061,0.632911392405061,1,100.0,Other,Consumer,False
2024-06-06_14:30,2024-06-06,14:30,2024-06-06 14:30:00+02:00,11,24.278620549919314,20.467583678421647,26.84356289399415,18.367346938775515,6.129775068886624,7,63.63636363636363,Jobless Claims,Employment,True
2024-06-06_17:30,2024-06-06,17:30,2024-06-06 17:30:00+02:00,4,24.727665972094,24.727665972094,24.727665972094,0.0,0.0,0,0.0,Other,Other,False
2024-06-07_14:30,2024-06-07,14:30,2024-06-07 14:30:00+02:00,12,61.455776527094514,57.69826407074845,67.6438161052937,60.0,23.485844441726798,8,66.66666666666666,NFP,Employment,True
2024-06-07_16:00,2024-06-07,16:00,2024-06-07 16:00:00+02:00,2,27.869488278187138,24.85295281301928,30.886023743354997,50.0,50.0,2,100.0,Other,Other,False
2024-06-07_19:00,2024-06-07,19:00,2024-06-07 19:00:00+02:00,2,9.245156234256866,7.247437370381022,11.24287509813271,0.0,0.0,0,0.0,Other,Other,False
2024-06-12_14:30,2024-06-12,14:30,2024-06-12 14:30:00+02:00,9,44.82035621858594,42.012728389432944,46.131002713643156,33.33333333333333,7.504233490323319,6,66.66666666666666,CPI,Inflation,True
2024-06-12_20:00,2024-06-12,20:00,2024-06-12 20:00:00+02:00,13,61.25014076635095,14.212383375335397,75.71116767335741,38.800000000000004,19.400000000000002,2,15.384615384615385,Other,Interest Rates,False
2024-06-13_14:30,2024-06-13,14:30,2024-06-13 14:30:00+02:00,13,26.447733484040292,25.339023793709526,27.133173317859306,300.00000000000006,54.83333333333334,6,46.15384615384615,Jobless Claims,Inflation,False
2024-06-13_17:30,2024-06-13,17:30,2024-06-13 17:30:00+02:00,4,24.727665972094,24.727665972094,24.727665972094,0.0,0.0,0,0.0,Other,Other,False
2024-06-14_14:30,2024-06-14,14:30,2024-06-14 14:30:00+02:00,6,28.258218715317863,27.12952123180804,28.822567457072772,500.0,500.0,2,33.33333333333333,Other,Trade Balance,False
2024-06-14_16:00,2024-06-14,16:00,2024-06-14 16:00:00+02:00,5,24.01327815351321,23.7495601289988,24.07920765964181,11.971830985915492,8.09643043445861,3,60.0,CPI,Consumer,True
2024-06-14_19:00,2024-06-14,19:00,2024-06-14 19:00:00+02:00,2,9.245156234256866,7.247437370381022,11.24287509813271,0.0,0.0,0,0.0,Other,Other,False
2024-06-17_14:30,2024-06-17,14:30,2024-06-17 14:30:00+02:00,1,35.00725344868514,35.00725344868514,35.00725344868514,33.33333333333333,33.33333333333333,1,100.0,Other,Manufacturing,False
2024-06-18_14:30,2024-06-18,14:30,2024-06-18 14:30:00+02:00,7,26.63493530445499,21.671326457943184,28.542650278268667,150.00000000000003,116.66666666666669,3,42.857142857142854,Retail Sales,Consumer,False
2024-06-18_15:15,2024-06-18,15:15,2024-06-18 15:15:00+02:00,7,19.84881685114106,19.558478311800545,20.23593490359507,200.00000000000006,133.37574215436814,3,42.857142857142854,Other,Manufacturing,False
2024-06-18_16:00,2024-06-18,16:00,2024-06-18 16:00:00+02:00,3,28.062034370556514,23.851317490042995,33.85118560915781,0.0,0.0,2,66.66666666666666,Retail Sales,Consumer,False
2024-06-20_14:30,2024-06-20,14:30,2024-06-20 14:30:00+02:00,15,23.159498193332624,13.493496884140557,26.84356289399415,500.0,199.77195889005662,8,53.333333333333336,Jobless Claims,Employment,True
2024-06-20_17:30,2024-06-20,17:30,2024-06-20 17:30:00+02:00,4,24.727665972094,24.727665972094,24.727665972094,0.0,0.0,0,0.0,Other,Other,False
2024-06-20_22:00,2024-06-20,22:00,2024-06-20 22:00:00+02:00,1,33.85118560915781,33.85118560915781,33.85118560915781,0.0,0.0,0,0.0,Other,Other,False
2024-06-21_15:45,2024-06-21,15:45,2024-06-21 15:45:00+02:00,6,41.766197340227556,30.82095851027352,63.305740150233156,2.607076350093107,1.3265417899003185,6,100.0,Other,Manufacturing,False
2024-06-21_16:00,2024-06-21,16:00,2024-06-21 16:00:00+02:00,2,19.677570075850348,19.677570075850348,19.677570075850348,0.24390243902440673,0.24390243902440673,1,50.0,Other,Consumer,False
2024-06-21_19:00,2024-06-21,19:00,2024-06-21 19:00:00+02:00,2,9.245156234256866,7.247437370381022,11.24287509813271,0.0,0.0,0,0.0,Other,Other,False
2024-06-25_14:30,2024-06-25,14:30,2024-06-25 14:30:00+02:00,1,20.713211827077785,20.713211827077785,20.713211827077785,0.0,0.0,0,0.0,Other,Other,False
2024-06-25_16:00,2024-06-25,16:00,2024-06-25 16:00:00+02:00,4,18.980249895437296,14.616170103733737,20.88399757339171,500.0,250.2,2,50.0,Other,Manufacturing,True
2024-06-26_14:00,2024-06-26,14:00,2024-06-26 14:00:00+02:00,2,15.150368007164797,13.493496884140557,16.80723913018904,26.31578947368421,13.626870205817578,2,100.0,Other,Housing,False
2024-06-26_16:00,2024-06-26,16:00,2024-06-26 16:00:00+02:00,1,16.70601113074671,16.70601113074671,16.70601113074671,3.281250000000003,3.281250000000003,1,100.0,Other,Consumer,False
2024-06-27_14:30,2024-06-27,14:30,2024-06-27 14:30:00+02:00,33,27.934212332595333,20.88430992285662,33.282053649144096,500.0,88.00740803841325,21,63.63636363636363,Retail Sales,Other,True
2024-06-27_17:30,2024-06-27,17:30,2024-06-27 17:30:00+02:00,4,24.727665972094,24.727665972094,24.727665972094,0.0,0.0,0,0.0,Other,Other,False
2024-06-28_12:00,2024-06-28,12:00,2024-06-28 12:00:00+02:00,1,33.85118560915781,33.85118560915781,33.85118560915781,0.0,0.0,0,0.0,Other,Other,False
2024-06-28_14:30,2024-06-28,14:30,2024-06-28 14:30:00+02:00,6,25.206393585313748,25.206393585313748,25.206393585313748,33.33333333333333,11.666666666666664,5,83.33333333333334,Other,Inflation,True
2024-06-28_16:00,2024-06-28,16:00,2024-06-28 16:00:00+02:00,5,24.01327815351321,23.7495601289988,24.07920765964181,9.090909090909086,4.872542367510535,5,100.0,CPI,Consumer,True
2024-06-28_19:00,2024-06-28,19:00,2024-06-28 19:00:00+02:00,2,9.245156234256866,7.247437370381022,11.24287509813271,0.0,0.0,0,0.0,Other,Other,False
2024-07-01_15:45,2024-07-01,15:45,2024-07-01 15:45:00+02:00,2,63.30574015023315,63.305740150233135,63.305740150233156,0.19342359767891956,0.19342359767891956,2,100.0,Other,Manufacturing,False
2024-07-01_16:00,2024-07-01,16:00,2024-07-01 16:00:00+02:00,6,95.01085819288018,92.51628728932027,100.0,200.0,68.33868235568677,6,100.0,Other,Manufacturing,True
2024-07-02_16:00,2024-07-02,16:00,2024-07-02 16:00:00+02:00,2,22.62424343039249,22.62424343039249,22.62424343039249,2.9077117572692845,2.9077117572692845,1,50.0,Other,Other,False
2024-07-03_14:30,2024-07-03,14:30,2024-07-03 14:30:00+02:00,7,26.205276965273537,25.199964392161,26.84356289399415,1.4435695538057853,1.2328087226839513,3,42.857142857142854,Jobless Claims,Employment,False
2024-07-03_15:45,2024-07-03,15:45,2024-07-03 15:45:00+02:00,4,30.99642593522476,30.82095851027352,31.168134940521725,0.3663003663003585,0.36463838641696306,4,100.0,Other,Manufacturing,False
2024-07-03_16:00,2024-07-03,16:00,2024-07-03 16:00:00+02:00,12,28.42014663784241,24.727665972094,32.4907400778474,349.99999999999994,151.25121692047267,7,58.333333333333336,Other,Other,True
2024-07-03_20:00,2024-07-03,20:00,2024-07-03 20:00:00+02:00,1,45.77832801413763,45.77832801413763,45.77832801413763,0.0,0.0,0,0.0,Other,Interest Rates,False
2024-07-05_14:30,2024-07-05,14:30,2024-07-05 14:30:00+02:00,12,61.455776527094514,57.69826407074845,67.6438161052937,233.33333333333334,32.406798245614034,8,66.66666666666666,NFP,Employment,True
2024-07-05_16:00,2024-07-05,16:00,2024-07-05 16:00:00+02:00,1,21.47350513016643,21.47350513016643,21.47350513016643,0.0,0.0,0,0.0,Other,Consumer,False
2024-07-05_19:00,2024-07-05,19:00,2024-07-05 19:00:00+02:00,2,9.245156234256866,7.247437370381022,11.24287509813271,0.0,0.0,0,0.0,Other,Other,False
2024-07-08_16:00,2024-07-08,16:00,2024-07-08 16:00:00+02:00,1,21.47350513016643,21.47350513016643,21.47350513016643,3.164556962025316,3.164556962025316,1,100.0,Other,Consumer,False
2024-07-10_16:00,2024-07-10,16:00,2024-07-10 16:00:00+02:00,2,27.869488278187138,24.85295281301928,30.886023743354997,0.0,0.0,2,100.0,Other,Other,False
2024-07-11_14:30,2024-07-11,14:30,2024-07-11 14:30:00+02:00,13,39.173301418689654,25.339023793709526,46.131002713643156,200.0,29.871033544639545,9,69.23076923076923,CPI,Inflation,True
2024-07-11_17:30,2024-07-11,17:30,2024-07-11 17:30:00+02:00,4,24.727665972094,24.727665972094,24.727665972094,0.0,0.0,0,0.0,Other,Other,False
2024-07-11_20:00,2024-07-11,20:00,2024-07-11 20:00:00+02:00,1,14.212383375335397,14.212383375335397,14.212383375335397,20.481927710843372,20.481927710843372,1,100.0,Other,Other,False
2024-07-12_14:30,2024-07-12,14:30,2024-07-12 14:30:00+02:00,9,26.438980312981315,25.772522257896668,27.133173317859306,100.0,66.60869565217392,5,55.55555555555556,PPI,Inflation,True
2024-07-12_16:00,2024-07-12,16:00,2024-07-12 16:00:00+02:00,5,24.01327815351321,23.7495601289988,24.07920765964181,3.7249283667621693,2.805229422733153,5,100.0,CPI,Consumer,False
2024-07-12_19:00,2024-07-12,19:00,2024-07-12 19:00:00+02:00,2,9.245156234256866,7.247437370381022,11.24287509813271,0.0,0.0,0,0.0,Other,Other,False
2024-07-15_14:30,2024-07-15,14:30,2024-07-15 14:30:00+02:00,1,35.00725344868514,35.00725344868514,35.00725344868514,9.999999999999993,9.999999999999993,1,100.0,Other,Manufacturing,False
2024-07-16_14:30,2024-07-16,14:30,2024-07-16 14:30:00+02:00,13,27.384143032545545,21.671326457943184,28.822567457072772,400.0,197.77777777777777,9,69.23076923076923,Retail Sales,Consumer,True
2024-07-16_16:00,2024-07-16,16:00,2024-07-16 16:00:00+02:00,2,25.167458751255865,23.851317490042995,26.483600012468738,0.0,0.0,0,0.0,Retail Sales,Consumer,False
2024-07-17_14:30,2024-07-17,14:30,2024-07-17 14:30:00+02:00,4,16.152318224189642,13.493496884140557,17.50579112239943,4.076923076923071,3.6813186813186802,2,50.0,Other,Housing,False
2024-07-17_15:00,2024-07-17,15:00,2024-07-17 15:00:00+02:00,1,33.85118560915781,33.85118560915781,33.85118560915781,0.0,0.0,0,0.0,Other,Other,False
2024-07-17_15:15,2024-07-17,15:15,2024-07-17 15:15:00+02:00,7,19.84881685114106,19.558478311800545,20.23593490359507,100.0,75.12755102040816,4,57.14285714285714,Other,Manufacturing,True
2024-07-18_14:30,2024-07-18,14:30,2024-07-18 14:30:00+02:00,10,26.208317626467146,25.339023793709526,26.84356289399415,379.3103448275862,128.44628760888375,3,30.0,Jobless Claims,Employment,False
2024-07-18_17:30,2024-07-18,17:30,2024-07-18 17:30:00+02:00,4,24.727665972094,24.727665972094,24.727665972094,0.0,0.0,0,0.0,Other,Other,False
2024-07-19_19:00,2024-07-19,19:00,2024-07-19 19:00:00+02:00,2,9.245156234256866,7.247437370381022,11.24287509813271,0.0,0.0,0,0.0,Other,Other,False
2024-07-22_14:30,2024-07-22,14:30,2024-07-22 14:30:00+02:00,1,20.713211827077785,20.713211827077785,20.713211827077785,155.55555555555557,155.55555555555557,1,100.0,Other,Other,False
2024-07-23_16:00,2024-07-23,16:00,2024-07-23 16:00:00+02:00,5,19.14786108044357,14.616170103733737,20.88399757339171,142.85714285714286,72.80357142857143,2,40.0,Other,Consumer,False
2024-07-24_14:30,2024-07-24,14:30,2024-07-24 14:30:00+02:00,10,24.733815182037358,13.493496884140557,30.886023743354997,300.00000000000006,88.63423469895105,9,90.0,Retail Sales,Consumer,True
2024-07-24_15:45,2024-07-24,15:45,2024-07-24 15:45:00+02:00,6,41.766197340227556,30.82095851027352,63.305740150233156,4.2553191489361755,3.036750483558997,4,66.66666666666666,Other,Manufacturing,False
2024-07-24_16:00,2024-07-24,16:00,2024-07-24 16:00:00+02:00,1,16.70601113074671,16.70601113074671,16.70601113074671,3.593750000000003,3.593750000000003,1,100.0,Other,Consumer,False
2024-07-25_14:30,2024-07-25,14:30,2024-07-25 14:30:00+02:00,29,29.360401648498193,20.88430992285662,33.282053649144096,500.0,89.61283704124828,22,75.86206896551724,Jobless Claims,GDP/Growth,True
2024-07-25_17:30,2024-07-25,17:30,2024-07-25 17:30:00+02:00,4,24.727665972094,24.727665972094,24.727665972094,0.0,0.0,0,0.0,Other,Other,False
2024-07-26_14:30,2024-07-26,14:30,2024-07-26 14:30:00+02:00,6,25.206393585313748,25.206393585313748,25.206393585313748,100.0,25.666666666666668,6,100.0,Other,Inflation,True
2024-07-26_16:00,2024-07-26,16:00,2024-07-26 16:00:00+02:00,5,24.01327815351321,23.7495601289988,24.07920765964181,0.6060606060606146,0.6060606060606146,1,20.0,CPI,Consumer,False
2024-07-26_19:00,2024-07-26,19:00,2024-07-26 19:00:00+02:00,2,9.245156234256866,7.247437370381022,11.24287509813271,0.0,0.0,0,0.0,Other,Other,False
2024-07-30_16:00,2024-07-30,16:00,2024-07-30 16:00:00+02:00,3,21.59510706400567,19.53683433123203,22.62424343039249,2.299999999999991,1.4509027081243657,2,66.66666666666666,Other,Other,False
2024-07-31_14:30,2024-07-31,14:30,2024-07-31 14:30:00+02:00,4,26.096095006989685,25.958114630865403,26.51003613536254,9.999999999999998,9.999999999999998,1,25.0,Other,Employment,False
2024-07-31_20:00,2024-07-31,20:00,2024-07-31 20:00:00+02:00,1,48.517963191030475,48.517963191030475,48.517963191030475,0.0,0.0,1,100.0,Other,Interest Rates,False
2024-08-01_14:30,2024-08-01,14:30,2024-08-01 14:30:00+02:00,8,23.687199970986207,20.467583678421647,26.84356289399415,50.0,22.231821277694067,8,100.0,Jobless Claims,Employment,True
2024-08-01_15:45,2024-08-01,15:45,2024-08-01 15:45:00+02:00,2,63.30574015023315,63.305740150233135,63.305740150233156,0.20202020202020488,0.20202020202020488,2,100.0,Other,Manufacturing,False
2024-08-01_16:00,2024-08-01,16:00,2024-08-01 16:00:00+02:00,6,95.01085819288018,92.51628728932027,100.0,250.0,86.81929838838505,6,100.0,Other,Manufacturing,True
2024-08-01_17:30,2024-08-01,17:30,2024-08-01 17:30:00+02:00,4,24.727665972094,24.727665972094,24.727665972094,0.0,0.0,0,0.0,Other,Other,False
2024-08-02_14:30,2024-08-02,14:30,2024-08-02 14:30:00+02:00,12,61.455776527094514,57.69826407074845,67.6438161052937,200.0,31.821312153012002,12,100.0,NFP,Employment,True
2024-08-02_16:00,2024-08-02,16:00,2024-08-02 16:00:00+02:00,4,25.2877251266656,21.47350513016643,26.55913179216532,66.66666666666666,24.38021185485688,4,100.0,Other,Other,True
2024-08-02_19:00,2024-08-02,19:00,2024-08-02 19:00:00+02:00,2,9.245156234256866,7.247437370381022,11.24287509813271,0.0,0.0,0,0.0,Other,Other,False
2024-08-05_15:45,2024-08-05,15:45,2024-08-05 15:45:00+02:00,4,30.99642593522476,30.82095851027352,31.168134940521725,1.7857142857142856,1.5292207792207817,4,100.0,Other,Manufacturing,False
2024-08-05_16:00,2024-08-05,16:00,2024-08-05 16:00:00+02:00,5,32.4907400778474,32.4907400778474,32.4907400778474,9.892473118279572,5.024179912875558,5,100.0,Other,Other,True
2024-08-06_14:30,2024-08-06,14:30,2024-08-06 14:30:00+02:00,3,25.855742093740933,25.199964392161,26.1836309445309,0.8275862068965439,0.6350953145025383,3,100.0,Other,Trade Balance,False
2024-08-08_14:30,2024-08-08,14:30,2024-08-08 14:30:00+02:00,4,26.467428118922996,25.339023793709526,26.84356289399415,2.9166666666666665,1.5871508269590917,4,100.0,Jobless Claims,Employment,False
2024-08-08_16:00,2024-08-08,16:00,2024-08-08 16:00:00+02:00,2,27.869488278187138,24.85295281301928,30.886023743354997,0.0,0.0,2,100.0,Other,Other,False
2024-08-08_17:30,2024-08-08,17:30,2024-08-08 17:30:00+02:00,4,24.727665972094,24.727665972094,24.727665972094,0.0,0.0,0,0.0,Other,Other,False
2024-08-08_21:00,2024-08-08,21:00,2024-08-08 21:00:00+02:00,1,33.85118560915781,33.85118560915781,33.85118560915781,0.0,0.0,0,0.0,Other,Other,False
2024-08-09_19:00,2024-08-09,19:00,2024-08-09 19:00:00+02:00,2,9.245156234256866,7.247437370381022,11.24287509813271,0.0,0.0,0,0.0,Other,Other,False
2024-08-12_20:00,2024-08-12,20:00,2024-08-12 20:00:00+02:00,1,14.212383375335397,14.212383375335397,14.212383375335397,4.050334250884786,4.050334250884786,1,100.0,Other,Other,False
2024-08-13_14:30,2024-08-13,14:30,2024-08-13 14:30:00+02:00,9,26.438980312981315,25.772522257896668,27.133173317859306,400.0,64.49196083788037,8,88.88888888888889,PPI,Inflation,True
2024-08-14_14:30,2024-08-14,14:30,2024-08-14 14:30:00+02:00,9,44.82035621858594,42.012728389432944,46.131002713643156,3.333333333333336,0.7725575710644654,9,100.0,CPI,Inflation,False
2024-08-15_14:30,2024-08-15,14:30,2024-08-15 14:30:00+02:00,22,27.548815403854363,26.035577298163243,35.00725344868514,300.00000000000006,96.30342079086411,15,68.18181818181817,Retail Sales,Consumer,True
2024-08-15_15:15,2024-08-15,15:15,2024-08-15 15:15:00+02:00,7,19.84881685114106,19.558478311800545,20.23593490359507,118.18181818181816,74.15336256100588,7,100.0,Other,Manufacturing,True
2024-08-15_16:00,2024-08-15,16:00,2024-08-15 16:00:00+02:00,2,25.167458751255865,23.851317490042995,26.483600012468738,0.0,0.0,2,100.0,Retail Sales,Consumer,False
2024-08-15_17:30,2024-08-15,17:30,2024-08-15 17:30:00+02:00,4,24.727665972094,24.727665972094,24.727665972094,0.0,0.0,0,0.0,Other,Other,False
2024-08-16_14:30,2024-08-16,14:30,2024-08-16 14:30:00+02:00,4,16.152318224189642,13.493496884140557,17.50579112239943,500.0,187.32372890267627,4,100.0,Other,Housing,True
2024-08-16_16:00,2024-08-16,16:00,2024-08-16 16:00:00+02:00,5,24.01327815351321,23.7495601289988,24.07920765964181,5.71847507331377,1.8621915128740674,5,100.0,CPI,Consumer,True
2024-08-16_19:00,2024-08-16,19:00,2024-08-16 19:00:00+02:00,2,9.245156234256866,7.247437370381022,11.24287509813271,0.0,0.0,0,0.0,Other,Other,False
2024-08-21_20:00,2024-08-21,20:00,2024-08-21 20:00:00+02:00,1,45.77832801413763,45.77832801413763,45.77832801413763,0.0,0.0,0,0.0,Other,Interest Rates,False
2024-08-22_14:30,2024-08-22,14:30,2024-08-22 14:30:00+02:00,5,25.316584860553952,20.713211827077785,26.84356289399415,500.0,101.71816710874074,5,100.0,Jobless Claims,Employment,True
2024-08-22_15:45,2024-08-22,15:45,2024-08-22 15:45:00+02:00,6,41.766197340227556,30.82095851027352,63.305740150233156,3.2258064516129057,2.18984133364598,6,100.0,Other,Manufacturing,False
2024-08-22_16:00,2024-08-22,16:00,2024-08-22 16:00:00+02:00,2,19.677570075850348,19.677570075850348,19.677570075850348,0.5089058524173032,0.2544529262086516,2,100.0,Other,Consumer,False
2024-08-22_17:30,2024-08-22,17:30,2024-08-22 17:30:00+02:00,4,24.727665972094,24.727665972094,24.727665972094,0.0,0.0,0,0.0,Other,Other,False
2024-08-23_13:30,2024-08-23,13:30,2024-08-23 13:30:00+02:00,2,15.150368007164797,13.493496884140557,16.80723913018904,17.500000000000004,9.10816618911175,2,100.0,Other,Housing,False
2024-08-23_16:00,2024-08-23,16:00,2024-08-23 16:00:00+02:00,1,16.70601113074671,16.70601113074671,16.70601113074671,17.301587301587297,17.301587301587297,1,100.0,Other,Consumer,False
2024-08-23_19:00,2024-08-23,19:00,2024-08-23 19:00:00+02:00,2,9.245156234256866,7.247437370381022,11.24287509813271,0.0,0.0,0,0.0,Other,Other,False
2024-08-26_14:30,2024-08-26,14:30,2024-08-26 14:30:00+02:00,7,23.009430044437988,20.88430992285662,23.879877944240754,372.72727272727263,190.24242424242422,6,85.71428571428571,Other,Other,True
2024-08-27_16:00,2024-08-27,16:00,2024-08-27 16:00:00+02:00,5,19.774446006081593,14.616170103733737,22.95123044865877,375.0,107.4907197238379,4,80.0,Other,Manufacturing,True
2024-08-29_14:30,2024-08-29,14:30,2024-08-29 14:30:00+02:00,26,29.26011525633,23.19257246854641,33.282053649144096,213.33333333333334,30.866383325078292,23,88.46153846153845,Retail Sales,GDP/Growth,True
2024-08-29_17:30,2024-08-29,17:30,2024-08-29 17:30:00+02:00,4,24.727665972094,24.727665972094,24.727665972094,0.0,0.0,0,0.0,Other,Other,False
2024-08-30_14:30,2024-08-30,14:30,2024-08-30 14:30:00+02:00,6,25.206393585313748,25.206393585313748,25.206393585313748,49.999999999999986,8.950617283950615,6,100.0,Other,Inflation,True
2024-08-30_16:00,2024-08-30,16:00,2024-08-30 16:00:00+02:00,5,24.01327815351321,23.7495601289988,24.07920765964181,3.448275862068969,0.8504298271032535,5,100.0,CPI,Consumer,False
2024-08-30_19:00,2024-08-30,19:00,2024-08-30 19:00:00+02:00,2,9.245156234256866,7.247437370381022,11.24287509813271,0.0,0.0,0,0.0,Other,Other,False
2024-09-03_15:45,2024-09-03,15:45,2024-09-03 15:45:00+02:00,2,63.30574015023315,63.305740150233135,63.305740150233156,0.20833333333333628,0.20833333333333628,2,100.0,Other,Manufacturing,False
2024-09-03_16:00,2024-09-03,16:00,2024-09-03 16:00:00+02:00,6,95.01085819288018,92.51628728932027,100.0,6.498951781970652,3.8730651856113063,4,66.66666666666666,Other,Manufacturing,True
2024-09-04_14:30,2024-09-04,14:30,2024-09-04 14:30:00+02:00,3,25.855742093740933,25.199964392161,26.1836309445309,0.26124818577648107,0.24665888417098492,3,100.0,Other,Trade Balance,False
2024-09-04_16:00,2024-09-04,16:00,2024-09-04 16:00:00+02:00,5,24.98517644745619,22.62424343039249,26.55913179216532,300.00000000000006,64.74944796088701,5,100.0,Other,Other,True
2024-09-05_14:30,2024-09-05,14:30,2024-09-05 14:30:00+02:00,8,23.687199970986207,20.467583678421647,26.84356289399415,50.0,14.027784193919901,8,100.0,Jobless Claims,Employment,True
2024-09-05_15:45,2024-09-05,15:45,2024-09-05 15:45:00+02:00,4,30.99642593522476,30.82095851027352,31.168134940521725,0.9242144177449167,0.9150057595970961,4,100.0,Other,Manufacturing,False
2024-09-05_16:00,2024-09-05,16:00,2024-09-05 16:00:00+02:00,5,32.4907400778474,32.4907400778474,32.4907400778474,2.3214285714285663,1.4228047279198985,5,100.0,Other,Other,False
2024-09-05_17:30,2024-09-05,17:30,2024-09-05 17:30:00+02:00,4,24.727665972094,24.727665972094,24.727665972094,0.0,0.0,0,0.0,Other,Other,False
2024-09-06_14:30,2024-09-06,14:30,2024-09-06 14:30:00+02:00,12,61.455776527094514,57.69826407074845,67.6438161052937,200.0,27.131920910134763,11,91.66666666666666,NFP,Employment,True
2024-09-06_19:00,2024-09-06,19:00,2024-09-06 19:00:00+02:00,2,9.245156234256866,7.247437370381022,11.24287509813271,0.0,0.0,0,0.0,Other,Other,False
2024-09-09_16:00,2024-09-09,16:00,2024-09-09 16:00:00+02:00,2,27.869488278187138,24.85295281301928,30.886023743354997,33.33333333333333,33.33333333333333,2,100.0,Other,Other,False
2024-09-09_17:00,2024-09-09,17:00,2024-09-09 17:00:00+02:00,1,21.47350513016643,21.47350513016643,21.47350513016643,1.9480519480519525,1.9480519480519525,1,100.0,Other,Consumer,False
2024-09-11_14:30,2024-09-11,14:30,2024-09-11 14:30:00+02:00,9,44.82035621858594,42.012728389432944,46.131002713643156,49.999999999999986,11.55039853037798,9,100.0,CPI,Inflation,True
2024-09-12_14:30,2024-09-12,14:30,2024-09-12 14:30:00+02:00,13,26.447733484040292,25.339023793709526,27.133173317859306,100.0,12.634232483559895,13,100.0,Jobless Claims,Inflation,True
2024-09-12_17:30,2024-09-12,17:30,2024-09-12 17:30:00+02:00,5,22.624609452742284,14.212383375335397,24.727665972094,8.695652173913036,8.695652173913036,1,20.0,Other,Other,False
2024-09-13_14:30,2024-09-13,14:30,2024-09-13 14:30:00+02:00,6,28.258218715317863,27.12952123180804,28.822567457072772,500.0,155.69444444444443,6,100.0,Other,Trade Balance,True
2024-09-13_16:00,2024-09-13,16:00,2024-09-13 16:00:00+02:00,5,24.01327815351321,23.7495601289988,24.07920765964181,3.5714285714285587,2.6937348625468713,5,100.0,CPI,Consumer,False
2024-09-13_19:00,2024-09-13,19:00,2024-09-13 19:00:00+02:00,2,9.245156234256866,7.247437370381022,11.24287509813271,0.0,0.0,0,0.0,Other,Other,False
2024-09-16_14:30,2024-09-16,14:30,2024-09-16 14:30:00+02:00,1,35.00725344868514,35.00725344868514,35.00725344868514,394.8717948717949,394.8717948717949,1,100.0,Other,Manufacturing,False
2024-09-17_14:30,2024-09-17,14:30,2024-09-17 14:30:00+02:00,7,26.63493530445499,21.671326457943184,28.542650278268667,150.00000000000003,67.31601731601732,7,100.0,Retail Sales,Consumer,True
2024-09-17_15:15,2024-09-17,15:15,2024-09-17 15:15:00+02:00,7,19.84881685114106,19.558478311800545,20.23593490359507,300.00000000000006,144.4658393952361,6,85.71428571428571,Other,Manufacturing,True
2024-09-17_16:00,2024-09-17,16:00,2024-09-17 16:00:00+02:00,2,25.167458751255865,23.851317490042995,26.483600012468738,0.0,0.0,2,100.0,Retail Sales,Consumer,False
2024-09-18_14:30,2024-09-18,14:30,2024-09-18 14:30:00+02:00,4,16.152318224189642,13.493496884140557,17.50579112239943,345.45454545454544,138.39398122855974,4,100.0,Other,Housing,True
2024-09-18_20:00,2024-09-18,20:00,2024-09-18 20:00:00+02:00,12,65.16995388226891,48.517963191030475,75.71116767335741,4.761904761904762,4.761904761904762,1,8.333333333333332,Other,Interest Rates,False
2024-09-19_14:30,2024-09-19,14:30,2024-09-19 14:30:00+02:00,11,25.707563636657344,20.700023738559334,26.84356289399415,270.0,47.20902641484839,6,54.54545454545454,Jobless Claims,Employment,True
2024-09-19_16:00,2024-09-19,16:00,2024-09-19 16:00:00+02:00,2,19.677570075850348,19.677570075850348,19.677570075850348,377.77777777777777,189.4017094017094,2,100.0,Other,Consumer,False
2024-09-19_17:30,2024-09-19,17:30,2024-09-19 17:30:00+02:00,4,24.727665972094,24.727665972094,24.727665972094,0.0,0.0,0,0.0,Other,Other,False
2024-09-20_19:00,2024-09-20,19:00,2024-09-20 19:00:00+02:00,2,9.245156234256866,7.247437370381022,11.24287509813271,0.0,0.0,0,0.0,Other,Other,False
2024-09-23_14:30,2024-09-23,14:30,2024-09-23 14:30:00+02:00,1,20.713211827077785,20.713211827077785,20.713211827077785,160.0,160.0,1,100.0,Other,Other,False
2024-09-23_15:45,2024-09-23,15:45,2024-09-23 15:45:00+02:00,6,41.766197340227556,30.82095851027352,63.305740150233156,3.0927835051546393,1.152592464723731,6,100.0,Other,Manufacturing,False
2024-09-24_16:00,2024-09-24,16:00,2024-09-24 16:00:00+02:00,4,21.064014981668556,19.53683433123203,22.95123044865877,200.0,73.7773433072651,4,100.0,Other,Manufacturing,True
2024-09-25_13:30,2024-09-25,13:30,2024-09-25 13:30:00+02:00,2,15.150368007164797,13.493496884140557,16.80723913018904,6.122448979591851,3.230716015219658,2,100.0,Other,Housing,False
2024-09-25_16:00,2024-09-25,16:00,2024-09-25 16:00:00+02:00,1,16.70601113074671,16.70601113074671,16.70601113074671,2.285714285714288,2.285714285714288,1,100.0,Other,Consumer,False
2024-09-26_14:30,2024-09-26,14:30,2024-09-26 14:30:00+02:00,24,28.310523640662183,20.88430992285662,33.282053649144096,400.0,59.02769476494959,21,87.5,Jobless Claims,Other,True
2024-09-26_17:30,2024-09-26,17:30,2024-09-26 17:30:00+02:00,4,24.727665972094,24.727665972094,24.727665972094,0.0,0.0,0,0.0,Other,Other,False
2024-09-27_14:30,2024-09-27,14:30,2024-09-27 14:30:00+02:00,11,25.905505056923495,23.851317490042995,30.886023743354997,50.0,23.197366014267427,11,100.0,Retail Sales,Inflation,True
2024-09-27_16:00,2024-09-27,16:00,2024-09-27 16:00:00+02:00,5,24.01327815351321,23.7495601289988,24.07920765964181,1.9178082191780899,0.7416278842547983,5,100.0,CPI,Consumer,False
2024-09-27_19:00,2024-09-27,19:00,2024-09-27 19:00:00+02:00,2,9.245156234256866,7.247437370381022,11.24287509813271,0.0,0.0,0,0.0,Other,Other,False
2024-10-01_15:45,2024-10-01,15:45,2024-10-01 15:45:00+02:00,2,63.30574015023315,63.305740150233135,63.305740150233156,0.6382978723404196,0.6382978723404196,2,100.0,Other,Manufacturing,False
2024-10-01_16:00,2024-10-01,16:00,2024-10-01 16:00:00+02:00,8,76.91420450225826,22.62424343039249,100.0,200.0,53.442880490043585,8,100.0,Other,Manufacturing,True
2024-10-02_08:30,2024-10-02,08:30,2024-10-02 08:30:00+02:00,1,21.47350513016643,21.47350513016643,21.47350513016643,0.6369426751592447,0.6369426751592447,1,100.0,Other,Consumer,False
2024-10-02_18:15,2024-10-02,18:15,2024-10-02 18:15:00+02:00,1,33.85118560915781,33.85118560915781,33.85118560915781,0.0,0.0,0,0.0,Other,Other,False
2024-10-03_14:30,2024-10-03,14:30,2024-10-03 14:30:00+02:00,4,26.467428118922996,25.339023793709526,26.84356289399415,2.272727272727273,0.8845490836508803,4,100.0,Jobless Claims,Employment,False
2024-10-03_15:45,2024-10-03,15:45,2024-10-03 15:45:00+02:00,4,30.99642593522476,30.82095851027352,31.168134940521725,0.7352941176470562,0.5481524739859791,4,100.0,Other,Manufacturing,False
2024-10-03_16:00,2024-10-03,16:00,2024-10-03 16:00:00+02:00,8,30.26638697071662,26.55913179216532,32.4907400778474,50.0,15.48957082422612,6,75.0,Other,Other,True
2024-10-03_17:30,2024-10-03,17:30,2024-10-03 17:30:00+02:00,4,24.727665972094,24.727665972094,24.727665972094,0.0,0.0,0,0.0,Other,Other,False
2024-10-04_14:30,2024-10-04,14:30,2024-10-04 14:30:00+02:00,12,61.455776527094514,57.69826407074845,67.6438161052937,500.0,62.821726510152935,12,100.0,NFP,Employment,True
2024-10-04_19:00,2024-10-04,19:00,2024-10-04 19:00:00+02:00,2,9.245156234256866,7.247437370381022,11.24287509813271,1.0330578512396695,1.0330578512396695,1,50.0,Other,Other,False
2024-10-08_14:30,2024-10-08,14:30,2024-10-08 14:30:00+02:00,3,25.855742093740933,25.199964392161,26.1836309445309,0.6666666666666708,0.3361441059368547,3,100.0,Other,Trade Balance,False
2024-10-09_16:00,2024-10-09,16:00,2024-10-09 16:00:00+02:00,2,27.869488278187138,24.85295281301928,30.886023743354997,50.0,50.0,2,100.0,Other,Other,False
2024-10-09_18:15,2024-10-09,18:15,2024-10-09 18:15:00+02:00,1,33.85118560915781,33.85118560915781,33.85118560915781,0.0,0.0,0,0.0,Other,Other,False
2024-10-09_20:00,2024-10-09,20:00,2024-10-09 20:00:00+02:00,1,45.77832801413763,45.77832801413763,45.77832801413763,0.0,0.0,0,0.0,Other,Interest Rates,False
2024-10-10_14:30,2024-10-10,14:30,2024-10-10 14:30:00+02:00,13,39.173301418689654,25.339023793709526,46.131002713643156,100.0,14.189889700955174,13,100.0,CPI,Inflation,True
2024-10-10_17:30,2024-10-10,17:30,2024-10-10 17:30:00+02:00,4,24.727665972094,24.727665972094,24.727665972094,0.0,0.0,0,0.0,Other,Other,False
2024-10-11_14:30,2024-10-11,14:30,2024-10-11 14:30:00+02:00,9,26.438980312981315,25.772522257896668,27.133173317859306,50.0,14.54037675606641,8,88.88888888888889,PPI,Inflation,True
2024-10-11_16:00,2024-10-11,16:00,2024-10-11 16:00:00+02:00,5,24.01327815351321,23.7495601289988,24.07920765964181,11.538461538461531,4.547243946926674,5,100.0,CPI,Consumer,True
2024-10-11_19:00,2024-10-11,19:00,2024-10-11 19:00:00+02:00,2,9.245156234256866,7.247437370381022,11.24287509813271,0.0,0.0,0,0.0,Other,Other,False
2024-10-13_20:00,2024-10-13,20:00,2024-10-13 20:00:00+02:00,1,14.212383375335397,14.212383375335397,14.212383375335397,0.0,0.0,0,0.0,Other,Other,False
2024-10-15_14:30,2024-10-15,14:30,2024-10-15 14:30:00+02:00,1,35.00725344868514,35.00725344868514,35.00725344868514,413.15789473684214,413.15789473684214,1,100.0,Other,Manufacturing,False
2024-10-16_14:30,2024-10-16,14:30,2024-10-16 14:30:00+02:00,6,28.258218715317863,27.12952123180804,28.822567457072772,425.0,135.83333333333334,6,100.0,Other,Trade Balance,True
2024-10-17_14:30,2024-10-17,14:30,2024-10-17 14:30:00+02:00,12,26.864341942147323,26.035577298163243,28.542650278268667,500.0,165.55476428574806,7,58.333333333333336,Retail Sales,Employment,True
2024-10-17_15:15,2024-10-17,15:15,2024-10-17 15:15:00+02:00,7,19.84881685114106,19.558478311800545,20.23593490359507,300.00000000000006,164.34080058758724,7,100.0,Other,Manufacturing,True
2024-10-17_16:00,2024-10-17,16:00,2024-10-17 16:00:00+02:00,2,25.167458751255865,23.851317490042995,26.483600012468738,24.999999999999993,24.999999999999993,2,100.0,Retail Sales,Consumer,False
2024-10-17_17:30,2024-10-17,17:30,2024-10-17 17:30:00+02:00,4,24.727665972094,24.727665972094,24.727665972094,0.0,0.0,0,0.0,Other,Other,False
2024-10-18_14:30,2024-10-18,14:30,2024-10-18 14:30:00+02:00,4,16.152318224189642,13.493496884140557,17.50579112239943,500.0,157.56646372399797,4,100.0,Other,Housing,True
2024-10-18_19:00,2024-10-18,19:00,2024-10-18 19:00:00+02:00,2,9.245156234256866,7.247437370381022,11.24287509813271,0.0,0.0,0,0.0,Other,Other,False
2024-10-18_22:00,2024-10-18,22:00,2024-10-18 22:00:00+02:00,1,14.212383375335397,14.212383375335397,14.212383375335397,4.918032786885246,4.918032786885246,1,100.0,Other,Other,False
2024-10-22_16:00,2024-10-22,16:00,2024-10-22 16:00:00+02:00,3,21.573075198480733,20.88399757339171,22.95123044865877,250.0,108.38779956427015,3,100.0,Other,Manufacturing,True
2024-10-23_16:00,2024-10-23,16:00,2024-10-23 16:00:00+02:00,2,19.677570075850348,19.677570075850348,19.677570075850348,37.50000000000001,19.519230769230774,2,100.0,Other,Consumer,False
2024-10-23_18:00,2024-10-23,18:00,2024-10-23 18:00:00+02:00,1,33.85118560915781,33.85118560915781,33.85118560915781,0.0,0.0,0,0.0,Other,Other,False
2024-10-24_13:30,2024-10-24,13:30,2024-10-24 13:30:00+02:00,2,15.150368007164797,13.493496884140557,16.80723913018904,6.896551724137938,3.5533178788756876,2,100.0,Other,Housing,False
2024-10-24_14:30,2024-10-24,14:30,2024-10-24 14:30:00+02:00,5,25.316584860553952,20.713211827077785,26.84356289399415,240.0,49.50455409876277,5,100.0,Jobless Claims,Employment,True
2024-10-24_15:45,2024-10-24,15:45,2024-10-24 15:45:00+02:00,6,41.766197340227556,30.82095851027352,63.305740150233156,0.631578947368415,0.5775296827928352,6,100.0,Other,Manufacturing,False
2024-10-24_16:00,2024-10-24,16:00,2024-10-24 16:00:00+02:00,1,16.70601113074671,16.70601113074671,16.70601113074671,2.500000000000002,2.500000000000002,1,100.0,Other,Consumer,False
2024-10-24_17:30,2024-10-24,17:30,2024-10-24 17:30:00+02:00,4,24.727665972094,24.727665972094,24.727665972094,0.0,0.0,0,0.0,Other,Other,False
2024-10-25_14:30,2024-10-25,14:30,2024-10-25 14:30:00+02:00,7,23.009430044437988,20.88430992285662,23.879877944240754,500.0,222.0408163265306,7,100.0,Other,Other,True
2024-10-25_16:00,2024-10-25,16:00,2024-10-25 16:00:00+02:00,5,24.01327815351321,23.7495601289988,24.07920765964181,6.896551724137923,2.845065446484031,5,100.0,CPI,Consumer,True
2024-10-25_19:00,2024-10-25,19:00,2024-10-25 19:00:00+02:00,2,9.245156234256866,7.247437370381022,11.24287509813271,0.4149377593360996,0.4149377593360996,1,50.0,Other,Other,False
2024-10-29_13:30,2024-10-29,13:30,2024-10-29 13:30:00+01:00,5,26.744438822855198,23.851317490042995,30.886023743354997,150.00000000000003,89.19112036073534,5,100.0,Retail Sales,Consumer,True
2024-10-29_15:00,2024-10-29,15:00,2024-10-29 15:00:00+01:00,3,21.59510706400567,19.53683433123203,22.62424343039249,9.246231155778897,6.152985131470179,3,100.0,Other,Other,True
2024-10-30_13:30,2024-10-30,13:30,2024-10-30 13:30:00+01:00,13,31.69975645713464,26.51003613536254,33.282053649144096,44.44444444444445,20.1388572441204,12,92.3076923076923,GDP,GDP/Growth,True
2024-10-31_13:30,2024-10-31,13:30,2024-10-31 13:30:00+01:00,13,25.767878298474667,25.206393585313748,26.84356289399415,24.999999999999993,4.85168626522158,13,100.0,Jobless Claims,Employment,True
2024-10-31_16:30,2024-10-31,16:30,2024-10-31 16:30:00+01:00,4,24.727665972094,24.727665972094,24.727665972094,0.0,0.0,0,0.0,Other,Other,False
2024-11-01_12:30,2024-11-01,12:30,2024-11-01 12:30:00+01:00,1,59.90047788837122,59.90047788837122,59.90047788837122,0.0,0.0,1,100.0,Other,Other,False
2024-11-01_13:30,2024-11-01,13:30,2024-11-01 13:30:00+01:00,9,61.19869827689279,59.90047788837122,61.492477137506555,131.11111111111111,56.26305056070924,9,100.0,NFP,Employment,True
2024-11-01_14:45,2024-11-01,14:45,2024-11-01 14:45:00+01:00,2,63.30574015023315,63.305740150233135,63.305740150233156,1.4644351464435208,1.4644351464435208,2,100.0,Other,Manufacturing,False
2024-11-01_15:00,2024-11-01,15:00,2024-11-01 15:00:00+01:00,6,95.01085819288018,92.51628728932027,100.0,80.0,29.47445239702959,6,100.0,Other,Manufacturing,True
2024-11-01_17:00,2024-11-01,17:00,2024-11-01 17:00:00+01:00,2,10.160589215852342,9.078303333571974,11.24287509813271,14.814814814814827,14.814814814814827,1,50.0,GDP,GDP/Growth,False
2024-11-01_18:00,2024-11-01,18:00,2024-11-01 18:00:00+01:00,2,12.472385772630831,11.24287509813271,13.701896447128952,0.0,0.0,1,50.0,Other,Other,False
2024-11-04_15:00,2024-11-04,15:00,2024-11-04 15:00:00+01:00,2,31.364571519004034,28.07084641152111,34.65829662648696,0.0,0.0,0,0.0,Other,Consumer,False
2024-11-04_16:00,2024-11-04,16:00,2024-11-04 16:00:00+01:00,8,24.49380126120088,21.052145702001955,26.55913179216532,24.999999999999993,9.999999999999996,5,62.5,Other,Other,True
2024-11-05_14:30,2024-11-05,14:30,2024-11-05 14:30:00+01:00,3,25.855742093740933,25.199964392161,26.1836309445309,1.8208092485549165,1.218266722818491,3,100.0,Other,Trade Balance,False
2024-11-05_15:45,2024-11-05,15:45,2024-11-05 15:45:00+01:00,4,30.99642593522476,30.82095851027352,31.168134940521725,0.5424954792043348,0.4554098022172648,4,100.0,Other,Manufacturing,False
2024-11-05_16:00,2024-11-05,16:00,2024-11-05 16:00:00+01:00,5,32.4907400778474,32.4907400778474,32.4907400778474,10.416666666666668,3.9800774478726177,5,100.0,Other,Other,True
2024-11-05_17:40,2024-11-05,17:40,2024-11-05 17:40:00+01:00,1,21.47350513016643,21.47350513016643,21.47350513016643,2.5641025641025665,2.5641025641025665,1,100.0,Other,Consumer,False
2024-11-06_16:30,2024-11-06,16:30,2024-11-06 16:30:00+01:00,1,25.199964392161,25.199964392161,25.199964392161,0.0,0.0,0,0.0,Other,Trade Balance,False
2024-11-07_14:30,2024-11-07,14:30,2024-11-07 14:30:00+01:00,8,23.687199970986207,20.467583678421647,26.84356289399415,89.99999999999999,24.695224768439903,8,100.0,Jobless Claims,Employment,True
2024-11-07_16:00,2024-11-07,16:00,2024-11-07 16:00:00+01:00,2,27.869488278187138,24.85295281301928,30.886023743354997,100.0,100.0,2,100.0,Other,Other,False
2024-11-07_17:30,2024-11-07,17:30,2024-11-07 17:30:00+01:00,4,24.727665972094,24.727665972094,24.727665972094,0.0,0.0,0,0.0,Other,Other,False
2024-11-07_18:00,2024-11-07,18:00,2024-11-07 18:00:00+01:00,1,9.078303333571974,9.078303333571974,9.078303333571974,4.1666666666666705,4.1666666666666705,1,100.0,GDP,GDP/Growth,False
2024-11-07_20:00,2024-11-07,20:00,2024-11-07 20:00:00+01:00,2,47.14814560258405,45.77832801413763,48.517963191030475,0.0,0.0,1,50.0,Other,Interest Rates,False
2024-11-08_16:00,2024-11-08,16:00,2024-11-08 16:00:00+01:00,5,24.01327815351321,23.7495601289988,24.07920765964181,5.795148247978433,3.3448711021340927,5,100.0,CPI,Consumer,True
2024-11-08_19:00,2024-11-08,19:00,2024-11-08 19:00:00+01:00,2,12.472385772630831,11.24287509813271,13.701896447128952,0.0,0.0,0,0.0,Other,Other,False
2024-11-12_23:30,2024-11-12,23:30,2024-11-12 23:30:00+01:00,1,33.85118560915781,33.85118560915781,33.85118560915781,0.0,0.0,0,0.0,Other,Other,False
2024-11-13_14:30,2024-11-13,14:30,2024-11-13 14:30:00+01:00,11,44.30998119579334,40.7828449344552,46.131002713643156,0.04626108998733048,0.012885591635492069,9,81.81818181818183,CPI,Inflation,False
2024-11-13_20:00,2024-11-13,20:00,2024-11-13 20:00:00+01:00,2,14.741375589567504,14.212383375335397,15.270367803799608,21.80094786729858,17.658424463684625,2,100.0,Other,Other,False
2024-11-14_14:30,2024-11-14,14:30,2024-11-14 14:30:00+01:00,13,26.010874428765387,24.63864637459446,26.84356289399415,199.99999999999997,33.19322917002815,13,100.0,Jobless Claims,Inflation,True
2024-11-14_15:15,2024-11-14,15:15,2024-11-14 15:15:00+01:00,1,33.85118560915781,33.85118560915781,33.85118560915781,0.0,0.0,0,0.0,Other,Other,False
2024-11-14_17:30,2024-11-14,17:30,2024-11-14 17:30:00+01:00,4,24.727665972094,24.727665972094,24.727665972094,0.0,0.0,0,0.0,Other,Other,False
2024-11-15_14:30,2024-11-15,14:30,2024-11-15 14:30:00+01:00,6,29.14904112451787,27.12952123180804,35.00725344868514,500.0,196.92251461988306,6,100.0,Retail Sales,Consumer,True
2024-11-15_15:15,2024-11-15,15:15,2024-11-15 15:15:00+01:00,3,20.23593490359507,20.23593490359507,20.23593490359507,25.000000000000007,8.376511226252164,3,100.0,Other,Manufacturing,True
2024-11-15_16:00,2024-11-15,16:00,2024-11-15 16:00:00+01:00,1,26.483600012468738,26.483600012468738,26.483600012468738,100.0,100.0,1,100.0,Retail Sales,Consumer,False
2024-11-15_19:00,2024-11-15,19:00,2024-11-15 19:00:00+01:00,3,11.341024959611213,9.078303333571974,13.701896447128952,0.0,0.0,1,33.33333333333333,GDP,Other,False
2024-11-19_14:30,2024-11-19,14:30,2024-11-19 14:30:00+01:00,3,17.038592004206006,16.802745760029545,17.50579112239943,500.0,208.47619047619048,3,100.0,Other,Housing,True
2024-11-19_16:30,2024-11-19,16:30,2024-11-19 16:30:00+01:00,1,9.078303333571974,9.078303333571974,9.078303333571974,4.0000000000000036,4.0000000000000036,1,100.0,GDP,GDP/Growth,False
2024-11-21_14:30,2024-11-21,14:30,2024-11-21 14:30:00+01:00,10,26.208317626467146,25.339023793709526,26.84356289399415,168.75,35.55854651442887,5,50.0,Jobless Claims,Employment,True
2024-11-21_16:00,2024-11-21,16:00,2024-11-21 16:00:00+01:00,2,19.677570075850348,19.677570075850348,19.677570075850348,324.99999999999994,162.88167938931295,2,100.0,Other,Consumer,False
2024-11-21_17:30,2024-11-21,17:30,2024-11-21 17:30:00+01:00,4,24.727665972094,24.727665972094,24.727665972094,0.0,0.0,0,0.0,Other,Other,False
2024-11-22_15:45,2024-11-22,15:45,2024-11-22 15:45:00+01:00,4,30.99642593522476,30.82095851027352,31.168134940521725,3.260869565217386,2.5512450956841994,4,100.0,Other,Manufacturing,False
2024-11-22_16:00,2024-11-22,16:00,2024-11-22 16:00:00+01:00,6,25.023637772315265,23.7495601289988,30.075435866325535,3.2258064516129057,1.9740409958654617,6,100.0,CPI,Inflation,False
2024-11-22_19:00,2024-11-22,19:00,2024-11-22 19:00:00+01:00,2,12.472385772630831,11.24287509813271,13.701896447128952,0.0,0.0,0,0.0,Other,Other,False
2024-11-25_14:30,2024-11-25,14:30,2024-11-25 14:30:00+01:00,1,20.713211827077785,20.713211827077785,20.713211827077785,100.0,100.0,1,100.0,Other,Other,False
2024-11-26_14:00,2024-11-26,14:00,2024-11-26 14:00:00+01:00,1,16.80723913018904,16.80723913018904,16.80723913018904,0.21186440677966903,0.21186440677966903,1,100.0,Other,Housing,False
2024-11-26_16:00,2024-11-26,16:00,2024-11-26 16:00:00+01:00,5,20.192414211484184,16.70601113074671,22.95123044865877,140.0,55.359549040603575,5,100.0,Other,Consumer,True
2024-11-26_20:00,2024-11-26,20:00,2024-11-26 20:00:00+01:00,1,45.77832801413763,45.77832801413763,45.77832801413763,0.0,0.0,0,0.0,Other,Interest Rates,False
2024-11-27_14:30,2024-11-27,14:30,2024-11-27 14:30:00+01:00,22,29.395847205563292,22.480415688550092,39.92706987049297,300.00000000000006,35.68014770602266,21,95.45454545454545,Retail Sales,Other,True
2024-11-27_16:00,2024-11-27,16:00,2024-11-27 16:00:00+01:00,10,25.01490254002585,24.727665972094,25.206393585313748,100.0,22.222222222222225,6,60.0,Other,Other,True
2024-11-27_16:30,2024-11-27,16:30,2024-11-27 16:30:00+01:00,1,25.199964392161,25.199964392161,25.199964392161,0.0,0.0,0,0.0,Other,Trade Balance,False
2024-11-27_19:00,2024-11-27,19:00,2024-11-27 19:00:00+01:00,3,11.341024959611213,9.078303333571974,13.701896447128952,3.8461538461538494,3.8461538461538494,1,33.33333333333333,GDP,Other,False
2024-12-02_15:45,2024-12-02,15:45,2024-12-02 15:45:00+01:00,2,63.30574015023315,63.305740150233135,63.305740150233156,1.844262295081979,1.844262295081979,2,100.0,Other,Manufacturing,False
2024-12-02_16:00,2024-12-02,16:00,2024-12-02 16:00:00+01:00,6,95.01085819288018,92.51628728932027,100.0,100.0,36.49905448489992,6,100.0,Other,Manufacturing,True
2024-12-03_16:00,2024-12-03,16:00,2024-12-03 16:00:00+01:00,2,22.62424343039249,22.62424343039249,22.62424343039249,10.866666666666669,7.198039215686271,2,100.0,Other,Other,False
2024-12-04_00:00,2024-12-04,00:00,2024-12-04 00:00:00+01:00,1,21.47350513016643,21.47350513016643,21.47350513016643,3.125,3.125,1,100.0,Other,Consumer,False
2024-12-04_15:45,2024-12-04,15:45,2024-12-04 15:45:00+01:00,4,30.99642593522476,30.82095851027352,31.168134940521725,1.5789473684210502,1.151137337013417,4,100.0,Other,Manufacturing,False
2024-12-04_16:00,2024-12-04,16:00,2024-12-04 16:00:00+01:00,24,31.071438821099633,23.653496162266233,34.65829662648696,50.0,8.697379378292354,18,75.0,Other,Other,True
2024-12-04_16:30,2024-12-04,16:30,2024-12-04 16:30:00+01:00,1,25.199964392161,25.199964392161,25.199964392161,0.0,0.0,0,0.0,Other,Trade Balance,False
2024-12-05_14:30,2024-12-05,14:30,2024-12-05 14:30:00+01:00,7,26.205276965273537,25.199964392161,26.84356289399415,4.186046511627907,1.5336047390559238,7,100.0,Jobless Claims,Employment,False
2024-12-05_17:30,2024-12-05,17:30,2024-12-05 17:30:00+01:00,5,26.552369899506765,24.727665972094,33.85118560915781,0.0,0.0,0,0.0,Other,Other,False
2024-12-06_14:30,2024-12-06,14:30,2024-12-06 14:30:00+01:00,8,61.29347723136464,59.90047788837122,61.492477137506555,33.33333333333335,10.35994816586922,8,100.0,NFP,Employment,True
2024-12-06_16:00,2024-12-06,16:00,2024-12-06 16:00:00+01:00,6,25.023637772315265,23.7495601289988,30.075435866325535,21.216848673946973,7.462565758172033,6,100.0,CPI,Inflation,True
2024-12-06_19:00,2024-12-06,19:00,2024-12-06 19:00:00+01:00,1,11.24287509813271,11.24287509813271,11.24287509813271,0.8368200836820083,0.8368200836820083,1,100.0,Other,Other,False
2024-12-09_16:00,2024-12-09,16:00,2024-12-09 16:00:00+01:00,3,25.59704075279208,21.052145702001955,30.886023743354997,0.0,0.0,2,66.66666666666666,Other,Other,False
2024-12-09_19:00,2024-12-09,19:00,2024-12-09 19:00:00+01:00,1,9.078303333571974,9.078303333571974,9.078303333571974,0.0,0.0,1,100.0,GDP,GDP/Growth,False
2024-12-10_14:30,2024-12-10,14:30,2024-12-10 14:30:00+01:00,4,20.906971823049417,20.467583678421647,21.34635996767719,46.666666666666664,23.333333333333332,4,100.0,Other,Other,True
2024-12-11_14:30,2024-12-11,14:30,2024-12-11 14:30:00+01:00,9,44.82035621858594,42.012728389432944,46.131002713643156,0.04756770469970004,0.008164918446054381,9,100.0,CPI,Inflation,False
2024-12-11_20:00,2024-12-11,20:00,2024-12-11 20:00:00+01:00,1,14.212383375335397,14.212383375335397,14.212383375335397,3.9660056657223794,3.9660056657223794,1,100.0,Other,Other,False
2024-12-12_14:30,2024-12-12,14:30,2024-12-12 14:30:00+01:00,13,26.010874428765387,24.63864637459446,26.84356289399415,100.0,15.299347050551004,13,100.0,Jobless Claims,Inflation,True
2024-12-12_17:30,2024-12-12,17:30,2024-12-12 17:30:00+01:00,4,24.727665972094,24.727665972094,24.727665972094,0.0,0.0,0,0.0,Other,Other,False
2024-12-13_14:30,2024-12-13,14:30,2024-12-13 14:30:00+01:00,6,28.258218715317863,27.12952123180804,28.822567457072772,150.00000000000003,106.0,5,83.33333333333334,Other,Trade Balance,True
2024-12-13_19:00,2024-12-13,19:00,2024-12-13 19:00:00+01:00,1,11.24287509813271,11.24287509813271,11.24287509813271,0.0,0.0,0,0.0,Other,Other,False
2024-12-16_14:30,2024-12-16,14:30,2024-12-16 14:30:00+01:00,1,35.00725344868514,35.00725344868514,35.00725344868514,98.33333333333334,98.33333333333334,1,100.0,Other,Manufacturing,False
2024-12-16_15:45,2024-12-16,15:45,2024-12-16 15:45:00+01:00,6,41.766197340227556,30.82095851027352,63.305740150233156,5.026929982046673,4.027698607292196,6,100.0,Other,Manufacturing,True
2024-12-17_14:30,2024-12-17,14:30,2024-12-17 14:30:00+01:00,7,26.63493530445499,21.671326457943184,28.542650278268667,50.0,40.0,7,100.0,Retail Sales,Consumer,True
2024-12-17_15:15,2024-12-17,15:15,2024-12-17 15:15:00+01:00,7,19.84881685114106,19.558478311800545,20.23593490359507,500.0,313.42573769481925,7,100.0,Other,Manufacturing,True
2024-12-17_16:00,2024-12-17,16:00,2024-12-17 16:00:00+01:00,2,25.167458751255865,23.851317490042995,26.483600012468738,0.0,0.0,2,100.0,Retail Sales,Consumer,False
2024-12-18_14:30,2024-12-18,14:30,2024-12-18 14:30:00+01:00,3,18.10333620959264,16.802745760029545,20.700023738559334,369.2307692307692,127.50285678864616,3,100.0,Other,Housing,True
2024-12-18_16:30,2024-12-18,16:30,2024-12-18 16:30:00+01:00,2,17.139133862866487,9.078303333571974,25.199964392161,3.2258064516129057,3.2258064516129057,1,50.0,GDP,GDP/Growth,False
2024-12-18_20:00,2024-12-18,20:00,2024-12-18 20:00:00+01:00,13,63.67829035395112,45.77832801413763,75.71116767335741,0.0,0.0,1,7.6923076923076925,Other,Interest Rates,False
2024-12-19_14:30,2024-12-19,14:30,2024-12-19 14:30:00+01:00,24,29.956681524940052,25.339023793709526,39.92706987049297,500.0,33.000217263502286,18,75.0,Jobless Claims,Other,True
2024-12-19_16:00,2024-12-19,16:00,2024-12-19 16:00:00+01:00,2,19.677570075850348,19.677570075850348,19.677570075850348,380.0,190.982800982801,2,100.0,Other,Consumer,False
2024-12-19_17:30,2024-12-19,17:30,2024-12-19 17:30:00+01:00,4,24.727665972094,24.727665972094,24.727665972094,0.0,0.0,0,0.0,Other,Other,False
2024-12-20_14:30,2024-12-20,14:30,2024-12-20 14:30:00+01:00,6,25.206393585313748,25.206393585313748,25.206393585313748,50.0,33.07471264367816,6,100.0,Other,Inflation,True
2024-12-20_16:00,2024-12-20,16:00,2024-12-20 16:00:00+01:00,5,24.01327815351321,23.7495601289988,24.07920765964181,3.448275862068969,2.478917467172578,5,100.0,CPI,Consumer,False
2024-12-20_19:00,2024-12-20,19:00,2024-12-20 19:00:00+01:00,1,11.24287509813271,11.24287509813271,11.24287509813271,0.0,0.0,0,0.0,Other,Other,False
2024-12-23_14:30,2024-12-23,14:30,2024-12-23 14:30:00+01:00,1,20.713211827077785,20.713211827077785,20.713211827077785,19.99999999999999,19.99999999999999,1,100.0,Other,Other,False
2024-12-23_15:30,2024-12-23,15:30,2024-12-23 15:30:00+01:00,8,22.234156180156873,16.80723913018904,23.879877944240754,500.0,153.9275956284153,8,100.0,Other,Other,True
2024-12-23_16:00,2024-12-23,16:00,2024-12-23 16:00:00+01:00,2,18.12142273098937,16.70601113074671,19.53683433123203,7.3451327433628295,4.749489448604493,2,100.0,Other,Consumer,False
2024-12-24_16:00,2024-12-24,16:00,2024-12-24 16:00:00+01:00,3,21.573075198480733,20.88399757339171,22.95123044865877,500.0,246.56084656084656,3,100.0,Other,Manufacturing,True
2024-12-24_17:00,2024-12-24,17:00,2024-12-24 17:00:00+01:00,1,9.078303333571974,9.078303333571974,9.078303333571974,0.0,0.0,1,100.0,GDP,GDP/Growth,False
2024-12-26_14:30,2024-12-26,14:30,2024-12-26 14:30:00+01:00,4,26.467428118922996,25.339023793709526,26.84356289399415,1.866666666666667,1.025716628966758,4,100.0,Jobless Claims,Employment,False
2024-12-26_17:30,2024-12-26,17:30,2024-12-26 17:30:00+01:00,4,24.727665972094,24.727665972094,24.727665972094,0.0,0.0,0,0.0,Other,Other,False
2024-12-27_14:30,2024-12-27,14:30,2024-12-27 14:30:00+01:00,6,26.895082361610992,23.851317490042995,30.886023743354997,200.0,102.89262925479093,4,66.66666666666666,Retail Sales,Consumer,True
2024-12-27_19:00,2024-12-27,19:00,2024-12-27 19:00:00+01:00,2,18.221419745146854,11.24287509813271,25.199964392161,0.0,0.0,1,50.0,Other,Other,False
2025-01-02_14:30,2025-01-02,14:30,2025-01-02 14:30:00+01:00,4,26.467428118922996,25.339023793709526,26.84356289399415,4.954954954954955,3.6944086944086942,2,50.0,Jobless Claims,Employment,False
2025-01-02_15:45,2025-01-02,15:45,2025-01-02 15:45:00+01:00,2,63.30574015023315,63.305740150233135,63.305740150233156,2.2774327122153237,2.2774327122153237,2,100.0,Other,Manufacturing,False
2025-01-02_16:00,2025-01-02,16:00,2025-01-02 16:00:00+01:00,2,100.0,100.0,100.0,0.0,0.0,0,0.0,Other,Consumer,False
2025-01-02_17:00,2025-01-02,17:00,2025-01-02 17:00:00+01:00,1,25.199964392161,25.199964392161,25.199964392161,0.0,0.0,0,0.0,Other,Trade Balance,False
2025-01-02_17:30,2025-01-02,17:30,2025-01-02 17:30:00+01:00,4,24.727665972094,24.727665972094,24.727665972094,0.0,0.0,0,0.0,Other,Other,False
2025-01-03_16:00,2025-01-03,16:00,2025-01-03 16:00:00+01:00,4,92.51628728932027,92.51628728932027,92.51628728932027,5.625000000000005,3.2480722383166745,4,100.0,Other,Manufacturing,True
2025-01-03_17:00,2025-01-03,17:00,2025-01-03 17:00:00+01:00,2,21.46474447136489,9.078303333571974,33.85118560915781,7.692307692307699,7.692307692307699,1,50.0,GDP,GDP/Growth,False
2025-01-03_19:00,2025-01-03,19:00,2025-01-03 19:00:00+01:00,1,11.24287509813271,11.24287509813271,11.24287509813271,0.0,0.0,0,0.0,Other,Other,False
2025-01-06_13:30,2025-01-06,13:30,2025-01-06 13:30:00+01:00,2,31.364571519004034,28.07084641152111,34.65829662648696,0.0,0.0,0,0.0,Other,Consumer,False
2025-01-06_15:45,2025-01-06,15:45,2025-01-06 15:45:00+01:00,4,30.99642593522476,30.82095851027352,31.168134940521725,2.9059829059829108,2.51306212436955,4,100.0,Other,Manufacturing,False
2025-01-06_16:00,2025-01-06,16:00,2025-01-06 16:00:00+01:00,7,24.98546634108644,23.653496162266233,26.55913179216532,33.33333333333335,26.66666666666668,5,71.42857142857143,Other,Other,True
2025-01-07_14:00,2025-01-07,14:00,2025-01-07 14:00:00+01:00,1,33.85118560915781,33.85118560915781,33.85118560915781,0.0,0.0,0,0.0,Other,Other,False
2025-01-07_14:30,2025-01-07,14:30,2025-01-07 14:30:00+01:00,4,26.668334410360565,25.199964392161,29.10611136021945,5.269461077844318,2.303547828919498,4,100.0,Other,Trade Balance,True
2025-01-07_16:00,2025-01-07,16:00,2025-01-07 16:00:00+01:00,17,32.54915359656253,22.62424343039249,34.56334238915411,12.000000000000009,3.9928753882447223,15,88.23529411764706,Other,Manufacturing,True
2025-01-08_14:30,2025-01-08,14:30,2025-01-08 14:30:00+01:00,5,25.46864352117168,21.47350513016643,26.84356289399415,7.79816513761468,3.919640666942341,5,100.0,Jobless Claims,Employment,True
2025-01-08_16:00,2025-01-08,16:00,2025-01-08 16:00:00+01:00,2,27.869488278187138,24.85295281301928,30.886023743354997,0.0,0.0,2,100.0,Other,Other,False
2025-01-08_16:30,2025-01-08,16:30,2025-01-08 16:30:00+01:00,1,25.199964392161,25.199964392161,25.199964392161,0.0,0.0,0,0.0,Other,Trade Balance,False
2025-01-08_20:00,2025-01-08,20:00,2025-01-08 20:00:00+01:00,1,45.77832801413763,45.77832801413763,45.77832801413763,0.0,0.0,0,0.0,Other,Interest Rates,False
2025-01-09_17:30,2025-01-09,17:30,2025-01-09 17:30:00+01:00,5,21.597793444389595,9.078303333571974,24.727665972094,0.0,0.0,1,20.0,GDP,Other,False
2025-01-09_18:45,2025-01-09,18:45,2025-01-09 18:45:00+01:00,1,33.85118560915781,33.85118560915781,33.85118560915781,0.0,0.0,0,0.0,Other,Other,False
2025-01-10_14:30,2025-01-10,14:30,2025-01-10 14:30:00+01:00,10,61.212723814909204,59.90047788837122,61.492477137506555,360.0,68.92343207629833,10,100.0,NFP,Employment,True
2025-01-10_16:00,2025-01-10,16:00,2025-01-10 16:00:00+01:00,6,25.023637772315265,23.7495601289988,30.075435866325535,17.857142857142858,6.1764152084273976,6,100.0,CPI,Inflation,True
2025-01-10_19:00,2025-01-10,19:00,2025-01-10 19:00:00+01:00,1,11.24287509813271,11.24287509813271,11.24287509813271,0.0,0.0,0,0.0,Other,Other,False
2025-01-13_16:00,2025-01-13,16:00,2025-01-13 16:00:00+01:00,1,21.052145702001955,21.052145702001955,21.052145702001955,0.0,0.0,0,0.0,Other,Employment,False
2025-01-14_14:30,2025-01-14,14:30,2025-01-14 14:30:00+01:00,9,25.80796167758423,24.63864637459446,26.730606915833615,66.66666666666666,16.928240896961107,8,88.88888888888889,PPI,Inflation,True
2025-01-14_20:00,2025-01-14,20:00,2025-01-14 20:00:00+01:00,2,14.741375589567504,14.212383375335397,15.270367803799608,16.0,12.375,2,100.0,Other,Other,False
2025-01-15_14:30,2025-01-15,14:30,2025-01-15 14:30:00+01:00,12,43.53475388353433,35.00725344868514,46.131002713643156,500.0,53.95735235149224,10,83.33333333333334,CPI,Inflation,True
2025-01-15_15:20,2025-01-15,15:20,2025-01-15 15:20:00+01:00,1,33.85118560915781,33.85118560915781,33.85118560915781,0.0,0.0,0,0.0,Other,Other,False
2025-01-15_16:30,2025-01-15,16:30,2025-01-15 16:30:00+01:00,1,25.199964392161,25.199964392161,25.199964392161,0.0,0.0,0,0.0,Other,Trade Balance,False
2025-01-16_14:30,2025-01-16,14:30,2025-01-16 14:30:00+01:00,23,26.872914595120154,21.671326457943184,28.822567457072772,500.0,38.359415505628334,18,78.26086956521739,Retail Sales,Consumer,True
2025-01-16_16:00,2025-01-16,16:00,2025-01-16 16:00:00+01:00,2,25.167458751255865,23.851317490042995,26.483600012468738,16.666666666666664,16.666666666666664,2,100.0,Retail Sales,Consumer,False
2025-01-16_17:30,2025-01-16,17:30,2025-01-16 17:30:00+01:00,4,24.727665972094,24.727665972094,24.727665972094,0.0,0.0,0,0.0,Other,Other,False
2025-01-16_19:00,2025-01-16,19:00,2025-01-16 19:00:00+01:00,1,9.078303333571974,9.078303333571974,9.078303333571974,11.111111111111104,11.111111111111104,1,100.0,GDP,GDP/Growth,False
2025-01-17_14:30,2025-01-17,14:30,2025-01-17 14:30:00+01:00,2,17.154268441214487,16.802745760029545,17.50579112239943,500.0,500.0,2,100.0,Other,Housing,False
2025-01-17_15:15,2025-01-17,15:15,2025-01-17 15:15:00+01:00,7,19.84881685114106,19.558478311800545,20.23593490359507,200.00000000000006,166.7965367965368,6,85.71428571428571,Other,Manufacturing,True
2025-01-17_18:15,2025-01-17,18:15,2025-01-17 18:15:00+01:00,1,9.078303333571974,9.078303333571974,9.078303333571974,0.0,0.0,1,100.0,GDP,GDP/Growth,False
2025-01-17_19:00,2025-01-17,19:00,2025-01-17 19:00:00+01:00,1,11.24287509813271,11.24287509813271,11.24287509813271,0.0,0.0,0,0.0,Other,Other,False
2025-01-23_14:30,2025-01-23,14:30,2025-01-23 14:30:00+01:00,4,26.467428118922996,25.339023793709526,26.84356289399415,2.0967741935483875,0.9824735313149671,4,100.0,Jobless Claims,Employment,False
2025-01-23_17:30,2025-01-23,17:30,2025-01-23 17:30:00+01:00,4,24.727665972094,24.727665972094,24.727665972094,0.0,0.0,0,0.0,Other,Other,False
2025-01-23_18:00,2025-01-23,18:00,2025-01-23 18:00:00+01:00,1,25.199964392161,25.199964392161,25.199964392161,0.0,0.0,0,0.0,Other,Trade Balance,False
2025-01-24_15:45,2025-01-24,15:45,2025-01-24 15:45:00+01:00,6,41.766197340227556,30.82095851027352,63.305740150233156,6.548672566371687,4.199208168618897,6,100.0,Other,Manufacturing,True
2025-01-24_16:00,2025-01-24,16:00,2025-01-24 16:00:00+01:00,8,23.687120848199033,19.677570075850348,30.075435866325535,500.0,64.5514057136682,8,100.0,CPI,Consumer,True
2025-01-24_19:00,2025-01-24,19:00,2025-01-24 19:00:00+01:00,1,11.24287509813271,11.24287509813271,11.24287509813271,0.0,0.0,0,0.0,Other,Other,False
2025-01-27_13:30,2025-01-27,13:30,2025-01-27 13:30:00+01:00,1,16.80723913018904,16.80723913018904,16.80723913018904,0.0,0.0,1,100.0,Other,Housing,False
2025-01-27_14:30,2025-01-27,14:30,2025-01-27 14:30:00+01:00,1,20.713211827077785,20.713211827077785,20.713211827077785,49.999999999999986,49.999999999999986,1,100.0,Other,Other,False
2025-01-27_16:00,2025-01-27,16:00,2025-01-27 16:00:00+01:00,1,16.70601113074671,16.70601113074671,16.70601113074671,4.1791044776119275,4.1791044776119275,1,100.0,Other,Consumer,False
2025-01-28_14:30,2025-01-28,14:30,2025-01-28 14:30:00+01:00,9,23.169680381521506,20.88430992285662,23.879877944240754,500.0,225.00000000000003,7,77.77777777777779,Other,Other,True
2025-01-28_16:00,2025-01-28,16:00,2025-01-28 16:00:00+01:00,5,19.774446006081593,14.616170103733737,22.95123044865877,80.95238095238095,42.665043290043286,5,100.0,Other,Manufacturing,True
2025-01-29_14:30,2025-01-29,14:30,2025-01-29 14:30:00+01:00,6,26.895082361610992,23.851317490042995,30.886023743354997,349.99999999999994,138.50866719177017,6,100.0,Retail Sales,Consumer,True
2025-01-29_16:30,2025-01-29,16:30,2025-01-29 16:30:00+01:00,2,17.139133862866487,9.078303333571974,25.199964392161,28.12500000000001,28.12500000000001,1,50.0,GDP,GDP/Growth,False
2025-01-29_20:00,2025-01-29,20:00,2025-01-29 20:00:00+01:00,2,47.14814560258405,45.77832801413763,48.517963191030475,0.0,0.0,1,50.0,Other,Interest Rates,False
2025-01-30_14:30,2025-01-30,14:30,2025-01-30 14:30:00+01:00,18,31.428307608299708,25.339023793709526,39.92706987049297,109.09090909090907,21.72998200169249,17,94.44444444444444,Jobless Claims,GDP/Growth,True
2025-01-30_17:30,2025-01-30,17:30,2025-01-30 17:30:00+01:00,4,24.727665972094,24.727665972094,24.727665972094,0.0,0.0,0,0.0,Other,Other,False
2025-01-31_14:30,2025-01-31,14:30,2025-01-31 14:30:00+01:00,7,25.52855974769303,25.206393585313748,25.958114630865403,39.99999999999999,11.83673469387755,7,100.0,Other,Employment,True
2025-01-31_16:30,2025-01-31,16:30,2025-01-31 16:30:00+01:00,1,9.078303333571974,9.078303333571974,9.078303333571974,0.0,0.0,0,0.0,GDP,GDP/Growth,False
2025-01-31_19:00,2025-01-31,19:00,2025-01-31 19:00:00+01:00,1,11.24287509813271,11.24287509813271,11.24287509813271,2.3504273504273505,2.3504273504273505,1,100.0,Other,Other,False
2025-02-03_15:45,2025-02-03,15:45,2025-02-03 15:45:00+01:00,2,63.30574015023315,63.305740150233135,63.305740150233156,2.1956087824351327,2.1956087824351327,2,100.0,Other,Manufacturing,False
2025-02-03_16:00,2025-02-03,16:00,2025-02-03 16:00:00+01:00,6,95.01085819288018,92.51628728932027,100.0,149.99999999999997,52.99313268621919,6,100.0,Other,Manufacturing,True
2025-02-03_18:00,2025-02-03,18:00,2025-02-03 18:00:00+01:00,1,9.078303333571974,9.078303333571974,9.078303333571974,34.48275862068966,34.48275862068966,1,100.0,GDP,GDP/Growth,False
2025-02-04_13:30,2025-02-04,13:30,2025-02-04 13:30:00+01:00,2,31.364571519004034,28.07084641152111,34.65829662648696,0.0,0.0,0,0.0,Other,Consumer,False
2025-02-04_16:00,2025-02-04,16:00,2025-02-04 16:00:00+01:00,9,24.460750138710008,22.62424343039249,26.55913179216532,50.0,16.46741277156024,7,77.77777777777779,Other,Other,True
2025-02-05_14:30,2025-02-05,14:30,2025-02-05 14:30:00+01:00,5,26.636674755360957,25.199964392161,29.10611136021945,2.788732394366191,2.0846389001600327,4,80.0,Other,Trade Balance,False
2025-02-05_15:00,2025-02-05,15:00,2025-02-05 15:00:00+01:00,1,33.85118560915781,33.85118560915781,33.85118560915781,0.0,0.0,0,0.0,Other,Other,False
2025-02-05_15:45,2025-02-05,15:45,2025-02-05 15:45:00+01:00,4,30.99642593522476,30.82095851027352,31.168134940521725,0.5725190839694738,0.38095651168170797,4,100.0,Other,Manufacturing,False
2025-02-05_16:00,2025-02-05,16:00,2025-02-05 16:00:00+01:00,15,33.872474952051874,32.4907400778474,34.56334238915411,6.790123456790122,4.005676851403618,7,46.666666666666664,Other,Manufacturing,False
2025-02-05_16:30,2025-02-05,16:30,2025-02-05 16:30:00+01:00,1,25.199964392161,25.199964392161,25.199964392161,0.0,0.0,0,0.0,Other,Trade Balance,False
2025-02-06_14:30,2025-02-06,14:30,2025-02-06 14:30:00+01:00,8,23.687199970986207,20.467583678421647,26.84356289399415,14.285714285714283,7.116681190658971,8,100.0,Jobless Claims,Employment,True
2025-02-06_16:00,2025-02-06,16:00,2025-02-06 16:00:00+01:00,1,21.47350513016643,21.47350513016643,21.47350513016643,0.0,0.0,0,0.0,Other,Consumer,False
2025-02-06_17:30,2025-02-06,17:30,2025-02-06 17:30:00+01:00,4,24.727665972094,24.727665972094,24.727665972094,0.0,0.0,0,0.0,Other,Other,False
2025-02-07_14:30,2025-02-07,14:30,2025-02-07 14:30:00+01:00,8,61.29347723136464,59.90047788837122,61.492477137506555,250.0,40.779475037151904,8,100.0,NFP,Employment,True
2025-02-07_16:00,2025-02-07,16:00,2025-02-07 16:00:00+01:00,7,25.861121482463798,23.7495601289988,30.886023743354997,26.47058823529412,6.283498894615933,7,100.0,CPI,Inflation,True
2025-02-07_18:00,2025-02-07,18:00,2025-02-07 18:00:00+01:00,1,9.078303333571974,9.078303333571974,9.078303333571974,0.0,0.0,1,100.0,GDP,GDP/Growth,False
2025-02-07_19:00,2025-02-07,19:00,2025-02-07 19:00:00+01:00,1,11.24287509813271,11.24287509813271,11.24287509813271,0.0,0.0,0,0.0,Other,Other,False
2025-02-10_16:00,2025-02-10,16:00,2025-02-10 16:00:00+01:00,1,21.052145702001955,21.052145702001955,21.052145702001955,0.0,0.0,0,0.0,Other,Employment,False
2025-02-10_17:00,2025-02-10,17:00,2025-02-10 17:00:00+01:00,1,23.7495601289988,23.7495601289988,23.7495601289988,0.0,0.0,0,0.0,CPI,Inflation,False
2025-02-12_14:30,2025-02-12,14:30,2025-02-12 14:30:00+01:00,8,43.79989832281228,40.7828449344552,45.70384828422969,66.66666666666667,27.881616532779333,6,75.0,CPI,Inflation,True
2025-02-12_16:30,2025-02-12,16:30,2025-02-12 16:30:00+01:00,1,25.199964392161,25.199964392161,25.199964392161,0.0,0.0,0,0.0,Other,Trade Balance,False
2025-02-12_20:00,2025-02-12,20:00,2025-02-12 20:00:00+01:00,2,14.741375589567504,14.212383375335397,15.270367803799608,46.42451759364359,46.42451759364359,2,100.0,Other,Other,False
2025-02-13_14:30,2025-02-13,14:30,2025-02-13 14:30:00+01:00,13,26.010874428765387,24.63864637459446,26.84356289399415,49.999999999999986,9.712820940954076,13,100.0,Jobless Claims,Inflation,True
2025-02-13_17:30,2025-02-13,17:30,2025-02-13 17:30:00+01:00,4,24.727665972094,24.727665972094,24.727665972094,0.0,0.0,0,0.0,Other,Other,False
2025-02-14_14:30,2025-02-14,14:30,2025-02-14 14:30:00+01:00,5,27.977398659684418,27.12952123180804,28.542650278268667,349.99999999999994,129.276201667506,5,100.0,Retail Sales,Consumer,True
2025-02-14_15:15,2025-02-14,15:15,2025-02-14 15:15:00+01:00,3,20.23593490359507,20.23593490359507,20.23593490359507,200.0,88.93178893178894,3,100.0,Other,Manufacturing,True
2025-02-14_16:00,2025-02-14,16:00,2025-02-14 16:00:00+01:00,2,25.167458751255865,23.851317490042995,26.483600012468738,150.00000000000003,150.00000000000003,2,100.0,Retail Sales,Consumer,False
2025-02-14_19:00,2025-02-14,19:00,2025-02-14 19:00:00+01:00,2,10.160589215852342,9.078303333571974,11.24287509813271,20.689655172413797,20.689655172413797,1,50.0,GDP,GDP/Growth,False
2025-02-18_14:30,2025-02-18,14:30,2025-02-18 14:30:00+01:00,1,35.00725344868514,35.00725344868514,35.00725344868514,500.0,500.0,1,100.0,Other,Manufacturing,False
2025-02-19_14:30,2025-02-19,14:30,2025-02-19 14:30:00+01:00,2,17.154268441214487,16.802745760029545,17.50579112239943,8.888888888888896,5.6587301587301555,2,100.0,Other,Housing,False
2025-02-19_16:30,2025-02-19,16:30,2025-02-19 16:30:00+01:00,1,9.078303333571974,9.078303333571974,9.078303333571974,0.0,0.0,1,100.0,GDP,GDP/Growth,False
2025-02-19_20:00,2025-02-19,20:00,2025-02-19 20:00:00+01:00,1,45.77832801413763,45.77832801413763,45.77832801413763,0.0,0.0,0,0.0,Other,Interest Rates,False
2025-02-20_14:30,2025-02-20,14:30,2025-02-20 14:30:00+01:00,9,26.30490583010688,26.035577298163243,26.84356289399415,9.499999999999993,3.281567454807807,4,44.44444444444444,Jobless Claims,Employment,False
2025-02-20_17:30,2025-02-20,17:30,2025-02-20 17:30:00+01:00,4,24.727665972094,24.727665972094,24.727665972094,0.0,0.0,0,0.0,Other,Other,False
2025-02-20_18:00,2025-02-20,18:00,2025-02-20 18:00:00+01:00,1,25.199964392161,25.199964392161,25.199964392161,0.0,0.0,0,0.0,Other,Trade Balance,False
2025-02-21_15:45,2025-02-21,15:45,2025-02-21 15:45:00+01:00,6,41.766197340227556,30.82095851027352,63.305740150233156,6.226415094339617,3.594972075777585,6,100.0,Other,Manufacturing,True
2025-02-21_16:00,2025-02-21,16:00,2025-02-21 16:00:00+01:00,8,23.687120848199033,19.677570075850348,30.075435866325535,188.23529411764707,26.138659388949776,8,100.0,CPI,Consumer,True
2025-02-21_19:00,2025-02-21,19:00,2025-02-21 19:00:00+01:00,1,11.24287509813271,11.24287509813271,11.24287509813271,0.0,0.0,0,0.0,Other,Other,False
2025-02-24_14:30,2025-02-24,14:30,2025-02-24 14:30:00+01:00,1,20.713211827077785,20.713211827077785,20.713211827077785,114.28571428571428,114.28571428571428,1,100.0,Other,Other,False
2025-02-25_16:00,2025-02-25,16:00,2025-02-25 16:00:00+01:00,4,21.064014981668556,19.53683433123203,22.95123044865877,400.0,190.31010452961672,4,100.0,Other,Manufacturing,True
2025-02-25_19:00,2025-02-25,19:00,2025-02-25 19:00:00+01:00,1,33.85118560915781,33.85118560915781,33.85118560915781,0.0,0.0,0,0.0,Other,Other,False
2025-02-26_14:30,2025-02-26,14:30,2025-02-26 14:30:00+01:00,2,25.329212369673424,16.80723913018904,33.85118560915781,500.0,500.0,1,50.0,Other,Housing,False
2025-02-26_16:00,2025-02-26,16:00,2025-02-26 16:00:00+01:00,2,20.952987761453855,16.70601113074671,25.199964392161,3.3823529411764732,3.3823529411764732,1,50.0,Other,Consumer,False
2025-02-27_14:00,2025-02-27,14:00,2025-02-27 14:00:00+01:00,2,25.329212369673424,16.80723913018904,33.85118560915781,0.0,0.0,0,0.0,Other,Housing,False
2025-02-27_14:30,2025-02-27,14:30,2025-02-27 14:30:00+01:00,26,28.803755253437643,20.88430992285662,39.92706987049297,166.66666666666669,22.918685179554746,21,80.76923076923077,Jobless Claims,Other,True
2025-02-27_17:30,2025-02-27,17:30,2025-02-27 17:30:00+01:00,4,24.727665972094,24.727665972094,24.727665972094,0.0,0.0,0,0.0,Other,Other,False
2025-02-28_14:30,2025-02-28,14:30,2025-02-28 14:30:00+01:00,12,26.050737973462372,23.851317490042995,30.886023743354997,500.0,180.478235326539,12,100.0,Retail Sales,Inflation,True
2025-02-28_17:05,2025-02-28,17:05,2025-02-28 17:05:00+01:00,1,9.078303333571974,9.078303333571974,9.078303333571974,165.2173913043478,165.2173913043478,1,100.0,GDP,GDP/Growth,False
2025-02-28_19:00,2025-02-28,19:00,2025-02-28 19:00:00+01:00,1,11.24287509813271,11.24287509813271,11.24287509813271,0.0,0.0,0,0.0,Other,Other,False
2025-03-03_15:45,2025-03-03,15:45,2025-03-03 15:45:00+01:00,2,63.30574015023315,63.305740150233135,63.305740150233156,2.131782945736437,2.131782945736437,2,100.0,Other,Manufacturing,False
2025-03-03_16:00,2025-03-03,16:00,2025-03-03 16:00:00+01:00,6,95.01085819288018,92.51628728932027,100.0,166.66666666666669,60.494103898838716,6,100.0,Other,Manufacturing,True
2025-03-04_14:00,2025-03-04,14:00,2025-03-04 14:00:00+01:00,2,31.364571519004034,28.07084641152111,34.65829662648696,0.0,0.0,0,0.0,Other,Consumer,False
2025-03-04_20:20,2025-03-04,20:20,2025-03-04 20:20:00+01:00,1,33.85118560915781,33.85118560915781,33.85118560915781,0.0,0.0,0,0.0,Other,Other,False
2025-03-05_15:45,2025-03-05,15:45,2025-03-05 15:45:00+01:00,2,31.008051649701212,30.8479683588807,31.168134940521725,2.6156941649899337,2.4983232729711604,2,100.0,Other,Manufacturing,False
2025-03-05_16:00,2025-03-05,16:00,2025-03-05 16:00:00+01:00,8,30.26638697071662,26.55913179216532,32.4907400778474,33.33333333333333,7.206839550806788,8,100.0,Other,Other,True
2025-03-05_17:00,2025-03-05,17:00,2025-03-05 17:00:00+01:00,14,31.4895923501893,23.653496162266233,34.56334238915411,4.333333333333336,3.1190476190476204,4,28.57142857142857,Other,Manufacturing,False
2025-03-05_17:30,2025-03-05,17:30,2025-03-05 17:30:00+01:00,1,25.199964392161,25.199964392161,25.199964392161,0.0,0.0,0,0.0,Other,Trade Balance,False
2025-03-06_14:30,2025-03-06,14:30,2025-03-06 14:30:00+01:00,11,24.278620549919314,20.467583678421647,26.84356289399415,26.66666666666666,10.669883448917163,11,100.0,Jobless Claims,Employment,True
2025-03-06_15:00,2025-03-06,15:00,2025-03-06 15:00:00+01:00,1,21.47350513016643,21.47350513016643,21.47350513016643,0.0,0.0,0,0.0,Other,Consumer,False
2025-03-06_15:30,2025-03-06,15:30,2025-03-06 15:30:00+01:00,1,29.10611136021945,29.10611136021945,29.10611136021945,2.416212003117688,2.416212003117688,1,100.0,Other,Trade Balance,False
2025-03-06_16:00,2025-03-06,16:00,2025-03-06 16:00:00+01:00,2,27.869488278187138,24.85295281301928,30.886023743354997,14.285714285714299,14.285714285714299,2,100.0,Other,Other,False
2025-03-06_17:30,2025-03-06,17:30,2025-03-06 17:30:00+01:00,4,24.727665972094,24.727665972094,24.727665972094,0.0,0.0,0,0.0,Other,Other,False
2025-03-06_20:00,2025-03-06,20:00,2025-03-06 20:00:00+01:00,1,9.078303333571974,9.078303333571974,9.078303333571974,14.285714285714283,14.285714285714283,1,100.0,GDP,GDP/Growth,False
2025-03-07_14:30,2025-03-07,14:30,2025-03-07 14:30:00+01:00,8,61.29347723136464,59.90047788837122,61.492477137506555,155.0,37.877905311847925,7,87.5,NFP,Employment,True
2025-03-07_19:00,2025-03-07,19:00,2025-03-07 19:00:00+01:00,1,11.24287509813271,11.24287509813271,11.24287509813271,0.0,0.0,0,0.0,Other,Other,False
2025-03-10_15:00,2025-03-10,15:00,2025-03-10 15:00:00+01:00,1,21.052145702001955,21.052145702001955,21.052145702001955,0.0,0.0,0,0.0,Other,Employment,False
2025-03-11_15:00,2025-03-11,15:00,2025-03-11 15:00:00+01:00,2,22.62424343039249,22.62424343039249,22.62424343039249,1.7445482866043631,1.5931129375354733,2,100.0,Other,Other,False
2025-03-12_13:30,2025-03-12,13:30,2025-03-12 13:30:00+01:00,5,43.35187704179871,40.7828449344552,45.13412286023265,3.448275862068969,1.6717046840264258,4,80.0,CPI,Inflation,False
2025-03-12_14:30,2025-03-12,14:30,2025-03-12 14:30:00+01:00,1,25.199964392161,25.199964392161,25.199964392161,0.0,0.0,0,0.0,Other,Trade Balance,False
2025-03-12_19:00,2025-03-12,19:00,2025-03-12 19:00:00+01:00,2,14.741375589567504,14.212383375335397,15.270367803799608,1.487603305785124,1.3704507294097144,2,100.0,Other,Other,False
2025-03-13_13:30,2025-03-13,13:30,2025-03-13 13:30:00+01:00,13,26.010874428765387,24.63864637459446,26.84356289399415,133.33333333333334,24.191033474784515,13,100.0,Jobless Claims,Inflation,True
2025-03-13_16:30,2025-03-13,16:30,2025-03-13 16:30:00+01:00,4,24.727665972094,24.727665972094,24.727665972094,0.0,0.0,0,0.0,Other,Other,False
2025-03-14_15:00,2025-03-14,15:00,2025-03-14 15:00:00+01:00,6,25.023637772315265,23.7495601289988,30.075435866325535,15.707620528771377,9.19063400272471,5,83.33333333333334,CPI,Inflation,True
2025-03-14_18:00,2025-03-14,18:00,2025-03-14 18:00:00+01:00,1,11.24287509813271,11.24287509813271,11.24287509813271,0.0,0.0,0,0.0,Other,Other,False
2025-03-17_13:30,2025-03-17,13:30,2025-03-17 13:30:00+01:00,8,27.68147507248376,21.671326457943184,35.00725344868514,500.0,127.85714285714286,8,100.0,Retail Sales,Consumer,True
2025-03-17_15:00,2025-03-17,15:00,2025-03-17 15:00:00+01:00,2,25.167458751255865,23.851317490042995,26.483600012468738,24.999999999999993,24.999999999999993,2,100.0,Retail Sales,Consumer,False
2025-03-17_18:00,2025-03-17,18:00,2025-03-17 18:00:00+01:00,1,9.078303333571974,9.078303333571974,9.078303333571974,12.499999999999993,12.499999999999993,1,100.0,GDP,GDP/Growth,False
2025-03-18_13:30,2025-03-18,13:30,2025-03-18 13:30:00+01:00,8,25.482231146792017,16.802745760029545,28.822567457072772,500.0,162.97101449275362,8,100.0,Other,Trade Balance,True
2025-03-18_14:15,2025-03-18,14:15,2025-03-18 14:15:00+01:00,7,19.84881685114106,19.558478311800545,20.23593490359507,249.99999999999994,140.82834567913366,7,100.0,Other,Manufacturing,True
2025-03-18_17:30,2025-03-18,17:30,2025-03-18 17:30:00+01:00,1,9.078303333571974,9.078303333571974,9.078303333571974,14.285714285714288,14.285714285714288,1,100.0,GDP,GDP/Growth,False
2025-03-19_14:30,2025-03-19,14:30,2025-03-19 14:30:00+01:00,1,25.199964392161,25.199964392161,25.199964392161,0.0,0.0,0,0.0,Other,Trade Balance,False
2025-03-19_19:00,2025-03-19,19:00,2025-03-19 19:00:00+01:00,11,61.490494477695435,45.77832801413763,64.67768311660907,0.0,0.0,1,9.090909090909092,Other,Interest Rates,False
2025-03-20_13:30,2025-03-20,13:30,2025-03-20 13:30:00+01:00,11,25.707563636657344,20.700023738559334,26.84356289399415,47.05882352941176,9.332290299658494,6,54.54545454545454,Jobless Claims,Employment,True
2025-03-20_15:00,2025-03-20,15:00,2025-03-20 15:00:00+01:00,2,19.677570075850348,19.677570075850348,19.677570075850348,500.0,253.9240506329114,2,100.0,Other,Consumer,False
2025-03-20_16:30,2025-03-20,16:30,2025-03-20 16:30:00+01:00,4,24.727665972094,24.727665972094,24.727665972094,0.0,0.0,0,0.0,Other,Other,False
2025-03-21_18:00,2025-03-21,18:00,2025-03-21 18:00:00+01:00,1,11.24287509813271,11.24287509813271,11.24287509813271,0.0,0.0,0,0.0,Other,Other,False
2025-03-24_13:30,2025-03-24,13:30,2025-03-24 13:30:00+01:00,1,20.713211827077785,20.713211827077785,20.713211827077785,124.99999999999997,124.99999999999997,1,100.0,Other,Other,False
2025-03-24_14:45,2025-03-24,14:45,2025-03-24 14:45:00+01:00,6,41.766197340227556,30.82095851027352,63.305740150233156,6.889763779527559,4.878087595387496,6,100.0,Other,Manufacturing,True
2025-03-25_12:40,2025-03-25,12:40,2025-03-25 12:40:00+01:00,1,16.80723913018904,16.80723913018904,16.80723913018904,0.20604395604396386,0.20604395604396386,1,100.0,Other,Housing,False
2025-03-25_15:00,2025-03-25,15:00,2025-03-25 15:00:00+01:00,5,20.192414211484184,16.70601113074671,22.95123044865877,450.0,218.90070921985816,5,100.0,Other,Consumer,True
2025-03-26_13:30,2025-03-26,13:30,2025-03-26 13:30:00+01:00,8,23.08993830916652,20.88430992285662,23.879877944240754,250.0,204.28571428571428,7,87.5,Other,Other,True
2025-03-26_15:30,2025-03-26,15:30,2025-03-26 15:30:00+01:00,2,17.139133862866487,9.078303333571974,25.199964392161,0.0,0.0,1,50.0,GDP,GDP/Growth,False
2025-03-27_13:30,2025-03-27,13:30,2025-03-27 13:30:00+01:00,25,30.24626116903882,23.851317490042995,39.92706987049297,500.0,30.93542503799248,25,100.0,Retail Sales,GDP/Growth,True
2025-03-27_16:30,2025-03-27,16:30,2025-03-27 16:30:00+01:00,4,24.727665972094,24.727665972094,24.727665972094,0.0,0.0,0,0.0,Other,Other,False
2025-03-27_21:30,2025-03-27,21:30,2025-03-27 21:30:00+01:00,1,33.85118560915781,33.85118560915781,33.85118560915781,0.0,0.0,0,0.0,Other,Other,False
2025-03-28_13:30,2025-03-28,13:30,2025-03-28 13:30:00+01:00,6,25.206393585313748,25.206393585313748,25.206393585313748,100.0,31.111111111111114,6,100.0,Other,Inflation,True
2025-03-28_15:00,2025-03-28,15:00,2025-03-28 15:00:00+01:00,6,25.023637772315265,23.7495601289988,30.075435866325535,5.1282051282051215,2.879350198865943,6,100.0,CPI,Inflation,True
2025-03-28_18:00,2025-03-28,18:00,2025-03-28 18:00:00+01:00,1,11.24287509813271,11.24287509813271,11.24287509813271,0.0,0.0,0,0.0,Other,Other,False
2025-03-29_16:30,2025-03-29,16:30,2025-03-29 16:30:00+01:00,4,24.727665972094,24.727665972094,24.727665972094,0.0,0.0,0,0.0,Other,Other,False
2025-04-01_15:00,2025-04-01,15:00,2025-04-01 15:00:00+02:00,1,33.85118560915781,33.85118560915781,33.85118560915781,0.0,0.0,0,0.0,Other,Other,False
2025-04-01_15:45,2025-04-01,15:45,2025-04-01 15:45:00+02:00,2,63.30574015023315,63.305740150233135,63.305740150233156,0.8032128514056338,0.8032128514056338,2,100.0,Other,Manufacturing,False
2025-04-01_16:00,2025-04-01,16:00,2025-04-01 16:00:00+02:00,8,76.91420450225826,22.62424343039249,100.0,133.33333333333331,36.0142113641179,8,100.0,Other,Manufacturing,True
2025-04-01_19:00,2025-04-01,19:00,2025-04-01 19:00:00+02:00,1,9.078303333571974,9.078303333571974,9.078303333571974,32.14285714285715,32.14285714285715,1,100.0,GDP,GDP/Growth,False
2025-04-02_15:00,2025-04-02,15:00,2025-04-02 15:00:00+02:00,1,21.47350513016643,21.47350513016643,21.47350513016643,11.76100628930817,11.76100628930817,1,100.0,Other,Consumer,False
2025-04-02_15:30,2025-04-02,15:30,2025-04-02 15:30:00+02:00,2,31.364571519004034,28.07084641152111,34.65829662648696,0.0,0.0,0,0.0,Other,Consumer,False
2025-04-02_16:00,2025-04-02,16:00,2025-04-02 16:00:00+02:00,8,24.54647118972144,21.47350513016643,26.55913179216532,42.85714285714285,16.57142857142857,5,62.5,Other,Other,True
2025-04-02_16:30,2025-04-02,16:30,2025-04-02 16:30:00+02:00,1,25.199964392161,25.199964392161,25.199964392161,0.0,0.0,0,0.0,Other,Trade Balance,False
2025-04-03_14:30,2025-04-03,14:30,2025-04-03 14:30:00+02:00,8,26.567881264641777,25.199964392161,29.10611136021945,2.7675276752767526,1.725898565613887,7,87.5,Jobless Claims,Employment,False
2025-04-03_15:45,2025-04-03,15:45,2025-04-03 15:45:00+02:00,4,30.99642593522476,30.82095851027352,31.168134940521725,0.18416206261510393,0.09208103130755196,4,100.0,Other,Manufacturing,False
2025-04-03_16:00,2025-04-03,16:00,2025-04-03 16:00:00+02:00,15,33.872474952051874,32.4907400778474,34.56334238915411,12.830188679245277,5.779691790749997,13,86.66666666666667,Other,Manufacturing,True
2025-04-03_17:30,2025-04-03,17:30,2025-04-03 17:30:00+02:00,4,24.727665972094,24.727665972094,24.727665972094,0.0,0.0,0,0.0,Other,Other,False
2025-04-03_18:30,2025-04-03,18:30,2025-04-03 18:30:00+02:00,1,9.078303333571974,9.078303333571974,9.078303333571974,24.324324324324333,24.324324324324333,1,100.0,GDP,GDP/Growth,False
2025-04-04_14:30,2025-04-04,14:30,2025-04-04 14:30:00+02:00,10,61.212723814909204,59.90047788837122,61.492477137506555,480.0,69.61833039514525,10,100.0,NFP,Employment,True
2025-04-04_19:00,2025-04-04,19:00,2025-04-04 19:00:00+02:00,1,11.24287509813271,11.24287509813271,11.24287509813271,1.2422360248447204,1.2422360248447204,1,100.0,Other,Other,False
2025-04-07_16:00,2025-04-07,16:00,2025-04-07 16:00:00+02:00,1,21.052145702001955,21.052145702001955,21.052145702001955,0.0,0.0,0,0.0,Other,Employment,False
2025-04-09_16:00,2025-04-09,16:00,2025-04-09 16:00:00+02:00,2,27.869488278187138,24.85295281301928,30.886023743354997,0.0,0.0,2,100.0,Other,Other,False
2025-04-09_16:30,2025-04-09,16:30,2025-04-09 16:30:00+02:00,1,25.199964392161,25.199964392161,25.199964392161,0.0,0.0,0,0.0,Other,Trade Balance,False
2025-04-09_18:30,2025-04-09,18:30,2025-04-09 18:30:00+02:00,1,33.85118560915781,33.85118560915781,33.85118560915781,0.0,0.0,0,0.0,Other,Other,False
2025-04-09_20:00,2025-04-09,20:00,2025-04-09 20:00:00+02:00,1,45.77832801413763,45.77832801413763,45.77832801413763,0.0,0.0,0,0.0,Other,Interest Rates,False
2025-04-10_14:30,2025-04-10,14:30,2025-04-10 14:30:00+02:00,15,39.55196704196125,25.339023793709526,46.131002713643156,200.0,27.696471812772334,13,86.66666666666667,CPI,Inflation,True
2025-04-10_17:30,2025-04-10,17:30,2025-04-10 17:30:00+02:00,4,24.727665972094,24.727665972094,24.727665972094,0.0,0.0,0,0.0,Other,Other,False
2025-04-10_20:00,2025-04-10,20:00,2025-04-10 20:00:00+02:00,2,14.741375589567504,14.212383375335397,15.270367803799608,38.91285591026746,35.43275931608048,2,100.0,Other,Other,False
2025-04-11_14:30,2025-04-11,14:30,2025-04-11 14:30:00+02:00,7,25.818087226066393,24.63864637459446,26.730606915833615,300.00000000000006,47.89684634519206,7,100.0,PPI,Inflation,True
2025-04-11_16:00,2025-04-11,16:00,2025-04-11 16:00:00+02:00,6,25.023637772315265,23.7495601289988,30.075435866325535,34.0,10.941390144301666,6,100.0,CPI,Inflation,True
2025-04-11_19:00,2025-04-11,19:00,2025-04-11 19:00:00+02:00,1,11.24287509813271,11.24287509813271,11.24287509813271,0.0,0.0,0,0.0,Other,Other,False
2025-04-14_18:00,2025-04-14,18:00,2025-04-14 18:00:00+02:00,1,33.85118560915781,33.85118560915781,33.85118560915781,0.0,0.0,0,0.0,Other,Other,False
2025-04-15_14:30,2025-04-15,14:30,2025-04-15 14:30:00+02:00,7,29.22236653437033,27.12952123180804,35.00725344868514,200.0,62.856321839080465,6,85.71428571428571,Other,Trade Balance,True
2025-04-15_17:35,2025-04-15,17:35,2025-04-15 17:35:00+02:00,1,33.85118560915781,33.85118560915781,33.85118560915781,0.0,0.0,0,0.0,Other,Other,False
2025-04-16_14:30,2025-04-16,14:30,2025-04-16 14:30:00+02:00,3,28.542650278268667,28.542650278268667,28.542650278268667,166.66666666666669,88.8888888888889,3,100.0,Retail Sales,Consumer,True
2025-04-16_15:15,2025-04-16,15:15,2025-04-16 15:15:00+02:00,7,19.84881685114106,19.558478311800545,20.23593490359507,58.333333333333336,26.227106227106226,7,100.0,Other,Manufacturing,True
2025-04-16_16:00,2025-04-16,16:00,2025-04-16 16:00:00+02:00,2,25.167458751255865,23.851317490042995,26.483600012468738,0.0,0.0,2,100.0,Retail Sales,Consumer,False
2025-04-16_16:30,2025-04-16,16:30,2025-04-16 16:30:00+02:00,1,25.199964392161,25.199964392161,25.199964392161,0.0,0.0,0,0.0,Other,Trade Balance,False
2025-04-16_19:00,2025-04-16,19:00,2025-04-16 19:00:00+02:00,1,9.078303333571974,9.078303333571974,9.078303333571974,21.428571428571416,21.428571428571416,1,100.0,GDP,GDP/Growth,False
2025-04-17_14:30,2025-04-17,14:30,2025-04-17 14:30:00+02:00,13,24.092227098253034,16.802745760029545,26.84356289399415,500.0,79.35187387075506,8,61.53846153846154,Jobless Claims,Employment,True
2025-04-17_16:00,2025-04-17,16:00,2025-04-17 16:00:00+02:00,4,24.727665972094,24.727665972094,24.727665972094,0.0,0.0,0,0.0,Other,Other,False
2025-04-17_16:30,2025-04-17,16:30,2025-04-17 16:30:00+02:00,1,9.078303333571974,9.078303333571974,9.078303333571974,0.0,0.0,1,100.0,GDP,GDP/Growth,False
2025-04-17_19:00,2025-04-17,19:00,2025-04-17 19:00:00+02:00,1,11.24287509813271,11.24287509813271,11.24287509813271,0.0,0.0,0,0.0,Other,Other,False
2025-04-22_16:00,2025-04-22,16:00,2025-04-22 16:00:00+02:00,3,21.573075198480733,20.88399757339171,22.95123044865877,500.0,211.1111111111111,3,100.0,Other,Manufacturing,True
2025-04-23_15:45,2025-04-23,15:45,2025-04-23 15:45:00+02:00,6,41.766197340227556,30.82095851027352,63.305740150233156,3.258655804480654,1.9153502541546186,6,100.0,Other,Manufacturing,False
2025-04-23_16:00,2025-04-23,16:00,2025-04-23 16:00:00+02:00,1,16.70601113074671,16.70601113074671,16.70601113074671,6.470588235294107,6.470588235294107,1,100.0,Other,Consumer,False
2025-04-23_16:30,2025-04-23,16:30,2025-04-23 16:30:00+02:00,1,25.199964392161,25.199964392161,25.199964392161,0.0,0.0,0,0.0,Other,Trade Balance,False
2025-04-24_14:30,2025-04-24,14:30,2025-04-24 14:30:00+02:00,12,23.970744551152976,20.713211827077785,26.84356289399415,500.0,190.092377193441,10,83.33333333333334,Jobless Claims,Other,True
2025-04-24_16:00,2025-04-24,16:00,2025-04-24 16:00:00+02:00,2,19.677570075850348,19.677570075850348,19.677570075850348,96.66666666666669,49.66505246166265,2,100.0,Other,Consumer,False
2025-04-24_17:30,2025-04-24,17:30,2025-04-24 17:30:00+02:00,4,24.727665972094,24.727665972094,24.727665972094,0.0,0.0,0,0.0,Other,Other,False
2025-04-24_19:00,2025-04-24,19:00,2025-04-24 19:00:00+02:00,1,9.078303333571974,9.078303333571974,9.078303333571974,13.636363636363628,13.636363636363628,1,100.0,GDP,GDP/Growth,False
2025-04-25_16:00,2025-04-25,16:00,2025-04-25 16:00:00+02:00,6,25.023637772315265,23.7495601289988,30.075435866325535,5.840707964601765,2.0010527588974374,6,100.0,CPI,Inflation,True
2025-04-25_19:00,2025-04-25,19:00,2025-04-25 19:00:00+02:00,1,11.24287509813271,11.24287509813271,11.24287509813271,0.8350730688935281,0.8350730688935281,1,100.0,Other,Other,False
2025-04-29_14:30,2025-04-29,14:30,2025-04-29 14:30:00+02:00,6,26.895082361610992,23.851317490042995,30.886023743354997,300.00000000000006,113.96700913242012,6,100.0,Retail Sales,Consumer,True
2025-04-29_16:00,2025-04-29,16:00,2025-04-29 16:00:00+02:00,3,21.59510706400567,19.53683433123203,22.62424343039249,4.451410658307207,3.338654584090689,3,100.0,Other,Other,False
2025-04-29_16:30,2025-04-29,16:30,2025-04-29 16:30:00+02:00,1,9.078303333571974,9.078303333571974,9.078303333571974,8.000000000000007,8.000000000000007,1,100.0,GDP,GDP/Growth,False
2025-04-30_14:30,2025-04-30,14:30,2025-04-30 14:30:00+02:00,11,31.273070163028752,25.958114630865403,39.92706987049297,457.1428571428572,110.3986873341712,10,90.9090909090909,GDP,Employment,True
2025-04-30_16:00,2025-04-30,16:00,2025-04-30 16:00:00+02:00,6,25.206393585313748,25.206393585313748,25.206393585313748,39.99999999999999,17.38636363636363,4,66.66666666666666,Other,Inflation,True
2025-04-30_16:30,2025-04-30,16:30,2025-04-30 16:30:00+02:00,1,25.199964392161,25.199964392161,25.199964392161,0.0,0.0,0,0.0,Other,Trade Balance,False
2025-04-30_18:30,2025-04-30,18:30,2025-04-30 18:30:00+02:00,1,9.078303333571974,9.078303333571974,9.078303333571974,0.0,0.0,0,0.0,GDP,GDP/Growth,False
2025-05-01_14:30,2025-05-01,14:30,2025-05-01 14:30:00+02:00,4,26.467428118922996,25.339023793709526,26.84356289399415,7.111111111111111,3.654817507312084,4,100.0,Jobless Claims,Employment,True
2025-05-01_15:45,2025-05-01,15:45,2025-05-01 15:45:00+02:00,2,63.30574015023315,63.305740150233135,63.305740150233156,0.9861932938856016,0.9861932938856016,2,100.0,Other,Manufacturing,False
2025-05-01_16:00,2025-05-01,16:00,2025-05-01 16:00:00+02:00,6,95.01085819288018,92.51628728932027,100.0,266.6666666666667,91.46424433108746,6,100.0,Other,Manufacturing,True
2025-05-01_17:30,2025-05-01,17:30,2025-05-01 17:30:00+02:00,4,24.727665972094,24.727665972094,24.727665972094,0.0,0.0,0,0.0,Other,Other,False
2025-05-01_18:00,2025-05-01,18:00,2025-05-01 18:00:00+02:00,1,9.078303333571974,9.078303333571974,9.078303333571974,54.166666666666664,54.166666666666664,1,100.0,GDP,GDP/Growth,False
2025-05-02_14:00,2025-05-02,14:00,2025-05-02 14:00:00+02:00,1,34.65829662648696,34.65829662648696,34.65829662648696,0.0,0.0,0,0.0,Other,Consumer,False
2025-05-02_14:30,2025-05-02,14:30,2025-05-02 14:30:00+02:00,12,61.455776527094514,57.69826407074845,67.6438161052937,433.3333333333333,52.33987791369794,12,100.0,NFP,Employment,True
2025-05-02_15:30,2025-05-02,15:30,2025-05-02 15:30:00+02:00,1,21.47350513016643,21.47350513016643,21.47350513016643,10.000000000000002,10.000000000000002,1,100.0,Other,Consumer,False
2025-05-02_16:00,2025-05-02,16:00,2025-05-02 16:00:00+02:00,8,25.371138849890777,23.653496162266233,28.07084641152111,200.0,69.62962962962963,3,37.5,Other,Other,False
2025-05-02_19:00,2025-05-02,19:00,2025-05-02 19:00:00+02:00,1,11.24287509813271,11.24287509813271,11.24287509813271,1.2371134020618557,1.2371134020618557,1,100.0,Other,Other,False
2025-05-05_15:45,2025-05-05,15:45,2025-05-05 15:45:00+02:00,4,30.99642593522476,30.82095851027352,31.168134940521725,1.1718750000000027,1.169595087548641,4,100.0,Other,Manufacturing,False
2025-05-05_16:00,2025-05-05,16:00,2025-05-05 16:00:00+02:00,16,33.07120437392375,21.052145702001955,34.56334238915411,6.3725490196078285,4.6040234378941465,13,81.25,Other,Manufacturing,True
2025-05-06_14:30,2025-05-06,14:30,2025-05-06 14:30:00+02:00,4,26.668334410360565,25.199964392161,29.10611136021945,2.704678362573091,1.9908117886129653,3,75.0,Other,Trade Balance,False
2025-05-06_19:00,2025-05-06,19:00,2025-05-06 19:00:00+02:00,1,9.078303333571974,9.078303333571974,9.078303333571974,100.0,100.0,1,100.0,GDP,GDP/Growth,False
2025-05-07_16:30,2025-05-07,16:30,2025-05-07 16:30:00+02:00,1,25.199964392161,25.199964392161,25.199964392161,0.0,0.0,0,0.0,Other,Trade Balance,False
2025-05-07_20:00,2025-05-07,20:00,2025-05-07 20:00:00+02:00,2,47.14814560258405,45.77832801413763,48.517963191030475,0.0,0.0,1,50.0,Other,Interest Rates,False
2025-05-08_14:30,2025-05-08,14:30,2025-05-08 14:30:00+02:00,8,23.687199970986207,20.467583678421647,26.84356289399415,14.285714285714299,7.020138973463787,8,100.0,Jobless Claims,Employment,True
2025-05-08_16:00,2025-05-08,16:00,2025-05-08 16:00:00+02:00,2,27.869488278187138,24.85295281301928,30.886023743354997,19.999999999999996,19.999999999999996,2,100.0,Other,Other,False
2025-05-08_17:30,2025-05-08,17:30,2025-05-08 17:30:00+02:00,5,21.597793444389595,9.078303333571974,24.727665972094,4.545454545454529,4.545454545454529,1,20.0,GDP,Other,False
2025-05-09_14:30,2025-05-09,14:30,2025-05-09 14:30:00+02:00,1,33.85118560915781,33.85118560915781,33.85118560915781,0.0,0.0,0,0.0,Other,Other,False
2025-05-09_19:00,2025-05-09,19:00,2025-05-09 19:00:00+02:00,1,11.24287509813271,11.24287509813271,11.24287509813271,0.6369426751592357,0.6369426751592357,1,100.0,Other,Other,False
2025-05-11_20:00,2025-05-11,20:00,2025-05-11 20:00:00+02:00,1,33.85118560915781,33.85118560915781,33.85118560915781,0.0,0.0,0,0.0,Other,Other,False
2025-05-12_20:00,2025-05-12,20:00,2025-05-12 20:00:00+02:00,2,14.741375589567504,14.212383375335397,15.270367803799608,1.1764705882352942,0.9002477746168716,2,100.0,Other,Other,False
2025-05-13_14:30,2025-05-13,14:30,2025-05-13 14:30:00+02:00,11,44.30998119579334,40.7828449344552,46.131002713643156,33.33333333333333,12.059319071727906,9,81.81818181818183,CPI,Inflation,True
2025-05-14_16:30,2025-05-14,16:30,2025-05-14 16:30:00+02:00,1,25.199964392161,25.199964392161,25.199964392161,0.0,0.0,0,0.0,Other,Trade Balance,False
2025-05-15_14:30,2025-05-15,14:30,2025-05-15 14:30:00+02:00,16,27.33022687949597,26.035577298163243,35.00725344868514,372.72727272727263,63.57486245186779,11,68.75,Retail Sales,Other,True
2025-05-15_15:15,2025-05-15,15:15,2025-05-15 15:15:00+02:00,7,19.84881685114106,19.558478311800545,20.23593490359507,100.0,55.5769780062839,6,85.71428571428571,Other,Manufacturing,True
2025-05-15_16:00,2025-05-15,16:00,2025-05-15 16:00:00+02:00,2,25.167458751255865,23.851317490042995,26.483600012468738,0.0,0.0,2,100.0,Retail Sales,Consumer,False
2025-05-15_17:30,2025-05-15,17:30,2025-05-15 17:30:00+02:00,4,24.727665972094,24.727665972094,24.727665972094,0.0,0.0,0,0.0,Other,Other,False
2025-05-16_14:30,2025-05-16,14:30,2025-05-16 14:30:00+02:00,4,21.967256838458667,16.802745760029545,27.12952123180804,260.0,126.90517241379311,4,100.0,Other,Housing,True
2025-05-16_16:00,2025-05-16,16:00,2025-05-16 16:00:00+02:00,6,25.023637772315265,23.7495601289988,30.075435866325535,10.606060606060609,4.835580276789462,5,83.33333333333334,CPI,Inflation,True
2025-05-16_17:00,2025-05-16,17:00,2025-05-16 17:00:00+02:00,1,9.078303333571974,9.078303333571974,9.078303333571974,4.0000000000000036,4.0000000000000036,1,100.0,GDP,GDP/Growth,False
2025-05-16_19:00,2025-05-16,19:00,2025-05-16 19:00:00+02:00,1,11.24287509813271,11.24287509813271,11.24287509813271,0.0,0.0,0,0.0,Other,Other,False
2025-05-20_15:00,2025-05-20,15:00,2025-05-20 15:00:00+02:00,1,33.85118560915781,33.85118560915781,33.85118560915781,0.0,0.0,0,0.0,Other,Other,False
2025-05-21_16:30,2025-05-21,16:30,2025-05-21 16:30:00+02:00,1,25.199964392161,25.199964392161,25.199964392161,0.0,0.0,0,0.0,Other,Trade Balance,False
2025-05-21_18:00,2025-05-21,18:00,2025-05-21 18:00:00+02:00,1,33.85118560915781,33.85118560915781,33.85118560915781,0.0,0.0,0,0.0,Other,Other,False
2025-05-22_14:30,2025-05-22,14:30,2025-05-22 14:30:00+02:00,5,25.316584860553952,20.713211827077785,26.84356289399415,24.999999999999993,5.5704787135362155,5,100.0,Jobless Claims,Employment,True
2025-05-22_15:45,2025-05-22,15:45,2025-05-22 15:45:00+02:00,2,30.83446343457711,30.82095851027352,30.8479683588807,2.952755905511811,2.952755905511811,2,100.0,Other,Manufacturing,False
2025-05-22_16:00,2025-05-22,16:00,2025-05-22 16:00:00+02:00,2,19.677570075850348,19.677570075850348,19.677570075850348,171.42857142857144,86.93379790940767,2,100.0,Other,Consumer,False
2025-05-22_17:30,2025-05-22,17:30,2025-05-22 17:30:00+02:00,4,24.727665972094,24.727665972094,24.727665972094,0.0,0.0,0,0.0,Other,Other,False
2025-05-23_14:10,2025-05-23,14:10,2025-05-23 14:10:00+02:00,1,16.80723913018904,16.80723913018904,16.80723913018904,0.7082152974504257,0.7082152974504257,1,100.0,Other,Housing,False
2025-05-23_16:00,2025-05-23,16:00,2025-05-23 16:00:00+02:00,1,16.70601113074671,16.70601113074671,16.70601113074671,7.3699421965318,7.3699421965318,1,100.0,Other,Consumer,False
2025-05-23_19:00,2025-05-23,19:00,2025-05-23 19:00:00+02:00,1,11.24287509813271,11.24287509813271,11.24287509813271,1.6913319238900635,1.6913319238900635,1,100.0,Other,Other,False
2025-05-27_14:30,2025-05-27,14:30,2025-05-27 14:30:00+02:00,7,23.009430044437988,20.88430992285662,23.879877944240754,300.00000000000006,108.87939221272556,6,85.71428571428571,Other,Other,True
2025-05-27_16:00,2025-05-27,16:00,2025-05-27 16:00:00+02:00,1,19.53683433123203,19.53683433123203,19.53683433123203,12.643678160919542,12.643678160919542,1,100.0,Other,Consumer,False
2025-05-28_14:30,2025-05-28,14:30,2025-05-28 14:30:00+02:00,1,33.85118560915781,33.85118560915781,33.85118560915781,0.0,0.0,0,0.0,Other,Other,False
2025-05-28_16:00,2025-05-28,16:00,2025-05-28 16:00:00+02:00,3,21.573075198480733,20.88399757339171,22.95123044865877,120.0,43.03030303030303,3,100.0,Other,Manufacturing,True
2025-05-28_20:00,2025-05-28,20:00,2025-05-28 20:00:00+02:00,1,45.77832801413763,45.77832801413763,45.77832801413763,0.0,0.0,0,0.0,Other,Interest Rates,False
2025-05-29_14:30,2025-05-29,14:30,2025-05-29 14:30:00+02:00,12,31.923147013617307,26.84356289399415,39.92706987049297,161.01694915254237,26.06563407882589,11,91.66666666666666,Jobless Claims,Employment,True
2025-05-29_17:30,2025-05-29,17:30,2025-05-29 17:30:00+02:00,4,24.727665972094,24.727665972094,24.727665972094,0.0,0.0,0,0.0,Other,Other,False
2025-05-29_18:00,2025-05-29,18:00,2025-05-29 18:00:00+02:00,1,25.199964392161,25.199964392161,25.199964392161,0.0,0.0,0,0.0,Other,Trade Balance,False
2025-05-30_14:30,2025-05-30,14:30,2025-05-30 14:30:00+02:00,8,26.686474775982333,25.206393585313748,30.886023743354997,199.99999999999997,64.35492722864365,7,87.5,Retail Sales,Consumer,True
2025-05-30_16:00,2025-05-30,16:00,2025-05-30 16:00:00+02:00,6,25.023637772315265,23.7495601289988,30.075435866325535,9.589041095890414,5.915728779130156,6,100.0,CPI,Inflation,True
2025-05-30_17:00,2025-05-30,17:00,2025-05-30 17:00:00+02:00,1,9.078303333571974,9.078303333571974,9.078303333571974,72.7272727272727,72.7272727272727,1,100.0,GDP,GDP/Growth,False
2025-05-30_19:00,2025-05-30,19:00,2025-05-30 19:00:00+02:00,1,11.24287509813271,11.24287509813271,11.24287509813271,0.646551724137931,0.646551724137931,1,100.0,Other,Other,False
2025-06-02_15:45,2025-06-02,15:45,2025-06-02 15:45:00+02:00,2,63.30574015023315,63.305740150233135,63.305740150233156,0.5736137667303961,0.5736137667303961,2,100.0,Other,Manufacturing,False
2025-06-02_16:00,2025-06-02,16:00,2025-06-02 16:00:00+02:00,6,95.01085819288018,92.51628728932027,100.0,233.33333333333334,78.51422251244946,6,100.0,Other,Manufacturing,True
2025-06-02_17:30,2025-06-02,17:30,2025-06-02 17:30:00+02:00,1,9.078303333571974,9.078303333571974,9.078303333571974,21.052631578947363,21.052631578947363,1,100.0,GDP,GDP/Growth,False
2025-06-03_16:00,2025-06-03,16:00,2025-06-03 16:00:00+02:00,10,24.16202563785565,21.47350513016643,26.55913179216532,349.99999999999994,57.71105420401194,7,70.0,Other,Other,True
2025-06-03_22:30,2025-06-03,22:30,2025-06-03 22:30:00+02:00,1,21.47350513016643,21.47350513016643,21.47350513016643,3.987730061349695,3.987730061349695,1,100.0,Other,Consumer,False
2025-06-04_15:00,2025-06-04,15:00,2025-06-04 15:00:00+02:00,2,31.364571519004034,28.07084641152111,34.65829662648696,0.0,0.0,0,0.0,Other,Consumer,False
2025-06-04_15:45,2025-06-04,15:45,2025-06-04 15:45:00+02:00,4,30.99642593522476,30.82095851027352,31.168134940521725,2.6768642447418847,2.2021557308162385,4,100.0,Other,Manufacturing,False
2025-06-04_16:00,2025-06-04,16:00,2025-06-04 16:00:00+02:00,15,33.872474952051874,32.4907400778474,34.56334238915411,11.281070745697894,5.948530588450255,13,86.66666666666667,Other,Manufacturing,True
2025-06-04_16:30,2025-06-04,16:30,2025-06-04 16:30:00+02:00,1,25.199964392161,25.199964392161,25.199964392161,0.0,0.0,0,0.0,Other,Trade Balance,False
2025-06-05_14:30,2025-06-05,14:30,2025-06-05 14:30:00+02:00,12,24.680911450777657,20.467583678421647,29.10611136021945,87.49999999999999,21.640632110152428,12,100.0,Jobless Claims,Employment,True
2025-06-05_17:30,2025-06-05,17:30,2025-06-05 17:30:00+02:00,4,24.727665972094,24.727665972094,24.727665972094,0.0,0.0,0,0.0,Other,Other,False
2025-06-06_14:30,2025-06-06,14:30,2025-06-06 14:30:00+02:00,12,61.455776527094514,57.69826407074845,67.6438161052937,500.0,57.16510870664226,12,100.0,NFP,Employment,True
2025-06-06_17:30,2025-06-06,17:30,2025-06-06 17:30:00+02:00,2,24.727665972094,24.727665972094,24.727665972094,0.0,0.0,0,0.0,Other,Other,False
2025-06-06_19:00,2025-06-06,19:00,2025-06-06 19:00:00+02:00,1,11.24287509813271,11.24287509813271,11.24287509813271,0.0,0.0,0,0.0,Other,Other,False
2025-06-09_16:00,2025-06-09,16:00,2025-06-09 16:00:00+02:00,3,25.59704075279208,21.052145702001955,30.886023743354997,0.0,0.0,0,0.0,Other,Other,False
2025-06-09_17:30,2025-06-09,17:30,2025-06-09 17:30:00+02:00,1,9.078303333571974,9.078303333571974,9.078303333571974,0.0,0.0,1,100.0,GDP,GDP/Growth,False
2025-06-11_14:30,2025-06-11,14:30,2025-06-11 14:30:00+02:00,11,44.30998119579334,40.7828449344552,46.131002713643156,66.66666666666666,21.727896965416264,9,81.81818181818183,CPI,Inflation,True
2025-06-11_16:30,2025-06-11,16:30,2025-06-11 16:30:00+02:00,1,25.199964392161,25.199964392161,25.199964392161,0.0,0.0,0,0.0,Other,Trade Balance,False
2025-06-11_20:00,2025-06-11,20:00,2025-06-11 20:00:00+02:00,2,14.741375589567504,14.212383375335397,15.270367803799608,2.769230769230769,1.6550576372402634,2,100.0,Other,Other,False
2025-06-12_14:30,2025-06-12,14:30,2025-06-12 14:30:00+02:00,13,26.010874428765387,24.63864637459446,26.84356289399415,66.66666666666666,11.198441678840542,13,100.0,Jobless Claims,Inflation,True
2025-06-12_17:30,2025-06-12,17:30,2025-06-12 17:30:00+02:00,4,24.727665972094,24.727665972094,24.727665972094,0.0,0.0,0,0.0,Other,Other,False
2025-06-13_16:00,2025-06-13,16:00,2025-06-13 16:00:00+02:00,6,25.023637772315265,23.7495601289988,30.075435866325535,22.72727272727273,10.769177994367139,6,100.0,CPI,Inflation,True
2025-06-13_19:00,2025-06-13,19:00,2025-06-13 19:00:00+02:00,1,11.24287509813271,11.24287509813271,11.24287509813271,0.0,0.0,0,0.0,Other,Other,False
2025-06-16_14:30,2025-06-16,14:30,2025-06-16 14:30:00+02:00,1,35.00725344868514,35.00725344868514,35.00725344868514,190.9090909090909,190.9090909090909,1,100.0,Other,Manufacturing,False
2025-06-17_14:30,2025-06-17,14:30,2025-06-17 14:30:00+02:00,13,27.384143032545545,21.671326457943184,28.822567457072772,400.0,129.05328798185943,12,92.3076923076923,Retail Sales,Consumer,True
2025-06-17_15:15,2025-06-17,15:15,2025-06-17 15:15:00+02:00,7,19.84881685114106,19.558478311800545,20.23593490359507,300.00000000000006,112.8978700407272,7,100.0,Other,Manufacturing,True
2025-06-17_16:00,2025-06-17,16:00,2025-06-17 16:00:00+02:00,2,25.167458751255865,23.851317490042995,26.483600012468738,0.0,0.0,2,100.0,Retail Sales,Consumer,False
2025-06-18_14:30,2025-06-18,14:30,2025-06-18 14:30:00+02:00,5,22.828134714440207,16.802745760029545,26.84356289399415,33.33333333333333,8.40924098474129,5,100.0,Jobless Claims,Employment,True
2025-06-18_16:30,2025-06-18,16:30,2025-06-18 16:30:00+02:00,1,25.199964392161,25.199964392161,25.199964392161,0.0,0.0,0,0.0,Other,Trade Balance,False
2025-06-18_17:30,2025-06-18,17:30,2025-06-18 17:30:00+02:00,5,21.597793444389595,9.078303333571974,24.727665972094,2.85714285714286,2.85714285714286,1,20.0,GDP,Other,False
2025-06-18_20:00,2025-06-18,20:00,2025-06-18 20:00:00+02:00,11,61.490494477695435,45.77832801413763,64.67768311660907,0.0,0.0,1,9.090909090909092,Other,Interest Rates,False
2025-06-19_14:30,2025-06-19,14:30,2025-06-19 14:30:00+02:00,4,26.467428118922996,25.339023793709526,26.84356289399415,0.0,0.0,0,0.0,Jobless Claims,Employment,False
2025-06-19_17:30,2025-06-19,17:30,2025-06-19 17:30:00+02:00,4,24.727665972094,24.727665972094,24.727665972094,0.0,0.0,0,0.0,Other,Other,False
2025-06-20_14:30,2025-06-20,14:30,2025-06-20 14:30:00+02:00,6,26.035577298163243,26.035577298163243,26.035577298163243,300.0,300.0,1,16.666666666666664,Other,Other,False
2025-06-20_19:00,2025-06-20,19:00,2025-06-20 19:00:00+02:00,1,11.24287509813271,11.24287509813271,11.24287509813271,0.0,0.0,0,0.0,Other,Other,False
2025-06-23_15:45,2025-06-23,15:45,2025-06-23 15:45:00+02:00,4,30.99642593522476,30.82095851027352,31.168134940521725,0.5714285714285661,0.4747502025384823,4,100.0,Other,Manufacturing,False
2025-06-23_16:00,2025-06-23,16:00,2025-06-23 16:00:00+02:00,2,19.677570075850348,19.677570075850348,19.677570075850348,161.53846153846155,81.65306915306915,2,100.0,Other,Consumer,False
2025-06-24_14:30,2025-06-24,14:30,2025-06-24 14:30:00+02:00,1,20.700023738559334,20.700023738559334,20.700023738559334,1.5565080081209062,1.5565080081209062,1,100.0,Other,Trade Balance,False
2025-06-24_16:00,2025-06-24,16:00,2025-06-24 16:00:00+02:00,4,21.064014981668556,19.53683433123203,22.95123044865877,62.5,32.375,4,100.0,Other,Manufacturing,True
2025-06-25_14:30,2025-06-25,14:30,2025-06-25 14:30:00+02:00,1,16.80723913018904,16.80723913018904,16.80723913018904,0.07178750897343071,0.07178750897343071,1,100.0,Other,Housing,False
2025-06-25_16:00,2025-06-25,16:00,2025-06-25 16:00:00+02:00,1,16.70601113074671,16.70601113074671,16.70601113074671,9.710144927536225,9.710144927536225,1,100.0,Other,Consumer,False
2025-06-25_16:30,2025-06-25,16:30,2025-06-25 16:30:00+02:00,1,25.199964392161,25.199964392161,25.199964392161,0.0,0.0,0,0.0,Other,Trade Balance,False
2025-06-26_14:00,2025-06-26,14:00,2025-06-26 14:00:00+02:00,1,33.85118560915781,33.85118560915781,33.85118560915781,0.0,0.0,0,0.0,Other,Other,False
2025-06-26_14:30,2025-06-26,14:30,2025-06-26 14:30:00+02:00,34,27.813288843289826,20.713211827077785,39.92706987049297,500.0,114.93518882754314,31,91.17647058823529,Retail Sales,Other,True
2025-06-26_17:30,2025-06-26,17:30,2025-06-26 17:30:00+02:00,4,24.727665972094,24.727665972094,24.727665972094,0.0,0.0,0,0.0,Other,Other,False
2025-06-27_14:30,2025-06-27,14:30,2025-06-27 14:30:00+02:00,6,25.206393585313748,25.206393585313748,25.206393585313748,233.33333333333334,105.55555555555556,6,100.0,Other,Inflation,True
2025-06-27_16:00,2025-06-27,16:00,2025-06-27 16:00:00+02:00,6,25.023637772315265,23.7495601289988,30.075435866325535,2.439024390243894,1.4886191240359956,6,100.0,CPI,Inflation,False
2025-06-27_17:30,2025-06-27,17:30,2025-06-27 17:30:00+02:00,1,9.078303333571974,9.078303333571974,9.078303333571974,14.705882352941178,14.705882352941178,1,100.0,GDP,GDP/Growth,False
2025-06-27_19:00,2025-06-27,19:00,2025-06-27 19:00:00+02:00,1,11.24287509813271,11.24287509813271,11.24287509813271,0.9174311926605505,0.9174311926605505,1,100.0,Other,Other,False
2025-07-01_15:45,2025-07-01,15:45,2025-07-01 15:45:00+02:00,2,63.30574015023315,63.305740150233135,63.305740150233156,1.7307692307692282,1.7307692307692282,2,100.0,Other,Manufacturing,False
2025-07-01_16:00,2025-07-01,16:00,2025-07-01 16:00:00+02:00,8,76.91420450225826,22.62424343039249,100.0,49.999999999999986,14.948939004235603,8,100.0,Other,Manufacturing,True
2025-07-01_19:00,2025-07-01,19:00,2025-07-01 19:00:00+02:00,1,9.078303333571974,9.078303333571974,9.078303333571974,0.0,0.0,0,0.0,GDP,GDP/Growth,False
2025-07-02_01:00,2025-07-02,01:00,2025-07-02 01:00:00+02:00,1,21.47350513016643,21.47350513016643,21.47350513016643,1.2903225806451568,1.2903225806451568,1,100.0,Other,Consumer,False
2025-07-02_15:00,2025-07-02,15:00,2025-07-02 15:00:00+02:00,2,31.364571519004034,28.07084641152111,34.65829662648696,0.0,0.0,0,0.0,Other,Consumer,False
2025-07-02_16:30,2025-07-02,16:30,2025-07-02 16:30:00+02:00,1,25.199964392161,25.199964392161,25.199964392161,0.0,0.0,0,0.0,Other,Trade Balance,False
2025-07-03_14:30,2025-07-03,14:30,2025-07-03 14:30:00+02:00,20,47.50061842211342,25.199964392161,67.6438161052937,40.0,10.69967012386649,18,90.0,NFP,Employment,True
2025-07-03_15:45,2025-07-03,15:45,2025-07-03 15:45:00+02:00,4,30.99642593522476,30.82095851027352,31.168134940521725,0.3766478342749583,0.2830208868344502,4,100.0,Other,Manufacturing,False
2025-07-03_16:00,2025-07-03,16:00,2025-07-03 16:00:00+02:00,26,30.072925098336892,23.653496162266233,34.56334238915411,77.77777777777777,8.412251325820275,16,61.53846153846154,Other,Other,True
2025-07-03_19:00,2025-07-03,19:00,2025-07-03 19:00:00+02:00,2,10.160589215852342,9.078303333571974,11.24287509813271,4.0000000000000036,4.0000000000000036,1,50.0,GDP,GDP/Growth,False
2025-07-07_16:00,2025-07-07,16:00,2025-07-07 16:00:00+02:00,1,21.052145702001955,21.052145702001955,21.052145702001955,0.0,0.0,0,0.0,Other,Employment,False
2025-07-09_16:00,2025-07-09,16:00,2025-07-09 16:00:00+02:00,2,27.869488278187138,24.85295281301928,30.886023743354997,0.0,0.0,2,100.0,Other,Other,False
2025-07-09_16:30,2025-07-09,16:30,2025-07-09 16:30:00+02:00,1,25.199964392161,25.199964392161,25.199964392161,0.0,0.0,0,0.0,Other,Trade Balance,False
2025-07-09_19:00,2025-07-09,19:00,2025-07-09 19:00:00+02:00,1,9.078303333571974,9.078303333571974,9.078303333571974,0.0,0.0,1,100.0,GDP,GDP/Growth,False
2025-07-09_20:00,2025-07-09,20:00,2025-07-09 20:00:00+02:00,1,45.77832801413763,45.77832801413763,45.77832801413763,0.0,0.0,0,0.0,Other,Interest Rates,False
2025-07-10_14:30,2025-07-10,14:30,2025-07-10 14:30:00+02:00,4,26.467428118922996,25.339023793709526,26.84356289399415,3.404255319148936,2.583667645724383,4,100.0,Jobless Claims,Employment,False
2025-07-10_17:30,2025-07-10,17:30,2025-07-10 17:30:00+02:00,4,24.727665972094,24.727665972094,24.727665972094,0.0,0.0,0,0.0,Other,Other,False
2025-07-11_19:00,2025-07-11,19:00,2025-07-11 19:00:00+02:00,1,11.24287509813271,11.24287509813271,11.24287509813271,0.0,0.0,0,0.0,Other,Other,False
2025-07-11_20:00,2025-07-11,20:00,2025-07-11 20:00:00+02:00,2,14.741375589567504,14.212383375335397,15.270367803799608,345.45454545454544,255.25739320920042,2,100.0,Other,Other,False
2025-07-15_14:30,2025-07-15,14:30,2025-07-15 14:30:00+02:00,12,43.53475388353433,35.00725344868514,46.131002713643156,161.11111111111111,23.112971576227388,10,83.33333333333334,CPI,Inflation,True
2025-07-15_19:00,2025-07-15,19:00,2025-07-15 19:00:00+02:00,1,33.85118560915781,33.85118560915781,33.85118560915781,0.0,0.0,0,0.0,Other,Other,False
2025-07-16_14:00,2025-07-16,14:00,2025-07-16 14:00:00+02:00,1,33.85118560915781,33.85118560915781,33.85118560915781,0.0,0.0,0,0.0,Other,Other,False
2025-07-16_14:30,2025-07-16,14:30,2025-07-16 14:30:00+02:00,9,25.80796167758423,24.63864637459446,26.730606915833615,8.000000000000007,3.924275328349656,6,66.66666666666666,PPI,Inflation,True
2025-07-16_15:15,2025-07-16,15:15,2025-07-16 15:15:00+02:00,7,19.84881685114106,19.558478311800545,20.23593490359507,199.99999999999997,62.028255981744344,7,100.0,Other,Manufacturing,True
2025-07-16_16:30,2025-07-16,16:30,2025-07-16 16:30:00+02:00,1,25.199964392161,25.199964392161,25.199964392161,0.0,0.0,0,0.0,Other,Trade Balance,False
2025-07-17_14:30,2025-07-17,14:30,2025-07-17 14:30:00+02:00,23,26.872914595120154,21.671326457943184,28.822567457072772,500.0,179.13337385572046,18,78.26086956521739,Retail Sales,Consumer,True
2025-07-17_16:00,2025-07-17,16:00,2025-07-17 16:00:00+02:00,2,25.167458751255865,23.851317490042995,26.483600012468738,0.0,0.0,2,100.0,Retail Sales,Consumer,False
2025-07-17_17:30,2025-07-17,17:30,2025-07-17 17:30:00+02:00,4,24.727665972094,24.727665972094,24.727665972094,0.0,0.0,0,0.0,Other,Other,False
2025-07-18_14:30,2025-07-18,14:30,2025-07-18 14:30:00+02:00,2,17.154268441214487,16.802745760029545,17.50579112239943,70.37037037037035,35.99287749287748,2,100.0,Other,Housing,False
2025-07-18_16:00,2025-07-18,16:00,2025-07-18 16:00:00+02:00,6,25.023637772315265,23.7495601289988,30.075435866325535,11.999999999999993,6.659096550827839,6,100.0,CPI,Inflation,True
2025-07-18_17:30,2025-07-18,17:30,2025-07-18 17:30:00+02:00,1,9.078303333571974,9.078303333571974,9.078303333571974,0.0,0.0,1,100.0,GDP,GDP/Growth,False
2025-07-18_19:00,2025-07-18,19:00,2025-07-18 19:00:00+02:00,1,11.24287509813271,11.24287509813271,11.24287509813271,0.0,0.0,0,0.0,Other,Other,False
2025-07-22_16:00,2025-07-22,16:00,2025-07-22 16:00:00+02:00,3,21.573075198480733,20.88399757339171,22.95123044865877,500.0,366.6666666666667,3,100.0,Other,Manufacturing,True
2025-07-23_16:00,2025-07-23,16:00,2025-07-23 16:00:00+02:00,2,19.677570075850348,19.677570075850348,19.677570075850348,285.7142857142857,143.8546490915568,2,100.0,Other,Consumer,False
2025-07-23_16:30,2025-07-23,16:30,2025-07-23 16:30:00+02:00,1,25.199964392161,25.199964392161,25.199964392161,0.0,0.0,0,0.0,Other,Trade Balance,False
2025-07-24_14:00,2025-07-24,14:00,2025-07-24 14:00:00+02:00,1,16.80723913018904,16.80723913018904,16.80723913018904,150.00000000000003,150.00000000000003,1,100.0,Other,Housing,False
2025-07-24_14:30,2025-07-24,14:30,2025-07-24 14:30:00+02:00,5,25.316584860553952,20.713211827077785,26.84356289399415,4.405286343612335,2.057618802426858,5,100.0,Jobless Claims,Employment,False
2025-07-24_15:45,2025-07-24,15:45,2025-07-24 15:45:00+02:00,6,41.766197340227556,30.82095851027352,63.305740150233156,5.893536121673006,4.419363367970258,6,100.0,Other,Manufacturing,True
2025-07-24_16:00,2025-07-24,16:00,2025-07-24 16:00:00+02:00,1,16.70601113074671,16.70601113074671,16.70601113074671,94.0,94.0,1,100.0,Other,Consumer,False
2025-07-24_17:30,2025-07-24,17:30,2025-07-24 17:30:00+02:00,4,24.727665972094,24.727665972094,24.727665972094,0.0,0.0,0,0.0,Other,Other,False
2025-07-25_14:30,2025-07-25,14:30,2025-07-25 14:30:00+02:00,8,23.08993830916652,20.88430992285662,23.879877944240754,449.9999999999999,113.015873015873,7,87.5,Other,Other,True
2025-07-25_17:30,2025-07-25,17:30,2025-07-25 17:30:00+02:00,1,9.078303333571974,9.078303333571974,9.078303333571974,0.0,0.0,1,100.0,GDP,GDP/Growth,False
2025-07-25_19:00,2025-07-25,19:00,2025-07-25 19:00:00+02:00,1,11.24287509813271,11.24287509813271,11.24287509813271,1.4251781472684086,1.4251781472684086,1,100.0,Other,Other,False
2025-07-29_14:30,2025-07-29,14:30,2025-07-29 14:30:00+02:00,6,26.895082361610992,23.851317490042995,30.886023743354997,300.00000000000006,156.03617760714647,4,66.66666666666666,Retail Sales,Consumer,True
2025-07-29_16:00,2025-07-29,16:00,2025-07-29 16:00:00+02:00,3,21.59510706400567,19.53683433123203,22.62424343039249,2.118380062305298,1.6921488915302756,3,100.0,Other,Other,False
2025-07-29_17:30,2025-07-29,17:30,2025-07-29 17:30:00+02:00,1,9.078303333571974,9.078303333571974,9.078303333571974,20.833333333333336,20.833333333333336,1,100.0,GDP,GDP/Growth,False
2025-07-30_14:30,2025-07-30,14:30,2025-07-30 14:30:00+02:00,10,32.85903581884842,26.51003613536254,39.92706987049297,231.57894736842107,44.4559209629635,8,80.0,GDP,GDP/Growth,True
2025-07-30_16:30,2025-07-30,16:30,2025-07-30 16:30:00+02:00,1,25.199964392161,25.199964392161,25.199964392161,0.0,0.0,0,0.0,Other,Trade Balance,False
2025-07-30_20:00,2025-07-30,20:00,2025-07-30 20:00:00+02:00,2,47.14814560258405,45.77832801413763,48.517963191030475,0.0,0.0,1,50.0,Other,Interest Rates,False
2025-07-31_14:30,2025-07-31,14:30,2025-07-31 14:30:00+02:00,12,25.803616173871763,25.206393585313748,26.84356289399415,49.999999999999986,12.675437210282341,12,100.0,Jobless Claims,Employment,True
2025-07-31_17:30,2025-07-31,17:30,2025-07-31 17:30:00+02:00,4,24.727665972094,24.727665972094,24.727665972094,0.0,0.0,0,0.0,Other,Other,False
2025-08-01_14:30,2025-08-01,14:30,2025-08-01 14:30:00+02:00,9,61.99907043957897,59.90047788837122,67.6438161052937,300.0,68.78199920995111,9,100.0,NFP,Employment,True
2025-08-01_15:45,2025-08-01,15:45,2025-08-01 15:45:00+02:00,2,63.30574015023315,63.305740150233135,63.305740150233156,0.6060606060606003,0.6060606060606003,2,100.0,Other,Manufacturing,False
2025-08-01_16:00,2025-08-01,16:00,2025-08-01 16:00:00+02:00,12,60.01724798259772,23.7495601289988,100.0,500.0,85.7318436485967,12,100.0,CPI,Consumer,True
2025-08-01_17:55,2025-08-01,17:55,2025-08-01 17:55:00+02:00,1,9.078303333571974,9.078303333571974,9.078303333571974,8.695652173913032,8.695652173913032,1,100.0,GDP,GDP/Growth,False
2025-08-01_19:00,2025-08-01,19:00,2025-08-01 19:00:00+02:00,1,11.24287509813271,11.24287509813271,11.24287509813271,0.0,0.0,0,0.0,Other,Other,False
2025-08-04_14:30,2025-08-04,14:30,2025-08-04 14:30:00+02:00,1,21.47350513016643,21.47350513016643,21.47350513016643,2.499999999999991,2.499999999999991,1,100.0,Other,Consumer,False
2025-08-04_16:00,2025-08-04,16:00,2025-08-04 16:00:00+02:00,10,25.867955312761513,21.052145702001955,34.65829662648696,300.00000000000006,60.81632653061225,5,50.0,Other,Other,True
2025-08-05_14:30,2025-08-05,14:30,2025-08-05 14:30:00+02:00,4,26.668334410360565,25.199964392161,29.10611136021945,3.8338658146964835,2.0475560411662657,3,75.0,Other,Trade Balance,False
2025-08-05_15:45,2025-08-05,15:45,2025-08-05 15:45:00+02:00,4,30.99642593522476,30.82095851027352,31.168134940521725,0.9157509157509158,0.9107740086000956,4,100.0,Other,Manufacturing,False
2025-08-05_16:00,2025-08-05,16:00,2025-08-05 16:00:00+02:00,15,33.872474952051874,32.4907400778474,34.56334238915411,5.112781954887226,3.359411184242534,9,60.0,Other,Manufacturing,True
2025-08-06_16:30,2025-08-06,16:30,2025-08-06 16:30:00+02:00,1,25.199964392161,25.199964392161,25.199964392161,0.0,0.0,0,0.0,Other,Trade Balance,False
2025-08-07_14:30,2025-08-07,14:30,2025-08-07 14:30:00+02:00,8,23.687199970986207,20.467583678421647,26.84356289399415,19.999999999999996,7.24408401614284,8,100.0,Jobless Claims,Employment,True
2025-08-07_16:00,2025-08-07,16:00,2025-08-07 16:00:00+02:00,2,27.869488278187138,24.85295281301928,30.886023743354997,0.0,0.0,2,100.0,Other,Other,False
2025-08-07_17:30,2025-08-07,17:30,2025-08-07 17:30:00+02:00,4,24.727665972094,24.727665972094,24.727665972094,0.0,0.0,0,0.0,Other,Other,False
2025-08-07_18:00,2025-08-07,18:00,2025-08-07 18:00:00+02:00,1,9.078303333571974,9.078303333571974,9.078303333571974,0.0,0.0,1,100.0,GDP,GDP/Growth,False
2025-08-08_19:00,2025-08-08,19:00,2025-08-08 19:00:00+02:00,1,11.24287509813271,11.24287509813271,11.24287509813271,0.24390243902439024,0.24390243902439024,1,100.0,Other,Other,False
2025-08-12_14:30,2025-08-12,14:30,2025-08-12 14:30:00+02:00,11,44.30998119579334,40.7828449344552,46.131002713643156,3.5714285714285587,1.1712476802927798,9,81.81818181818183,CPI,Inflation,False
2025-08-12_16:00,2025-08-12,16:00,2025-08-12 16:00:00+02:00,1,33.85118560915781,33.85118560915781,33.85118560915781,0.0,0.0,0,0.0,Other,Other,False
2025-08-12_20:00,2025-08-12,20:00,2025-08-12 20:00:00+02:00,2,14.741375589567504,14.212383375335397,15.270367803799608,40.78374455732947,38.0662908833159,2,100.0,Other,Other,False
2025-08-13_13:30,2025-08-13,13:30,2025-08-13 13:30:00+02:00,1,33.85118560915781,33.85118560915781,33.85118560915781,0.0,0.0,0,0.0,Other,Other,False
2025-08-13_16:30,2025-08-13,16:30,2025-08-13 16:30:00+02:00,1,25.199964392161,25.199964392161,25.199964392161,0.0,0.0,0,0.0,Other,Trade Balance,False
2025-08-14_14:30,2025-08-14,14:30,2025-08-14 14:30:00+02:00,13,26.010874428765387,24.63864637459446,26.84356289399415,500.0,101.16873623360726,13,100.0,Jobless Claims,Inflation,True
2025-08-14_17:30,2025-08-14,17:30,2025-08-14 17:30:00+02:00,4,24.727665972094,24.727665972094,24.727665972094,0.0,0.0,0,0.0,Other,Other,False
2025-08-14_20:00,2025-08-14,20:00,2025-08-14 20:00:00+02:00,1,33.85118560915781,33.85118560915781,33.85118560915781,0.0,0.0,0,0.0,Other,Other,False
2025-08-15_14:30,2025-08-15,14:30,2025-08-15 14:30:00+02:00,6,29.14904112451787,27.12952123180804,35.00725344868514,500.0,113.77996715927752,5,83.33333333333334,Retail Sales,Consumer,True
2025-08-15_15:15,2025-08-15,15:15,2025-08-15 15:15:00+02:00,3,20.23593490359507,20.23593490359507,20.23593490359507,7.692307692307682,3.846153846153841,2,66.66666666666666,Other,Manufacturing,True
2025-08-15_16:00,2025-08-15,16:00,2025-08-15 16:00:00+02:00,8,25.059593017050414,23.7495601289988,30.075435866325535,11.363636363636363,6.468731733609633,6,75.0,CPI,Consumer,True
2025-08-15_19:00,2025-08-15,19:00,2025-08-15 19:00:00+02:00,2,10.160589215852342,9.078303333571974,11.24287509813271,0.0,0.0,1,50.0,GDP,GDP/Growth,False
2025-08-19_14:30,2025-08-19,14:30,2025-08-19 14:30:00+02:00,3,17.038592004206006,16.802745760029545,17.50579112239943,500.0,282.353770260747,3,100.0,Other,Housing,True
2025-08-19_17:30,2025-08-19,17:30,2025-08-19 17:30:00+02:00,1,9.078303333571974,9.078303333571974,9.078303333571974,8.000000000000007,8.000000000000007,1,100.0,GDP,GDP/Growth,False
2025-08-20_16:30,2025-08-20,16:30,2025-08-20 16:30:00+02:00,1,25.199964392161,25.199964392161,25.199964392161,0.0,0.0,0,0.0,Other,Trade Balance,False
2025-08-20_20:00,2025-08-20,20:00,2025-08-20 20:00:00+02:00,1,45.77832801413763,45.77832801413763,45.77832801413763,0.0,0.0,0,0.0,Other,Interest Rates,False
2025-08-21_14:30,2025-08-21,14:30,2025-08-21 14:30:00+02:00,10,26.208317626467146,25.339023793709526,26.84356289399415,104.28571428571429,36.447467876039305,3,30.0,Jobless Claims,Employment,False
2025-08-21_15:45,2025-08-21,15:45,2025-08-21 15:45:00+02:00,6,41.766197340227556,30.82095851027352,63.305740150233156,7.676767676767671,4.806363901260505,6,100.0,Other,Manufacturing,True
2025-08-21_16:00,2025-08-21,16:00,2025-08-21 16:00:00+02:00,2,19.677570075850348,19.677570075850348,19.677570075850348,500.0,251.14795918367346,2,100.0,Other,Consumer,False
2025-08-21_17:30,2025-08-21,17:30,2025-08-21 17:30:00+02:00,4,24.727665972094,24.727665972094,24.727665972094,0.0,0.0,0,0.0,Other,Other,False
2025-08-22_19:00,2025-08-22,19:00,2025-08-22 19:00:00+02:00,1,11.24287509813271,11.24287509813271,11.24287509813271,0.0,0.0,0,0.0,Other,Other,False
2025-08-25_14:00,2025-08-25,14:00,2025-08-25 14:00:00+02:00,1,16.80723913018904,16.80723913018904,16.80723913018904,21.428571428571416,21.428571428571416,1,100.0,Other,Housing,False
2025-08-25_14:30,2025-08-25,14:30,2025-08-25 14:30:00+02:00,1,20.713211827077785,20.713211827077785,20.713211827077785,5.000000000000004,5.000000000000004,1,100.0,Other,Other,False
2025-08-25_16:00,2025-08-25,16:00,2025-08-25 16:00:00+02:00,1,16.70601113074671,16.70601113074671,16.70601113074671,3.4920634920634948,3.4920634920634948,1,100.0,Other,Consumer,False
2025-08-26_14:30,2025-08-26,14:30,2025-08-26 14:30:00+02:00,9,24.28563245361,20.88430992285662,33.85118560915781,450.0,187.70833333333331,8,88.88888888888889,Other,Other,True
2025-08-26_16:00,2025-08-26,16:00,2025-08-26 16:00:00+02:00,4,21.064014981668556,19.53683433123203,22.95123044865877,300.0,108.76773266479148,4,100.0,Other,Manufacturing,True
2025-08-26_16:30,2025-08-26,16:30,2025-08-26 16:30:00+02:00,1,9.078303333571974,9.078303333571974,9.078303333571974,4.347826086956506,4.347826086956506,1,100.0,GDP,GDP/Growth,False
2025-08-27_16:30,2025-08-27,16:30,2025-08-27 16:30:00+02:00,1,25.199964392161,25.199964392161,25.199964392161,0.0,0.0,0,0.0,Other,Trade Balance,False
2025-08-27_18:45,2025-08-27,18:45,2025-08-27 18:45:00+02:00,1,33.85118560915781,33.85118560915781,33.85118560915781,0.0,0.0,0,0.0,Other,Other,False
2025-08-28_14:30,2025-08-28,14:30,2025-08-28 14:30:00+02:00,16,30.627476436077053,23.19257246854641,39.92706987049297,14.285714285714299,6.041009265232431,16,100.0,Jobless Claims,Employment,True
2025-08-28_17:30,2025-08-28,17:30,2025-08-28 17:30:00+02:00,4,24.727665972094,24.727665972094,24.727665972094,0.0,0.0,0,0.0,Other,Other,False
2025-08-29_14:30,2025-08-29,14:30,2025-08-29 14:30:00+02:00,8,26.686474775982333,25.206393585313748,30.886023743354997,19.080459770114935,4.354331214281126,8,100.0,Retail Sales,Consumer,True
2025-08-29_16:00,2025-08-29,16:00,2025-08-29 16:00:00+02:00,7,26.400017608625507,23.7495601289988,34.65829662648696,10.256410256410255,4.4704311447615845,6,85.71428571428571,CPI,Consumer,True
2025-08-29_17:00,2025-08-29,17:00,2025-08-29 17:00:00+02:00,1,9.078303333571974,9.078303333571974,9.078303333571974,59.09090909090908,59.09090909090908,1,100.0,GDP,GDP/Growth,False
2025-08-29_19:00,2025-08-29,19:00,2025-08-29 19:00:00+02:00,1,11.24287509813271,11.24287509813271,11.24287509813271,0.9803921568627451,0.9803921568627451,1,100.0,Other,Other,False
2025-09-02_15:45,2025-09-02,15:45,2025-09-02 15:45:00+02:00,2,63.30574015023315,63.305740150233135,63.305740150233156,0.5628517823639722,0.5628517823639722,2,100.0,Other,Manufacturing,False
2025-09-02_16:00,2025-09-02,16:00,2025-09-02 16:00:00+02:00,6,95.01085819288018,92.51628728932027,100.0,7.08333333333333,1.9224494715360994,6,100.0,Other,Manufacturing,True
2025-09-02_19:00,2025-09-02,19:00,2025-09-02 19:00:00+02:00,1,9.078303333571974,9.078303333571974,9.078303333571974,14.285714285714285,14.285714285714285,1,100.0,GDP,GDP/Growth,False
2025-09-03_16:00,2025-09-03,16:00,2025-09-03 16:00:00+02:00,9,24.460750138710008,22.62424343039249,26.55913179216532,100.0,17.739786725501013,7,77.77777777777779,Other,Other,True
2025-09-04_00:00,2025-09-04,00:00,2025-09-04 00:00:00+02:00,1,21.47350513016643,21.47350513016643,21.47350513016643,0.0,0.0,1,100.0,Other,Consumer,False
2025-09-04_14:30,2025-09-04,14:30,2025-09-04 14:30:00+02:00,9,25.348799297807556,20.467583678421647,29.10611136021945,22.222222222222207,5.548149263655734,9,100.0,Jobless Claims,Trade Balance,True
2025-09-04_15:45,2025-09-04,15:45,2025-09-04 15:45:00+02:00,4,30.99642593522476,30.82095851027352,31.168134940521725,1.6245487364620912,1.5342960288808625,4,100.0,Other,Manufacturing,False
2025-09-04_16:00,2025-09-04,16:00,2025-09-04 16:00:00+02:00,17,33.57742748934036,28.07084641152111,34.65829662648696,11.776447105788419,2.304096810188901,11,64.70588235294117,Other,Manufacturing,True
2025-09-04_17:30,2025-09-04,17:30,2025-09-04 17:30:00+02:00,4,24.727665972094,24.727665972094,24.727665972094,0.0,0.0,0,0.0,Other,Other,False
2025-09-04_18:00,2025-09-04,18:00,2025-09-04 18:00:00+02:00,2,17.139133862866487,9.078303333571974,25.199964392161,0.0,0.0,1,50.0,GDP,GDP/Growth,False
2025-09-05_14:30,2025-09-05,14:30,2025-09-05 14:30:00+02:00,12,61.455776527094514,57.69826407074845,67.6438161052937,140.0,24.15244522912466,11,91.66666666666666,NFP,Employment,True
2025-09-05_19:00,2025-09-05,19:00,2025-09-05 19:00:00+02:00,1,11.24287509813271,11.24287509813271,11.24287509813271,0.7299270072992701,0.7299270072992701,1,100.0,Other,Other,False
2025-09-08_16:00,2025-09-08,16:00,2025-09-08 16:00:00+02:00,1,21.052145702001955,21.052145702001955,21.052145702001955,0.0,0.0,0,0.0,Other,Employment,False
2025-09-10_14:30,2025-09-10,14:30,2025-09-10 14:30:00+02:00,9,25.80796167758423,24.63864637459446,26.730606915833615,133.33333333333334,37.29618945015898,9,100.0,PPI,Inflation,True
2025-09-10_16:00,2025-09-10,16:00,2025-09-10 16:00:00+02:00,2,27.869488278187138,24.85295281301928,30.886023743354997,50.0,50.0,2,100.0,Other,Other,False
2025-09-10_16:30,2025-09-10,16:30,2025-09-10 16:30:00+02:00,1,25.199964392161,25.199964392161,25.199964392161,0.0,0.0,0,0.0,Other,Trade Balance,False
2025-09-10_18:30,2025-09-10,18:30,2025-09-10 18:30:00+02:00,1,9.078303333571974,9.078303333571974,9.078303333571974,3.333333333333336,3.333333333333336,1,100.0,GDP,GDP/Growth,False
2025-09-10_20:00,2025-09-10,20:00,2025-09-10 20:00:00+02:00,2,14.741375589567504,14.212383375335397,15.270367803799608,0.0,0.0,0,0.0,Other,Other,False
2025-09-11_14:30,2025-09-11,14:30,2025-09-11 14:30:00+02:00,15,39.55196704196125,25.339023793709526,46.131002713643156,33.33333333333335,4.1071607638434955,13,86.66666666666667,CPI,Inflation,True
2025-09-11_17:30,2025-09-11,17:30,2025-09-11 17:30:00+02:00,4,24.727665972094,24.727665972094,24.727665972094,0.0,0.0,0,0.0,Other,Other,False
2025-09-11_20:00,2025-09-11,20:00,2025-09-11 20:00:00+02:00,2,14.741375589567504,14.212383375335397,15.270367803799608,20.84063047285464,16.84818569766383,2,100.0,Other,Other,False
2025-09-12_16:00,2025-09-12,16:00,2025-09-12 16:00:00+02:00,6,25.023637772315265,23.7495601289988,30.075435866325535,11.428571428571425,4.344819751673795,6,100.0,CPI,Inflation,True
2025-09-12_19:00,2025-09-12,19:00,2025-09-12 19:00:00+02:00,1,11.24287509813271,11.24287509813271,11.24287509813271,0.0,0.0,0,0.0,Other,Other,False
2025-09-15_14:30,2025-09-15,14:30,2025-09-15 14:30:00+02:00,1,35.00725344868514,35.00725344868514,35.00725344868514,274.0,274.0,1,100.0,Other,Manufacturing,False
2025-09-16_14:30,2025-09-16,14:30,2025-09-16 14:30:00+02:00,13,27.384143032545545,21.671326457943184,28.822567457072772,500.0,215.31084656084656,7,53.84615384615385,Retail Sales,Consumer,True
2025-09-16_15:15,2025-09-16,15:15,2025-09-16 15:15:00+02:00,7,19.84881685114106,19.558478311800545,20.23593490359507,200.0,90.0,5,71.42857142857143,Other,Manufacturing,True
2025-09-16_16:00,2025-09-16,16:00,2025-09-16 16:00:00+02:00,2,25.167458751255865,23.851317490042995,26.483600012468738,200.0,200.0,1,50.0,Retail Sales,Consumer,False
2025-09-16_17:30,2025-09-16,17:30,2025-09-16 17:30:00+02:00,1,9.078303333571974,9.078303333571974,9.078303333571974,9.677419354838705,9.677419354838705,1,100.0,GDP,GDP/Growth,False
2025-09-17_14:30,2025-09-17,14:30,2025-09-17 14:30:00+02:00,2,16.804992445109292,16.802745760029545,16.80723913018904,0.0,0.0,0,0.0,Other,Housing,False
2025-09-17_16:30,2025-09-17,16:30,2025-09-17 16:30:00+02:00,1,25.199964392161,25.199964392161,25.199964392161,0.0,0.0,0,0.0,Other,Trade Balance,False
2025-09-17_17:30,2025-09-17,17:30,2025-09-17 17:30:00+02:00,1,9.078303333571974,9.078303333571974,9.078303333571974,0.0,0.0,0,0.0,GDP,GDP/Growth,False
2025-09-17_20:00,2025-09-17,20:00,2025-09-17 20:00:00+02:00,13,63.67829035395112,45.77832801413763,75.71116767335741,0.0,0.0,1,7.6923076923076925,Other,Interest Rates,False
2025-09-18_14:30,2025-09-18,14:30,2025-09-18 14:30:00+02:00,10,26.208317626467146,25.339023793709526,26.84356289399415,500.0,126.78223808400189,4,40.0,Jobless Claims,Employment,False
2025-09-18_17:30,2025-09-18,17:30,2025-09-18 17:30:00+02:00,4,24.727665972094,24.727665972094,24.727665972094,0.0,0.0,0,0.0,Other,Other,False
2025-09-19_19:00,2025-09-19,19:00,2025-09-19 19:00:00+02:00,1,11.24287509813271,11.24287509813271,11.24287509813271,0.0,0.0,0,0.0,Other,Other,False
2025-09-22_14:30,2025-09-22,14:30,2025-09-22 14:30:00+02:00,1,20.713211827077785,20.713211827077785,20.713211827077785,29.41176470588236,29.41176470588236,1,100.0,Other,Other,False
2025-09-22_18:00,2025-09-22,18:00,2025-09-22 18:00:00+02:00,1,33.85118560915781,33.85118560915781,33.85118560915781,0.0,0.0,0,0.0,Other,Other,False
2025-09-23_14:30,2025-09-23,14:30,2025-09-23 14:30:00+02:00,1,20.700023738559334,20.700023738559334,20.700023738559334,1.950838860710105,1.950838860710105,1,100.0,Other,Trade Balance,False
2025-09-23_15:45,2025-09-23,15:45,2025-09-23 15:45:00+02:00,6,41.766197340227556,30.82095851027352,63.305740150233156,1.8315018315018317,0.6722290055623398,3,50.0,Other,Manufacturing,False
2025-09-23_16:00,2025-09-23,16:00,2025-09-23 16:00:00+02:00,5,20.814873149428575,19.677570075850348,22.95123044865877,240.0,142.96296296296296,3,60.0,Other,Consumer,True
2025-09-24_16:00,2025-09-24,16:00,2025-09-24 16:00:00+02:00,1,16.70601113074671,16.70601113074671,16.70601113074671,23.076923076923077,23.076923076923077,1,100.0,Other,Consumer,False
2025-09-24_16:30,2025-09-24,16:30,2025-09-24 16:30:00+02:00,1,25.199964392161,25.199964392161,25.199964392161,0.0,0.0,0,0.0,Other,Trade Balance,False
2025-09-25_14:30,2025-09-25,14:30,2025-09-25 14:30:00+02:00,32,28.42936564178816,20.88430992285662,39.92706987049297,500.0,129.4654046763374,18,56.25,Retail Sales,Other,True
2025-09-25_15:45,2025-09-25,15:45,2025-09-25 15:45:00+02:00,2,19.677570075850348,19.677570075850348,19.677570075850348,1.010101010101011,0.5050505050505055,2,100.0,Other,Consumer,False
2025-09-25_17:30,2025-09-25,17:30,2025-09-25 17:30:00+02:00,4,24.727665972094,24.727665972094,24.727665972094,0.0,0.0,0,0.0,Other,Other,False
2025-09-26_14:30,2025-09-26,14:30,2025-09-26 14:30:00+02:00,6,25.206393585313748,25.206393585313748,25.206393585313748,0.0,0.0,2,33.33333333333333,Other,Inflation,False
2025-09-26_15:00,2025-09-26,15:00,2025-09-26 15:00:00+02:00,1,33.85118560915781,33.85118560915781,33.85118560915781,0.0,0.0,0,0.0,Other,Other,False
2025-09-26_16:00,2025-09-26,16:00,2025-09-26 16:00:00+02:00,6,25.023637772315265,23.7495601289988,30.075435866325535,5.1282051282051215,2.396916595127463,6,100.0,CPI,Inflation,True
2025-09-26_17:30,2025-09-26,17:30,2025-09-26 17:30:00+02:00,1,9.078303333571974,9.078303333571974,9.078303333571974,18.181818181818183,18.181818181818183,1,100.0,GDP,GDP/Growth,False
2025-09-26_19:00,2025-09-26,19:00,2025-09-26 19:00:00+02:00,1,11.24287509813271,11.24287509813271,11.24287509813271,0.0,0.0,0,0.0,Other,Other,False
2025-09-29_17:30,2025-09-29,17:30,2025-09-29 17:30:00+02:00,2,24.727665972094,24.727665972094,24.727665972094,0.0,0.0,0,0.0,Other,Other,False
2025-09-30_16:00,2025-09-30,16:00,2025-09-30 16:00:00+02:00,3,21.59510706400567,19.53683433123203,22.62424343039249,2.7987421383647786,1.6829140461215928,3,100.0,Other,Other,False
2025-10-01_15:45,2025-10-01,15:45,2025-10-01 15:45:00+02:00,2,63.30574015023315,63.305740150233135,63.305740150233156,0.0,0.0,1,50.0,Other,Manufacturing,False
2025-10-01_16:00,2025-10-01,16:00,2025-10-01 16:00:00+02:00,6,95.01085819288018,92.51628728932027,100.0,5.0485436893203905,2.5660332004588415,4,66.66666666666666,Other,Manufacturing,True
2025-10-01_16:30,2025-10-01,16:30,2025-10-01 16:30:00+02:00,1,25.199964392161,25.199964392161,25.199964392161,0.0,0.0,0,0.0,Other,Trade Balance,False
2025-10-01_18:15,2025-10-01,18:15,2025-10-01 18:15:00+02:00,1,33.85118560915781,33.85118560915781,33.85118560915781,0.0,0.0,0,0.0,Other,Other,False
2025-10-01_19:00,2025-10-01,19:00,2025-10-01 19:00:00+02:00,1,9.078303333571974,9.078303333571974,9.078303333571974,2.5641025641025665,2.5641025641025665,1,100.0,GDP,GDP/Growth,False
2025-10-02_01:00,2025-10-02,01:00,2025-10-02 01:00:00+02:00,1,21.47350513016643,21.47350513016643,21.47350513016643,1.2345679012345634,1.2345679012345634,1,100.0,Other,Consumer,False
2025-10-02_14:30,2025-10-02,14:30,2025-10-02 14:30:00+02:00,4,26.467428118922996,25.339023793709526,26.84356289399415,0.0,0.0,0,0.0,Jobless Claims,Employment,False
2025-10-02_16:00,2025-10-02,16:00,2025-10-02 16:00:00+02:00,6,24.81844273252398,21.47350513016643,26.55913179216532,0.0,0.0,0,0.0,Other,Other,False
2025-10-02_17:30,2025-10-02,17:30,2025-10-02 17:30:00+02:00,4,24.727665972094,24.727665972094,24.727665972094,0.0,0.0,0,0.0,Other,Other,False
2025-10-03_14:30,2025-10-03,14:30,2025-10-03 14:30:00+02:00,9,61.99907043957897,59.90047788837122,67.6438161052937,0.0,0.0,0,0.0,NFP,Employment,False
2025-10-03_15:45,2025-10-03,15:45,2025-10-03 15:45:00+02:00,6,30.99255069706594,30.82095851027352,31.168134940521725,0.559701492537308,0.5581438817046506,2,33.33333333333333,Other,Manufacturing,False
2025-10-03_16:00,2025-10-03,16:00,2025-10-03 16:00:00+02:00,10,33.52704123350075,32.4907400778474,34.56334238915411,8.363636363636367,3.448893523213924,10,100.0,Other,Manufacturing,True
2025-10-03_17:00,2025-10-03,17:00,2025-10-03 17:00:00+02:00,2,23.73055656131381,23.653496162266233,23.80761696036139,0.0,0.0,0,0.0,Other,Other,False
2025-10-03_19:00,2025-10-03,19:00,2025-10-03 19:00:00+02:00,1,11.24287509813271,11.24287509813271,11.24287509813271,0.0,0.0,0,0.0,Other,Other,False
2025-10-07_14:30,2025-10-07,14:30,2025-10-07 14:30:00+02:00,3,25.855742093740933,25.199964392161,26.1836309445309,0.0,0.0,0,0.0,Other,Trade Balance,False
2025-10-07_18:00,2025-10-07,18:00,2025-10-07 18:00:00+02:00,1,9.078303333571974,9.078303333571974,9.078303333571974,0.0,0.0,1,100.0,GDP,GDP/Growth,False
2025-10-08_16:30,2025-10-08,16:30,2025-10-08 16:30:00+02:00,1,25.199964392161,25.199964392161,25.199964392161,0.0,0.0,0,0.0,Other,Trade Balance,False
2025-10-08_17:00,2025-10-08,17:00,2025-10-08 17:00:00+02:00,1,21.052145702001955,21.052145702001955,21.052145702001955,0.0,0.0,0,0.0,Other,Employment,False
2025-10-08_20:00,2025-10-08,20:00,2025-10-08 20:00:00+02:00,1,45.77832801413763,45.77832801413763,45.77832801413763,0.0,0.0,0,0.0,Other,Interest Rates,False
2025-10-08_21:00,2025-10-08,21:00,2025-10-08 21:00:00+02:00,1,45.77832801413763,45.77832801413763,45.77832801413763,0.0,0.0,0,0.0,Other,Interest Rates,False
2025-10-09_14:30,2025-10-09,14:30,2025-10-09 14:30:00+02:00,5,26.2417472538803,25.339023793709526,26.84356289399415,0.0,0.0,0,0.0,Jobless Claims,Employment,False
2025-10-09_16:00,2025-10-09,16:00,2025-10-09 16:00:00+02:00,2,27.869488278187138,24.85295281301928,30.886023743354997,0.0,0.0,0,0.0,Other,Other,False
2025-10-09_17:30,2025-10-09,17:30,2025-10-09 17:30:00+02:00,4,24.727665972094,24.727665972094,24.727665972094,0.0,0.0,0,0.0,Other,Other,False
2025-10-09_19:00,2025-10-09,19:00,2025-10-09 19:00:00+02:00,1,9.078303333571974,9.078303333571974,9.078303333571974,0.0,0.0,0,0.0,GDP,GDP/Growth,False
2025-10-10_16:00,2025-10-10,16:00,2025-10-10 16:00:00+02:00,6,25.023637772315265,23.7495601289988,30.075435866325535,2.77777777777778,1.821959883041768,5,83.33333333333334,CPI,Inflation,False
2025-10-10_19:00,2025-10-10,19:00,2025-10-10 19:00:00+02:00,1,11.24287509813271,11.24287509813271,11.24287509813271,0.7125890736342043,0.7125890736342043,1,100.0,Other,Other,False
2025-10-10_20:00,2025-10-10,20:00,2025-10-10 20:00:00+02:00,2,14.741375589567504,14.212383375335397,15.270367803799608,0.0,0.0,0,0.0,Other,Other,False
2025-10-14_13:00,2025-10-14,13:00,2025-10-14 13:00:00+02:00,2,60.526072851000976,21.052145702001955,100.0,0.0,0.0,0,0.0,Other,Consumer,False
2025-10-15_14:30,2025-10-15,14:30,2025-10-15 14:30:00+02:00,11,43.7849274243597,35.00725344868514,46.131002713643156,500.0,500.0,1,9.090909090909092,CPI,Inflation,False
2025-10-16_14:30,2025-10-16,14:30,2025-10-16 14:30:00+02:00,18,26.581114861868787,24.63864637459446,28.542650278268667,228.00000000000003,228.00000000000003,1,5.555555555555555,Retail Sales,Other,False
2025-10-16_16:00,2025-10-16,16:00,2025-10-16 16:00:00+02:00,2,25.167458751255865,23.851317490042995,26.483600012468738,0.0,0.0,0,0.0,Retail Sales,Consumer,False
2025-10-16_17:30,2025-10-16,17:30,2025-10-16 17:30:00+02:00,4,24.727665972094,24.727665972094,24.727665972094,0.0,0.0,0,0.0,Other,Other,False
2025-10-16_18:00,2025-10-16,18:00,2025-10-16 18:00:00+02:00,1,25.199964392161,25.199964392161,25.199964392161,0.0,0.0,0,0.0,Other,Trade Balance,False
2025-10-16_18:45,2025-10-16,18:45,2025-10-16 18:45:00+02:00,1,33.85118560915781,33.85118560915781,33.85118560915781,0.0,0.0,0,0.0,Other,Other,False
2025-10-16_20:00,2025-10-16,20:00,2025-10-16 20:00:00+02:00,2,14.741375589567504,14.212383375335397,15.270367803799608,368.0851063829787,332.04255319148933,2,100.0,Other,Other,False
2025-10-17_14:30,2025-10-17,14:30,2025-10-17 14:30:00+02:00,19,43.715269086104975,16.802745760029545,61.492477137506555,0.0,0.0,0,0.0,NFP,Employment,False
2025-10-17_15:15,2025-10-17,15:15,2025-10-17 15:15:00+02:00,7,19.84881685114106,19.558478311800545,20.23593490359507,0.0,0.0,0,0.0,Other,Manufacturing,False
2025-10-17_19:00,2025-10-17,19:00,2025-10-17 19:00:00+02:00,2,10.160589215852342,9.078303333571974,11.24287509813271,0.2398081534772182,0.2398081534772182,1,50.0,GDP,GDP/Growth,False
2025-10-23_14:30,2025-10-23,14:30,2025-10-23 14:30:00+02:00,4,25.31097512726506,20.713211827077785,26.84356289399415,0.0,0.0,0,0.0,Jobless Claims,Employment,False
2025-10-23_16:00,2025-10-23,16:00,2025-10-23 16:00:00+02:00,1,19.677570075850348,19.677570075850348,19.677570075850348,0.0,0.0,0,0.0,Other,Consumer,False
2025-10-23_17:30,2025-10-23,17:30,2025-10-23 17:30:00+02:00,2,24.727665972094,24.727665972094,24.727665972094,0.0,0.0,0,0.0,Other,Other,False
2025-10-24_15:45,2025-10-24,15:45,2025-10-24 15:45:00+02:00,3,41.773947816545196,30.8479683588807,63.305740150233156,0.0,0.0,0,0.0,Other,Manufacturing,False
2025-10-24_16:00,2025-10-24,16:00,2025-10-24 16:00:00+02:00,6,22.795400316385457,16.70601113074671,24.07920765964181,0.0,0.0,0,0.0,CPI,Consumer,False
2025-10-24_19:00,2025-10-24,19:00,2025-10-24 19:00:00+02:00,1,11.24287509813271,11.24287509813271,11.24287509813271,0.0,0.0,0,0.0,Other,Other,False
2025-10-27_13:30,2025-10-27,13:30,2025-10-27 13:30:00+01:00,4,23.18014681639542,22.480415688550092,23.879877944240754,0.0,0.0,0,0.0,Other,Other,False
2025-10-28_15:00,2025-10-28,15:00,2025-10-28 15:00:00+01:00,3,21.573075198480733,20.88399757339171,22.95123044865877,0.0,0.0,0,0.0,Other,Manufacturing,False
2025-10-29_13:30,2025-10-29,13:30,2025-10-29 13:30:00+01:00,3,28.339307937071236,26.483600012468738,30.886023743354997,0.0,0.0,0,0.0,Retail Sales,Consumer,False
2025-10-29_19:00,2025-10-29,19:00,2025-10-29 19:00:00+01:00,1,48.517963191030475,48.517963191030475,48.517963191030475,0.0,0.0,0,0.0,Other,Interest Rates,False
2025-10-30_13:30,2025-10-30,13:30,2025-10-30 13:30:00+01:00,9,31.135890064094113,26.84356289399415,33.282053649144096,0.0,0.0,0,0.0,Jobless Claims,Employment,False
2025-10-30_16:30,2025-10-30,16:30,2025-10-30 16:30:00+01:00,2,24.727665972094,24.727665972094,24.727665972094,0.0,0.0,0,0.0,Other,Other,False
2025-10-31_13:30,2025-10-31,13:30,2025-10-31 13:30:00+01:00,7,25.52855974769303,25.206393585313748,25.958114630865403,0.0,0.0,0,0.0,Other,Employment,False
2025-10-31_18:00,2025-10-31,18:00,2025-10-31 18:00:00+01:00,1,11.24287509813271,11.24287509813271,11.24287509813271,0.0,0.0,0,0.0,Other,Other,False
2025-11-03_14:45,2025-11-03,14:45,2025-11-03 14:45:00+01:00,1,63.305740150233156,63.305740150233156,63.305740150233156,0.0,0.0,0,0.0,Other,Manufacturing,False
2025-11-03_15:00,2025-11-03,15:00,2025-11-03 15:00:00+01:00,5,94.01302983145622,92.51628728932027,100.0,0.0,0.0,0,0.0,Other,Manufacturing,False
