date,num_events,num_events_total,score_ajuste,impact_real,impact_pred_interp,impact_pred_emp,error_interp,error_emp
2020-01-02,1,1,8.626667,21.199999999998997,2.6267933074660004,21.571235733365068,18.573206692533,0.3712357333660705
2020-01-02,2,2,20.282959499999997,25.800000000000267,0.6026314654230014,23.12910357888262,25.197368534577265,2.6708964211176465
2020-01-03,4,4,44.30934235,29.600000000000737,15.622342481476133,30.06936981564511,13.977657518524603,0.46936981564437374
2020-01-15,1,1,38.457899999999995,26.800000000000157,6.8476659557999975,29.497530479345322,19.95233404420016,2.697530479345165
2020-01-17,2,2,43.401406449999996,21.400000000000308,7.756212924500697,27.786750355507177,13.64378707549961,6.386750355506869
2020-02-10,2,2,29.98708915,23.800000000000487,2.9060518756088984,25.084183359199322,20.89394812439159,1.2841833591988348
2020-02-14,1,1,20.012538,22.400000000000198,0.9893820938759998,24.5965136186509,21.410617906124198,2.1965136186507017
2020-02-24,2,2,20.629498891304355,25.199999999998557,0.47733460386664983,23.19892046936722,24.72266539613191,2.001079530631337
2020-02-25,2,2,16.813415,20.299999999999763,1.8571007921100018,22.430098460081574,18.44289920788976,2.130098460081811
2020-02-28,1,1,37.1355,58.400000000000674,6.4276690709999995,29.146162764437786,51.97233092900068,29.253837235562887
2020-02-28,4,4,37.330374925,36.40000000000087,12.328400130934734,28.693156205062063,24.07159986906614,7.706843794938809
2020-02-28,2,2,46.22992315,36.89999999999971,8.778908393652896,28.35660834462196,28.12109160634681,8.543391655377746
2020-02-28,14,14,30.313696028571428,45.399999999999885,21.00169237294663,33.08506841860487,24.398307627053256,12.314931581395015
2020-03-02,4,4,22.665790174999998,23.100000000000342,5.406989867850066,25.801381548799277,17.693010132150278,2.7013815487989348
2020-03-02,1,1,16.274767299999997,20.000000000000018,0.19774135598540113,23.60337088596235,19.802258644014618,3.603370885962331
2020-03-02,3,3,20.565657333333334,24.500000000000632,1.9576744142235538,24.051184184554547,22.54232558577708,0.4488158154460855
2020-03-02,5,5,39.48166712,40.000000000000036,16.84617060732568,28.92510801086391,23.153829392674357,11.074891989136127
2020-03-03,1,1,38.30495,25.399999999999867,6.7990887299,29.45689096634237,18.600911270099868,4.056890966342504
2020-03-03,1,1,19.658121921182268,20.199999999999108,0.8768188384113298,24.50234364909504,19.323181161587776,4.302343649095931
2020-03-03,2,2,29.205956399999998,20.700000000000163,2.623620831722399,24.92680944723101,18.076379168277764,4.226809447230849
2020-03-03,5,5,48.199666666666666,88.10000000000207,21.442204070333336,31.910035114289535,66.65779592966874,56.189964885712534
2020-03-05,4,4,38.421895,22.800000000000598,12.843577231293333,28.90839790085485,9.956422768707265,6.1083979008542535
2020-03-05,1,1,24.1985121,44.6000000000013,2.3188558399841988,25.708746040141474,42.28114416001711,18.891253959859828
2020-03-06,2,2,16.813415,46.69999999999952,1.8571007921100018,22.430098460081574,44.842899207889516,24.269901539917946
2020-03-06,1,1,40.36169999999999,26.999999999999247,7.452316643399998,30.003378827531172,19.54768335659925,3.0033788275319253
2020-03-06,12,12,48.438020025,31.000000000001027,33.5584415295603,,2.5584415295592713,
2020-03-09,7,7,10.478091011810067,35.60000000000008,5.358166234191151,17.00303064478976,30.241833765808927,18.59696935521032
2020-03-09,2,2,35.20877269999999,36.89999999999971,4.794035110048195,26.136189906516762,32.105964889951515,10.763810093482945
2020-03-09,4,4,31.174681775,21.399999999998087,9.423027870406866,27.479287708519713,11.976972129591221,6.079287708521626
2020-03-09,1,1,12.146684,45.69999999999963,1.508828868232,22.50652031422236,44.19117113176763,23.193479685777273
2020-03-11,1,1,18.577177799999998,23.999999999999577,0.5335088236355989,24.21513186309795,23.466491176363977,0.2151318630983745
2020-03-11,1,1,21.481399999999997,24.200000000000887,1.4558956027999992,24.986796955352744,22.74410439720089,0.786796955351857
2020-03-12,3,3,11.380923000000001,27.500000000000302,1.8702809912390013,22.219330135286622,25.6297190087613,5.28066986471368
2020-03-12,2,2,36.47097788018433,161.89999999999927,5.250405588226726,26.390484924760816,156.64959441177254,135.50951507523845
2020-03-12,8,8,55.242481475,121.4000000000004,38.2726540756577,33.03051763899408,83.1273459243427,88.36948236100633
2020-03-13,3,3,14.219192000000001,30.90000000000037,0.6873652131226676,22.785410151525337,30.212634786877704,8.114589848475035
2020-03-17,1,1,7.035,20.000000000000018,3.1323099300000004,21.14832254773006,16.867690070000016,1.148322547730043
2020-03-17,3,3,30.744164099999995,76.00000000000051,6.199808000558695,26.081241686419432,69.80019199944182,49.91875831358108
2020-03-17,3,3,46.1965867,40.10000000000069,12.639970826443562,29.16315803625643,27.46002917355713,10.93684196374426
2020-03-17,3,3,38.56660596666667,27.199999999998337,9.45999577961621,27.64139261605615,17.740004220382126,0.441392616057815
2020-03-17,3,3,25.30305692462891,44.39999999999999,3.9320978123529784,24.996037275494796,40.46790218764701,19.403962724505195
2020-03-17,3,3,27.004195088867647,32.40000000000131,4.64108740256936,25.33532164904662,27.75891259743195,7.0646783509546935
2020-03-18,3,3,19.014725,24.100000000000232,1.3112866589083312,23.74185768997687,22.788713341091903,0.3581423100233607
2020-03-18,4,4,54.829765849999994,77.79999999999899,20.587785992237464,32.143938892717095,57.212214007761524,45.65606110728189
2020-03-18,5,5,29.1927324882465,44.39999999999999,11.421957447746186,25.40231362629226,32.978042552253804,18.997686373707733
2020-03-18,3,3,37.48958146666667,36.399999999998656,9.011120329661379,27.426584912329165,27.388879670337275,8.97341508766949
2020-03-19,1,1,11.013,32.2,1.868889174,22.205295301739575,30.331110826000003,9.994704698260428
2020-03-20,2,2,38.755476099999996,40.599999999999525,6.076402471572596,26.850740139686877,34.52359752842693,13.749259860312648
2020-03-20,1,1,37.3535364,40.49999999999887,6.496917867712801,29.204096030949184,34.00308213228607,11.295903969049686
2020-03-20,2,2,30.50925,36.40000000000087,3.0948474855,25.189382501907392,33.305152514500875,11.21061749809348
2020-03-20,2,2,37.2783306,29.09999999999968,5.542316881719598,26.553141343731404,23.55768311828008,2.5468586562682773
2020-03-23,1,1,38.8605423,44.700000000001964,6.975545955564599,29.604514375954604,37.724454044437365,15.09548562404736
2020-03-24,2,2,14.77387201032298,24.599999999999067,2.594530192715562,22.019194092145373,22.005469807283504,2.5808059078536942
2020-03-24,2,2,16.813415,59.00000000000016,1.8571007921100018,22.430098460081574,57.14289920789016,36.56990153991859
2020-03-24,6,6,43.577369250000004,53.399999999999004,22.733894593302498,27.160180543045442,30.666105406696506,26.239819456953562
2020-03-26,1,1,32.99825,26.300000000001322,5.113670196499998,28.046876558674626,21.186329803501323,1.7468765586733035
2020-03-26,2,2,23.986840499999996,23.200000000000998,0.7365659722229981,23.875320201390256,22.463434027778,0.6753202013892583
2020-03-26,6,6,48.14601076666666,22.599999999999287,25.39465618380411,27.082010116425277,2.794656183804822,4.48201011642599
2020-03-27,2,2,18.010852416666665,22.599999999999287,1.4241481351155019,22.671344791896573,21.175851864883786,0.07134479189728538
2020-03-27,4,4,30.47417505,36.40000000000087,9.092401772332401,27.34115167340991,27.30759822766847,9.058848326590962
2020-03-27,1,1,14.532121,31.399999999999206,0.7512093061580001,23.140341811307877,30.648790693841207,8.25965818869133
2020-03-30,1,1,31.33656194975492,57.70000000000053,4.585914748366061,27.605358460441284,53.114085251634464,30.094641539559245
2020-03-30,5,5,34.09112658,28.599999999998627,14.00433693058362,27.079458619185203,14.595663069415007,1.5205413808134232
2020-03-30,2,2,34.9880877,35.00000000000058,4.714242917338199,26.091728754730813,30.285757082662386,8.90827124526977
2020-03-31,2,2,36.18924037272727,28.000000000001357,5.148538884605507,26.333723594888625,22.85146111539585,1.6662764051127326
2020-04-01,2,2,22.994358599999998,25.399999999999867,0.37771826156759847,23.675366020541045,25.02228173843227,1.7246339794588224
2020-04-01,3,3,24.24978146269677,20.299999999999763,3.4931203360734946,24.785966210844336,16.806879663926267,4.485966210844573
2020-04-01,1,1,38.2618295,31.800000000001827,6.7853935728589985,29.445433652707564,25.01460642714283,2.354566347294263
2020-04-01,9,9,36.78773666666667,49.40000000000167,25.486985415506666,20.779258409911854,23.913014584495002,28.620741590089814
2020-04-02,2,2,15.7826785,37.59999999999985,2.2297800654690008,22.222437169201726,35.37021993453085,15.377562830798126
2020-04-02,2,2,57.590696699999995,38.899999999999494,12.8865778430322,30.645450255999535,26.013422156967295,8.25454974399996
2020-04-02,6,6,19.505370427940832,24.399999999999977,8.714442719331315,27.57205755520667,15.685557280668663,3.172057555206692
2020-04-07,2,2,24.93831415,49.79999999999984,1.080586493958899,24.0670124975272,48.719413506040944,25.73298750247264
2020-04-07,2,2,16.813415,24.899999999998812,1.8571007921100018,22.430098460081574,23.04289920788881,2.469901539917238
2020-04-08,1,1,24.4638566,25.299999999999212,2.4031297838732,25.779249284718215,22.89687021612601,0.4792492847190033
2020-04-08,2,2,35.20877269999999,26.100000000000012,4.794035110048195,26.136189906516762,21.305964889951817,0.036189906516749915
2020-04-15,6,6,37.9449798,25.500000000000522,19.453609752254,27.256551922719513,6.046390247746523,1.756551922718991
2020-04-16,2,2,22.8589,28.599999999998627,0.32874103739999877,23.648075333021218,28.271258962598626,4.951924666977408
2020-04-16,3,3,18.685543033333335,21.599999999999397,1.174092283660121,23.67620382382248,20.425907716339275,2.076203823823082
2020-04-16,2,2,38.8854,41.999999999999815,6.123378536399997,26.87691575759712,35.87662146359982,15.123084242402694
2020-04-16,6,6,43.192168949999996,21.199999999998997,22.509555222583497,27.16677140198576,1.3095552225844997,5.966771401986762
2020-04-17,3,3,31.158536666666667,27.900000000000702,6.372507574534443,26.16388643547865,21.52749242546626,1.7361135645220536
2020-04-20,2,2,29.867942107142866,31.200000000000117,2.862972355911217,25.06017894223705,28.3370276440889,6.139821057763065
2020-04-23,2,2,16.813415,39.799999999998725,1.8571007921100018,22.430098460081574,37.94289920788872,17.36990153991715
2020-04-23,6,6,43.577369250000004,37.30000000000011,22.733894593302498,27.160180543045442,14.566105406697613,10.139819456954669
2020-04-23,2,2,26.625886,53.399999999999004,1.6907550974759997,24.407005646914556,51.709244902523004,28.99299435308445
2020-04-23,4,4,25.357608327625947,23.699999999999832,6.677477788617331,26.332193136425847,17.0225222113825,2.6321931364260145
2020-04-29,2,2,43.887034099999994,25.599999999998957,7.931799371400597,27.884589196652264,17.66820062859836,2.2845891966533074
2020-04-29,6,6,41.67235641666667,26.600000000001067,21.62442146921195,27.19277571720286,4.975578530789118,0.5927757172017927
2020-05-05,1,1,20.1605,81.19999999999905,1.0363751209999998,24.635827797290613,80.16362487899904,56.564172202708434
2020-05-05,2,2,51.99483953076922,45.80000000000028,10.863306149782103,29.518059382248858,34.93669385021818,16.281940617751424
2020-05-07,1,1,24.6142283,23.499999999998522,2.4508881365365998,25.819203731644837,21.049111863461924,2.319203731646315
2020-05-07,4,4,30.40678459005884,25.500000000000522,9.060594733195426,27.327862649039016,16.439405266805096,1.8278626490384937
2020-05-13,2,2,20.466,41.999999999999815,0.5364502439999999,23.165980536779514,41.463549755999814,18.8340194632203
2020-05-14,4,4,31.341178774999996,33.499999999999645,9.501611346462866,27.512119992089403,23.99838865353678,5.987880007910242
2020-05-19,2,2,15.6421435,35.39999999999877,2.2805927432790005,22.19412374524342,33.11940725671977,13.20587625475535
2020-05-19,2,2,46.91830835,24.200000000000887,9.027805076876097,28.495296514929873,15.17219492312479,4.295296514928985
2020-05-20,3,3,55.046748111111114,33.799999999999386,16.328485048344184,30.928283017474573,17.4715149516552,2.8717169825248128
2020-05-25,3,3,17.918882099621648,22.199999999998887,0.8545681952270107,23.52329674073589,21.345431804771877,1.3232967407370033
2020-05-28,4,4,35.967708224999996,38.19999999999935,11.685246884979799,28.424445900940206,26.514753115019552,9.775554099059143
2020-05-28,3,3,37.48958146666667,21.599999999999397,9.011120329661379,27.426584912329165,12.588879670338018,5.826584912329768
2020-05-29,5,5,22.045539639999998,21.700000000000053,7.654035997271959,22.95520984612542,14.045964002728095,1.2552098461253678
2020-05-29,1,1,21.119907024793395,23.699999999999832,1.3410847108884312,24.890746622130216,22.3589152891114,1.1907466221303835
2020-05-29,1,1,25.14495020512822,33.90000000000004,2.619446475049133,25.960218963841054,31.280553524950907,7.939781036158987
2020-05-29,2,2,42.848018124999996,28.29999999999888,7.5561265213837485,27.6752598495172,20.743873478615132,0.6247401504816814
2020-06-03,3,3,17.292126099999997,23.499999999998522,0.5933527991593633,23.39829306897555,22.90664720083916,0.10170693102297079
2020-06-03,2,2,29.205956399999998,32.600000000000406,2.623620831722399,24.92680944723101,29.976379168278008,7.673190552769395
2020-06-03,6,6,46.14146928333333,30.49999999999997,24.22721790571572,27.116308246921697,6.272782094284253,3.383691753078274
2020-06-03,3,3,39.254207677280945,45.2000000000008,9.746570065755193,27.77853169184858,35.453429934245605,17.421468308152217
2020-06-03,9,9,29.579545166666662,23.599999999999177,20.493063846008663,18.414039570931354,3.106936153990514,5.185960429067823
2020-06-04,2,2,19.906735560093114,21.199999999998997,0.7386612504793731,23.053306176713427,20.461338749519623,1.8533061767144297
2020-06-04,1,1,15.6225,66.6000000000011,0.4049027550000003,23.430060487663873,66.19509724500111,43.16993951233723
2020-06-04,2,2,47.3988497,113.40000000000128,9.201552490630199,28.59211062509493,104.19844750937108,84.80788937490635
2020-06-04,1,1,43.406667,29.200000000000337,8.419404252534001,30.812440455449245,20.780595747466336,1.6124404554489082
2020-06-04,8,8,32.862033775,31.600000000000517,22.767211343725304,25.072830982754645,8.832788656275213,6.527169017245871
2020-06-09,1,1,24.671499999999998,28.200000000000447,2.4690777429999993,25.83442108370009,25.730922257000447,2.3655789163003575
2020-06-09,4,4,45.72472740299709,58.19999999999936,16.290377805969772,30.348475886146705,41.909622194029595,27.85152411385266
2020-06-10,4,4,20.519088475,26.699999999999502,4.393786737215133,25.378063897706824,22.306213262784368,1.3219361022926783
2020-06-10,2,2,23.26404745,66.50000000000045,0.4752285803066993,23.729699921326453,66.02477141969375,42.770300078674
2020-06-10,3,3,37.48958146666667,49.29999999999879,9.011120329661379,27.426584912329165,40.28887967033741,21.873415087669624
2020-06-12,2,2,33.201170847457625,66.40000000000201,4.0681545386318625,25.73172068254757,62.33184546137015,40.668279317454434
2020-06-12,3,3,24.327798233333333,36.599999999999966,3.5256356716331867,24.80152630567286,33.07436432836678,11.798473694327107
2020-06-12,3,3,19.85190385613445,32.399999999999096,1.6602007604352917,23.908829256264386,30.739799239563805,8.49117074373471
2020-06-15,1,1,41.7154044,45.999999999999375,7.8822558682488,30.36306426437954,38.11774413175058,15.636935735619836
2020-06-15,2,2,44.97075705,46.60000000000109,8.323636743540298,28.102925606348748,38.27636325646079,18.49707439365234
2020-06-16,3,3,16.49,38.79999999999883,0.25904776333333096,23.238312617611186,38.540952236665504,15.561687382387646
2020-06-16,3,3,46.1965867,70.20000000000026,12.639970826443562,29.16315803625643,57.5600291735567,41.036841963743825
2020-06-18,6,6,42.358314683333326,23.900000000001143,22.02392127719105,27.181038825579094,1.8760787228100924,3.2810388255779515
2020-06-19,2,2,38.755476099999996,21.199999999998997,6.076402471572596,26.850740139686877,15.123597528426401,5.65074013968788
2020-06-19,1,1,37.3535364,44.200000000000905,6.496917867712801,29.204096030949184,37.7030821322881,14.99590396905172
2020-06-24,2,2,16.813415,32.7999999999995,1.8571007921100018,22.430098460081574,30.942899207889496,10.369901539917926
2020-06-24,3,3,16.321372999999998,20.100000000000673,0.1887684702443305,23.204680719120137,19.911231529756343,3.1046807191194645
2020-06-25,1,1,28.36691666666667,34.49999999999953,3.6427494671666665,26.816310156445017,30.857250532832865,7.6836898435545145
2020-06-30,1,1,28.281499999999998,28.799999999999937,3.6156209629999987,26.793614558303997,25.18437903699994,2.00638544169594
2020-06-30,1,1,33.30025471698114,20.599999999999508,5.209587498622643,28.127120590205905,15.390412501376865,7.527120590206398
2020-06-30,2,2,59.2081705,27.200000000000557,13.471401375003001,30.971320832303302,13.728598624997556,3.771320832302745
2020-07-01,2,2,28.751749999999998,22.800000000000598,2.4593952404999984,24.835301008993024,20.3406047595006,2.035301008992427
2020-07-01,5,5,41.93681861999999,42.9999999999997,18.140499471459176,29.76571923321343,24.859500528540526,13.23428076678627
2020-07-06,1,1,40.36169999999999,26.399999999999757,7.452316643399998,30.003378827531172,18.94768335659976,3.603378827531415
2020-07-06,2,2,35.341247583333335,20.199999999999108,4.841933523715499,26.162879468089635,15.358066476283609,5.962879468090527
2020-07-07,1,1,26.71986636,20.799999999998597,3.1196429956687206,26.378681373481296,17.680357004329878,5.5786813734826985
2020-07-07,1,1,38.46914667268043,23.999999999999577,6.851237921536651,29.500518771601858,17.148762078462926,5.50051877160228
2020-07-15,1,1,23.400529,39.100000000000804,2.0654148114579995,25.496718288794053,37.034585188542806,13.603281711206751
2020-07-16,1,1,43.406667,54.499999999999545,8.419404252534001,30.812440455449245,46.080595747465544,23.6875595445503
2020-07-16,5,5,47.70932718,44.29999999999934,21.183702486697022,31.74214939511778,23.11629751330232,12.557850604881562
2020-07-21,3,3,25.371708888888886,27.099999999999902,3.960710143221478,25.009729601713033,23.139289856778426,2.0902703982868687
2020-07-24,6,6,43.577369250000004,20.899999999999253,22.733894593302498,27.160180543045442,1.8338945933032456,6.260180543046189
2020-07-27,2,2,16.813415,37.799999999998946,1.8571007921100018,22.430098460081574,35.94289920788894,15.369901539917372
2020-07-27,4,4,18.11320375,20.400000000000418,3.258254056863333,24.90363679375185,17.141745943137085,4.503636793751433
2020-07-29,4,4,36.864208024999996,40.200000000001346,12.108378055916866,28.601230681769728,28.09162194408448,11.598769318231618
2020-07-30,1,1,31.79130152333334,33.40000000000121,4.7303409464137145,27.726184840391582,28.66965905358749,5.6738151596096245
2020-07-30,4,4,42.02591712499999,60.79999999999863,14.544608399213663,29.61909104487213,46.25539160078497,31.180908955126505
2020-07-30,5,5,20.065063000000002,32.49999999999975,6.6099504979070005,22.27712098310207,25.89004950209275,10.222879016897682
2020-07-30,8,8,43.9036944875,37.99999999999804,30.41700638527385,28.998850573264647,7.582993614724188,9.001149426733392
2020-07-31,2,2,28.751749999999998,29.600000000000737,2.4593952404999984,24.835301008993024,27.14060475950074,4.764698991007712
2020-07-31,4,4,53.183152699999994,41.999999999999815,19.810615322216265,31.819235925874544,22.18938467778355,10.180764074125271
2020-07-31,8,8,29.771525125,31.600000000000517,20.626069864901503,23.97395665393157,10.973930135099014,7.626043346068947
2020-08-03,1,1,11.890890456572771,22.899999999999032,1.590069409211575,22.43855480239377,21.309930590787456,0.46144519760526137
2020-08-03,1,1,11.890890456572771,24.699999999999722,1.590069409211575,22.43855480239377,23.109930590788146,2.2614451976059513
2020-08-03,3,3,20.565657333333334,29.300000000000992,1.9576744142235538,24.051184184554547,27.342325585777438,5.248815815446445
2020-08-04,1,1,22.16074266,26.699999999999502,1.6716561903013205,25.167301400364394,25.028343809698182,1.5326985996351077
2020-08-05,4,4,24.2617065,45.50000000000054,6.160232582812,26.116087383354262,39.33976741718854,19.383912616646278
2020-08-05,2,2,47.3988497,22.400000000000198,9.201552490630199,28.59211062509493,13.198447509369998,6.192110625094731
2020-08-05,5,5,29.494103940000002,25.200000000000777,11.580837162024661,25.505499203410313,13.619162837976116,0.3054992034095356
2020-08-06,1,1,40.36169999999999,28.799999999999937,7.452316643399998,30.003378827531172,21.347683356599937,1.2033788275312354
2020-08-11,2,2,35.20877269999999,35.70000000000073,4.794035110048195,26.136189906516762,30.905964889952532,9.563810093483966
2020-08-11,2,2,46.91830835,40.40000000000043,9.027805076876097,28.495296514929873,31.372194923124333,11.90470348507056
2020-08-11,4,4,36.295868625,20.000000000000018,11.840132468119,28.48915730900848,8.159867531881018,8.489157309008462
2020-08-12,2,2,17.4582849,20.899999999999253,1.623937761846601,22.560019653212464,19.27606223815265,1.6600196532132117
2020-08-12,2,2,20.466,26.300000000001322,0.5364502439999999,23.165980536779514,25.76354975600132,3.134019463221808
2020-08-17,2,2,28.38726644928856,22.400000000000198,2.3276103810034665,24.761868929460373,20.07238961899673,2.361868929460176
2020-08-20,2,2,38.755476099999996,26.800000000000157,6.076402471572596,26.850740139686877,20.72359752842756,0.0507401396867202
2020-08-21,6,6,40.86670557638435,40.70000000000018,21.15521310533432,27.206560574181022,19.54478689466586,13.493439425819158
2020-08-21,2,2,16.0575,20.999999999999908,2.1304139550000003,22.27780513904808,18.869586044999906,1.2778051390481728
2020-08-21,5,5,33.03953813999999,25.999999999999357,13.449951072488457,26.719408722485532,12.5500489275109,0.7194087224861754
2020-08-24,1,1,31.8460539,22.599999999999287,4.7477304107478,27.740732796739984,17.852269589251488,5.140732796740696
2020-08-26,2,2,31.440725,39.400000000000546,3.431637175349999,25.37704569315201,35.96836282465055,14.022954306848536
2020-08-27,2,2,17.505253090116273,34.19999999999979,1.6069556612190208,22.569482280168856,32.59304433878077,11.630517719830934
2020-08-27,1,1,30.382117652173914,88.79999999999998,4.28278133056574,27.351758254869925,84.51721866943424,61.44824174513006
2020-08-27,6,6,36.00799284597228,25.600000000001177,18.325515006851436,27.289694180872548,7.274484993149741,1.6896941808713706
2020-09-01,2,2,19.629103299999997,21.300000000001873,0.8390436362322019,22.997371926281016,20.46095636376967,1.6973719262791427
2020-09-01,5,5,41.93681861999999,37.10000000000102,18.140499471459176,29.76571923321343,18.95950052854184,7.334280766787586
2020-09-01,3,3,55.05453553333333,52.49999999999977,16.331730640857618,30.929836183893265,36.16826935914216,21.570163816106508
2020-09-02,1,1,22.30125,25.100000000000122,1.7162816024999994,25.204634841822,23.38371839750012,0.10463484182187699
2020-09-02,2,2,13.6496,30.200000000000227,3.001028726400001,21.79268831014992,27.198971273600225,8.407311689850307
2020-09-02,1,1,28.751749999999998,25.800000000000267,3.764973303499999,26.918562129337925,22.035026696500267,1.1185621293376578
2020-09-02,2,2,47.130466958823526,37.00000000000037,9.104514416433984,28.53803986454402,27.895485583566384,8.461960135456348
2020-09-02,4,4,34.166814125,25.100000000000122,10.83525848646967,28.069319587732245,14.264741513530453,2.969319587732123
2020-09-08,4,4,27.183813886931578,35.30000000000033,7.53941272343915,26.692310728812917,27.760587276561182,8.607689271187414
2020-09-10,1,1,43.406667,35.89999999999982,8.419404252534001,30.812440455449245,27.48059574746582,5.087559544550576
2020-09-10,6,6,45.0024177,49.70000000000141,23.563838060421,27.135797661419794,26.13616193958041,22.564202338581616
2020-09-10,1,1,22.363,44.99999999999949,1.7358935259999995,25.221042098624434,43.26410647399949,19.778957901375055
2020-09-11,3,3,16.510391,25.100000000000122,0.267546195170331,23.242379511063188,24.83245380482979,1.8576204889369343
2020-09-16,5,5,39.71451098000001,29.700000000001392,16.968923329035224,29.004830651919335,12.731076670966168,0.6951693480820573
2020-09-16,5,5,40.478645760000006,34.4000000000011,17.37176677956864,29.26646023830355,17.02823322043246,5.133539761697548
2020-09-17,2,2,22.8589,44.599999999999085,0.32874103739999877,23.648075333021218,44.271258962599084,20.951924666977867
2020-09-17,1,1,23.400529,37.59999999999985,2.0654148114579995,25.496718288794053,35.534585188541854,12.103281711205799
2020-09-17,5,5,28.726758719126174,21.400000000000308,11.17630120237741,25.2427704047668,10.223698797622898,3.842770404766494
2020-09-23,1,1,22.30125,22.100000000000453,1.7162816024999994,25.204634841822,20.383718397500452,3.1046348418215466
2020-09-23,1,1,32.99825,28.599999999998627,5.113670196499998,28.046876558674626,23.486329803498627,0.5531234413240007
2020-09-23,2,2,13.8213235,29.09999999999968,2.9389393473990006,21.827285245141944,26.161060652600682,7.272714754857738
2020-09-23,3,3,37.48958146666667,20.199999999999108,9.011120329661379,27.426584912329165,11.188879670337728,7.226584912330058
2020-09-29,4,4,28.869985814478284,40.299999999999784,8.33525439803188,27.02481446685305,31.964745601967905,13.275185533146733
2020-09-29,4,4,31.341178774999996,26.100000000000012,9.501611346462866,27.512119992089403,16.598388653537146,1.4121199920893908
2020-10-01,1,1,15.6225,24.999999999999467,0.4049027550000003,23.430060487663873,24.595097244999465,1.5699395123355941
2020-10-01,3,3,20.565657333333334,31.799999999999606,1.9576744142235538,24.051184184554547,29.842325585776052,7.7488158154450595
2020-10-01,3,3,31.82808274691359,33.8000000000016,6.651556749401248,26.297424396813092,27.148443250600355,7.502575603188511
2020-10-02,2,2,9.9464065,23.800000000000487,4.339977587421,21.046610197472376,19.460022412579487,2.753389802528112
2020-10-02,1,1,13.025806,24.600000000001288,1.2296179627880006,22.740107041585446,23.370382037213286,1.8598929584158412
2020-10-05,4,4,25.907045350249582,26.399999999999757,6.9368018071379325,26.4405390653643,19.463198192861825,0.04053906536454477
2020-10-05,2,2,47.3988497,33.39999999999898,9.201552490630199,28.59211062509493,24.198447509368783,4.807889374904054
2020-10-06,1,1,29.278205,52.00000000000094,3.9321764644099995,27.058443625369115,48.06782353559094,24.941556374631823
2020-10-13,2,2,42.95676889627092,53.999999999998494,7.59544710274909,27.69716974166354,46.4045528972494,26.302830258334954
2020-10-14,2,2,29.72007265,25.600000000001177,2.8095077877698986,25.03038785367854,22.79049221223128,0.5696121463226369
2020-10-28,2,2,35.394625,20.199999999999108,4.86123298275,26.173633354508553,15.338767017249108,5.973633354509445
2020-10-29,1,1,23.400529,29.90000000000048,2.0654148114579995,25.496718288794053,27.834585188542484,4.403281711206429
2020-10-29,2,2,46.22992315,35.400000000000986,8.778908393652896,28.35660834462196,26.621091606348088,7.0433916553790255
2020-10-29,4,4,34.39134460187006,37.700000000000514,10.941232680316768,28.113595750585848,26.75876731968375,9.586404249414667
2020-10-29,1,1,34.9880877,20.299999999999763,5.7456466296954,28.575585516392312,14.554353370304362,8.27558551639255
2020-11-04,1,1,22.30125,38.10000000000091,1.7162816024999994,25.204634841822,36.383718397500914,12.895365158178912
2020-11-04,1,1,23.591181977777772,39.29999999999989,2.125966578506176,25.54737565505395,37.17403342149372,13.75262434494594
2020-11-04,4,4,24.2617065,30.300000000000882,6.160232582812,26.116087383354262,24.13976741718888,4.183912616646619
2020-11-04,2,2,30.310893,25.799999999998047,3.0231283384379988,25.149419746464993,22.776871661560047,0.6505802535330538
2020-11-05,4,4,38.421895,39.5000000000012,12.843577231293333,28.90839790085485,26.65642276870787,10.59160209914635
2020-11-06,1,1,47.587273,21.800000000000708,9.747173079346002,31.923246548271948,12.052826920654706,10.12324654827124
2020-11-09,2,2,18.605518360395184,26.399999999999757,1.2091371485053553,22.791151452005096,25.1908628514944,3.6088485479946613
2020-11-09,4,4,28.515142049999998,20.299999999999763,8.1677747649484,26.95484124752605,12.132225235051363,6.654841247526289
2020-11-10,2,2,31.474298139214213,27.100000000002122,3.4437760810031257,25.383809634691005,23.656223918998997,1.7161903653111175
2020-11-10,2,2,27.84446427010239,20.800000000000818,2.13135156828384,24.652511202027423,18.668648431716978,3.852511202026605
2020-11-12,3,3,16.49,20.199999999999108,0.25904776333333096,23.238312617611186,19.940952236665776,3.0383126176120783
2020-11-12,2,2,38.8854,20.799999999998597,6.123378536399997,26.87691575759712,14.6766214635986,6.076915757598524
2020-11-19,3,3,46.929725260256745,30.999999999998806,12.94552367237649,29.309379232378213,18.054476327622318,1.6906207676205938
2020-11-24,3,3,16.321372999999998,27.999999999999137,0.1887684702443305,23.204680719120137,27.811231529754807,4.795319280878999
2020-11-30,1,1,21.725263,22.699999999999942,1.5333469793260006,25.051592467346467,21.16665302067394,2.3515924673465243
2020-11-30,6,6,29.30241085,23.699999999999832,14.420206404337165,27.40442811292858,9.279793595662667,3.704428112928749
2020-11-30,2,2,35.8984157,23.999999999999577,5.0433865709862,26.27513148433636,18.956613429013377,2.2751314843367823
2020-12-01,5,5,41.93681861999999,49.79999999999984,18.140499471459176,29.76571923321343,31.659500528540665,20.03428076678641
2020-12-01,2,2,59.2081705,60.100000000000705,13.471401375003001,30.971320832303302,46.62859862499771,29.128679167697403
2020-12-02,3,3,37.48958146666667,21.599999999999397,9.011120329661379,27.426584912329165,12.588879670338018,5.826584912329768
2020-12-03,4,4,24.2617065,23.400000000000087,6.160232582812,26.116087383354262,17.239767417188087,2.716087383354175
2020-12-04,1,1,40.36169999999999,37.00000000000037,7.452316643399998,30.003378827531172,29.547683356600373,6.996621172469197
2020-12-07,1,1,30.0994542,26.500000000000412,4.1930068528284,27.27665328566377,22.30699314717201,0.7766532856633575
2020-12-16,4,4,40.680296274999996,46.800000000000175,13.909500476269532,29.353742087686772,32.89049952373064,17.446257912313403
2020-12-18,3,3,16.518802301903015,22.299999999999542,0.27105180430589165,23.244057107484753,22.02894819569365,0.9440571074852109
2020-12-21,1,1,31.304895736507937,20.999999999999908,4.575857495706394,27.59694460306956,16.424142504293513,6.596944603069652
2020-12-30,1,1,21.725263,20.400000000000418,1.5333469793260006,25.051592467346467,18.866653020674416,4.651592467346049
2021-01-05,3,3,45.6961229,20.000000000000018,12.43139069348363,29.06334277701536,7.568609306516388,9.063342777015343
2021-01-06,1,1,11.89875,29.89999999999826,1.5875732025000004,22.440643118950216,28.31242679749826,7.459356881048045
2021-01-06,4,4,24.64186734690265,44.39999999999999,6.339661406214242,26.19105299070816,38.06033859378575,18.20894700929183
2021-01-06,2,2,57.590696699999995,43.69999999999985,12.8865778430322,30.645450255999535,30.813422156967647,13.054549744000312
2021-01-06,5,5,32.72530891999999,30.49999999999997,13.284292884225875,26.611820816516335,17.215707115774094,3.8881791834836363
2021-01-08,4,4,29.008710275,34.30000000000044,8.400729753874867,27.052170159903987,25.89927024612557,7.2478298400964505
2021-01-08,1,1,24.603824,27.500000000000302,2.4475837100479994,25.816439261653752,25.0524162899523,1.68356073834655
2021-01-11,1,1,13.025806,20.000000000000018,1.2296179627880006,22.740107041585446,18.770382037212016,2.7401070415854285
2021-01-20,3,3,31.158536666666667,37.20000000000168,6.372507574534443,26.16388643547865,30.827492425467238,11.036113564523031
2021-01-21,1,1,23.400529,26.399999999999757,2.0654148114579995,25.496718288794053,24.33458518854176,0.9032817112057039
2021-01-29,1,1,37.1355,22.200000000001108,6.4276690709999995,29.146162764437786,15.772330929001107,6.946162764436679
2021-01-29,2,2,32.243094534050186,25.399999999999867,3.7217467182983888,25.538698155448166,21.67825328170148,0.13869815544829933
2021-01-29,1,1,22.15124854901961,22.300000000001763,1.668640841665726,25.16477877174956,20.631359158336036,2.8647787717477975
2021-01-29,4,4,43.778047725,21.400000000000308,15.371581335975801,29.964601466743613,6.028418664024507,8.564601466743305
2021-02-02,1,1,20.1605,41.10000000000058,1.0363751209999998,24.635827797290613,40.06362487900058,16.464172202709964
2021-02-05,1,1,40.36169999999999,43.90000000000116,7.452316643399998,30.003378827531172,36.44768335660116,13.896621172469985
2021-02-16,7,7,48.19464542857142,26.399999999999757,29.406404768720666,32.22390921200734,3.006404768720909,5.823909212007585
2021-02-23,3,3,31.158536666666667,24.500000000000632,6.372507574534443,26.16388643547865,18.12749242546619,1.663886435478016
2021-02-25,1,1,21.527198426573428,20.699999999997942,1.4704412746765736,24.998965806299108,19.22955872532137,4.298965806301165
2021-02-25,1,1,23.488696,30.600000000000627,2.093416826992,25.520144663053163,28.506583173008625,5.079855336947464
2021-02-25,4,4,35.967708224999996,24.999999999999467,11.685246884979799,28.424445900940206,13.314753115019668,3.4244459009407393
2021-02-25,6,6,42.71477780000001,31.70000000000117,22.231524208127336,27.1749396659487,9.468475791873836,4.525060334052473
2021-02-26,1,1,34.008300000000006,32.49999999999975,5.434464096600001,28.315251453141023,27.06553590339975,4.184748546858728
2021-02-26,2,2,29.056614716390612,23.100000000000342,2.569623956546487,24.89672175090853,20.530376043453856,1.796721750908187
2021-03-01,3,3,20.565657333333334,25.500000000000522,1.9576744142235538,24.051184184554547,23.542325585776968,1.4488158154459754
2021-03-03,2,2,24.375470127777778,20.999999999999908,0.8770812322200994,23.95361696315089,20.122918767779808,2.9536169631509814
2021-03-03,4,4,24.2617065,20.599999999999508,6.160232582812,26.116087383354262,14.439767417187507,5.516087383354755
2021-03-03,1,1,46.66428615555555,26.699999999999502,9.454030611576755,31.67800473155827,17.245969388422747,4.978004731558769
2021-03-04,4,4,33.305529066683654,25.800000000000267,10.428748016265441,27.89947895835766,15.371251983734826,2.099478958357391
2021-03-09,3,3,28.0446308,40.99999999999993,5.074713608828932,25.54283188301428,35.925286391171,15.457168116985649
2021-03-09,3,3,28.985419099999994,20.400000000000418,5.466809398177029,25.730467887967013,14.933190601823389,5.330467887966595
2021-03-10,4,4,24.523998724999995,37.199999999999456,6.284029616890464,26.1678099531863,30.91597038310899,11.032190046813156
2021-03-12,3,3,16.49,20.999999999999908,0.25904776333333096,23.238312617611186,20.740952236666576,2.238312617611278
2021-03-12,1,1,16.511429,23.199999999998777,0.12257712674200043,23.666252979682202,23.077422873256776,0.46625297968342494
2021-03-12,2,2,33.28923785,23.799999999998267,4.099996572473099,25.749463439723502,19.700003427525168,1.9494634397252355
2021-03-15,2,2,18.3324464,22.400000000000198,1.307870684937601,22.73613595988004,21.092129315062596,0.3361359598798437
2021-03-16,2,2,24.6938465,20.400000000000418,0.9921953036189988,24.01775988274412,19.40780469638142,3.6177598827437016
2021-03-17,3,3,37.48958146666667,20.999999999999908,9.011120329661379,27.426584912329165,11.988879670338529,6.4265849123292575
2021-03-18,1,1,20.924699999999998,23.199999999998777,1.2790865693999993,24.838879224795402,21.920913430598777,1.638879224796625
2021-08-18,4,4,36.0911308,45.59999999999897,11.743500036491733,28.448784147162673,33.85649996350724,17.151215852836298
2021-08-31,2,2,46.22992315,22.800000000000598,8.778908393652896,28.35660834462196,14.021091606347701,5.556608344621363
2021-08-31,2,2,49.05160324074074,37.499999999999204,9.799131977341665,28.925088969974013,27.700868022657538,8.574911030025191
2021-09-02,2,2,57.590696699999995,21.800000000000708,12.8865778430322,30.645450255999535,8.913422156968508,8.845450255998827
2021-09-03,4,4,24.2617065,35.799999999999166,6.160232582812,26.116087383354262,29.639767417187166,9.683912616644903
2021-09-17,3,3,31.158536666666667,39.199999999999235,6.372507574534443,26.16388643547865,32.82749242546479,13.036113564520587
2021-09-22,5,5,38.331391159999995,68.00000000000139,16.239757774249238,28.531268819769235,51.76024222575215,39.468731180232155
2021-09-23,7,7,41.687363212956946,24.299999999999322,25.25733342982194,29.597832839493684,0.9573334298226186,5.297832839494362
2021-09-29,2,2,30.005272342995166,23.999999999999577,2.9126262999673895,25.08784670606799,21.087373700032188,1.0878467060684116
2021-09-29,4,4,19.010864987400062,34.899999999999935,3.6819334045730647,25.080650603585298,31.21806659542687,9.819349396414637
2021-09-30,2,2,36.6745055508772,35.69999999999851,5.323994274008464,26.43148940924919,30.376005725990048,9.268510590749322
2021-09-30,1,1,21.725263,21.500000000000963,1.5333469793260006,25.051592467346467,19.96665302067496,3.551592467345504
2021-09-30,2,2,27.055523870791255,22.800000000000598,1.8460975438665106,24.49356429197988,20.953902456134088,1.693564291979282
2021-09-30,1,1,19.373023,22.999999999999687,0.7862708508459992,24.426591564658846,22.21372914915369,1.4265915646591587
2021-10-26,1,1,19.565969289704526,26.399999999999757,0.8475509783487365,24.47785827436345,25.55244902165102,1.9221417256363083
2021-10-27,1,1,23.488696,20.500000000001073,2.093416826992,25.520144663053163,18.40658317300907,5.02014466305209
2021-10-27,4,4,34.4363486,25.399999999999867,10.96247372735947,28.122470289036222,14.437526272640397,2.7224702890363552
2021-10-29,1,1,21.725263,31.799999999999606,1.5333469793260006,25.051592467346467,30.266653020673605,6.74840753265314
2021-10-29,2,2,31.54842026363637,31.09999999999946,3.4705761210419466,25.398742933395635,27.629423878957514,5.7012570666038265
2021-10-29,4,4,53.1831527,60.59999999999954,19.810615322216268,31.819235925874544,40.789384677783275,28.780764074124995
2021-10-29,6,6,30.363200166666665,20.200000000001328,15.038006566399442,27.386277782434185,5.161993433601886,7.186277782432857
2021-11-02,2,2,20.282959499999997,24.800000000000377,0.6026314654230014,23.12910357888262,24.197368534577375,1.6708964211177566
2021-11-03,6,6,31.799374066666665,38.19999999999935,15.874429458513111,27.361704541996254,22.325570541486236,10.838295458003095
2021-11-04,4,4,24.2617065,22.599999999999287,6.160232582812,26.116087383354262,16.439767417187287,3.516087383354975
2021-11-04,2,2,55.96638090287082,25.300000000001432,12.299280477527391,30.318201230445112,13.000719522474041,5.01820123044368
2021-11-05,1,1,30.0994542,23.299999999999432,4.1930068528284,27.27665328566377,19.106993147171032,3.9766532856643373
2021-11-05,2,2,47.3988497,37.199999999999456,9.201552490630199,28.59211062509493,27.998447509369257,8.607889374904527
2021-11-17,1,1,22.30125,57.79999999999896,1.7162816024999994,25.204634841822,56.08371839749896,32.59536515817696
2021-11-17,2,2,15.0079993,23.500000000000743,2.5098777250962008,22.066363446490087,20.990122274904543,1.4336365535106559
2021-11-17,3,3,31.158536666666667,24.999999999999467,6.372507574534443,26.16388643547865,18.627492425465025,1.1638864354791814
2021-11-19,2,2,38.755476099999996,40.399999999998215,6.076402471572596,26.850740139686877,34.32359752842562,13.549259860311338
2021-11-26,1,1,24.749031399999996,20.400000000000418,2.493701870702798,25.855021530502558,17.90629812929762,5.45502153050214
2021-11-26,1,1,23.488696,28.599999999998627,2.093416826992,25.520144663053163,26.506583173006625,3.0798553369454638
2021-11-30,3,3,24.769433599999996,33.40000000000121,3.709697662728529,24.8896084978591,29.690302337272676,8.510391502142106
2021-11-30,2,2,23.42685090006051,20.999999999999908,0.5340927725312784,23.762499744170857,20.46590722746863,2.762499744170949
2021-12-01,3,3,29.062083333333334,26.299999999999102,5.498761031805554,25.74575822529947,20.801238968193548,0.5542417746996335
2021-12-01,3,3,20.565657333333334,20.299999999999763,1.9576744142235538,24.051184184554547,18.34232558577621,3.751184184554784
2021-12-02,3,3,53.976219666666665,37.69999999999829,15.882316983282108,30.714770922879197,21.81768301671618,6.985229077119094
2021-12-07,1,1,20.1605,39.20000000000145,1.0363751209999998,24.635827797290613,38.16362487900145,14.56417220271084
2021-12-07,2,2,30.013065,30.399999999999316,2.9154438597899994,25.089416683664595,27.484556140209317,5.310583316334721
2021-12-10,4,4,16.495357249999998,41.80000000000072,2.494660708664666,24.584606450501013,39.305339291336054,17.21539354949971
2021-12-14,2,2,20.6791875,36.000000000000476,0.459368892375001,23.20893117590935,35.54063110762547,12.791068824091127
2021-12-15,10,10,36.59732633,35.400000000000986,25.355066849339963,25.360752527015038,10.044933150661024,10.039247472985949
2021-12-16,7,7,25.11364530171543,60.7000000000002,14.689859070170066,22.90934944976448,46.010140929830136,37.790650550235725
2021-12-16,1,1,41.7154044,28.399999999999537,7.8822558682488,30.36306426437954,20.51774413175074,1.9630642643800016
2021-12-17,1,1,23.400529,21.400000000000308,2.0654148114579995,25.496718288794053,19.33458518854231,4.096718288793745
2021-12-17,3,3,16.321372999999998,35.60000000000008,0.1887684702443305,23.204680719120137,35.411231529755746,12.395319280879942
2021-12-17,3,3,50.892276555555554,39.799999999998725,14.597010705072922,30.099692307562236,25.202989294925803,9.700307692436489
2021-12-23,2,2,35.394625,26.000000000001577,4.86123298275,26.173633354508553,21.138767017251578,0.17363335450697548
2021-12-29,1,1,23.488696,51.000000000001044,2.093416826992,25.520144663053163,48.90658317300905,25.47985533694788
2021-12-30,2,2,37.20266944996706,23.400000000000087,5.514960382346788,26.537897979316448,17.885039617653298,3.13789797931636
2022-01-03,3,3,20.565657333333334,60.2999999999998,1.9576744142235538,24.051184184554547,58.342325585776244,36.248815815445255
2022-01-04,2,2,46.22992315,45.59999999999897,8.778908393652896,28.35660834462196,36.82109160634607,17.24339165537701
2022-01-05,3,3,33.98105983333333,40.40000000000043,7.54886090395772,26.726826015913346,32.851139096042715,13.673173984087086
2022-01-06,2,2,57.590696699999995,32.2,12.8865778430322,30.645450255999535,19.313422156967803,1.554549744000468
2022-01-07,8,8,44.635609162499996,27.800000000000047,30.924085655089947,29.25909325119612,3.1240856550898997,1.459093251196073
2022-01-10,1,1,24.603824,31.70000000000117,2.4475837100479994,25.816439261653752,29.25241628995317,5.88356073834742
2022-01-18,2,2,46.91830835,40.19999999999912,9.027805076876097,28.495296514929873,31.172194923123023,11.704703485069249
2022-01-24,6,6,40.86729310817763,28.999999999999027,21.155555281892287,27.20655052138726,7.84444471810674,1.793449478611766
2022-01-26,1,1,49.1747151,55.899999999999835,10.251347865190201,32.34503715869619,45.64865213480964,23.55496284130365
2022-01-27,1,1,25.2719391025641,24.100000000000232,2.659778402852564,25.993960493416573,21.44022159714767,1.8939604934163405
2022-01-28,2,2,35.394625,35.69999999999851,4.86123298275,26.173633354508553,30.83876701724851,9.526366645489958
2022-01-28,1,1,21.725263,46.60000000000109,1.5333469793260006,25.051592467346467,45.06665302067509,21.548407532654622
2022-01-28,3,3,40.09078153333333,30.600000000000627,10.095232019179615,27.945382593584466,20.50476798082101,2.654617406416161
2022-01-31,1,1,37.1355,21.599999999999397,6.4276690709999995,29.146162764437786,15.172330928999397,7.546162764438389
2022-01-31,2,2,24.820071,28.700000000001502,1.0378337911859992,24.04319018681375,27.662166208815503,4.656809813187753
2022-02-01,1,1,30.809700799999998,20.100000000000673,4.4185825934816,27.465369048566707,15.681417406519074,7.365369048566034
2022-02-01,5,5,40.81621001999999,20.700000000000163,17.549726944233775,29.382037751634236,3.1502730557663874,8.682037751634073
2022-02-03,4,4,24.2617065,59.40000000000056,6.160232582812,26.116087383354262,53.23976741718856,33.2839126166463
2022-02-03,2,2,30.310893,60.20000000000137,3.0231283384379988,25.149419746464993,57.17687166156337,35.050580253536374
2022-02-03,4,4,35.12526098177541,20.500000000001073,11.287627511859668,28.258319984064496,9.212372488141405,7.758319984063423
2022-02-10,7,7,41.88941535714285,22.200000000001108,25.386162752514167,29.679372927088032,3.1861627525130594,7.479372927086924
2022-02-11,1,1,26.959812499999998,25.800000000000267,3.1958503696249987,26.442436157898026,22.604149630375268,0.6424361578977589
2022-02-11,5,5,17.68085128333334,25.399999999999867,5.35302030720922,21.46079859913219,20.046979692790647,3.9392014008676774
2022-02-15,5,5,47.8575173,46.500000000000426,21.2618266878697,31.79288772141387,25.238173312130726,14.707112278586557
2022-02-17,3,5,10.00775,28.799999999999937,2.442583337416668,21.945456942104947,26.35741666258327,6.85454305789499
2022-02-21,2,2,38.755476099999996,27.199999999998337,6.076402471572596,26.850740139686877,21.12359752842574,0.3492598603114594
2022-02-23,3,3,31.158536666666667,27.399999999999647,6.372507574534443,26.16388643547865,21.027492425465205,1.2361135645209984
2022-02-24,1,1,22.30125,73.90000000000008,1.7162816024999994,25.204634841822,72.18371839750007,48.69536515817808
2022-02-24,6,6,25.087322999999998,45.29999999999923,11.965353290789999,27.47654916122575,33.33464670920923,17.82345083877348
2022-02-24,1,1,20.200909,25.899999999998702,1.049209100218,24.64656465300121,24.8507908997807,1.2534353469974917
2022-03-01,3,3,19.191322399999997,23.800000000000487,1.3848878048301305,23.777079248983334,22.41511219517036,0.022920751017153407
2022-03-01,1,1,20.1605,46.00000000000159,1.0363751209999998,24.635827797290613,44.96362487900159,21.36417220271098
2022-03-01,3,3,20.565657333333334,32.00000000000092,1.9576744142235538,24.051184184554547,30.042325585777363,7.94881581544637
2022-03-01,5,5,24.038313451301036,34.49999999999953,8.704604430077943,23.637509097061212,25.795395569921588,10.862490902938319
2022-03-02,2,2,13.04553993993994,31.200000000000117,3.2194363060756763,21.670989028285906,27.98056369392444,9.52901097171421
2022-03-02,2,2,46.22992315,49.099999999999696,8.778908393652896,28.35660834462196,40.3210916063468,20.743391655377735
2022-03-02,2,2,47.0818447419753,50.299999999998676,9.086934275977042,28.528244002734393,41.21306572402163,21.771755997264282
2022-03-04,3,3,28.0446308,90.09999999999962,5.074713608828932,25.54283188301428,85.0252863911707,64.55716811698534
2022-03-07,4,4,31.94796895,65.8000000000003,9.788004982312934,27.63177564410057,56.01199501768736,38.168224355899724
2022-03-08,1,1,24.4638566,27.399999999999647,2.4031297838732,25.779249284718215,24.996870216126446,1.6207507152814316
2022-03-08,1,1,30.0994542,30.09999999999957,4.1930068528284,27.27665328566377,25.90699314717117,2.823346714335802
2022-03-08,4,4,25.90335725,32.399999999999096,6.935061092664668,26.43981179248114,25.464938907334428,5.960188207517955
2022-03-08,2,2,27.628868999999998,27.399999999999647,2.053399648853998,24.609075472239006,25.34660035114565,2.790924527760641
2022-03-11,1,1,26.959812499999998,32.90000000000015,3.1958503696249987,26.442436157898026,29.70414963037515,6.457563842102122
2022-03-11,4,4,16.495357249999998,37.50000000000142,2.494660708664666,24.584606450501013,35.00533929133675,12.915393549500408
2022-03-16,1,1,29.8273609,23.800000000000487,4.106589476561799,27.20435685412819,19.693410523438686,3.404356854127702
2022-03-16,8,8,21.273599289881975,57.200000000001694,14.738604871221714,20.952398196732744,42.461395128779984,36.24760180326895
2022-03-16,6,6,41.310354800000006,82.89999999999908,21.413592934337338,27.19896964174449,61.486407065661744,55.70103035825459
2022-03-16,1,1,47.587273,23.799999999998267,9.747173079346002,31.923246548271948,14.052826920652265,8.12324654827368
2022-03-17,3,3,31.158536666666667,40.99999999999993,6.372507574534443,26.16388643547865,34.62749242546548,14.83611356452128
2022-03-17,5,5,45.16524428,24.399999999999977,19.842489966728923,30.871089244113854,4.557510033271054,6.471089244113877
2022-03-17,3,3,31.058666666666667,39.89999999999938,6.330884388444443,26.14396781211287,33.569115611554935,13.756032187886511
2022-03-23,1,1,38.1200002,29.300000000000992,6.7403483035204,29.407748960445062,22.559651696480593,0.10774896044407001
2022-03-25,2,2,17.941405005181352,20.999999999999908,1.4492579578965998,22.657353302202257,19.55074204210331,1.657353302202349
2022-03-25,3,3,29.59063546666666,29.799999999999827,5.719047642439374,25.85117557658659,24.080952357560452,3.9488244234132353
2022-03-29,2,2,9.9464065,28.799999999999937,4.339977587421,21.046610197472376,24.460022412578937,7.753389802527561
2022-03-29,3,3,29.39746357926345,35.199999999999676,5.638538686629417,25.812648310440192,29.56146131337026,9.387351689559484
2022-03-29,1,1,12.064286,24.399999999999977,1.5349986378280007,22.484626789590667,22.865001362171977,1.9153732104093102
2022-03-29,2,2,24.383846,39.70000000000029,0.8801096628359992,23.95530444044301,38.81989033716429,15.744695559557275
2022-03-31,1,1,29.8273609,25.500000000000522,4.106589476561799,27.20435685412819,21.393410523438725,1.704356854127667
2022-03-31,1,1,24.5771783,25.599999999998957,2.4391209824365996,25.80935937756337,23.16087901756236,0.20935937756441447
2022-03-31,2,2,30.414423125,47.30000000000123,3.0605613116137493,25.170277841043436,44.23943868838749,22.129722158957797
2022-03-31,1,1,24.603824,41.400000000000325,2.4475837100479994,25.816439261653752,38.952416289952325,15.583560738346574
2022-03-31,7,7,36.269252542857146,42.800000000000615,21.802722588086734,27.411302127751746,20.99727741191388,15.38869787224887
2022-03-31,1,1,24.556156346491225,42.9999999999997,2.432444367958306,25.80377374858026,40.5675556320414,17.196226251419443
2022-04-01,2,2,19.5587765,22.000000000002018,0.8644714160010009,22.98320326719943,21.135528584001015,0.9832032671974105
2022-04-01,7,7,33.29043171428572,20.999999999999908,19.903413519566005,26.209170310402204,1.0965864804339027,5.209170310402296
2022-04-04,4,4,27.220730949999997,23.800000000000487,7.556836888088933,26.69959056858915,16.243163111911556,2.899590568588664
2022-04-06,2,2,46.03382060622711,23.899999999998922,8.70800438131111,28.31709979186895,15.191995618687812,4.417099791870029
2022-04-07,2,2,24.5957033,21.700000000000053,0.9567100593677988,23.99798708571687,20.743289940632252,2.297987085716816
2022-04-07,1,1,15.750882,30.200000000000227,0.3641283750360003,23.46417217094825,29.835871624964227,6.735827829051978
2022-04-07,2,2,47.3988497,24.999999999999467,9.201552490630199,28.59211062509493,15.798447509369268,3.5921106250954615
2022-04-12,2,2,44.668424557777776,26.999999999999247,8.214323593657477,28.042015028708597,18.78567640634177,1.0420150287093506
2022-04-12,5,5,38.40950814,32.69999999999884,16.28094018681846,28.558015034837453,16.41905981318038,4.1419849651613845
2022-04-21,3,3,36.870935055555556,49.79999999999984,8.753284796532425,27.303198661608107,41.046715203467414,22.496801338391734
2022-04-21,3,3,42.25267916871761,22.899999999999032,10.996254023636723,28.376563376147637,11.903745976362309,5.476563376148604
2022-04-22,6,6,29.41310351826526,23.599999999999177,14.484673445359292,27.402534137866095,9.115326554639886,3.8025341378669175
2022-04-25,1,1,16.813415,25.000000000001688,0.026665769170000703,23.746492038026172,24.973334230831686,1.2535079619755152
2022-04-25,3,3,19.033998437563955,33.90000000000004,1.3193193201511324,23.745701690615704,32.58068067984891,10.154298309384338
2022-04-27,6,6,25.18914423333333,65.3999999999999,12.02465363767922,27.474806978299025,53.375346362320684,37.92519302170088
2022-04-27,1,1,32.99825,38.79999999999883,5.113670196499998,28.046876558674626,33.686329803498836,10.753123441324206
2022-04-28,2,2,26.08063785,36.399999999998656,1.493611904873099,24.29715513256986,34.90638809512556,12.102844867428797
2022-04-28,1,1,23.400529,40.299999999999784,2.0654148114579995,25.496718288794053,38.234585188541786,14.80328171120573
2022-04-28,1,1,37.1355,22.799999999998377,6.4276690709999995,29.146162764437786,16.372330928998377,6.346162764439409
2022-04-29,2,2,18.144504199342073,20.899999999999253,1.375824194660685,22.698271462019118,19.52417580533857,1.7982714620198657
2022-05-03,1,1,38.30495,22.999999999999687,6.7990887299,29.45689096634237,16.200911270099688,6.456890966342684
2022-05-03,2,2,34.46967954166667,43.80000000000051,4.526804153162252,25.987285662473827,39.273195846838256,17.812714337526682
2022-05-03,3,3,33.90551433946656,32.399999999999096,7.517375531478723,26.71175880614751,24.882624468520373,5.688241193851585
2022-05-04,4,4,22.04775,25.199999999998557,5.115286442,25.679507459277772,20.084713557998555,0.47950745927921545
2022-05-04,2,2,47.3988497,28.399999999999537,9.201552490630199,28.59211062509493,19.198447509369338,0.1921106250953919
2022-05-04,5,5,29.494103940000002,30.49999999999997,11.580837162024661,25.505499203410313,18.91916283797531,4.994500796589659
2022-05-04,5,5,34.44398888,77.0000000000004,14.190362053658319,27.20027397796207,62.80963794634208,49.79972602203833
2022-05-06,2,2,30.013065,28.200000000000447,2.9154438597899994,25.089416683664595,25.284556140210448,3.110583316335852
2022-05-06,9,9,49.574773670338494,25.000000000001688,34.345998096094554,24.97505992487235,9.345998096092867,0.024940075129336492
2022-05-09,1,1,26.97516666666667,37.700000000000514,3.200726883666667,26.446515830051673,34.499273116333846,11.253484169948841
2022-05-10,1,1,13.025806,28.000000000001357,1.2296179627880006,22.740107041585446,26.770382037213356,5.259892958415911
2022-05-10,2,2,35.86487229761906,24.100000000000232,5.031258417160931,26.26837353384278,19.0687415828393,2.168373533842548
2022-05-11,3,3,37.48958146666667,21.999999999999797,9.011120329661379,27.426584912329165,12.988879670338418,5.426584912329368
2022-05-12,1,1,16.950984899999998,22.099999999998232,0.017026706209799115,23.78304498827047,22.082973293788434,1.6830449882722363
2022-05-12,1,1,12.935357,68.4000000000018,1.2583447460860002,22.71607432951219,67.1416552539158,45.68392567048961
2022-05-12,6,6,45.0024177,34.70000000000084,23.563838060421,27.135797661419794,11.136161939579843,7.5642023385810475
2022-05-13,2,2,38.8854,28.69999999999928,6.123378536399997,26.87691575759712,22.576621463599285,1.8230842424021603
2022-05-17,3,3,31.058666666666667,23.599999999999177,6.330884388444443,26.14396781211287,17.269115611554735,2.543967812113692
2022-05-17,3,3,24.891966913958825,26.800000000000157,3.7607663212759683,24.914047217499697,23.039233678724187,1.8859527825004605
2022-05-18,1,1,22.30125,26.300000000001322,1.7162816024999994,25.204634841822,24.583718397501322,1.0953651581793231
2022-05-18,2,2,14.150399340000003,21.600000000001618,2.8199567122335596,21.89358377413725,18.78004328776806,0.29358377413563375
2022-05-18,3,3,31.158536666666667,27.200000000000557,6.372507574534443,26.16388643547865,20.827492425466115,1.0361135645219086
2022-05-18,2,2,37.5828075,21.099999999998342,5.652405376545,26.614483952727102,15.447594623453341,5.51448395272876
2022-05-19,3,3,18.685543033333335,28.900000000000592,1.174092283660121,23.67620382382248,27.725907716340473,5.223796176178112
2022-05-19,1,1,21.614848,21.599999999999397,1.4982789544959991,25.02225469795633,20.1017210455034,3.4222546979569337
2022-05-20,1,1,20.063158,22.599999999999287,1.0054591071159995,24.60996358366045,21.594540892883288,2.009963583661161
2022-05-24,6,6,20.382749999999998,24.399999999999977,9.225425657499997,27.557045404394337,15.17457434249998,3.15704540439436
2022-05-25,1,1,20.6086673,25.000000000001688,1.1787139518145995,24.75490789415788,23.821286048187087,0.24509210584380625
2022-05-25,3,3,19.060012666666665,21.400000000000308,1.330161365799775,23.75089011187983,20.069838634200533,2.3508901118795222
2022-05-25,3,4,31.50485,28.69999999999928,6.516841852283333,26.232957075843256,22.18315814771595,2.4670429241560257
2022-05-27,1,1,23.488696,41.999999999999815,2.093416826992,25.520144663053163,39.90658317300782,16.479855336946652
2022-05-30,1,1,22.134071712365593,26.900000000000812,1.663185443990736,25.16021480786234,25.236814556010074,1.7397851921384735
2022-05-30,4,4,29.911287928626372,29.799999999999827,8.826729558270314,27.23015345970836,20.97327044172951,2.569846540291465
2022-05-31,4,4,20.8118571,22.499999999998632,4.5319680632008,25.43579624433354,17.968031936797832,2.9357962443349095
2022-05-31,1,1,35.39816666666667,39.00000000000014,5.875888529666668,28.684545369272918,33.124111470333474,10.315454630727224
2022-05-31,2,2,46.22992315,31.799999999999606,8.778908393652896,28.35660834462196,23.021091606346708,3.4433916553776456
2022-05-31,2,2,44.82094930194803,54.400000000001114,8.26947135530814,28.072744012561905,46.13052864469297,26.32725598743921
2022-06-02,1,1,18.039290123655903,31.999999999998696,0.362674621853362,24.072212652787947,31.637325378145334,7.927787347210749
2022-06-03,3,3,28.0446308,21.299999999999653,5.074713608828932,25.54283188301428,16.22528639117072,4.242831883014627
2022-06-03,4,4,22.04775,24.499999999998412,5.115286442,25.679507459277772,19.38471355799841,1.1795074592793604
2022-06-03,2,2,47.3988497,36.000000000000476,9.201552490630199,28.59211062509493,26.798447509370277,7.407889374905547
2022-06-08,2,2,30.013065,35.60000000000008,2.9154438597899994,25.089416683664595,32.68455614021008,10.510583316335484
2022-06-09,1,1,43.406667,43.199999999998795,8.419404252534001,30.812440455449245,34.780595747464794,12.38755954454955
2022-06-09,2,2,32.11647305555556,31.999999999998696,3.675964696805001,25.513187872580232,28.324035303193696,6.486812127418464
2022-06-14,1,1,23.708927894871795,47.20000000000057,2.163362917267072,25.57866128257136,45.0366370827335,21.62133871742921
2022-06-14,3,3,16.489023333333336,20.000000000000018,0.25864071438555464,23.23811782582699,19.741359285614465,3.238117825826972
2022-06-14,2,2,29.81727652895894,40.70000000000018,2.844653405469567,25.049971406781726,37.855346594530616,15.650028593218455
2022-06-14,5,5,31.73156819001226,20.699999999997942,12.760403702524377,26.27157720640368,7.939596297473566,5.571577206405738
2022-06-15,1,1,22.30125,21.099999999998342,1.7162816024999994,25.204634841822,19.383718397498342,4.104634841823657
2022-06-15,2,2,18.3324464,22.800000000000598,1.307870684937601,22.73613595988004,21.492129315062996,0.06386404012055635
2022-06-15,6,6,36.07449028333333,42.69999999999996,18.36424289271239,27.28855639559684,24.33575710728757,15.411443604403122
2022-06-15,5,5,40.478645760000006,86.3999999999998,17.37176677956864,29.26646023830355,69.02823322043116,57.133539761696255
2022-06-17,1,1,23.400529,30.399999999999316,2.0654148114579995,25.496718288794053,28.33458518854132,4.903281711205263
2022-06-17,3,3,31.158536666666667,50.299999999998676,6.372507574534443,26.16388643547865,43.92749242546423,24.136113564520027
2022-06-17,3,3,31.058666666666667,24.800000000000377,6.330884388444443,26.14396781211287,18.469115611555935,1.343967812112492
2022-06-21,1,1,21.614848,20.200000000001328,1.4982789544959991,25.02225469795633,18.70172104550533,4.822254697955003
2022-06-23,6,6,35.04503792350445,45.89999999999872,17.76469326985591,27.30617054410452,28.13530673014281,18.5938294558942
2022-06-23,2,2,19.270731081108146,22.199999999998887,0.9686188459280533,22.925171089703912,21.231381154070835,0.7251710897050252
2022-06-24,3,3,16.321372999999998,37.8999999999996,0.1887684702443305,23.204680719120137,37.71123152975527,14.695319280879463
2022-06-24,2,2,27.424709855828382,20.400000000000418,1.9795826437324437,24.567943765519004,18.420417356267976,4.1679437655185865
2022-06-29,1,1,14.159060818181825,29.200000000000337,0.8696939660238161,23.041218018500526,28.33030603397652,6.158781981499811
2022-06-29,1,1,24.749031399999996,26.100000000000012,2.493701870702798,25.855021530502558,23.606298129297215,0.24497846949745394
2022-06-29,2,2,23.098439,47.999999999999154,0.4153501954739983,23.696334978387487,47.58464980452516,24.303665021611668
2022-06-29,4,4,35.967708224999996,54.30000000000046,11.685246884979799,28.424445900940206,42.61475311502066,25.875554099060253
2022-06-30,1,1,37.1355,41.199999999999015,6.4276690709999995,29.146162764437786,34.77233092899902,12.053837235561229
2022-06-30,4,4,32.0731875,47.399999999999665,9.847105800500001,27.656468046617046,37.55289419949966,19.743531953382618
2022-06-30,2,2,46.22992315,37.59999999999985,8.778908393652896,28.35660834462196,28.821091606346954,9.243391655377891
2022-06-30,1,1,24.603824,62.900000000001285,2.4475837100479994,25.816439261653752,60.452416289953284,37.08356073834753
2022-07-05,1,1,13.025806,62.699999999999974,1.2296179627880006,22.740107041585446,61.47038203721198,39.95989295841453
2022-07-05,1,1,20.1605,54.3999999999989,1.0363751209999998,24.635827797290613,53.3636248789989,29.764172202708284
2022-07-05,4,4,22.04775,41.600000000001636,5.115286442,25.679507459277772,36.48471355800164,15.920492540723863
2022-07-05,1,1,17.5925,25.0999999999979,0.2207731850000003,23.953498477960185,24.879226814997903,1.1465015220377168
2022-07-06,1,1,40.36169999999999,43.199999999998795,7.452316643399998,30.003378827531172,35.7476833565988,13.196621172467623
2022-07-06,2,2,47.3988497,25.599999999998957,9.201552490630199,28.59211062509493,16.398447509368758,2.9921106250959717
2022-07-14,1,1,21.79104670479303,26.100000000000012,1.5542400155356748,25.06907149792063,24.545759984464336,1.0309285020793837
2022-07-14,7,7,39.93576512901817,30.600000000000627,24.140506901244215,28.890958573101134,6.459493098756411,1.7090414268994927
2022-07-15,3,3,31.058666666666667,20.000000000000018,6.330884388444443,26.14396781211287,13.669115611555576,6.143967812112852
2022-07-20,2,2,38.755476099999996,78.00000000000028,6.076402471572596,26.850740139686877,71.92359752842769,51.14925986031341
2022-07-20,2,2,35.15059189444445,54.799999999999294,4.772998908906703,26.12446828689226,50.02700109109259,28.675531713107034
2022-07-21,3,3,10.00775,20.599999999999508,2.442583337416668,21.945456942104947,18.15741666258284,1.3454569421054394
2022-07-21,1,1,23.400529,35.100000000001245,2.0654148114579995,25.496718288794053,33.03458518854325,9.603281711207192
2022-07-21,1,1,20.924699999999998,27.600000000000957,1.2790865693999993,24.838879224795402,26.320913430600957,2.761120775205555
2022-07-27,6,6,13.257444333333332,22.999999999999687,5.075671388252221,27.678960897595207,17.924328611747466,4.67896089759552
2022-07-27,1,1,18.133713235294127,29.000000000001247,0.39266359095588527,24.09730130445974,28.607336409045363,4.902698695541506
2022-07-27,1,1,24.141159777777776,23.299999999999432,2.300640627741777,25.693507266393844,20.999359372257654,2.393507266394412
2022-07-27,3,3,38.815023366666665,54.199999999999804,9.563529610278009,27.690938351793665,44.636470389721794,26.50906164820614
2022-07-27,4,4,36.864208024999996,77.89999999999964,12.108378055916866,28.601230681769728,65.79162194408278,49.29876931822991
2022-07-29,1,1,37.1355,36.000000000000476,6.4276690709999995,29.146162764437786,29.572330929000476,6.85383723556269
2022-07-29,2,2,32.91079166666667,42.60000000000153,3.9631632997499997,25.67321832474062,38.63683670025153,16.92678167526091
2022-07-29,1,1,22.11321412500001,74.79999999999932,1.6565610325282525,25.154672851713574,73.14343896747106,49.645327148285745
2022-07-29,3,3,43.494556166666655,63.20000000000103,11.513835653620937,28.624250170868464,51.686164346380096,34.57574982913257
2022-07-29,4,4,53.1831527,31.200000000000117,19.810615322216268,31.819235925874544,11.389384677783848,0.6192359258744276
2022-07-29,5,5,30.27390004,25.899999999998702,11.991937088187562,25.772491017481414,13.90806291181114,0.1275089825172877
2022-08-01,2,2,28.751749999999998,36.40000000000087,2.4593952404999984,24.835301008993024,33.94060475950087,11.564698991007848
2022-08-01,2,2,17.05275,30.000000000001137,1.7705653935000014,22.478317005803714,28.229434606501137,7.521682994197423
2022-08-01,1,1,24.603824,38.800000000001056,2.4475837100479994,25.816439261653752,36.352416289953055,12.983560738347304
2022-08-02,2,2,23.02928915,40.000000000000036,0.3903479608088994,23.682403438061566,39.60965203919113,16.31759656193847
2022-08-04,1,1,40.36169999999999,28.200000000000447,7.452316643399998,30.003378827531172,20.747683356600447,1.8033788275307252
2022-08-05,9,9,55.361472088888895,22.000000000002018,38.355092200847295,26.873845232539892,16.355092200845277,4.8738452325378745
2022-08-10,4,4,16.49535725,33.60000000000029,2.4946607086646675,24.584606450501013,31.105339291335625,9.01539354949928
2022-08-16,4,4,40.03339603546752,51.30000000000079,13.60417563868134,29.22617695374663,37.69582436131945,22.073823046254162
2022-08-17,2,2,14.077798285185187,28.999999999999027,2.846206785218733,21.8789569235677,26.153793214780293,7.121043076431327
2022-08-17,4,4,49.146417449999994,40.000000000000036,17.905351636607598,31.02321415717137,22.094648363392437,8.976785842828665
2022-08-17,1,1,40.3871828,34.4000000000011,7.460410031645598,30.010149723784536,26.939589968355502,4.389850276216563
2022-08-19,2,2,38.755476099999996,27.100000000002122,6.076402471572596,26.850740139686877,21.023597528429526,0.24925986031524516
2022-08-23,6,6,20.38275,87.60000000000102,9.2254256575,27.557045404394337,78.37457434250102,60.04295459560668
2022-08-25,1,1,33.449527800000006,24.500000000000632,5.256996928335601,28.166783129586985,19.24300307166503,3.666783129586353
2022-08-25,3,3,16.457325928898634,21.299999999999653,0.2454300709154884,23.23179592074431,21.054569929084163,1.9317959207446584
2022-08-26,1,1,25.86009827044025,20.599999999999508,2.8465789308883647,26.150237068445733,17.75342106911114,5.550237068446226
2022-08-26,1,1,23.488696,77.99999999999918,2.093416826992,25.520144663053163,75.90658317300718,52.47985533694602
2022-08-26,4,4,30.47417505,28.59999999999974,9.092401772332401,27.34115167340991,19.507598227667337,1.2588483265898276
2022-08-29,1,1,24.749031399999996,31.70000000000006,2.493701870702798,25.855021530502558,29.206298129297263,5.8449784694975015
2022-08-31,1,1,20.6086673,34.09999999999913,1.1787139518145995,24.75490789415788,32.92128604818453,9.345092105841246
2022-08-31,2,2,20.821309063573896,25.500000000000522,0.4079825671198422,23.237564242996445,25.09201743288068,2.262435757004077
2022-08-31,2,2,24.3315385,25.999999999999357,0.8611970492909995,23.94476610889785,25.138802950708357,2.0552338911015084
2022-08-31,2,2,32.70341467140921,51.30000000000079,3.888182829082742,25.631438321282946,47.41181717091805,25.668561678717847
2022-08-31,2,2,23.890055633333336,20.800000000000818,0.7015718551218002,23.855821066209117,20.09842814487902,3.055821066208299
2022-09-01,3,3,18.412184333333332,42.60000000000041,1.060163575945887,23.62168365771596,41.53983642405453,18.978316342284455
2022-09-01,1,1,24.603824,77.70000000000054,2.4475837100479994,25.816439261653752,75.25241628995255,51.88356073834679
2022-09-02,1,1,24.1985121,20.200000000000216,2.3188558399841988,25.708746040141474,17.881144160016017,5.508746040141258
2022-09-06,1,1,10.438686620192307,24.00000000000069,2.051292252053683,22.052697615786872,21.948707747947005,1.9473023842138169
2022-09-06,1,1,20.1605,21.999999999999797,1.0363751209999998,24.635827797290613,20.9636248789998,2.6358277972908155
2022-09-06,1,1,40.36169999999999,34.899999999999935,7.452316643399998,30.003378827531172,27.44768335659994,4.8966211724687625
2022-09-07,1,1,30.0994542,32.49999999999975,4.1930068528284,27.27665328566377,28.30699314717135,5.223346714335982
2022-09-07,4,4,49.216378774999995,57.59999999999987,17.938372076062866,31.037010141851642,39.661627923937004,26.56298985814823
2022-09-07,2,2,16.10322266714083,50.39999999999934,2.1138821931325595,22.28701683193073,48.28611780686678,28.11298316806861
2022-09-09,1,1,23.725128766464646,47.40000000000188,2.1685083464867048,25.582965928087912,45.23149165351518,21.81703407191397
2022-09-13,4,4,16.49535725,21.400000000000308,2.4946607086646675,24.584606450501013,18.90533929133564,3.1846064505007057
2022-09-13,3,3,42.43635788856619,32.40000000000131,11.072806477196655,28.413197272622774,21.327193522804656,3.9868027273785387
2022-09-15,2,2,32.28575,21.300000000000765,3.7371694844999994,25.54729190285327,17.562830515500764,4.247291902852506
2022-09-16,3,3,50.892276555555554,80.80000000000086,14.597010705072922,30.099692307562236,66.20298929492795,50.70030769243863
2022-09-16,3,3,14.219192000000001,20.800000000000818,0.6873652131226676,22.785410151525337,20.11263478687815,1.985410151524519
2022-09-19,1,1,21.975676,20.100000000000673,1.612878648951999,25.118128344231778,18.487121351048675,5.018128344231105
2022-09-21,4,4,38.3842389,64.89999999999996,12.825804255007201,28.900972327100796,52.074195744992764,35.99902767289917
2022-09-22,1,1,23.400529,86.80000000000021,2.0654148114579995,25.496718288794053,84.73458518854221,61.303281711206154
2022-09-22,1,1,18.248889,28.499999999999083,0.4292436441779995,24.12790403075846,28.070756355821082,4.372095969240622
2022-09-27,1,1,32.8406768148148,28.900000000000592,5.063624637738809,28.005008644269584,23.836375362261784,0.8949913557310083
2022-09-28,1,1,22.30125,51.49999999999988,1.7162816024999994,25.204634841822,49.78371839749988,26.29536515817788
2022-09-28,1,1,20.818733974358974,59.50000000000011,1.2454315477243583,24.810723568195794,58.25456845227575,34.689276431804316
2022-09-28,4,4,36.864208024999996,20.899999999999253,12.108378055916866,28.601230681769728,8.791621944082387,7.701230681770475
2022-09-30,4,4,22.4894051,23.19999999999989,5.323739404971467,25.766599391764245,17.876260595028423,2.566599391764356
2022-09-30,1,1,28.249269492603553,54.10000000000026,3.6053844893898734,26.785050765401547,50.49461551061039,27.31494923459871
2022-09-30,1,1,24.354615,26.199999999999555,2.3684344332299996,25.75022329306301,23.831565566769555,0.4497767069365466
2022-09-30,1,1,37.1355,81.20000000000016,6.4276690709999995,29.146162764437786,74.77233092900016,52.05383723556237
2022-09-30,1,1,46.18607779999999,37.39999999999966,9.302150681435597,31.55094258913446,28.09784931856406,5.849057410865196
2022-09-30,3,3,29.295450053337717,54.8000000000004,5.596022135379753,25.792302170446902,49.20397786462065,29.0076978295535
2022-09-30,4,4,30.47417505,25.399999999999867,9.092401772332401,27.34115167340991,16.307598227667466,1.9411516734100438
2022-09-30,2,2,23.978283050874392,20.400000000000418,0.7334718895724497,23.873596142009355,19.66652811042797,3.4735961420089367
2022-10-03,2,2,9.184530303030302,24.100000000000232,4.615446116454547,20.89311588097795,19.484553883545686,3.206884119022284
2022-10-03,3,3,19.813305766666662,24.800000000000377,1.6441140931614735,23.90113104051644,23.155885906838904,0.8988689594839379
2022-10-03,1,1,30.2914283,22.90000000000014,4.2539782109366,27.32766168012719,18.64602178906354,4.4276616801270485
2022-10-03,3,3,18.412184333333332,59.29999999999991,1.060163575945887,23.62168365771596,58.239836424054026,35.67831634228395
2022-10-03,1,1,16.180446428571432,30.300000000000882,0.22769785339285586,23.578309399980846,30.072302146608028,6.721690600020036
2022-10-03,3,3,24.883413382292236,69.20000000000037,3.757201434520335,24.912341253989993,65.44279856548003,44.28765874601038
2022-10-03,2,2,36.58352815,34.600000000000186,5.291099939082899,26.41316029748585,29.30890006091729,8.186839702514337
2022-10-04,2,2,23.02928915,37.09999999999991,0.3903479608088994,23.682403438061566,36.709652039191006,13.417596561938343
2022-10-04,2,2,30.310893,33.60000000000029,3.0231283384379988,25.149419746464993,30.576871661562294,8.4505802535353
2022-10-04,1,1,31.767871388051038,25.19999999999967,4.722899488587785,27.719959346521264,20.477100511411884,2.5199593465215955
2022-10-06,1,1,20.32501623980198,21.800000000000708,1.0886258077935875,24.67954051299267,20.71137419220712,2.8795405129919622
2022-10-06,1,1,40.36169999999999,29.299999999999883,7.452316643399998,30.003378827531172,21.847683356599887,0.7033788275312887
2022-10-07,1,1,36.5845,35.199999999999676,6.252670369,28.999759549892982,28.947329630999675,6.200240450106694
2022-10-07,7,7,33.31840747994195,77.30000000000015,19.92125098897674,26.220460199907308,57.378749011023416,51.079539800092846
2022-10-07,1,1,11.77,26.200000000000667,1.6284644600000007,22.406433656386433,24.571535540000667,3.793566343614234
2022-10-12,1,1,19.5168,39.60000000000075,0.8319347135999999,24.46479376969988,38.76806528640075,15.135206230300867
2022-10-12,4,4,40.764905174999996,37.6999999999994,13.949434297703398,29.370426492795094,23.750565702296,8.329573507204305
2022-10-12,2,2,21.9861365,28.500000000000192,0.013179429758999724,23.472240679797228,28.486820570241193,5.027759320202964
2022-10-13,1,1,16.450256,27.000000000000355,0.14200579388800047,23.649999034412968,26.857994206112355,3.3500009655873875
2022-10-13,4,4,44.447711945326716,107.09999999999997,15.68765034757123,30.09665553125074,91.41234965242873,77.00334446874922
2022-10-13,1,1,37.985903900000004,81.20000000000016,6.6977590504478,29.372118961572887,74.50224094955236,51.82788103842727
2022-10-13,3,3,31.7085813,29.50000000000008,6.601751693199097,26.273590369450147,22.898248306800983,3.2264096305499343
2022-10-18,3,3,26.13999457747634,24.60000000000018,4.280911386701597,25.16296073486904,20.319088613298582,0.5629607348688594
2022-10-18,2,2,26.881649349999996,30.29999999999977,1.7832304288820975,24.45853399331613,28.51676957111767,5.841466006683639
2022-10-18,3,3,31.058666666666667,35.09999999999902,6.330884388444443,26.14396781211287,28.76911561155458,8.956032187886152
2022-10-18,1,1,29.258312813953488,31.500000000000973,3.925858666337255,27.053158180756537,27.574141333663718,4.446841819244437
2022-10-19,4,4,30.1046525,37.499999999999204,8.917994026486666,27.26828387911334,28.582005973512537,10.231716120885864
2022-10-19,7,7,35.158297842857145,30.09999999999957,21.094373057229706,26.962965665318553,9.005626942769865,3.1370343346810188
2022-10-19,3,3,37.48958146666667,35.99999999999937,9.011120329661379,27.426584912329165,26.988879670337987,8.573415087670202
2022-10-21,2,2,31.362112499999995,103.0999999999993,3.4032135681749973,25.36120772367165,99.69678643182431,77.73879227632764
2022-10-21,2,2,32.539906349999995,90.99999999999997,3.829063779344098,25.59849648882292,87.17093622065588,65.40150351117705
2022-10-21,1,1,28.549874999999997,22.199999999999996,3.700857399749998,26.864923020560735,18.499142600249996,4.664923020560739
2022-10-24,6,6,23.76639074804785,55.800000000000296,11.196046750360575,27.499150592591015,44.60395324963972,28.30084940740928
2022-10-25,3,3,16.321372999999998,104.39999999999894,0.1887684702443305,23.204680719120137,104.21123152975461,81.1953192808788
2022-10-27,10,10,55.703079759999994,21.7999999999996,38.591762094685116,20.228224016994986,16.791762094685517,1.5717759830046134
2022-10-28,1,1,23.400529,39.09999999999969,2.0654148114579995,25.496718288794053,37.03458518854169,13.603281711205636
2022-10-28,1,1,21.725263,29.000000000000135,1.5333469793260006,25.051592467346467,27.466653020674134,3.9484075326536683
2022-10-28,2,2,37.8219111,36.19999999999956,5.7388571087826,26.662655878558798,30.461142891216962,9.537344121440764
2022-10-28,4,4,35.967708224999996,30.200000000000227,11.685246884979799,28.424445900940206,18.514753115020426,1.7755540990600203
2022-10-28,3,3,29.59063546666666,27.800000000000047,5.719047642439374,25.85117557658659,22.080952357560673,1.9488244234134555
2022-10-31,1,1,13.025806,25.299999999999212,1.2296179627880006,22.740107041585446,24.07038203721121,2.5598929584137657
2022-10-31,1,1,37.1355,26.100000000000012,6.4276690709999995,29.146162764437786,19.67233092900001,3.0461627644377742
2022-10-31,3,3,31.585916666666666,31.600000000000517,6.550628304194443,26.249125458749557,25.049371695806073,5.35087454125096
2022-11-02,3,3,41.02864876666666,28.500000000000192,10.486110384862473,28.132436004897873,18.01388961513772,0.3675639951023193
2022-11-02,1,1,34.2686920982906,90.29999999999983,5.5171651478012915,28.384438821982783,84.78283485219853,61.91556117801704
2022-11-02,3,3,37.48958146666667,123.60000000000038,9.011120329661379,27.426584912329165,114.588879670339,96.17341508767122
2022-11-03,2,2,29.98708915,23.400000000000087,2.9060518756088984,25.084183359199322,20.49394812439119,1.6841833591992348
2022-11-03,1,1,24.603824,45.60000000000009,2.4475837100479994,25.816439261653752,43.152416289952086,19.783560738346335
2022-11-08,1,1,19.908715113777777,20.600000000001728,0.9564077375660496,24.568927403975305,19.64359226243568,3.968927403973577
2022-11-08,2,2,47.3988497,83.59999999999923,9.201552490630199,28.59211062509493,74.39844750936902,55.007889374904295
2022-11-10,6,7,33.21239361666666,40.800000000000836,16.69736733436794,27.33752747740426,24.102632665632896,13.462472522596574
2022-11-11,1,1,14.189375,28.500000000000192,0.8600661212500003,23.049272634951482,27.639933878750192,5.45072736504871
2022-11-11,2,2,11.9503845,46.99999999999926,3.615407277873001,21.450349328059886,43.38459272212626,25.549650671939375
2022-11-11,4,4,16.495357249999998,33.199999999999896,2.494660708664666,24.584606450501013,30.70533929133523,8.615393549498883
2022-11-14,2,2,38.8854,37.700000000000514,6.123378536399997,26.87691575759712,31.576621463600517,10.823084242403393
2022-11-15,1,1,16.679774187499994,42.29999999999956,0.0691103585016268,23.710983064261416,42.23088964149793,18.58901693573814
2022-11-15,7,7,47.44824155714285,39.80000000000095,28.930494425881037,31.92269074534734,10.869505574119913,7.8773092546536105
2022-11-15,5,5,45.20347114,52.39999999999911,19.86264274682546,30.88417761259587,32.53735725317365,21.51582238740324
2022-11-16,8,8,33.544329,41.59999999999941,23.239913663148,25.315430759147787,18.360086336851413,16.284569240851624
2022-11-16,3,3,31.058666666666667,35.400000000000986,6.330884388444443,26.14396781211287,29.069115611556544,9.256032187888117
2022-11-21,2,2,38.755476099999996,21.400000000000308,6.076402471572596,26.850740139686877,15.323597528427712,5.45074013968657
2022-11-23,6,6,28.87180874320226,52.00000000000094,14.169425172678517,27.411795806425463,37.83057482732242,24.588204193575475
2022-11-23,4,4,41.38483955,36.399999999998656,14.24203175059507,29.492674108035008,22.157968249403588,6.907325891963648
2022-11-29,3,3,13.186460416666668,24.599999999999067,1.1177805417909736,22.579436471277425,23.482219458208093,2.0205635287216417
2022-11-29,1,1,35.171110899999995,29.000000000001247,5.803775164061798,28.624215615877386,23.19622483593945,0.37578438412386106
2022-11-29,3,3,29.740537866666664,37.10000000000102,5.7815230153295065,25.881072937628204,31.318476984671513,11.218927062372813
2022-11-29,3,3,28.713967906120022,33.199999999999896,5.353675688782628,25.67632816539681,27.846324311217266,7.5236718346030855
2022-11-30,1,1,29.8273609,20.999999999999908,4.106589476561799,27.20435685412819,16.893410523438106,6.204356854128282
2022-11-30,3,3,24.489115199999997,22.800000000000598,3.5928683353263966,24.83370025081697,19.2071316646742,2.0337002508163735
2022-11-30,1,1,37.1355,21.400000000000308,6.4276690709999995,29.146162764437786,14.972330929000307,7.746162764437479
2022-11-30,2,2,39.7699146,23.700000000002053,6.443188942263599,27.055117891351067,17.256811057738453,3.355117891349014
2022-11-30,1,1,24.354615,68.39999999999958,2.3684344332299996,25.75022329306301,66.03156556676959,42.64977670693657
2022-11-30,2,2,31.162195,95.00000000000064,3.330930197369999,25.320930576098554,91.66906980263064,69.67906942390209
2022-11-30,3,3,35.85518970106894,111.90000000000033,8.329948880743403,27.10061280848348,103.57005111925693,84.79938719151686
2022-12-02,4,4,31.699490275000002,108.99999999999909,9.670727685981534,27.582777029599278,99.32927231401756,81.41722297039982
2022-12-02,2,2,57.590696699999995,55.49999999999944,12.8865778430322,30.645450255999535,42.61342215696724,24.854549743999904
2022-12-05,1,1,21.215821799999997,30.90000000000037,1.3715474353235992,24.916231615619488,29.528452564676773,5.983768384380884
2022-12-05,1,1,21.215821799999997,31.200000000000117,1.3715474353235992,24.916231615619488,29.828452564676518,6.283768384380629
2022-12-05,2,2,30.844809908371055,40.19999999999912,3.2161745393300873,25.256987368660297,36.98382546066903,14.943012631338824
2022-12-05,4,4,22.04775,61.99999999999983,5.115286442,25.679507459277772,56.88471355799983,36.32049254072206
2022-12-05,3,3,16.29715179196572,42.800000000000615,0.17867370856078943,23.199849907862514,42.62132629143983,19.6001500921381
2022-12-05,1,1,33.42575,23.800000000000487,5.2494450515,28.16046525961456,18.550554948500487,4.360465259614074
2022-12-06,1,1,15.5526,20.999999999999908,0.4271031348,23.41148773866808,20.57289686519991,2.4114877386681712
2022-12-06,1,1,17.897399999999998,20.599999999999508,0.31761003479999866,24.034511799402495,20.28238996519951,3.434511799402987
2022-12-06,1,1,40.36169999999999,25.799999999998047,7.452316643399998,30.003378827531172,18.347683356598047,4.203378827533125
2022-12-08,7,7,21.151283685714287,24.999999999999467,12.163440133574067,21.310300280793857,12.8365598664254,3.68969971920561
2022-12-09,3,3,44.00672839999999,56.199999999999584,11.727295553272127,28.726400624600068,44.472704446727455,27.473599375399516
2022-12-09,1,1,14.532121,24.800000000000377,0.7512093061580001,23.140341811307877,24.048790693842378,1.6596581886925001
2022-12-14,3,3,39.88900149999999,58.499999999999105,10.01113541482716,27.90513847135857,48.488864585171946,30.594861528640536
2022-12-14,2,2,32.28237406906239,21.899999999999142,3.7359488626546122,25.546611757950643,18.16405113734453,3.6466117579515007
2022-12-15,1,1,18.248889,32.00000000000092,0.4292436441779995,24.12790403075846,31.570756355822915,7.872095969242455
2022-12-15,5,5,57.76307533999999,96.60000000000002,26.48392792541926,35.18441905952419,70.11607207458076,61.415580940475834
2022-12-15,3,3,31.058666666666667,85.70000000000189,6.330884388444443,26.14396781211287,79.36911561155745,59.55603218788902
2022-12-15,1,1,44.79030000000001,75.70000000000077,8.858848860600004,31.180078057899834,66.84115113940076,44.519921942100936
2022-12-15,4,4,53.196333949999996,32.300000000000665,19.816836626166268,31.82183519515749,12.483163373834397,0.4781648048431748
2022-12-20,2,2,38.755476099999996,40.89999999999927,6.076402471572596,26.850740139686877,34.823597528426674,14.04925986031239
2022-12-20,1,1,23.400529,27.099999999999902,2.0654148114579995,25.496718288794053,25.034585188541904,1.6032817112058488
2022-12-20,3,3,26.444838319682546,59.40000000000056,4.407962230901265,25.223760451364676,54.9920377690993,34.176239548635884
2022-12-20,1,1,20.063158,22.699999999999942,1.0054591071159995,24.60996358366045,21.694540892883943,1.909963583660506
2022-12-21,1,1,17.3675,23.199999999998777,0.1493127349999999,23.893714951149693,23.05068726499878,0.6937149511509162
2022-12-21,2,2,20.430794,41.999999999999815,0.5491795365960014,23.158887624665976,41.450820463403815,18.84111237533384
2022-12-21,6,6,37.34257181666667,28.200000000000447,19.102769350787277,27.266859251251365,9.09723064921317,0.9331407487490821
2022-12-22,2,2,24.3180415,25.800000000000267,0.8563169929889983,23.942046883913573,24.94368300701127,1.8579531160866942
2022-12-23,3,3,31.78740026666667,21.599999999999397,6.634601362939644,26.28931045867727,14.965398637059753,4.689310458677873
2022-12-27,1,1,12.064286,27.099999999999902,1.5349986378280007,22.484626789590667,25.565001362171902,4.615373210409235
2022-12-29,3,3,24.486635361240307,27.500000000000302,3.591834803833779,24.83320565810382,23.90816519616652,2.6667943418964803
2022-12-29,2,2,26.625886,24.000000000001798,1.6907550974759997,24.407005646914556,22.309244902525798,0.40700564691275787
2022-12-29,2,2,37.5828075,23.599999999999177,5.652405376545,26.614483952727102,17.947594623454176,3.0144839527279252
2022-12-30,1,1,21.725263,23.299999999999432,1.5333469793260006,25.051592467346467,21.76665302067343,1.7515924673470344
2022-12-30,1,1,26.395743837499996,32.2,3.016701034277674,26.292560540086797,29.18329896572233,5.907439459913206
2023-01-04,4,4,31.053427099999993,50.39999999999934,9.365797927227463,27.45537696013535,41.034202072771876,22.944623039863988
2023-01-04,4,4,26.15673875,42.9999999999997,7.054652430876666,26.489777216839023,35.94534756912304,16.51022278316068
2023-01-05,2,2,14.681368,20.600000000001728,2.6279764977120004,22.00055741614211,17.972023502289726,1.4005574161403835
2023-01-05,4,4,42.8693048,56.0000000000005,14.942671638577067,29.785402409670198,41.05732836142343,26.2145975903303
2023-01-05,2,2,30.9280145,33.99999999999848,3.2462584907069982,25.273750501531598,30.75374150929148,8.726249498466881
2023-01-09,1,1,17.279208188000002,21.599999999999397,0.12127107892517665,23.870255413772586,21.47872892107422,2.2702554137731887
2023-01-11,3,3,37.48958146666667,35.60000000000008,9.011120329661379,27.426584912329165,26.5888796703387,8.173415087670914
2023-01-13,1,1,12.77733333333333,21.800000000000708,1.308533378666668,22.674086720121707,20.49146662133404,0.8740867201209994
2023-01-13,3,3,31.68280146666666,34.20000000000201,6.591007337534706,26.268448697370452,27.6089926624673,7.931551302631554
2023-01-13,2,2,57.8955707,39.69999999999807,12.9968099157162,30.706872868273088,26.70319008428187,8.993127131724982
2023-01-13,3,3,46.154159290179706,21.999999999999797,12.622288199285592,29.15469607974701,9.377711800714206,7.154696079747211
2023-01-17,4,4,11.917421,23.699999999999832,0.33396025347466607,23.68186285077265,23.366039746525168,0.018137149227182903
2023-01-17,1,1,56.6147218,30.89999999999815,12.614308873123598,34.321880892117065,18.285691126874553,3.4218808921189137
2023-01-19,5,5,45.929916,23.699999999999832,20.245616486124,31.132902671613262,3.4543835138758325,7.43290267161343
2023-01-19,4,4,37.447670474999995,35.100000000001245,12.383761441017798,28.716286235987926,22.71623855898345,6.383713764013319
2023-01-20,2,2,26.7494293,34.30000000000044,1.7354241542837987,24.43189577272028,32.56457584571664,9.868104227280156
2023-01-20,1,1,21.614848,26.000000000001577,1.4982789544959991,25.02225469795633,24.50172104550558,0.9777453020452462
2023-01-25,3,3,37.48958146666667,35.199999999999676,9.011120329661379,27.426584912329165,26.188879670338295,7.773415087670511
2023-01-26,8,8,53.98564905,24.200000000000887,37.401905489628604,32.5836329854064,13.201905489627716,8.383632985405516
2023-01-26,2,2,25.712884356020478,36.90000000000193,1.3606447450688999,24.22306426134781,35.53935525493303,12.67693573865412
2023-01-31,5,5,29.724791679999996,41.59999999999941,11.702453200987518,25.58448361765214,29.89754679901189,16.015516382347272
2023-01-31,2,2,46.22992315,28.000000000001357,8.778908393652896,28.35660834462196,19.22109160634846,0.35660834462060365
2023-01-31,2,2,19.431255,20.000000000000018,0.9105788546700009,22.957511658039444,19.089421145330018,2.957511658039426
2023-02-01,8,8,45.39593905,20.000000000000018,31.4508513251086,29.529439362283917,11.450851325108584,9.529439362283899
2023-02-01,1,1,47.587273,82.1000000000005,9.747173079346002,31.923246548271948,72.35282692065451,50.17675345172856
2023-02-03,4,4,13.167000000000002,33.60000000000029,0.9237382160000004,23.92827288861557,32.67626178400029,9.671727111384723
2023-02-03,7,7,84.37246807142856,117.19999999999953,52.473541256371156,46.82381776114429,64.72645874362837,70.37618223885525
2023-02-03,4,4,51.18964684760474,33.99999999999848,18.86971777199495,31.426127644982504,15.13028222800353,2.5738723550159754
2023-02-07,2,2,28.2756879,42.19999999999891,2.2872673712514,24.739389328146395,39.912732628747506,17.460610671852514
2023-02-09,2,2,26.625886,22.299999999999542,1.6907550974759997,24.407005646914556,20.609244902523542,2.107005646915013
2023-02-09,1,1,25.81308092948718,26.399999999999757,2.8316461293669875,26.137744346386064,23.56835387063277,0.26225565361369263
2023-02-10,3,3,29.857025680665277,29.50000000000008,5.830072068691694,25.904305909428956,23.669927931308386,3.5956940905711257
2023-02-15,3,3,63.981974333333326,31.999999999998696,20.052452043475885,32.71037379356808,11.947547956522811,0.710373793569385
2023-02-16,9,9,55.2031054,48.70000000000152,38.2453738583848,26.82188048159966,10.454626141616721,21.878119518401864
2023-02-21,5,5,49.60191223999999,49.69999999999919,22.181452511893358,32.39014535002608,27.518547488105835,17.30985464997311
2023-02-22,3,3,16.321372999999998,20.999999999999908,0.1887684702443305,23.204680719120137,20.811231529755577,2.20468071912023
2023-02-24,4,4,54.545599949999996,33.799999999999386,20.4536649918676,32.08790295567537,13.346335008131785,1.7120970443240182
2023-02-27,3,3,58.22004003333333,66.2000000000007,17.651029558172453,31.56118185224384,48.548970441828246,34.63881814775686
2023-02-27,1,1,40.3127997,30.200000000000227,7.4367858103194,29.990385794659662,22.763214189680827,0.2096142053405643
2023-02-28,1,1,24.78063606666667,32.600000000000406,2.503739576045467,25.86341903466702,30.096260423954938,6.736580965333385
2023-02-28,2,2,33.98333349999999,31.999999999998696,4.350957960260997,25.88930208779028,27.6490420397377,6.1106979122084155
2023-02-28,1,1,33.746296579310346,29.69999999999917,5.351251286182125,28.245635948584397,24.348748713817045,1.4543640514147747
2023-02-28,2,2,22.6105983360215,34.699999999998624,0.23896359796194896,23.598050283874915,34.461036402036676,11.101949716123709
2023-03-02,4,4,42.6377917,24.200000000000887,14.833401776954934,29.7397493123213,9.366598223045953,5.539749312320414
2023-03-03,4,4,13.167000000000002,20.400000000000418,0.9237382160000004,23.92827288861557,19.476261784000418,3.5282728886151524
2023-03-03,3,3,30.799009666666667,24.200000000000887,6.222666188478775,26.092180388589412,17.97733381152211,1.8921803885885247
2023-03-06,1,1,41.805754527777765,25.199999999998557,7.910951249531272,30.387070705652132,17.289048750467284,5.187070705653575
2023-03-08,2,2,30.27989756534107,31.49999999999986,3.0119214431101082,25.14317513208231,28.488078556889754,6.3568248679175525
2023-03-09,2,2,35.627415711944174,27.999999999999137,4.945402189304807,26.220533430082828,23.05459781069433,1.779466569916309
2023-03-14,5,5,83.69474209254268,26.299999999999102,40.15481738902549,44.06307688834472,13.854817389026387,17.763076888345616
2023-03-15,2,2,26.6665,97.80000000000122,1.7054397389999987,24.415188102535165,96.09456026100122,73.38481189746605
2023-03-15,7,7,58.868645290299796,51.999999999998714,36.21219333455808,36.53150459642728,15.787806665440634,15.468495403571431
2023-03-15,6,6,37.770955,39.5000000000012,19.352258288816667,27.25952952400621,20.147741711184533,12.24047047599499
2023-03-17,3,3,10.614375,31.399999999999206,2.189758011875001,22.06644557632207,29.210241988124206,9.333554423677136
2023-03-17,3,3,40.317095599999995,20.999999999999908,10.189553762562529,27.990519918670188,10.810446237437379,6.99051991867028
2023-03-17,4,4,36.2090603026602,22.200000000001108,11.799160560396633,28.472039190031747,10.400839439604475,6.27203919003064
2023-03-20,2,2,26.7494293,29.700000000001392,1.7354241542837987,24.43189577272028,27.964575845717594,5.2681042272811105
2023-03-21,3,3,46.92561606666666,38.40000000000066,12.943811068696908,29.308559672155344,25.45618893130375,9.091440327845316
2023-03-22,1,1,47.587273,66.2000000000007,9.747173079346002,31.923246548271948,56.4528269206547,34.27675345172875
2023-03-23,1,1,18.248889,26.999999999999247,0.4292436441779995,24.12790403075846,26.570756355821246,2.8720959692407853
2023-03-24,3,3,58.22004003333333,29.700000000001392,17.651029558172453,31.56118185224384,12.048970441828939,1.8611818522424493
2023-03-24,2,2,38.89250355487675,20.300000000001983,6.1259469403225655,26.878346902584752,14.174053059679418,6.578346902582769
2023-03-27,6,6,16.5036865,21.400000000000308,6.966272005311668,27.623417004699483,14.43372799468864,6.223417004699176
2023-03-30,1,1,21.725263,33.99999999999848,1.5333469793260006,25.051592467346467,32.46665302067248,8.948407532652013
2023-03-30,9,9,39.04718352222221,32.70000000000106,27.052357310397817,21.520649127463575,5.647642689603245,11.179350872537487
2023-03-30,1,1,27.463998842592595,23.599999999999177,3.355980960405093,26.576400770030776,20.244019039594086,2.9764007700315993
2023-04-04,3,3,29.458386599999997,52.799999999999514,5.663929797366198,25.824799133553807,47.13607020263331,26.975200866445707
2023-04-04,3,3,52.964168199999996,69.39999999999947,15.460520582664063,30.512921799105136,53.939479417335406,38.88707820089433
2023-04-05,2,2,32.84366673913044,23.800000000000487,3.9388932082004358,25.65969474320219,19.86110679180005,1.859694743201704
2023-04-05,6,6,48.00384991666667,29.000000000001247,25.31186217863361,27.084442518760337,3.6881378213676363,1.91555748124091
2023-04-07,7,7,84.37246807142856,39.00000000000014,52.473541256371156,46.82381776114429,13.473541256371014,7.823817761144149
2023-04-11,2,2,19.885451,20.099999999998452,0.7463570237340006,23.049018001001453,19.353642976264453,2.949018001003001
2023-04-13,4,4,11.917421,27.099999999999902,0.33396025347466607,23.68186285077265,26.766039746525237,3.4181371492272525
2023-04-13,6,6,61.39278923333334,47.600000000000975,33.10953580686255,26.855354923562256,14.490464193138422,20.74464507643872
2023-04-14,4,4,62.780585649999985,56.89999999999973,24.340424522534526,33.7117963933635,32.5595754774652,23.18820360663623
2023-04-14,3,3,40.317095599999995,29.600000000000737,10.189553762562529,27.990519918670188,19.410446237438208,1.609480081330549
2023-04-14,4,4,45.12204131473758,55.200000000001914,16.005921222451597,30.229629537244055,39.19407877755032,24.97037046275786
2023-04-17,1,1,56.6147218,59.29999999999991,12.614308873123598,34.321880892117065,46.685691126876314,24.978119107882847
2023-04-17,1,1,21.975676,23.200000000000998,1.612878648951999,25.118128344231778,21.587121351049,1.9181283442307802
2023-04-19,3,3,10.614375,29.999999999998916,2.189758011875001,22.06644557632207,27.810241988123916,7.933554423676846
2023-04-20,8,8,56.2646712625,49.600000000000755,38.98083942671515,33.393971763825235,10.619160573285605,16.20602823617552
2023-04-25,5,5,38.2014988,41.999999999999815,16.171279950873203,28.48679540315382,25.828720049126613,13.513204596845995
2023-04-25,3,3,41.18908413333333,34.000000000000696,10.552975620891154,28.16443411887789,23.447024379109543,5.8355658811228075
2023-04-26,1,1,19.873026433691756,37.400000000000766,0.9450729413933681,24.559444758807516,36.454927058607396,12.84055524119325
2023-04-26,6,6,54.85194106666667,45.600000000001195,29.30016763742311,26.967270224813355,16.299832362578083,18.63272977518784
2023-04-26,3,3,37.48958146666667,33.199999999999896,9.011120329661379,27.426584912329165,24.188879670338515,5.773415087670731
2023-04-28,2,2,27.927383503703705,24.399999999999977,2.161332343900133,24.669216844146835,22.238667656099842,0.2692168441468574
2023-04-28,1,1,21.725263,47.399999999999665,1.5333469793260006,25.051592467346467,45.86665302067367,22.348407532653198
2023-04-28,4,4,39.166161575,31.399999999999206,13.194857161717266,29.055163135314594,18.20514283828194,2.3448368646846127
2023-04-28,9,9,45.686552388888884,39.00000000000014,31.652191733650888,23.699220593327187,7.347808266349254,15.300779406672955
2023-04-28,4,4,30.396785540480987,43.69999999999985,9.055875368443605,27.32589089200335,34.64412463155624,16.374109107996496
2023-05-01,4,4,50.4997789,50.60000000000065,18.544112978260536,31.29008951768051,32.05588702174011,19.309910482320138
2023-05-02,1,1,26.376749999999998,23.600000000001398,3.010668553499999,26.287513790782725,20.589331446501397,2.6875137907813276
2023-05-02,3,3,16.320898855033853,36.599999999999966,0.18857085910825963,23.20458615303421,36.411429140891705,13.395413846965756
2023-05-02,2,2,15.946875,23.299999999999432,2.1704121937500007,22.25551764820674,21.129587806249432,1.0444823517926913
2023-05-02,2,2,50.122178067774946,54.09999999999915,10.186215435253116,29.14077644253891,43.91378456474603,24.959223557460238
2023-05-04,3,3,29.458386599999997,31.799999999999606,5.663929797366198,25.824799133553807,26.13607020263341,5.9752008664458
2023-05-04,4,4,13.684091,21.399999999998087,1.1677955156346662,24.030240361563045,20.23220448436342,2.630240361564958
2023-05-04,2,2,15.329075411764702,23.299999999999432,2.393787519669884,22.131050279487404,20.906212480329547,1.1689497205120283
2023-05-04,7,7,55.978063557142846,34.600000000000186,34.36914589564304,35.364982515358115,0.23085410435714948,0.7649825153579286
2023-05-04,1,1,37.321937500000004,40.19999999999912,6.486881993875001,29.195700059014378,33.71311800612412,11.004299940984744
2023-05-05,7,7,84.37246807142856,44.500000000000654,52.473541256371156,46.82381776114429,7.973541256370503,2.323817761143637
2023-05-08,1,1,41.1635,32.00000000000092,7.706969927,30.216420746627414,24.293030073000917,1.783579253373503
2023-05-10,6,6,47.29292616666667,58.700000000000415,24.897822556379445,27.09660657510601,33.80217744362097,31.603393424894406
2023-05-10,3,3,37.48958146666667,23.200000000000998,9.011120329661379,27.426584912329165,14.188879670339618,4.226584912328168
2023-05-11,6,6,61.39278923333334,30.600000000000627,33.10953580686255,26.855354923562256,2.5095358068619262,3.7446450764383705
2023-05-16,2,2,67.66560059999999,23.800000000000487,16.529320546539598,32.675229495761016,7.27067945346089,8.875229495760529
2023-05-16,3,3,40.317095599999995,29.09999999999968,10.189553762562529,27.990519918670188,18.910446237437153,1.1094800813294938
2023-05-16,3,3,28.928670814814826,20.200000000001328,5.4431582072833615,25.719149697126348,14.756841792717967,5.51914969712502
2023-05-19,2,2,26.7494293,23.400000000000087,1.7354241542837987,24.43189577272028,21.66457584571629,1.031895772720194
2023-05-23,6,6,29.446875000000006,25.999999999999357,14.504341843750002,27.40195630064136,11.495658156249355,1.4019563006420022
2023-05-25,3,3,26.174083333333332,26.000000000001577,4.2951186824722205,25.16975958426248,21.704881317529356,0.8302404157390981
2023-05-25,8,8,47.927334699999996,25.400000000002088,33.204632608176404,30.42951310771071,7.804632608174316,5.029513107708624
2023-05-26,9,9,54.57688334444445,34.79999999999927,37.81151970363125,26.61639867618632,3.0115197036319756,8.183601323812951
2023-05-26,1,1,22.539375,21.200000000001218,1.79191057875,25.267905741029768,19.40808942125122,4.06790574102855
2023-05-31,3,3,31.956819466666662,20.000000000000018,6.705210824127374,26.323100357903577,13.294789175872644,6.323100357903559
2023-05-31,4,4,36.286199999999994,25.699999999999612,11.835569057599997,28.487250709864178,13.864430942399615,2.7872507098645656
2023-05-31,4,4,43.18072240000001,24.199999999998667,15.08965493264854,29.846812230578642,9.110345067350128,5.646812230579975
2023-06-01,3,3,15.768782,40.10000000000069,0.041536906992668494,23.094468923742966,40.05846309300802,17.005531076257725
2023-06-01,3,3,20.53777852356903,27.999999999999137,1.9460552604557828,24.04562388104417,26.053944739543354,3.9543761189549684
2023-06-01,5,5,33.541983715777505,49.399999999999444,13.71483485313703,26.89143940556902,35.68516514686242,22.508560594430424
2023-06-01,8,8,39.40681942489979,32.500000000001975,27.30151737940367,27.399922653675727,5.1984826205983055,5.100077346326248
2023-06-06,1,1,25.39069026548672,24.299999999999322,2.697494009699113,26.025513219338187,21.60250599030021,1.7255132193388647
2023-06-07,1,1,16.861591,31.29999999999855,0.011364975218000067,23.759292621082274,31.28863502478055,7.540707378916277
2023-06-07,3,3,37.48958146666667,20.199999999999108,9.011120329661379,27.426584912329165,11.188879670337728,7.226584912330058
2023-06-13,4,4,11.917421,24.100000000000232,0.33396025347466607,23.68186285077265,23.766039746525568,0.41813714922758294
2023-06-13,6,6,81.4357993,36.200000000001786,44.782518059655665,26.51241476466647,8.582518059653879,9.687585235335316
2023-06-14,1,1,47.587273,26.800000000000157,9.747173079346002,31.923246548271948,17.052826920654155,5.123246548271791
2023-06-15,16,16,62.588243781249986,74.79999999999932,43.36188635057537,,31.438113649423947,
2023-06-15,3,3,40.317095599999995,48.19999999999824,10.189553762562529,27.990519918670188,38.010446237435715,20.209480081328053
2023-06-15,3,3,36.57504623333333,27.099999999999902,8.629966127169187,27.244184963720976,18.470033872830715,0.1441849637210737
2023-06-16,3,3,41.647387690262775,40.000000000000036,10.743984474759014,28.255840706818944,29.256015525241022,11.744159293181092
2023-06-22,3,4,29.621161637596025,23.600000000001398,5.731770146626897,25.857263884402162,17.8682298533745,2.257263884400764
2023-06-27,1,1,18.15,32.600000000000406,0.3978362999999992,24.101628772168407,32.202163700000405,8.498371227832
2023-06-27,8,8,45.7084517625,23.099999999998122,31.66736388248115,29.640557704307362,8.56736388248303,6.54055770430924
2023-06-27,4,4,34.879368275,23.699999999999832,11.171570744258865,28.209831308132983,12.528429255740967,4.509831308133151
2023-06-30,2,2,46.22992315,23.200000000000998,8.778908393652896,28.35660834462196,14.421091606348101,5.156608344620963
2023-06-30,4,4,45.96707085496454,60.00000000000006,16.40475939155397,30.396264668744912,43.59524060844609,29.603735331255145
2023-07-03,2,2,33.28039999999999,22.400000000000198,4.0968011063999965,25.74768288830264,18.3031988936002,3.347682888302444
2023-07-06,2,2,25.8025852,26.000000000001577,1.3930775204231993,24.241136186668978,24.60692247957838,1.7588638133325993
2023-07-06,5,5,46.334806,37.00000000000037,20.459070040334,31.27153162294971,16.540929959666368,5.72846837705066
2023-07-06,7,7,58.57114367007623,43.499999999998536,36.022505012329844,36.41144495405017,7.477494987668692,7.088555045948368
2023-07-07,7,7,46.128808871899494,43.5999999999992,28.089218428228232,31.390220985310563,15.510781571770966,12.209779014688635
2023-07-07,1,1,27.009296875,39.20000000000145,3.2115667060937496,26.455584382162527,35.988433293907704,12.744415617838925
2023-07-10,1,1,41.1635,25.600000000001177,7.706969927,30.216420746627414,17.893030073001178,4.616420746626236
2023-07-12,5,6,90.02035916,82.40000000000025,43.489613125201245,46.22888404736945,38.910386874799,36.1711159526308
2023-07-12,3,3,37.48958146666667,31.600000000000517,9.011120329661379,27.426584912329165,22.58887967033914,4.173415087671351
2023-07-13,1,1,19.643125,25.100000000000122,0.8720557862500001,24.498358898696928,24.22794421375012,0.6016411013031941
2023-07-18,4,4,67.66560059999999,31.799999999999606,26.6460603919888,34.67509420702132,5.1539396080108055,2.8750942070217107
2023-07-19,2,2,20.75097972877744,26.900000000000812,0.4334112633848568,23.223395073232346,26.466588736615954,3.6766049267684657
2023-07-24,2,2,29.4325,23.299999999999432,2.7055312949999992,24.972450924385033,20.594468704999432,1.6724509243856005
2023-07-25,3,3,16.321372999999998,29.09999999999968,0.1887684702443305,23.204680719120137,28.91123152975535,5.895319280879544
2023-07-25,5,5,38.2014988,28.000000000001357,16.171279950873203,28.48679540315382,11.828720049128155,0.4867954031524633
2023-07-26,1,1,47.587273,29.799999999999827,9.747173079346002,31.923246548271948,20.052826920653825,2.123246548272121
2023-07-27,1,1,17.3675,45.2000000000008,0.1493127349999999,23.893714951149693,45.050687265000796,21.306285048851105
2023-07-27,12,12,61.23591319999998,102.70000000000002,42.42497549591838,,60.275024504081635,
2023-07-28,1,1,21.725263,34.19999999999979,1.5333469793260006,25.051592467346467,32.66665302067379,9.148407532653323
2023-07-28,2,2,32.1024,25.100000000000122,3.6708763584,25.510352590349232,21.42912364160012,0.41035259034910965
2023-07-28,4,4,32.59873747499999,37.00000000000037,10.095155578433797,27.760103582447986,26.904844421566573,9.239896417552384
2023-07-28,11,11,45.29742649173556,32.59999999999819,31.382600642592298,29.968933379524433,1.217399357405892,2.6310666204737565
2023-07-28,5,5,25.187212478953764,29.89999999999826,9.310291359567156,24.03087684483211,20.589708640431105,5.86912315516615
2023-07-31,1,1,19.373023,24.399999999999977,0.7862708508459992,24.426591564658846,23.61372914915398,0.026591564658868805
2023-08-01,1,1,22.30125,36.800000000001276,1.7162816024999994,25.204634841822,35.08371839750128,11.595365158179277
2023-08-02,1,1,38.2618295,49.20000000000036,6.7853935728589985,29.445433652707564,42.41460642714136,19.754566347292794
2023-08-02,3,3,37.48958146666667,26.399999999999757,9.011120329661379,27.426584912329165,17.388879670338376,1.0265849123294082
2023-08-03,5,5,30.98719196,23.499999999998522,12.367976742200442,26.016712684764773,11.13202325779808,2.516712684766251
2023-08-03,5,5,47.329115519999995,28.300000000001102,20.98325908187328,31.611969979198175,7.316740918127824,3.311969979197073
2023-08-08,4,4,11.917421,26.000000000001577,0.33396025347466607,23.68186285077265,25.666039746526913,2.318137149228928
2023-08-08,1,1,16.495946,33.799999999999386,0.12749455850800043,23.66213907592395,33.67250544149139,10.137860924075436
2023-08-11,4,4,66.79459215,47.600000000000975,26.234960662413197,34.50333617881662,21.365039337587778,13.096663821184357
2023-08-11,3,3,26.002588,21.299999999999653,4.2236439435826645,25.135555609558818,17.076356056416987,3.835555609559165
2023-08-15,8,8,61.399225799999996,28.200000000000447,42.5381204249496,35.219635694971586,14.33812042494915,7.019635694971139
2023-08-17,2,2,18.953386000000002,21.999999999999797,1.0833600375240007,22.861235943139018,20.9166399624758,0.8612359431392207
2023-08-23,2,2,18.028636499999998,27.400000000001867,1.417718015241002,22.674927730603134,25.982281984760867,4.7250722693987335
2023-08-24,6,6,56.00588295000001,29.000000000001247,29.9722195438035,26.947526034119917,0.9722195438022538,2.0524739658813296
2023-08-29,2,2,38.8188088,58.39999999999846,6.0993014225807975,26.863499705528298,52.30069857741766,31.53650029447016
2023-08-29,4,4,43.23604279999999,23.000000000001908,15.115765128801064,29.857721106173926,7.884234871200844,6.8577211061720185
2023-08-30,5,5,28.805139932416058,29.100000000001902,11.21762291583049,25.269607089799415,17.882377084171413,3.8303929102024874
2023-08-30,11,11,40.89625722727272,51.600000000000534,28.33341776214127,33.488403479657464,23.266582237859264,18.11159652034307
2023-08-30,4,4,38.195386025,21.900000000001363,12.736669223260867,28.863731589159865,9.163330776740496,6.9637315891585025
2023-09-01,2,2,18.975666666666672,29.69999999999917,1.0753041059999984,22.865724803290632,28.624695893999174,6.834275196708539
2023-09-01,9,10,81.93769738888889,38.49999999999909,56.76742000339089,35.594283465701444,18.2674200033918,2.905716534297646
2023-09-01,5,5,50.190998119999996,67.60000000000099,22.492012107884676,32.59184052103922,45.10798789211631,35.00815947896177
2023-09-04,3,3,29.458386599999997,20.000000000000018,5.663929797366198,25.824799133553807,14.33607020263382,5.824799133553789
2023-09-05,1,1,48.88604827333333,22.999999999999687,10.159666703707211,32.26833706549029,12.840333296292476,9.268337065490606
2023-09-08,1,1,41.1635,20.000000000000018,7.706969927,30.216420746627414,12.293030073000018,10.216420746627396
2023-09-12,1,1,22.30125,23.400000000000087,1.7162816024999994,25.204634841822,21.683718397500087,1.8046348418219118
2023-09-13,5,5,90.02035916,30.200000000000227,43.489613125201245,46.22888404736945,13.289613125201019,16.02888404736922
2023-09-14,9,9,68.9890498222222,47.000000000001485,47.796441585433406,31.34545278965752,0.7964415854319213,15.654547210343964
2023-09-19,3,3,16.927369103773586,23.299999999999432,0.441331688399763,23.325543922806872,22.85866831159967,0.02554392280744011
2023-09-19,2,2,19.335781500000003,31.999999999998696,0.9450988261710003,22.938276722384387,31.054901173827695,9.061723277614309
2023-09-20,1,1,47.587273,69.20000000000037,9.747173079346002,31.923246548271948,59.452826920654374,37.276753451728425
2023-09-22,2,2,29.4325,27.099999999999902,2.7055312949999992,24.972450924385033,24.394468704999902,2.127549075614869
2023-09-26,2,2,38.8188088,28.200000000000447,6.0993014225807975,26.863499705528298,22.10069857741965,1.336500294472149
2023-09-26,3,3,34.4139077,25.200000000000777,7.729260496457232,26.81315558065565,17.470739503543545,1.6131555806548725
2023-09-28,4,4,17.157230249999998,24.899999999998812,2.8070524097019987,24.71512412963711,22.092947590296813,0.18487587036170083
2023-09-28,13,13,37.72127204615384,21.300000000001873,26.133749928839936,,4.833749928838063,
2023-09-28,2,2,38.8173686,23.100000000000342,6.0987806952276,26.863209550099512,17.001219304772743,3.7632095500991696
2023-09-29,4,4,27.601602099999997,34.000000000000696,7.736600961294133,26.774696243768368,26.263399038706563,7.225303756232329
2023-09-29,1,1,22.775517426795588,26.699999999999502,1.8669098857851314,25.33064986148946,24.83309011421437,1.3693501385100433
2023-09-29,6,6,53.293633266666674,30.90000000000037,28.39261436906245,26.993933202218596,2.5073856309379217,3.906066797781776
2023-10-02,3,3,19.996144070692978,37.59999999999985,1.7203162835376367,23.93759731982692,35.87968371646222,13.662402680172931
2023-10-02,1,1,24.603824,28.500000000000192,2.4475837100479994,25.816439261653752,26.05241628995219,2.68356073834644
2023-10-02,5,5,26.4163148,24.199999999998667,9.9582605830972,24.45170513363112,14.241739416901467,0.25170513363245206
2023-10-04,4,4,26.8485922,25.200000000000777,7.381194344678934,26.626206874184618,17.818805655321842,1.4262068741838405
2023-10-04,1,1,38.2618295,34.4000000000011,6.7853935728589985,29.445433652707564,27.6146064271421,4.954566347293536
2023-10-04,8,8,52.25962682499999,36.70000000000062,36.206096579881894,31.969921221800565,0.4939034201187269,4.730078778200056
2023-10-10,1,1,16.495946,30.200000000000227,0.12749455850800043,23.66213907592395,30.072505441492225,6.537860924076277
2023-10-10,1,1,21.665,25.299999999999212,1.5142073299999992,25.035580313230106,23.785792669999214,0.26441968676910577
2023-10-11,4,4,11.917421,26.999999999999247,0.33396025347466607,23.68186285077265,26.666039746524582,3.3181371492265974
2023-10-11,4,4,66.79459215,31.600000000000517,26.234960662413197,34.50333617881662,5.365039337587319,2.903336178816101
2023-10-13,2,2,26.6665,38.19999999999935,1.7054397389999987,24.415188102535165,36.49456026099935,13.784811897464184
2023-10-13,2,2,57.8955707,30.399999999999316,12.9968099157162,30.706872868273088,17.403190084283118,0.30687286827377136
2023-10-13,3,3,41.66233534982651,25.100000000000122,10.750214265643475,28.25882195044616,14.349785734356647,3.158821950446036
2023-10-17,3,3,46.92561606666666,25.900000000000922,12.943811068696908,29.308559672155344,12.956188931304014,3.4085596721544213
2023-10-17,2,2,67.66560059999999,31.09999999999946,16.529320546539598,32.675229495761016,14.570679453459864,1.5752294957615547
2023-10-17,3,3,40.317095599999995,33.90000000000004,10.189553762562529,27.990519918670188,23.710446237437512,5.909480081329853
2023-10-17,3,3,22.60684589898992,46.200000000000685,2.808388057090324,24.45829008480331,43.39161194291036,21.741709915197376
2023-10-19,3,3,37.697026,46.19999999999847,9.097577748448664,27.46795879366246,37.102422251549804,18.732041206336007
2023-10-23,1,1,19.756,41.400000000000325,0.9079051119999996,24.528350301313527,40.492094888000324,16.8716496986868
2023-10-25,5,5,31.28772522,20.700000000000163,12.52641457100658,26.119611276173607,8.173585428993583,5.419611276173445
2023-10-26,11,11,61.33037705454544,23.299999999999432,42.49042118791373,17.147910889355032,19.1904211879143,6.1520891106444004
2023-10-31,5,5,29.724791679999996,35.20000000000189,11.702453200987518,25.58448361765214,23.497546799014373,9.615516382349753
2023-10-31,3,3,41.829796433333335,29.200000000000337,10.820007635440588,28.292221312124312,18.379992364559747,0.907778687876025
2023-10-31,2,2,19.431255,37.20000000000168,0.9105788546700009,22.957511658039444,36.28942114533168,14.242488341962236
2023-11-01,1,1,35.39778612222222,22.999999999999687,5.875767667990021,28.684444256877377,17.124232332009665,5.68444425687769
2023-11-01,9,9,46.561369388888885,23.400000000000087,32.258275449054885,23.986273684114302,8.858275449054798,0.5862736841142144
2023-11-01,1,1,47.587273,35.49999999999942,9.747173079346002,31.923246548271948,25.752826920653415,3.5767534517274697
2023-11-03,8,8,83.0029095625,82.1000000000005,57.50541177981475,42.901132879787184,24.594588220185756,39.19886712021332
2023-11-03,2,2,32.4565145,28.69999999999928,3.7989121217069974,25.58169562922412,24.901087878292284,3.11830437077516
2023-11-09,2,2,26.625886,29.399999999999427,1.6907550974759997,24.407005646914556,27.709244902523427,4.992994353084871
2023-11-15,7,7,65.5891845142857,38.10000000000091,40.497238266108134,39.24364288732729,2.397238266107223,1.1436428873263793
2023-11-15,5,5,36.974389120000005,24.699999999999722,15.524361225783684,28.06664936814876,9.175638774216038,3.3666493681490373
2023-11-16,5,5,54.39295034,46.69999999999952,24.70723509679426,34.0305330790783,21.99276490320526,12.669466920921217
2023-11-16,3,3,40.317095599999995,20.000000000000018,10.189553762562529,27.990519918670188,9.810446237437489,7.99051991867017
2023-11-16,2,2,39.53786095,44.39999999999999,6.359286232247698,27.008366310794468,38.040713767752294,17.391633689205523
2023-11-21,1,1,21.614848,30.999999999998806,1.4982789544959991,25.02225469795633,29.50172104550281,5.977745302042475
2023-11-22,4,4,56.3198418,63.59999999999921,21.291074025886402,32.437773593226886,42.30892597411281,31.162226406772326
2023-11-22,7,7,39.78279741428571,22.299999999999542,24.042974023470702,28.829226979464018,1.7429740234711595,6.529226979464475
2023-11-27,1,1,18.15,26.200000000000667,0.3978362999999992,24.101628772168407,25.80216370000067,2.09837122783226
2023-11-28,2,2,38.8188088,29.600000000000737,6.0993014225807975,26.863499705528298,23.50069857741994,2.736500294472439
2023-11-28,2,2,32.429998,29.600000000000737,3.789324656867998,25.57635338062847,25.81067534313274,4.023646619372268
2023-11-30,4,4,33.062262425,31.399999999999206,10.313930702368067,27.851508127875398,21.08606929763114,3.548491872123808
2023-11-30,6,8,53.293633266666674,49.79999999999984,28.39261436906245,26.993933202218596,21.40738563093739,22.806066797781245
2023-12-01,3,3,51.01441353333334,34.600000000000186,14.647914181136956,30.124051979729956,19.95208581886323,4.475948020270231
2023-12-04,1,1,59.62085113809524,36.89999999999971,13.569061563161325,35.120623176027394,23.33093843683838,1.7793768239723136
2023-12-07,2,2,26.625886,22.500000000000853,1.6907550974759997,24.407005646914556,20.809244902524853,1.907005646913703
2023-12-12,5,5,47.3791364,42.800000000000615,21.009629539579603,31.62909646327861,21.790370460421013,11.170903536722005
2023-12-13,4,4,66.79459215,21.200000000001218,26.234960662413197,34.50333617881662,5.034960662411979,13.3033361788154
2023-12-13,1,1,47.587273,111.20000000000019,9.747173079346002,31.923246548271948,101.45282692065419,79.27675345172824
2023-12-15,1,1,56.6147218,38.40000000000066,12.614308873123598,34.321880892117065,25.78569112687706,4.0781191078835946
2023-12-15,5,5,46.55895736,20.500000000001073,20.577240171661042,31.34827806760736,0.07724017165996955,10.848278067606287
2023-12-19,2,2,28.06164287920168,23.800000000000487,2.2098759692614345,24.69626592529282,21.59012403073905,0.8962659252923331
2023-12-21,9,9,40.57701686666666,24.599999999999067,28.112244209429065,22.02263227355238,3.5122442094299977,2.5773677264466883
2023-12-22,9,9,54.93576885555555,20.400000000000418,38.06015989235516,26.734159528116674,17.66015989235474,6.334159528116256
2023-12-22,5,6,22.539375,29.90000000000048,7.914380566874999,23.124292505834617,21.985619433125482,6.775707494165864
2024-03-05,3,3,56.94036315667039,30.399999999999316,17.11769393413709,31.30595604132822,13.282306065862226,0.9059560413289027
2024-03-06,6,6,40.352062883333325,25.199999999998557,20.855486916377046,27.215366219956902,4.344513083621511,2.015366219958345
2024-03-08,7,7,84.37246807142856,40.99999999999993,52.473541256371156,46.82381776114429,11.473541256371227,5.823817761144362
2024-03-12,5,5,90.02035916,33.90000000000004,43.489613125201245,46.22888404736945,9.589613125201204,12.328884047369407
2024-03-14,8,8,62.96099207500001,33.799999999999386,43.620130841464906,35.7749439181727,9.82013084146552,1.9749439181733166
2024-03-14,3,3,36.57504623333333,21.700000000000053,8.629966127169187,27.244184963720976,13.070033872830866,5.544184963720923
2024-03-20,2,2,26.7494293,20.100000000000673,1.7354241542837987,24.43189577272028,18.364575845716875,4.331895772719609
2024-03-20,1,1,47.587273,57.79999999999896,9.747173079346002,31.923246548271948,48.05282692065296,25.876753451727012
2024-03-21,7,7,42.543909552609485,31.09999999999946,25.803471087685207,29.943500359357383,5.296528912314255,1.1564996406420782
2024-03-21,3,3,47.254630199999994,41.499999999998764,13.080935495431394,29.374180064704497,28.41906450456737,12.125819935294267
2024-03-21,5,5,44.986915599999996,20.199999999999108,19.748477048248397,30.810031875688818,0.4515229517507109,10.61003187568971
2024-03-26,1,1,19.489487,27.500000000000302,0.8232600501739995,24.457536580954212,26.676739949826302,3.04246341904609
2024-03-29,6,6,35.061600833333316,22.300000000001763,17.774339453330544,27.305887149199783,4.525660546671219,5.005887149198021
2024-04-01,3,3,48.704767833333335,42.29999999999956,13.685314674047055,29.66340350865069,28.6146853259525,12.636596491348868
2024-04-04,2,2,22.456884822978445,20.400000000000418,0.18338601790502415,23.5670818001313,20.216613982095392,3.167081800130884
2024-04-05,7,7,46.121892996057994,53.40000000000123,28.084808835822898,31.387430017047496,25.31519116417833,22.012569982953732
2024-04-10,5,5,90.02035916,117.59999999999992,43.489613125201245,46.22888404736945,74.11038687479868,71.37111595263048
2024-04-10,4,4,38.4080611,30.200000000000227,12.837047888726133,28.905669932617137,17.362952111274094,1.2943300673830898
2024-04-11,7,7,71.59403870000001,30.000000000001137,44.32595931595438,41.66695959236511,14.325959315953241,11.666959592363973
2024-04-19,1,1,14.078647,28.400000000001757,0.8952335555059998,23.01985170003294,27.504766444495758,5.380148299968816
2024-04-23,6,6,40.56319971057833,23.800000000000487,20.978452300775118,27.211753624002338,2.82154769922537,3.4117536240018502
2024-04-23,4,4,32.65462451290552,35.199999999999676,10.121533217100499,27.771124195890778,25.078466782899177,7.428875804108898
2024-04-25,8,8,51.8703503125,38.000000000000256,35.93640114070375,31.831508418328873,2.063598859296505,6.168491581671383
2024-04-25,3,3,39.04829523333333,23.500000000000743,9.660751181478851,27.737463378868515,13.839248818521892,4.237463378867773
2024-04-26,2,2,31.7034,23.499999999998522,3.526611524399999,25.42996652168759,19.973388475598522,1.9299665216890673
2024-04-26,6,6,53.29363326666666,27.89999999999848,28.392614369062436,26.993933202218596,0.49261436906395417,0.9060667977798857
2024-04-26,5,5,22.539375,33.8000000000016,7.914380566874999,23.124292505834617,25.885619433126603,10.675707494166986
2024-04-29,4,4,29.49579999999999,24.399999999999977,8.63062701173333,27.148221548067635,15.769372988266648,2.748221548067658
2024-05-01,1,1,47.587273,56.70000000000064,9.747173079346002,31.923246548271948,46.952826920654644,24.776753451728695
2024-05-02,5,5,37.584701018126815,28.599999999998627,15.846110945045258,28.275612045482045,12.753889054953369,0.3243879545165811
2024-05-02,2,2,28.767763022727266,22.099999999998232,2.4651850050754063,24.838527134167045,19.634814994922827,2.7385271341688124
2024-05-10,4,4,46.75994449673255,26.299999999999102,16.778980950160495,30.552614946776718,9.521019049838607,4.252614946777616
2024-05-14,4,4,66.79459215,29.50000000000008,26.234960662413197,34.50333617881662,3.2650393375868845,5.003336178816536
2024-05-17,1,1,34.7009293,23.200000000000998,5.654444547538599,28.49928621903561,17.5455554524624,5.299286219034613
2024-05-23,5,5,19.751250999999996,22.400000000000198,6.444512263438998,22.169675927712227,15.9554877365612,0.2303240722879707
2024-05-29,2,2,31.7034,21.999999999999797,3.526611524399999,25.42996652168759,18.473388475599798,3.429966521687792
2024-05-29,1,1,27.8299707,29.799999999999827,3.4722143542614,26.673641162693894,26.327785645738427,3.126358837305933
2024-05-31,6,6,53.29363326666666,27.29999999999899,28.392614369062436,26.993933202218596,1.092614369063444,0.3060667977803959
2024-05-31,1,1,27.76012442073171,30.799999999999716,3.450031036273233,26.65508268754168,27.349968963726482,4.144917312458038
2024-06-03,6,6,49.985144266666666,30.999999999998806,26.465761403759107,27.05054215165239,4.5342385962397,3.949457848346416
2024-06-04,1,1,30.94493333333333,21.700000000000053,4.461532716533332,27.501300949820855,17.23846728346672,5.801300949820803
2024-06-04,2,2,46.22992315,22.199999999998887,8.778908393652896,28.35660834462196,13.42109160634599,6.1566083446230735
2024-06-07,7,7,84.37246807142857,84.69999999999978,52.47354125637117,46.8238177611443,32.226458743628605,37.87618223885548
2024-06-12,5,5,90.02035916,77.19999999999949,43.489613125201245,46.22888404736945,33.710386874798246,30.971115952630043
2024-06-12,2,2,58.6878156,36.79999999999906,13.283258735229596,30.866485532253627,23.516741264769465,5.933514467745432
2024-06-13,6,6,61.39278923333334,24.900000000001032,33.10953580686255,26.855354923562256,8.20953580686152,1.9553549235612238
2024-06-13,1,1,19.643125,33.69999999999873,0.8720557862500001,24.498358898696928,32.82794421374873,9.201641101301803
2024-06-18,2,2,67.66560059999999,47.20000000000057,16.529320546539598,32.675229495761016,30.670679453460973,14.524770504239555
2024-06-18,3,3,40.317095599999995,27.800000000000047,10.189553762562529,27.990519918670188,17.610446237437518,0.19051991867014095
2024-06-21,6,6,49.53102352480329,20.599999999999508,26.201282997433683,27.058312253990035,5.601282997434176,6.4583122539905276
2024-06-27,13,13,44.862112200000006,24.399999999999977,31.081009677506405,,6.681009677506427,
2024-06-28,6,6,34.9129890759875,22.999999999999687,17.687788461224862,27.30842992792955,5.312211538774825,4.308429927929861
2024-07-01,1,1,38.217549999999996,25.800000000000267,6.7713303150999975,29.433668387483536,19.02866968490027,3.6336683874832687
2024-07-01,4,4,36.286199999999994,20.799999999998597,11.835569057599997,28.487250709864178,8.9644309423986,7.68725070986558
2024-07-01,6,6,49.985144266666666,36.399999999998656,26.465761403759107,27.05054215165239,9.934238596239549,9.349457848346265
2024-07-03,4,4,23.057721440149727,50.39999999999934,5.591974108950456,25.878668217251107,44.808025891048885,24.52133178274823
2024-07-16,7,7,62.08272637142856,31.600000000000517,38.26150535957047,37.828577953141746,6.661505359569954,6.2285779531412295
2024-07-18,6,6,71.49782396666666,26.399999999999757,38.99467435210677,26.682455633207656,12.594674352107013,0.2824556332078991
2024-07-24,1,1,23.77693452380953,26.800000000000157,2.184961958630954,25.59673095423532,24.615038041369203,1.2032690457648378
2024-07-25,8,8,53.98564905,23.500000000000743,37.401905489628604,32.5836329854064,13.901905489627861,9.08363298540566
2024-07-30,4,4,36.286199999999994,22.400000000000198,11.835569057599997,28.487250709864178,10.5644309424002,6.08725070986398
2024-07-31,5,5,37.91805756,32.600000000000406,16.02185284699884,28.389748892084885,16.578147153001566,4.210251107915521
2024-08-02,1,1,17.2775,29.29999999999877,0.12072855499999945,23.869801540425495,29.179271444998772,5.430198459573276
2024-08-02,7,7,84.37246807142856,85.69999999999966,52.473541256371156,46.82381776114429,33.226458743628505,38.87618223885537
2024-08-02,1,1,46.09981588793102,21.200000000001218,9.274753725638668,31.52802240543268,11.92524627436255,10.328022405431462
2024-08-05,4,4,13.684091,26.200000000000667,1.1677955156346662,24.030240361563045,25.032204484366,2.169759638437622
2024-08-05,6,6,48.93181002310756,23.599999999999177,25.852303051424432,27.068564924262645,2.2523030514252547,3.468564924263468
2024-08-06,2,2,29.591549999999998,26.399999999999757,2.7630383672999983,25.004494543985622,23.63696163269976,1.395505456014135
2024-08-06,2,2,25.8025852,23.599999999999177,1.3930775204231993,24.241136186668978,22.20692247957598,0.6411361866698009
2024-08-08,2,2,26.625886,47.399999999999665,1.6907550974759997,24.407005646914556,45.709244902523665,22.99299435308511
2024-08-14,5,5,47.3791364,22.200000000001108,21.009629539579603,31.62909646327861,1.190370460421505,9.429096463277503
2024-08-14,3,3,20.88000561761906,23.299999999999432,2.0886865012756908,24.1138795393194,21.21131349872374,0.8138795393199665
2024-08-15,8,8,57.988834337499995,59.70000000000031,40.17536029503205,34.00702248019264,19.52463970496826,25.69297751980767
2024-08-15,3,3,40.317095599999995,36.399999999998656,10.189553762562529,27.990519918670188,26.210446237436127,8.409480081328468
2024-08-21,3,3,37.48958146666667,26.600000000001067,9.011120329661379,27.426584912329165,17.588879670339686,0.8265849123280979
2024-08-23,2,2,43.26861354999999,81.50000000000102,7.708199526819294,27.759996723484175,73.79180047318172,53.740003276516845
2024-08-29,14,14,43.651771214285716,36.49999999999931,30.242470918511717,31.67469366142246,6.2575290814875935,4.825306338576851
2024-08-29,2,2,38.8173686,26.999999999999247,6.0987806952276,26.863209550099512,20.901219304771647,0.13679044989973477
2024-08-30,6,6,53.293633266666674,29.09999999999968,28.39261436906245,26.993933202218596,0.7073856309372317,2.106066797781086
2024-09-04,1,1,16.861591,42.40000000000022,0.011364975218000067,23.759292621082274,42.38863502478222,18.640707378917945
2024-09-04,3,3,55.67135153333332,37.59999999999985,16.58880330683628,31.052857367331583,21.011196693163573,6.547142632668269
2024-09-05,6,6,44.834967850000005,32.2,23.466315825947166,27.138662763915633,8.733684174052836,5.06133723608437
2024-09-05,10,10,52.17993370000001,25.800000000000267,36.15088422656441,21.17467439719937,10.35088422656414,4.6253256028008956
2024-09-11,5,5,90.02035916,39.39999999999833,43.489613125201245,46.22888404736945,4.089613125202916,6.828884047371119
2024-09-16,1,1,27.440100199999996,20.700000000000163,3.3483907037203986,26.570050791630027,17.351609296279765,5.870050791629865
2024-09-17,3,3,67.66560059999999,22.500000000000853,21.58769046926419,33.445056523377,0.912309530736664,10.945056523376145
2024-09-18,1,1,47.587273,81.99999999999986,9.747173079346002,31.923246548271948,72.25282692065386,50.07675345172791
2024-09-19,1,1,15.687,32.90000000000015,0.3844174260000005,23.44719843201621,32.51558257400015,9.452801567983936
2024-09-19,4,4,48.08075257499999,30.29999999999866,17.402377708018598,30.813070963202343,12.897622291980063,0.5130709632036812
2024-09-19,3,3,35.011945985808744,29.399999999999427,7.978507105640788,26.932431633257423,21.42149289435864,2.467568366742004
2024-09-23,1,1,31.8460539,27.800000000000047,4.7477304107478,27.740732796739984,23.052269589252248,0.059267203260063184
2024-09-23,3,3,29.4325,20.500000000001073,5.6531409441666645,25.81963616734152,14.846859055834408,5.319636167340448
2024-09-25,4,4,37.71261787499999,42.899999999999054,12.508811668132996,28.768532391581438,30.391188331866058,14.131467608417616
2024-09-26,1,1,17.3675,22.100000000000453,0.1493127349999999,23.893714951149693,21.950687265000454,1.7937149511492407
2024-09-26,11,11,42.66661245454545,36.000000000000476,29.559941107858542,32.072708714334446,6.440058892141934,3.92729128566603
2024-09-26,3,3,37.20663029999999,24.600000000001288,8.893193734442095,27.370151571789055,15.706806265559193,2.7701515717877676
2024-10-01,1,1,34.504103846153846,37.499999999999204,5.5919323897461535,28.446988797715616,31.90806761025305,9.053011202283589
2024-10-01,3,3,15.768782,23.299999999999432,0.041536906992668494,23.094468923742966,23.258463093006764,0.2055310762564666
2024-10-02,1,1,32.44424138888889,25.999999999999357,4.93771595359389,27.899673942427494,21.062284046405466,1.8996739424281373
2024-10-04,8,8,83.00290956250001,72.09999999999938,57.505411779814764,42.90113287978719,14.594588220184619,29.198867120212192
2024-10-10,7,7,78.75430894285714,24.199999999998667,48.89137865063779,44.556555568464034,24.691378650639123,20.356555568465367
2024-10-16,2,2,57.8955707,25.800000000000267,12.9968099157162,30.706872868273088,12.803190084284067,4.906872868272821
2024-10-17,7,7,67.8379238142857,54.799999999999294,41.931044188325096,40.15114327658392,12.868955811674198,14.64885672341537
2024-10-25,5,5,22.539375,23.599999999999177,7.914380566874999,23.124292505834617,15.685619433124177,0.4757074941645598
2024-10-29,4,4,43.99676195,34.50000000000175,15.474810367510267,30.007730697035598,19.025189632491482,4.49226930296615
2024-10-29,2,2,24.383846,24.000000000001798,0.8801096628359992,23.95530444044301,23.1198903371658,0.0446955595587859
2024-10-31,9,9,34.49678774160095,22.000000000002018,23.899788508834035,20.02753094030903,1.8997885088320174,1.9724690596929868
2024-10-31,1,1,25.658950675531912,31.200000000000117,2.782694052450286,26.096791234520985,28.41730594754983,5.103208765479131
2024-10-31,1,1,19.643125,25.100000000000122,0.8720557862500001,24.498358898696928,24.22794421375012,0.6016411013031941
2024-11-01,8,8,83.00290956250001,42.00000000000203,57.505411779814764,42.90113287978719,15.505411779812732,0.901132879785159
2024-11-01,6,6,34.23013475815196,23.000000000001908,17.29009638269851,27.32011371032961,5.709903617303397,4.320113710327703
2024-11-06,1,1,20.965549999999997,55.800000000001404,1.292060611099999,24.849733256218553,54.507939388901406,30.95026674378285
2024-11-06,4,4,13.684091,31.30000000000077,1.1677955156346662,24.030240361563045,30.132204484366106,7.269759638437726
2024-11-06,2,2,14.681368,54.00000000000071,2.6279764977120004,22.00055741614211,51.37202350228871,31.9994425838586
2024-11-07,3,4,29.458386599999997,21.899999999999142,5.663929797366198,25.824799133553807,16.236070202632945,3.9247991335546644
2024-11-07,2,2,25.8025852,20.400000000000418,1.3930775204231993,24.241136186668978,19.00692247957722,3.8411361866685603
2024-11-07,4,4,44.1121917,34.899999999999935,15.529291054821599,30.0304928025653,19.370708945178336,4.869507197434636
2024-11-07,2,2,39.24271875,33.90000000000004,6.252572847562499,26.948904353014644,27.647427152437544,6.951095646985397
2024-11-07,1,1,47.587273,32.00000000000092,9.747173079346002,31.923246548271948,22.252826920654915,0.07675345172896897
2024-11-07,1,1,24.4638566,27.69999999999939,2.4031297838732,25.779249284718215,25.29687021612619,1.9207507152811765
2024-11-13,5,5,47.3791364,72.20000000000005,21.009629539579603,31.62909646327861,51.19037046042044,40.57090353672143
2024-11-15,2,2,25.21712775,23.199999999998777,1.181396012056499,24.123184751144745,22.018603987942278,0.9231847511459677
2024-11-15,5,5,61.547412879999996,61.500000000000995,28.47898904879432,36.48012590502134,33.02101095120668,25.019874094979656
2024-11-15,3,3,21.219524,25.800000000000267,2.230188822401332,24.18159495720669,23.569811177598936,1.6184050427935759
2024-11-15,2,2,36.2016006,24.299999999999322,5.153007922539599,26.33621379558592,19.14699207745972,2.0362137955865975
2024-11-18,1,1,41.7154044,33.499999999999645,7.8822558682488,30.36306426437954,25.617744131750847,3.1369357356201064
2024-11-19,1,1,29.8053,48.2999999999989,4.099582890599999,27.198495172321017,44.200417109398906,21.101504827677886
2024-11-21,3,3,52.05787010000001,24.200000000000887,15.082799400434036,30.33216470977882,9.117200599566852,6.132164709777932
2024-11-21,4,4,37.6568695,70.60000000000066,12.482499475769334,28.757539121693394,58.11750052423133,41.842460878307264
2024-11-22,2,2,11.98,36.79999999999906,3.604699320000001,21.456315928602365,33.19530067999906,15.343684071396694
2024-11-22,6,6,45.476685776410896,111.90000000000033,23.840050207229115,27.12768283390923,88.05994979277122,84.7723171660911
2024-11-25,3,3,16.321372999999998,31.90000000000026,0.1887684702443305,23.204680719120137,31.71123152975593,8.695319280880124
2024-11-25,1,1,31.8460539,34.699999999998624,4.7477304107478,27.740732796739984,29.952269589250825,6.959267203258641
2024-11-25,1,1,20.517578125000007,46.90000000000083,1.1497838476562516,24.730705084665626,45.75021615234458,22.169294915335204
2024-11-27,14,14,50.26282121428571,44.39999999999999,34.82268569111171,30.975637919972055,9.577314308888283,13.424362080027937
2024-11-27,11,11,46.30473521818181,42.9999999999997,32.080476215978976,29.16342176856317,10.919523784020726,13.836578231436533
2024-11-28,4,4,32.456516683973724,24.399999999999977,10.028030019857496,27.7320584324424,14.371969980142481,3.332058432442423
2024-12-03,2,2,24.084500000000006,27.700000000001612,0.771876327000001,23.89499554793778,26.92812367300161,3.8050044520638338
2024-12-04,1,1,20.137805,32.399999999999096,1.0291671436099994,24.629797632219656,31.370832856389097,7.77020236777944
2024-12-06,8,8,76.7702766546475,42.9999999999997,53.18736890965965,40.68503155827267,10.187368909659945,2.314968441727032
2024-12-06,3,3,30.913528326230324,34.899999999999935,6.270394550126873,26.115020621374057,28.62960544987306,8.784979378625877
2024-12-10,4,4,11.917421,30.000000000001137,0.33396025347466607,23.68186285077265,29.666039746526472,6.3181371492284875
2024-12-10,2,2,34.6864,20.500000000001073,4.605162902399997,26.03094808263414,15.894837097601076,5.530948082633067
2024-12-12,9,9,66.71883228888889,39.799999999998725,46.22360763572969,30.600527897134373,6.423607635730967,9.199472102864352
2024-12-12,1,1,26.287123161764704,33.99999999999848,2.9822028904227924,26.263699530842374,31.01779710957569,7.736300469156106
2024-12-13,2,2,57.8955707,32.7999999999995,12.9968099157162,30.706872868273088,19.8031900842833,2.093127131726412
2024-12-16,1,1,56.6147218,27.500000000000302,12.614308873123598,34.321880892117065,14.885691126876704,6.821880892116763
2024-12-16,2,2,29.4325,25.800000000000267,2.7055312949999992,24.972450924385033,23.094468705000267,0.8275490756152344
2024-12-18,3,3,37.48958146666667,21.499999999998742,9.011120329661379,27.426584912329165,12.488879670337363,5.926584912330423
2024-12-18,1,1,47.587273,143.50000000000085,9.747173079346002,31.923246548271948,133.75282692065485,111.5767534517289
2024-12-19,1,1,17.656958333333332,25.0999999999979,0.24124528058333247,23.970625351289044,24.85875471941457,1.1293746487088576
2024-12-19,3,3,37.697026,45.199999999998575,9.097577748448664,27.46795879366246,36.10242225154991,17.732041206336113
2024-12-30,2,2,38.5607717,33.499999999999645,6.006003980482197,26.811513269343205,27.493996019517446,6.6884867306564395
2024-12-31,2,2,32.041712526829265,40.599999999999525,3.6489338314755493,25.49812595529859,36.95106616852398,15.101874044700935
2025-01-02,2,2,19.665642857142853,49.20000000000036,0.8258321747142882,23.00473350861022,48.37416782528607,26.19526649139014
2025-01-02,2,2,29.806104973473477,36.49999999999931,2.8406141508389102,25.047720686415033,33.6593858491604,11.452279313584278
2025-01-02,2,2,53.8961828,79.79999999999876,11.5507672302648,29.901120812298313,68.24923276973396,49.898879187700445
2025-01-02,3,3,37.48958146666667,50.09999999999959,9.011120329661379,27.426584912329165,41.08887967033821,22.673415087670424
2025-01-03,4,4,30.72930684669385,29.399999999999427,9.212819217911694,27.39146224655355,20.187180782087733,2.008537753445875
2025-01-06,1,1,38.217549999999996,49.89999999999828,6.7713303150999975,29.433668387483536,43.128669684898284,20.466331612514743
2025-01-06,3,3,36.45719999999999,58.89999999999951,8.580850920399996,27.220681061279382,50.31914907959951,31.679318938720126
2025-01-06,3,3,58.043146439433016,21.399999999998087,17.577304966432774,31.525901218693033,3.8226950335653136,10.125901218694946
2025-01-08,3,3,24.573016666666664,33.199999999999896,3.6278362572277754,24.85043402186303,29.57216374277212,8.349565978136866
2025-01-08,6,6,26.337487551168508,46.299999999999116,12.69344495817537,27.455158580250263,33.606555041823746,18.844841419748853
2025-01-14,1,1,16.495946,20.500000000001073,0.12749455850800043,23.66213907592395,20.37250544149307,3.1621390759228767
2025-01-14,4,5,66.79459215,35.100000000001245,26.234960662413197,34.50333617881662,8.865039337588048,0.5966638211846274
2025-01-14,1,1,17.98848720417423,29.799999999999827,0.3465395130201436,24.05871408523735,29.453460486979683,5.741285914762475
2025-01-15,1,1,12.102187,20.900000000001473,1.5229612044260004,22.49469725825575,19.377038795575473,1.5946972582542784
2025-01-15,5,6,90.02035916,52.09999999999937,43.489613125201245,46.22888404736945,8.610386874798124,5.871115952629921
2025-01-15,3,3,37.48958146666667,68.09999999999982,9.011120329661379,27.426584912329165,59.08887967033844,40.67341508767066
2025-01-17,2,2,29.073770143358253,44.599999999999085,2.575826775653469,24.900178034943973,42.02417322434562,19.69982196505511
2025-01-17,3,3,40.317095599999995,56.400000000000894,10.189553762562529,27.990519918670188,46.21044623743836,28.409480081330706
2025-01-23,2,2,23.251942622950818,34.000000000000696,0.4708518864098351,23.7272611758169,33.529148113590864,10.272738824183797
2025-01-24,8,8,37.339870218127196,28.799999999999937,25.86951016556114,26.664989450268056,2.930489834438795,2.1350105497318808
2025-01-27,3,3,16.321372999999998,21.200000000001218,0.1887684702443305,23.204680719120137,21.011231529756888,2.0046807191189195
2025-01-29,1,1,23.446124999999995,23.999999999999577,2.079896192249998,25.508833354076053,21.92010380774958,1.5088333540764758
2025-01-29,2,2,16.686,29.600000000000737,1.9031697240000007,22.404428307353445,27.696830276000735,7.195571692647292
2025-01-29,2,2,49.1747151,23.900000000001143,9.8436450398466,28.949892173912552,14.056354960154543,5.0498921739114095
2025-01-29,3,3,37.48958146666667,21.400000000000308,9.011120329661379,27.426584912329165,12.388879670338929,6.0265849123288575
2025-01-29,1,1,47.587273,32.90000000000015,9.747173079346002,31.923246548271948,23.152826920654146,0.9767534517282002
2025-01-30,1,1,21.725263,21.999999999999797,1.5333469793260006,25.051592467346467,20.466653020673796,3.0515924673466692
2025-01-30,2,2,32.1024,25.999999999999357,3.6708763584,25.510352590349232,22.329123641599356,0.4896474096501251
2025-01-30,7,7,62.94081821428571,51.40000000000144,38.808628436974175,38.17486917569956,12.591371563027266,13.225130824301878
2025-01-30,2,2,20.430194,22.999999999999687,0.5493964761960012,23.15876674335972,22.450603523803686,0.15876674336003305
2025-02-04,3,3,43.96469349146451,26.699999999999502,11.709776510313796,28.718016950710684,14.990223489685706,2.018016950711182
2025-02-05,2,2,27.894599200000002,26.699999999999502,2.1494786543472,24.662611828386055,24.550521345652303,2.037388171613447
2025-02-05,2,2,32.122063612173925,29.29999999999877,3.6779860519992766,25.51431419555813,25.622013947999495,3.785685804440643
2025-02-07,3,4,29.458386599999997,23.800000000000487,5.663929797366198,25.824799133553807,18.13607020263429,2.0247991335533193
2025-02-07,7,7,84.37246807142857,37.8999999999996,52.47354125637117,46.8238177611443,14.57354125637157,8.923817761144697
2025-02-07,4,4,36.615916191294474,63.59999999999921,11.991188945188755,28.55226891133387,51.60881105481046,35.047731088665344
2025-02-13,2,2,26.6665,30.599999999998406,1.7054397389999987,24.415188102535165,28.894560260998407,6.184811897463241
2025-02-13,6,7,61.39278923333334,52.200000000000024,33.10953580686255,26.855354923562256,19.09046419313747,25.344645076437768
2025-02-13,1,1,23.272832880434784,20.299999999999763,2.024858268491848,25.46278884707128,18.275141731507915,5.162788847071518
2025-02-14,4,4,62.780585649999985,31.599999999998296,24.340424522534526,33.7117963933635,7.25957547746377,2.1117963933652035
2025-02-19,1,1,28.61405761589404,21.499999999998742,3.7212419269231782,26.88197663450771,17.778758073075565,5.381976634508966
2025-02-20,3,3,36.519755599999996,22.599999999999287,8.606922447182528,27.233157495001418,13.993077552816759,4.633157495002131
2025-02-20,3,3,19.73135866666667,23.599999999999177,1.6099606998217764,23.884787059132467,21.9900393001774,0.28478705913328994
2025-02-25,2,2,11.98,20.700000000000163,3.604699320000001,21.456315928602365,17.09530068000016,0.7563159286022021
2025-02-26,4,4,37.71261787499999,33.60000000000029,12.508811668132996,28.768532391581438,21.091188331867297,4.831467608418855
2025-03-03,1,1,17.2775,47.80000000000007,0.12072855499999945,23.869801540425495,47.67927144500007,23.930198459574573
2025-03-03,2,2,18.616243206521748,30.700000000001282,1.2052594087907589,22.79331217435375,29.494740591210522,7.906687825647531
2025-03-03,4,4,36.90174571125689,22.300000000001763,12.126095143126644,28.608632904991385,10.173904856875119,6.308632904989622
2025-03-04,1,1,24.603824,34.70000000000084,2.4475837100479994,25.816439261653752,32.25241628995284,8.88356073834709
2025-03-04,1,1,18.340402240112997,25.000000000001688,0.4583084322643678,24.15221951628651,24.54169156773732,0.8477804837151766
2025-03-06,7,7,29.01871014285714,38.800000000001056,17.17974533482967,24.485275953743173,21.620254665171387,14.314724046257883
2025-03-06,2,2,20.654062500000002,30.799999999999716,0.46845323812499984,23.20386927120979,30.331546761874716,7.596130728789927
2025-03-07,1,1,20.965549999999997,31.70000000000117,1.292060611099999,24.849733256218553,30.407939388901173,6.850266743782619
2025-03-07,7,7,84.37246807142856,29.200000000000337,52.473541256371156,46.82381776114429,23.27354125637082,17.623817761143954
2025-03-10,2,2,18.061289107142855,32.399999999999096,1.4059119426867868,22.681506213610067,30.99408805731231,9.718493786389029
2025-03-10,1,1,24.184164085714286,35.400000000000986,2.314298881951029,25.70493370726713,33.085701118049954,9.695066292733856
2025-03-12,5,5,90.02035916,38.200000000001566,43.489613125201245,46.22888404736945,5.289613125199679,8.028884047367882
2025-03-12,3,3,37.48958146666667,35.60000000000008,9.011120329661379,27.426584912329165,26.5888796703387,8.173415087670914
2025-03-12,1,1,14.189375,27.200000000000557,0.8600661212500003,23.049272634951482,26.339933878750557,4.150727365049075
2025-03-13,2,2,26.6665,35.199999999999676,1.7054397389999987,24.415188102535165,33.49456026099968,10.784811897464511
2025-03-13,6,6,61.39278923333334,40.40000000000043,33.10953580686255,26.855354923562256,7.290464193137879,13.544645076438176
2025-03-18,3,4,38.10125136907909,36.19999999999956,9.266048237679442,27.548579729695085,26.93395176232012,8.651420270304477
2025-03-18,5,5,49.43253636,23.000000000001908,22.092159411092037,32.33215330125707,0.9078405889098704,9.332153301255165
2025-03-19,3,3,37.48958146666667,22.500000000000853,9.011120329661379,27.426584912329165,13.488879670339474,4.9265849123283125
2025-03-19,1,1,47.587273,43.50000000000076,9.747173079346002,31.923246548271948,33.752826920654755,11.576753451728813
2025-03-21,1,1,26.214692307692307,26.999999999999247,2.959198706307692,26.24445432236973,24.040801293691555,0.7555456776295166
2025-03-24,2,2,29.4325,31.399999999999206,2.7055312949999992,24.972450924385033,28.694468704999206,6.4275490756141735
2025-03-25,3,3,16.321372999999998,34.000000000000696,0.1887684702443305,23.204680719120137,33.81123152975636,10.795319280880559
2025-03-25,3,3,38.8188088,23.400000000000087,9.565107279208263,27.691693339486097,13.834892720791824,4.2916933394860095
2025-03-27,2,2,38.8173686,40.10000000000069,6.0987806952276,26.863209550099512,34.00121930477309,13.236790449901179
2025-03-28,6,6,53.293633266666674,60.89999999999929,28.39261436906245,26.993933202218596,32.50738563093684,33.906066797780696
2025-03-28,5,5,22.539375,33.40000000000121,7.914380566874999,23.124292505834617,25.485619433126207,10.27570749416659
2025-03-31,1,1,19.673047692477873,28.999999999999027,0.8815592932263574,24.506309494643563,28.11844070677267,4.493690505355463
2025-03-31,6,6,14.582857000000002,23.400000000000087,5.847587307276668,27.65628280538265,17.55241269272342,4.256282805382561
2025-04-02,1,1,38.2618295,27.000000000001467,6.7853935728589985,29.445433652707564,20.21460642714247,2.4454336527060967
2025-04-02,1,1,23.92231247641509,42.50000000000087,2.231134287134385,25.635358539689754,40.26886571286648,16.864641460311113
2025-04-02,5,5,41.45571619999999,50.799999999999734,17.886867567761797,29.600996162823883,32.91313243223794,21.19900383717585
2025-04-03,2,2,33.28039999999999,46.69999999999952,4.0968011063999965,25.74768288830264,42.603198893599526,20.95231711169688
2025-04-03,1,1,27.894599200000002,137.20000000000175,3.4927404951184,26.690813250082662,133.70725950488335,110.50918674991908
2025-04-03,3,3,23.371121,48.799999999999955,3.1269177932803305,24.610721324263217,45.67308220671963,24.189278675736738
2025-04-03,4,4,28.7459135,60.19999999999914,8.276694581614668,27.00034809561454,51.92330541838447,33.1996519043846
2025-04-04,1,1,12.692647,26.399999999999757,1.3354299275060002,22.651585174880303,25.06457007249376,3.748414825119454
2025-04-07,1,1,24.4638566,32.099999999999355,2.4031297838732,25.779249284718215,29.696870216126154,6.3207507152811395
2025-04-08,1,1,16.495946,25.199999999998557,0.12749455850800043,23.66213907592395,25.072505441490556,1.5378609240746073
2025-04-09,4,4,38.4080611,26.100000000000012,12.837047888726133,28.905669932617137,13.26295211127388,2.805669932617125
2025-04-10,1,1,26.959812499999998,77.0000000000004,3.1958503696249987,26.442436157898026,73.8041496303754,50.55756384210237
2025-04-11,4,4,11.917421,83.99999999999963,0.33396025347466607,23.68186285077265,83.66603974652496,60.318137149226985
2025-04-11,1,1,17.6342863125,187.19999999999848,0.23404460142262423,23.964601291887544,186.96595539857586,163.23539870811095
2025-04-11,4,4,66.79459215,64.50000000000067,26.234960662413197,34.50333617881662,38.26503933758747,29.99666382118405
2025-04-11,3,3,43.861641320242896,49.099999999999696,11.666827079055803,28.69746365757371,37.43317292094389,20.402536342425986
2025-04-14,1,1,27.440100199999996,25.300000000001432,3.3483907037203986,26.570050791630027,21.951609296281035,1.270050791628595
2025-04-15,1,1,22.9941553,29.799999999999827,1.936349711590599,25.388742942176144,27.86365028840923,4.411257057823683
2025-04-15,3,3,57.46862106666667,49.600000000000755,17.33785792023191,31.411314711090995,32.26214207976884,18.18868528890976
2025-04-17,2,2,26.7494293,27.800000000000047,1.7354241542837987,24.43189577272028,26.06457584571625,3.3681042272797654
2025-04-17,7,7,59.00146217142856,40.99999999999993,36.2968779535056,36.58510412720625,4.703122046494329,4.414895872793679
2025-04-17,1,1,37.321937500000004,39.199999999999235,6.486881993875001,29.195700059014378,32.71311800612423,10.004299940984858
2025-04-21,1,1,34.7009293,37.400000000000766,5.654444547538599,28.49928621903561,31.745555452462167,8.900713780965155
2025-04-23,4,4,34.254409349999996,82.89999999999908,10.876601797558799,28.08659287954261,72.02339820244029,54.813407120456475
2025-04-23,6,6,43.78232858333333,25.399999999999867,22.85326222583805,27.156673645323654,2.546737774161816,1.7566736453237866
2025-04-24,6,6,56.064456150000005,20.000000000000018,30.0063323802395,26.946523834228366,10.006332380239481,6.946523834228348
2025-04-24,3,3,39.188749566666665,33.30000000000055,9.719288848981408,27.765476365408595,23.580711151019145,5.534523634591956
2025-04-29,1,1,28.723173076923075,25.299999999999212,3.7558972155769217,26.91096911046268,21.54410278442229,1.6109691104634685
2025-04-29,2,2,16.686,25.500000000000522,1.9031697240000007,22.404428307353445,23.59683027600052,3.095571692647077
2025-04-29,4,4,43.99676195,31.799999999999606,15.474810367510267,30.007730697035598,16.32518963248934,1.7922693029640087
2025-04-30,1,1,21.725263,27.900000000000702,1.5333469793260006,25.051592467346467,26.3666530206747,2.8484075326542353
2025-04-30,9,9,43.033900744444445,26.89999999999859,29.814402842560042,22.82880786321415,2.9144028425614508,4.071192136784443
2025-04-30,11,11,46.30473521818182,39.09999999999858,32.08047621597898,29.163421768563165,7.019523784019597,9.936578231435416
2025-05-02,3,3,27.684987373952662,21.899999999999142,4.92482369946262,25.471102615472322,16.97517630053652,3.5711026154731798
2025-05-02,7,7,84.37246807142856,44.500000000000654,52.473541256371156,46.82381776114429,7.973541256370503,2.323817761143637
2025-05-02,3,3,34.22390764320988,52.200000000000024,7.650073476121937,26.775260921892468,44.549926523878085,25.424739078107557
2025-05-02,1,1,12.692647,27.399999999999647,1.3354299275060002,22.651585174880303,26.064570072493648,4.748414825119344
2025-05-05,3,3,31.780176333333333,42.40000000000022,6.631590617756553,26.287869677588994,35.76840938224367,16.112130322411225
2025-05-06,2,2,14.681368000000004,21.999999999999797,2.627976497711999,22.00055741614211,19.3720235022878,0.0005574161423140822
2025-05-06,1,1,16.861591,37.00000000000037,0.011364975218000067,23.759292621082274,36.98863502478237,13.240707378918096
2025-05-06,1,1,17.290286,23.400000000000087,0.12478941417199889,23.87319883897571,23.275210585828088,0.4731988389756232
2025-05-07,1,1,47.587273,50.39999999999934,9.747173079346002,31.923246548271948,40.65282692065334,18.47675345172739
2025-05-07,1,1,14.197168857894736,41.999999999999815,0.8575907763949163,23.05134349856218,41.1424092236049,18.948656501437636
2025-05-08,3,4,29.458386599999997,33.60000000000029,5.663929797366198,25.824799133553807,27.936070202634095,7.775200866446486
2025-05-08,2,2,32.099003403465346,73.00000000000084,3.669648264577351,25.50966828197266,69.33035173542349,47.49033171802817
2025-05-14,4,4,11.917421,30.09999999999957,0.33396025347466607,23.68186285077265,29.766039746524907,6.418137149226922
2025-05-15,2,2,25.21712775,20.199999999999108,1.181396012056499,24.123184751144745,19.01860398794261,3.9231847511456373
2025-05-15,10,10,61.52979018999999,29.69999999999917,42.62857700111428,18.662949058790616,12.928577001115109,11.037050941208555
2025-05-15,3,3,21.219524,45.600000000001195,2.230188822401332,24.18159495720669,43.369811177599864,21.418405042794504
2025-05-20,2,2,26.7494293,23.300000000001653,1.7354241542837987,24.43189577272028,21.564575845717854,1.1318957727186287
2025-05-20,1,1,29.8053,28.600000000000847,4.099582890599999,27.198495172321017,24.50041710940085,1.4015048276798296
2025-05-20,1,1,19.756000000000004,24.100000000000232,0.9079051120000009,24.528350301313527,23.19209488800023,0.4283503013132943
2025-05-23,2,2,11.98,21.799999999998487,3.604699320000001,21.456315928602365,18.195300679998486,0.34368407139612245
2025-05-23,4,4,33.47115088521789,49.79999999999984,10.50691842300632,27.932138661003616,39.29308157699352,21.867861338996224
2025-05-23,1,1,22.59465833236995,44.800000000000395,1.8094686756773604,25.282594774731603,42.99053132432304,19.517405225268792
2025-05-27,1,1,17.3675,41.59999999999941,0.1493127349999999,23.893714951149693,41.45068726499941,17.70628504884972
2025-05-27,4,4,49.683529400000005,28.799999999999937,18.15885845091787,31.129129650249748,10.641141549082068,2.3291296502498113
2025-05-27,1,1,26.938055307471267,35.09999999999902,3.188940241763489,26.436655172551973,31.91105975823553,8.663344827447048
2025-08-01,7,7,84.37246807142856,188.4000000000019,52.473541256371156,46.82381776114429,135.92645874363075,141.57618223885763
2025-08-01,9,9,34.50530149772185,26.200000000000667,23.905686941239672,20.030324553154593,2.294313058760995,6.169675446846075
2025-09-02,2,2,19.57116477272726,21.199999999998997,0.8599922377840961,22.98569911818202,20.340007762214903,1.7856991181830217
2025-09-02,5,5,30.419195228559296,27.799999999997826,12.068535113348947,25.822238157752125,15.73146488664888,1.9777618422457017
2025-09-03,2,2,38.46907050685327,31.200000000000117,5.972847946880908,26.793038335988204,25.22715205311921,4.406961664011913
2025-09-05,7,7,72.18547764466194,59.899999999999395,44.70306334997292,41.90564047124788,15.196936650026473,17.994359528751517
2025-09-05,1,1,12.692647,24.399999999999977,1.3354299275060002,22.651585174880303,23.06457007249398,1.7484148251196743
2025-09-08,2,2,26.200825045454547,21.600000000001618,1.5370675083848173,24.321369107873267,20.0629324916168,2.7213691078716487
2025-09-09,1,1,16.495946,27.599999999998737,0.12749455850800043,23.66213907592395,27.472505441490735,3.937860924074787
2025-09-11,9,9,81.62675753333332,60.7000000000002,56.55199714018373,35.49225498821858,4.148002859816472,25.20774501178162
2025-09-15,2,2,25.21712775,25.499999999998302,1.181396012056499,24.123184751144745,24.318603987941803,1.376815248853557
2025-09-15,1,1,23.034484435897447,25.500000000000522,1.9491583258099006,25.399458577630227,23.55084167419062,0.10054142237029495
2025-09-17,2,2,23.04063014507301,24.899999999998812,0.3944484790334676,23.684688295226053,24.505551520965344,1.215311704772759
2025-09-17,1,1,47.587273,64.60000000000133,9.747173079346002,31.923246548271948,54.85282692065533,32.67675345172938
2025-09-18,3,3,52.05787010000001,68.89999999999841,15.082799400434036,30.33216470977882,53.81720059956438,38.56783529021959
2025-09-24,3,3,16.49810802228232,26.200000000000667,0.2624269735093494,23.239929726273274,25.937573026491318,2.9600702737273927
2025-09-26,6,6,53.29363326666666,20.000000000000018,28.392614369062436,26.993933202218596,8.392614369062418,6.993933202218578
2025-09-26,3,3,25.641981621858488,20.599999999999508,4.07335270114124,25.063634285542616,16.52664729885827,4.463634285543108
2025-09-30,1,1,21.725263,24.399999999999977,1.5333469793260006,25.051592467346467,22.866653020673976,0.6515924673464895
2025-09-30,4,4,36.286199999999994,25.899999999998702,11.835569057599997,28.487250709864178,14.064430942398705,2.587250709865476
2025-09-30,2,2,38.8188088,20.700000000000163,6.0993014225807975,26.863499705528298,14.600698577419365,6.163499705528135
2025-09-30,3,3,25.07736778779069,21.899999999999142,3.8380365232660782,24.95102458985919,18.061963476733062,3.0510245898600488
2025-11-19,1,1,16.861591,36.70000000000062,0.011364975218000067,23.759292621082274,36.68863502478262,12.940707378918347
2025-11-19,3,3,37.48958146666667,21.500000000000963,9.011120329661379,27.426584912329165,12.488879670339584,5.926584912328202
