movement_id,movement_datetime,baseline_price,direction,num_events,phase1_time,phase1_price,phase1_pips,phase1_minutes_from_start,pullback_time,pullback_price,pullback_pips,pullback_ratio,pullback_minutes_from_phase1,phase2_time,phase2_price,phase2_pips,phase2_minutes_from_pullback,impact_pips,event_time,event_title,country,importance_n,empirical_score
8,2023-01-03 14:00:00+01:00,1.05353,UP,4,2023-01-03 14:45:00+01:00,1.05701,34.79999999999927,45.0,2023-01-03 15:02:00+01:00,1.05556,14.499999999999513,0.4166666666666614,17.0,2023-01-03 15:44:00+01:00,1.05976,41.999999999999815,42.0,62.29999999999958,2023-01-03 13:00:00+01:00,Inflation Rate,DE,2.0,
14,2023-01-04 08:00:00+01:00,1.05712,UP,1,2023-01-04 08:44:00+01:00,1.06062,34.999999999998366,44.0,2023-01-04 08:51:00+01:00,1.05884,17.799999999998928,0.5085714285714217,7.0,2023-01-04 09:31:00+01:00,1.06358,47.399999999999665,40.0,64.5999999999991,2023-01-04 07:00:00+01:00,Import Prices,DE,2.0,
16,2023-01-04 09:00:00+01:00,1.05918,UP,7,2023-01-04 09:31:00+01:00,1.06358,43.999999999999595,31.0,2023-01-04 10:01:00+01:00,1.06083,27.500000000000302,0.6250000000000127,30.0,2023-01-04 10:33:00+01:00,1.06303,21.999999999999797,32.0,38.49999999999909,2023-01-04 07:45:00+01:00,Consumer Confidence,FR,2.0,
20,2023-01-05 14:00:00+01:00,1.05997,DOWN,5,2023-01-05 15:00:00+01:00,1.05496,50.10000000000181,60.0,2023-01-05 15:15:00+01:00,1.05624,12.800000000001699,0.2554890219561125,15.0,2023-01-05 15:56:00+01:00,1.05358,26.600000000001067,41.0,63.90000000000118,2023-01-05 13:30:00+01:00,Imports,US,2.0,22.403684210525945
21,2023-01-05 14:30:00+01:00,1.05768,DOWN,6,2023-01-05 15:02:00+01:00,1.05472,29.599999999998516,32.0,2023-01-05 15:15:00+01:00,1.05624,15.199999999999658,0.5135135135135277,13.0,2023-01-05 16:10:00+01:00,1.05274,35.00000000000058,55.0,49.399999999999444,2023-01-05 13:30:00+01:00,Initial Jobless Claims,US,2.0,28.529585798816623
22,2023-01-05 15:30:00+01:00,1.05551,DOWN,7,2023-01-05 16:26:00+01:00,1.05242,30.90000000000037,56.0,2023-01-05 16:39:00+01:00,1.05332,9.00000000000123,0.2912621359223664,13.0,2023-01-05 16:57:00+01:00,1.05153,17.899999999999583,18.0,39.799999999998725,2023-01-05 14:00:00+01:00,New Car Registrations,DE,2.0,
30,2023-01-06 16:30:00+01:00,1.05874,UP,8,2023-01-06 17:25:00+01:00,1.06146,27.200000000000557,55.0,2023-01-06 17:29:00+01:00,1.06033,11.300000000000754,0.41544117647060747,4.0,2023-01-06 18:04:00+01:00,1.06241,20.800000000000818,35.0,36.70000000000062,2023-01-06 15:00:00+01:00,Retail Sales,FR,2.0,
31,2023-01-06 17:00:00+01:00,1.06015,UP,1,2023-01-06 17:58:00+01:00,1.06227,21.200000000001218,58.0,2023-01-06 18:15:00+01:00,1.06167,6.00000000000156,0.28301886792458564,17.0,2023-01-06 19:00:00+01:00,1.06387,22.000000000002018,45.0,37.20000000000168,2023-01-06 16:15:00+01:00,ECB Lane Speech,EU,2.0,15.80591397849463
37,2023-01-10 14:30:00+01:00,1.07178,UP,2,2023-01-10 15:30:00+01:00,1.07513,33.499999999999645,60.0,2023-01-10 15:52:00+01:00,1.07323,19.000000000000128,0.5671641791044875,22.0,2023-01-10 16:12:00+01:00,1.07534,21.100000000000563,20.0,35.60000000000008,2023-01-10 13:55:00+01:00,Redbook,US,2.0,17.65177215189813
39,2023-01-11 16:01:00+01:00,1.07735,DOWN,4,2023-01-11 17:01:00+01:00,1.07513,22.200000000001108,60.0,2023-01-11 17:12:00+01:00,1.07619,10.600000000000609,0.4774774774774811,11.0,2023-01-11 17:59:00+01:00,1.07379,23.999999999999577,47.0,35.60000000000008,2023-01-11 15:10:00+01:00,12-Month BOT Auction,IT,2.0,7.753846153846278
48,2023-01-12 16:30:00+01:00,1.07899,UP,2,2023-01-12 17:22:00+01:00,1.08179,28.000000000001357,52.0,2023-01-12 17:33:00+01:00,1.08069,11.000000000001009,0.39285714285715984,11.0,2023-01-12 18:27:00+01:00,1.0836,29.09999999999968,54.0,46.10000000000003,2023-01-12 15:10:00+01:00,3-Year BTP Auction,IT,2.0,10.057142857143145
50,2023-01-12 17:30:00+01:00,1.08148,UP,3,2023-01-12 18:27:00+01:00,1.0836,21.199999999998997,57.0,2023-01-12 18:33:00+01:00,1.08272,8.799999999999919,0.4150943396226573,6.0,2023-01-12 19:04:00+01:00,1.08673,40.10000000000069,31.0,52.49999999999977,2023-01-12 16:30:00+01:00,4-Week Bill Auction,US,2.0,15.210559006211428
56,2023-01-13 15:00:00+01:00,1.07919,UP,3,2023-01-13 16:00:00+01:00,1.08279,35.99999999999825,60.0,2023-01-13 16:02:00+01:00,1.08141,13.799999999999368,0.3833333333333344,2.0,2023-01-13 16:48:00+01:00,1.08389,24.800000000000377,46.0,46.99999999999926,2023-01-13 13:30:00+01:00,Export Prices,US,2.0,26.557083333333196
57,2023-01-13 15:30:00+01:00,1.08039,UP,4,2023-01-13 16:13:00+01:00,1.0833,29.09999999999968,43.0,2023-01-13 16:33:00+01:00,1.08179,15.099999999999003,0.5189003436425831,20.0,2023-01-13 16:48:00+01:00,1.08389,20.999999999999908,15.0,35.00000000000058,2023-01-13 15:00:00+01:00,Industrial Production,EU,2.0,15.341805555554975
63,2023-01-17 12:30:00+01:00,1.08182,UP,5,2023-01-17 13:29:00+01:00,1.08446,26.399999999999757,59.0,2023-01-17 13:47:00+01:00,1.08348,9.799999999999809,0.3712121212121174,18.0,2023-01-17 13:59:00+01:00,1.08578,22.999999999999687,12.0,39.59999999999964,2023-01-17 12:00:00+01:00,Claimant Count Change,UK,2.0,7.316216216216136
65,2023-01-17 15:30:00+01:00,1.08631,DOWN,4,2023-01-17 16:23:00+01:00,1.08113,51.800000000001845,53.0,2023-01-17 16:29:00+01:00,1.08278,16.500000000001513,0.3185328185328364,6.0,2023-01-17 17:14:00+01:00,1.07929,34.899999999999935,45.0,70.20000000000026,2023-01-17 14:00:00+01:00,Harmonised Inflation Rate,IT,2.0,
66,2023-01-17 16:00:00+01:00,1.08384,DOWN,3,2023-01-17 16:45:00+01:00,1.07953,43.09999999999814,45.0,2023-01-17 16:56:00+01:00,1.08112,15.899999999999803,0.36890951276103223,11.0,2023-01-17 17:43:00+01:00,1.07864,24.800000000000377,47.0,51.999999999998714,2023-01-17 14:40:00+01:00,3-Month Letras Auction,ES,2.0,10.361111111111143
67,2023-01-17 16:30:00+01:00,1.08229,DOWN,2,2023-01-17 17:14:00+01:00,1.07929,29.999999999998916,44.0,2023-01-17 17:27:00+01:00,1.08079,14.999999999998348,0.499999999999963,13.0,2023-01-17 18:27:00+01:00,1.07819,25.999999999999357,60.0,40.99999999999993,2023-01-17 15:00:00+01:00,3-Year Treasury Gilt Auction,UK,2.0,4.649999999999695
70,2023-01-18 07:30:00+01:00,1.07858,UP,4,2023-01-18 08:26:00+01:00,1.08211,35.29999999999811,56.0,2023-01-18 08:34:00+01:00,1.08083,12.799999999999478,0.36260623229462224,8.0,2023-01-18 09:19:00+01:00,1.08518,43.50000000000076,45.0,65.99999999999939,2023-01-18 07:00:00+01:00,New Car Registrations,UK,2.0,
71,2023-01-18 08:00:00+01:00,1.07972,UP,4,2023-01-18 08:57:00+01:00,1.0837,39.80000000000095,57.0,2023-01-18 08:59:00+01:00,1.08254,11.600000000000499,0.2914572864321664,2.0,2023-01-18 09:19:00+01:00,1.08518,26.399999999999757,20.0,54.60000000000021,2023-01-18 07:00:00+01:00,Retail Price Index,UK,2.0,8.26388888888912
73,2023-01-18 09:00:00+01:00,1.08273,UP,0,2023-01-18 09:19:00+01:00,1.08518,24.500000000000632,19.0,2023-01-18 09:49:00+01:00,1.08376,14.199999999999768,0.5795918367346694,30.0,2023-01-18 10:48:00+01:00,1.0864,26.399999999999757,59.0,36.70000000000062,,,,,
75,2023-01-18 11:30:00+01:00,1.08542,DOWN,1,2023-01-18 12:30:00+01:00,1.08293,24.900000000001032,60.0,2023-01-18 12:42:00+01:00,1.08366,7.300000000001194,0.293172690763088,12.0,2023-01-18 12:59:00+01:00,1.08118,24.800000000000377,17.0,42.40000000000022,2023-01-18 10:00:00+01:00,Construction Output,EU,2.0,14.252765957447188
79,2023-01-18 14:00:00+01:00,1.08239,UP,7,2023-01-18 14:54:00+01:00,1.08683,44.39999999999999,54.0,2023-01-18 15:03:00+01:00,1.08527,15.600000000000058,0.35135135135135276,9.0,2023-01-18 15:25:00+01:00,1.08877,35.00000000000058,22.0,63.80000000000052,2023-01-18 13:30:00+01:00,Core PPI,US,2.0,31.631506849315187
80,2023-01-18 15:30:00+01:00,1.0883,DOWN,11,2023-01-18 16:19:00+01:00,1.08432,39.80000000000095,49.0,2023-01-18 16:30:00+01:00,1.08542,11.000000000001009,0.27638190954775743,11.0,2023-01-18 17:25:00+01:00,1.08156,38.599999999999746,55.0,67.39999999999968,2023-01-18 14:15:00+01:00,Manufacturing Production,US,2.0,22.098888888888784
81,2023-01-18 16:00:00+01:00,1.08607,DOWN,7,2023-01-18 16:55:00+01:00,1.08269,33.8000000000016,55.0,2023-01-18 17:14:00+01:00,1.0836,9.099999999999664,0.2692307692307465,19.0,2023-01-18 17:39:00+01:00,1.08139,22.099999999998232,25.0,46.800000000000175,2023-01-18 14:30:00+01:00,Fed Bullard Speech,US,2.0,13.710749999999797
82,2023-01-18 16:30:00+01:00,1.08466,DOWN,6,2023-01-18 17:25:00+01:00,1.08156,30.999999999998806,55.0,2023-01-18 17:27:00+01:00,1.08287,13.099999999999223,0.4225806451612815,2.0,2023-01-18 18:27:00+01:00,1.07887,40.000000000000036,60.0,57.89999999999962,2023-01-18 15:00:00+01:00,Inflation Rate,EU,2.0,16.149315068492626
88,2023-01-23 07:01:00+01:00,1.08916,UP,0,2023-01-23 07:52:00+01:00,1.09123,20.700000000000163,51.0,2023-01-23 08:00:00+01:00,1.08989,13.399999999998968,0.6473429951690272,8.0,2023-01-23 08:05:00+01:00,1.09272,28.29999999999888,5.0,35.60000000000008,,,,,
90,2023-01-24 09:00:00+01:00,1.08927,DOWN,8,2023-01-24 09:36:00+01:00,1.08668,25.899999999998702,36.0,2023-01-24 10:00:00+01:00,1.08833,16.499999999999293,0.6370656370656417,24.0,2023-01-24 10:55:00+01:00,1.08521,31.200000000000117,55.0,40.599999999999525,2023-01-24 07:45:00+01:00,Business Confidence,FR,2.0,
91,2023-01-24 14:30:00+01:00,1.08762,DOWN,1,2023-01-24 15:23:00+01:00,1.08558,20.400000000000418,53.0,2023-01-24 15:34:00+01:00,1.08695,13.700000000000934,0.6715686274510124,11.0,2023-01-24 16:08:00+01:00,1.08354,34.10000000000135,34.0,40.800000000000836,2023-01-24 13:55:00+01:00,Redbook,US,2.0,17.65177215189813
93,2023-01-25 08:00:00+01:00,1.0905,DOWN,4,2023-01-25 09:00:00+01:00,1.08786,26.399999999999757,60.0,2023-01-25 09:04:00+01:00,1.08914,12.799999999999478,0.48484848484846954,4.0,2023-01-25 09:50:00+01:00,1.08681,23.299999999999432,46.0,36.89999999999971,2023-01-25 07:00:00+01:00,PPI Output,UK,2.0,
94,2023-01-25 08:30:00+01:00,1.09035,DOWN,5,2023-01-25 09:00:00+01:00,1.08786,24.899999999998812,30.0,2023-01-25 09:04:00+01:00,1.08914,12.799999999999478,0.514056224899602,4.0,2023-01-25 09:50:00+01:00,1.08681,23.299999999999432,46.0,35.39999999999877,2023-01-25 07:00:00+01:00,PPI Output,UK,2.0,
96,2023-01-25 15:00:00+01:00,1.08697,UP,2,2023-01-25 15:53:00+01:00,1.09006,30.90000000000037,53.0,2023-01-25 15:56:00+01:00,1.0889,11.600000000000499,0.3754045307443482,3.0,2023-01-25 16:08:00+01:00,1.0924,35.00000000000058,12.0,54.30000000000046,2023-01-25 14:00:00+01:00,Ifo Current Conditions,DE,2.0,9.127777777777993
100,2023-01-26 15:00:00+01:00,1.09049,DOWN,13,2023-01-26 15:57:00+01:00,1.08818,23.100000000000342,57.0,2023-01-26 16:20:00+01:00,1.08952,13.400000000001189,0.580086580086623,23.0,2023-01-26 16:56:00+01:00,1.08512,43.999999999999595,36.0,53.69999999999875,2023-01-26 13:30:00+01:00,Goods Trade Balance Adv,US,2.0,26.295294117646804
103,2023-01-30 08:30:00+01:00,1.08562,UP,3,2023-01-30 09:15:00+01:00,1.089,33.799999999999386,45.0,2023-01-30 09:28:00+01:00,1.08789,11.099999999999444,0.32840236686389485,13.0,2023-01-30 10:25:00+01:00,1.08959,17.000000000000348,57.0,39.70000000000029,2023-01-30 08:00:00+01:00,Harmonised Inflation Rate,ES,2.0,8.754666666666733
105,2023-01-31 08:31:00+01:00,1.08448,DOWN,3,2023-01-31 09:16:00+01:00,1.08123,32.500000000001975,45.0,2023-01-31 09:26:00+01:00,1.08271,14.800000000001479,0.4553846153846332,10.0,2023-01-31 10:00:00+01:00,1.08024,24.699999999999722,34.0,42.40000000000022,2023-01-31 07:45:00+01:00,Harmonised Inflation Rate,FR,2.0,
108,2023-01-31 14:01:00+01:00,1.08283,UP,6,2023-01-31 14:37:00+01:00,1.08636,35.30000000000033,36.0,2023-01-31 14:44:00+01:00,1.08449,18.700000000000383,0.5297450424929238,7.0,2023-01-31 15:27:00+01:00,1.08648,19.899999999999363,43.0,36.49999999999931,2023-01-31 12:45:00+01:00,Harmonised Inflation Rate,FR,2.0,
111,2023-02-01 20:01:00+01:00,1.09186,UP,2,2023-02-01 20:46:00+01:00,1.09862,67.59999999999877,45.0,2023-02-01 20:51:00+01:00,1.09659,20.299999999999763,0.3002958579881676,5.0,2023-02-01 21:07:00+01:00,1.10014,35.49999999999942,16.0,82.79999999999843,2023-02-01 19:00:00+01:00,Fed Interest Rate Decision,US,2.0,51.74600000000022
115,2023-02-02 13:31:00+01:00,1.09996,DOWN,3,2023-02-02 14:19:00+01:00,1.09631,36.500000000001535,48.0,2023-02-02 14:38:00+01:00,1.09886,25.500000000000522,0.6986301369862863,19.0,2023-02-02 15:03:00+01:00,1.09304,58.19999999999936,25.0,69.20000000000037,2023-02-02 12:30:00+01:00,Challenger Job Cuts,US,2.0,22.241666666666383
116,2023-02-02 14:01:00+01:00,1.09869,DOWN,8,2023-02-02 15:01:00+01:00,1.0935,51.900000000000276,60.0,2023-02-02 15:19:00+01:00,1.09668,31.800000000001827,0.6127167630058122,18.0,2023-02-02 16:00:00+01:00,1.09015,65.30000000000146,41.0,85.39999999999992,2023-02-02 13:00:00+01:00,Tourist Arrivals,ES,2.0,
117,2023-02-02 14:31:00+01:00,1.09826,DOWN,7,2023-02-02 15:03:00+01:00,1.09304,52.200000000000024,32.0,2023-02-02 15:19:00+01:00,1.09668,36.40000000000087,0.6973180076628517,16.0,2023-02-02 16:09:00+01:00,1.08858,80.99999999999996,50.0,96.7999999999991,2023-02-02 13:15:00+01:00,Marginal Lending Rate,EU,2.0,50.23600000000006
123,2023-02-03 09:30:00+01:00,1.08952,UP,11,2023-02-03 10:24:00+01:00,1.09154,20.199999999999108,54.0,2023-02-03 10:28:00+01:00,1.09098,5.599999999998939,0.27722772277223695,4.0,2023-02-03 11:01:00+01:00,1.09337,23.899999999998922,33.0,38.49999999999909,2023-02-03 08:15:00+01:00,S&P Global Services PMI,ES,2.0,
126,2023-02-03 13:30:00+01:00,1.09334,DOWN,2,2023-02-03 14:30:00+01:00,1.08447,88.69999999999933,60.0,2023-02-03 14:33:00+01:00,1.08849,40.19999999999912,0.4532130777902979,3.0,2023-02-03 14:49:00+01:00,1.08267,58.19999999999936,16.0,106.69999999999958,2023-02-03 12:15:00+01:00,BoE Pill Speech,UK,2.0,11.185106382978724
133,2023-02-03 17:30:00+01:00,1.0844,DOWN,0,2023-02-03 17:59:00+01:00,1.08238,20.200000000001328,29.0,2023-02-03 18:03:00+01:00,1.08366,12.800000000001699,0.6336633663366761,4.0,2023-02-03 19:03:00+01:00,1.0817,19.599999999999618,60.0,26.999999999999247,,,,,
135,2023-02-06 15:00:00+01:00,1.07593,DOWN,8,2023-02-06 15:55:00+01:00,1.07393,20.000000000000018,55.0,2023-02-06 16:04:00+01:00,1.0748,8.699999999999264,0.4349999999999628,9.0,2023-02-06 16:49:00+01:00,1.07224,25.599999999998957,45.0,36.89999999999971,2023-02-06 13:30:00+01:00,New Car Registrations,DE,2.0,
139,2023-02-07 16:31:00+01:00,1.06734,UP,3,2023-02-07 17:20:00+01:00,1.07014,28.000000000001357,49.0,2023-02-07 17:40:00+01:00,1.06918,9.600000000000719,0.3428571428571519,20.0,2023-02-07 17:48:00+01:00,1.07125,20.700000000000163,8.0,39.100000000000804,2023-02-07 15:15:00+01:00,BoE Pill Speech,UK,2.0,11.185106382978724
145,2023-02-09 09:00:00+01:00,1.07339,UP,0,2023-02-09 09:39:00+01:00,1.07597,25.800000000000267,39.0,2023-02-09 09:51:00+01:00,1.07512,8.500000000000174,0.32945736434108863,12.0,2023-02-09 10:13:00+01:00,1.07693,18.099999999998673,22.0,35.39999999999877,,,,,
151,2023-02-13 15:30:00+01:00,1.06901,UP,1,2023-02-13 16:26:00+01:00,1.07174,27.29999999999899,56.0,2023-02-13 16:47:00+01:00,1.0709,8.399999999999519,0.30769230769230144,21.0,2023-02-13 16:52:00+01:00,1.07277,18.700000000000383,5.0,37.59999999999985,2023-02-13 14:00:00+01:00,European Commission Winter Forecasts,EU,2.0,8.719999999999692
164,2023-02-16 14:30:00+01:00,1.06909,DOWN,3,2023-02-16 15:28:00+01:00,1.06629,28.000000000001357,58.0,2023-02-16 15:40:00+01:00,1.06757,12.799999999999478,0.4571428571428164,12.0,2023-02-16 16:04:00+01:00,1.06547,20.999999999999908,24.0,36.200000000001786,2023-02-16 14:00:00+01:00,Balance of Trade,IT,2.0,
166,2023-02-17 14:30:00+01:00,1.06278,UP,2,2023-02-17 15:19:00+01:00,1.06559,28.099999999999792,49.0,2023-02-17 15:49:00+01:00,1.06371,18.800000000001038,0.6690391459075152,30.0,2023-02-17 16:19:00+01:00,1.06794,42.29999999999956,30.0,51.59999999999832,2023-02-17 14:00:00+01:00,Current Account s.a,EU,2.0,16.818055555555976
168,2023-02-17 15:30:00+01:00,1.06468,UP,3,2023-02-17 16:19:00+01:00,1.06794,32.59999999999819,49.0,2023-02-17 16:29:00+01:00,1.06634,15.999999999998238,0.4907975460122431,10.0,2023-02-17 16:36:00+01:00,1.06825,19.099999999998563,7.0,35.69999999999851,2023-02-17 14:00:00+01:00,Current Account s.a,EU,2.0,16.818055555555976
169,2023-02-17 16:00:00+01:00,1.06448,UP,1,2023-02-17 16:36:00+01:00,1.06825,37.69999999999829,36.0,2023-02-17 16:52:00+01:00,1.06597,22.799999999998377,0.604774535809003,16.0,2023-02-17 17:48:00+01:00,1.06793,19.599999999999618,56.0,34.49999999999953,2023-02-17 15:00:00+01:00,Current Account,IT,2.0,
172,2023-02-22 16:01:00+01:00,1.06545,DOWN,6,2023-02-22 16:59:00+01:00,1.06251,29.399999999999427,58.0,2023-02-22 17:09:00+01:00,1.06343,9.200000000000319,0.31292517006804416,10.0,2023-02-22 17:13:00+01:00,1.06174,16.900000000001913,4.0,37.10000000000102,2023-02-22 15:00:00+01:00,Saxony CPI,DE,2.0,12.138888888888816
174,2023-02-24 13:31:00+01:00,1.05734,DOWN,2,2023-02-24 14:30:00+01:00,1.05442,29.200000000000337,59.0,2023-02-24 14:35:00+01:00,1.0564,19.800000000000928,0.6780821917808458,5.0,2023-02-24 15:28:00+01:00,1.05364,27.600000000000957,53.0,37.00000000000037,2023-02-24 12:45:00+01:00,Consumer Confidence,FR,2.0,
175,2023-02-27 14:30:00+01:00,1.05534,UP,5,2023-02-27 15:02:00+01:00,1.05886,35.199999999999676,32.0,2023-02-27 15:16:00+01:00,1.05761,12.499999999999734,0.3551136363636321,14.0,2023-02-27 16:15:00+01:00,1.06021,26.000000000001577,59.0,48.70000000000152,2023-02-27 14:00:00+01:00,M3 Money Supply,EU,2.0,18.41205128205123
177,2023-02-28 08:32:00+01:00,1.05907,UP,0,2023-02-28 09:26:00+01:00,1.06132,22.500000000000853,54.0,2023-02-28 09:33:00+01:00,1.06001,13.100000000001444,0.5822222222222643,7.0,2023-02-28 10:02:00+01:00,1.06264,26.300000000001322,29.0,35.70000000000073,,,,,
179,2023-03-01 07:00:00+01:00,1.05919,UP,0,2023-03-01 07:50:00+01:00,1.06151,23.199999999998777,50.0,2023-03-01 08:03:00+01:00,1.06045,10.600000000000609,0.45689655172418825,13.0,2023-03-01 08:58:00+01:00,1.06453,40.800000000000836,55.0,53.399999999999004,,,,,
181,2023-03-01 08:00:00+01:00,1.06075,UP,0,2023-03-01 08:58:00+01:00,1.06453,37.799999999998946,58.0,2023-03-01 09:08:00+01:00,1.06259,19.400000000000528,0.5132275132275416,10.0,2023-03-01 09:59:00+01:00,1.06492,23.300000000001653,51.0,41.700000000000074,,,,,
182,2023-03-01 08:30:00+01:00,1.06172,UP,0,2023-03-01 08:58:00+01:00,1.06453,28.099999999999792,28.0,2023-03-01 09:08:00+01:00,1.06259,19.400000000000528,0.690391459074757,10.0,2023-03-01 10:04:00+01:00,1.06576,31.70000000000117,56.0,40.40000000000043,,,,,
189,2023-03-07 15:31:00+01:00,1.06497,DOWN,3,2023-03-07 16:16:00+01:00,1.05865,63.19999999999881,45.0,2023-03-07 16:37:00+01:00,1.06158,29.29999999999877,0.4636075949366982,21.0,2023-03-07 17:21:00+01:00,1.05742,41.59999999999941,44.0,75.49999999999946,2023-03-07 14:40:00+01:00,6-Month Letras Auction,ES,2.0,6.869444444444669
190,2023-03-07 16:01:00+01:00,1.06247,DOWN,5,2023-03-07 16:56:00+01:00,1.05743,50.39999999999934,55.0,2023-03-07 17:05:00+01:00,1.05962,21.899999999999142,0.4345238095237982,9.0,2023-03-07 17:35:00+01:00,1.05704,25.800000000000267,30.0,54.30000000000046,2023-03-07 14:40:00+01:00,12-Month Letras Auction,ES,2.0,6.955555555555666
193,2023-03-10 13:30:00+01:00,1.05886,UP,21,2023-03-10 14:30:00+01:00,1.06293,40.70000000000018,60.0,2023-03-10 14:32:00+01:00,1.06068,22.499999999998632,0.5528255528255168,2.0,2023-03-10 15:30:00+01:00,1.06507,43.89999999999894,58.0,62.10000000000049,2023-03-10 12:00:00+01:00,Inflation Rate,DE,2.0,
194,2023-03-10 14:00:00+01:00,1.05944,UP,6,2023-03-10 14:43:00+01:00,1.06446,50.200000000000244,43.0,2023-03-10 15:00:00+01:00,1.06124,32.2,0.6414342629482042,17.0,2023-03-10 15:42:00+01:00,1.06747,62.29999999999958,42.0,80.29999999999981,2023-03-10 12:45:00+01:00,Balance of Trade,FR,2.0,
195,2023-03-10 14:30:00+01:00,1.06257,UP,5,2023-03-10 15:30:00+01:00,1.06507,24.999999999999467,60.0,2023-03-10 15:31:00+01:00,1.06439,6.800000000000139,0.27200000000001134,1.0,2023-03-10 16:30:00+01:00,1.06922,48.30000000000112,59.0,66.50000000000045,2023-03-10 13:00:00+01:00,Retail Sales,ES,2.0,
196,2023-03-10 15:00:00+01:00,1.06143,UP,3,2023-03-10 15:42:00+01:00,1.06747,60.39999999999823,42.0,2023-03-10 15:51:00+01:00,1.06518,22.899999999999032,0.3791390728476772,9.0,2023-03-10 16:45:00+01:00,1.07009,49.099999999999696,54.0,86.5999999999989,2023-03-10 14:00:00+01:00,PPI,IT,2.0,
198,2023-03-10 16:30:00+01:00,1.06905,DOWN,2,2023-03-10 17:30:00+01:00,1.06599,30.600000000000627,60.0,2023-03-10 17:44:00+01:00,1.06714,11.499999999999844,0.37581699346403946,14.0,2023-03-10 17:59:00+01:00,1.06555,15.899999999999803,15.0,35.00000000000058,2023-03-10 15:10:00+01:00,12-Month BOT Auction,IT,2.0,7.753846153846278
199,2023-03-10 19:00:00+01:00,1.06718,DOWN,9,2023-03-10 19:57:00+01:00,1.064,31.799999999999606,57.0,2023-03-10 20:10:00+01:00,1.06522,12.199999999999989,0.3836477987421428,13.0,2023-03-10 20:41:00+01:00,1.06362,16.00000000000046,31.0,35.60000000000008,2023-03-10 18:30:00+01:00,Average Hourly Earnings,US,2.0,60.631392405062975
206,2023-03-13 09:30:00+01:00,1.07138,DOWN,0,2023-03-13 10:26:00+01:00,1.06665,47.29999999999901,56.0,2023-03-13 10:53:00+01:00,1.06945,27.999999999999137,0.5919661733615164,27.0,2023-03-13 11:28:00+01:00,1.06606,33.90000000000004,35.0,53.19999999999992,,,,,
209,2023-03-13 13:00:00+01:00,1.06687,UP,0,2023-03-13 13:58:00+01:00,1.06983,29.600000000000737,58.0,2023-03-13 14:02:00+01:00,1.06857,12.600000000000389,0.4256756756756782,4.0,2023-03-13 14:23:00+01:00,1.07214,35.70000000000073,21.0,52.70000000000108,,,,,
210,2023-03-13 13:30:00+01:00,1.06747,UP,0,2023-03-13 14:23:00+01:00,1.07214,46.70000000000174,53.0,2023-03-13 14:38:00+01:00,1.06933,28.100000000002012,0.6017130620985218,15.0,2023-03-13 15:11:00+01:00,1.07248,31.500000000002082,33.0,50.10000000000181,,,,,
216,2023-03-15 10:00:00+01:00,1.07328,DOWN,0,2023-03-15 10:43:00+01:00,1.06659,66.90000000000084,43.0,2023-03-15 11:06:00+01:00,1.06846,18.700000000000383,0.27952167414051043,23.0,2023-03-15 11:55:00+01:00,1.06202,64.4,49.0,112.60000000000048,,,,,
219,2023-03-15 11:30:00+01:00,1.06675,DOWN,2,2023-03-15 12:22:00+01:00,1.05858,81.7000000000001,52.0,2023-03-15 12:34:00+01:00,1.06083,22.499999999998632,0.2753977968176084,12.0,2023-03-15 13:11:00+01:00,1.0562,46.299999999999116,37.0,105.5000000000006,2023-03-15 11:00:00+01:00,Wholesale Prices,DE,2.0,
228,2023-03-15 18:30:00+01:00,1.05568,UP,4,2023-03-15 19:29:00+01:00,1.05903,33.499999999999645,59.0,2023-03-15 19:32:00+01:00,1.05721,18.199999999999328,0.543283582089538,3.0,2023-03-15 20:04:00+01:00,1.05929,20.800000000000818,32.0,36.10000000000113,2023-03-15 17:45:00+01:00,Current Account,DE,2.0,
229,2023-03-15 19:00:00+01:00,1.05563,UP,13,2023-03-15 19:29:00+01:00,1.05903,33.99999999999848,29.0,2023-03-15 19:32:00+01:00,1.05721,18.199999999999328,0.535294117647063,3.0,2023-03-15 20:04:00+01:00,1.05929,20.800000000000818,32.0,36.599999999999966,2023-03-15 17:45:00+01:00,Current Account,DE,2.0,
236,2023-03-16 15:30:00+01:00,1.05756,UP,6,2023-03-16 15:53:00+01:00,1.06082,32.600000000000406,23.0,2023-03-16 16:04:00+01:00,1.05932,15.000000000000568,0.4601226993865148,11.0,2023-03-16 16:57:00+01:00,1.0627,33.799999999999386,53.0,51.399999999999224,2023-03-16 14:00:00+01:00,7-Year OAT Auction,FR,2.0,
240,2023-03-20 07:00:00+01:00,1.06802,DOWN,0,2023-03-20 07:40:00+01:00,1.0659,21.199999999998997,40.0,2023-03-20 07:54:00+01:00,1.06667,7.699999999999374,0.36320754716979897,14.0,2023-03-20 08:04:00+01:00,1.0642,24.699999999999722,10.0,38.19999999999935,,,,,
242,2023-03-20 09:30:00+01:00,1.06364,UP,0,2023-03-20 10:07:00+01:00,1.06685,32.10000000000157,37.0,2023-03-20 10:26:00+01:00,1.06499,18.599999999999728,0.5794392523364118,19.0,2023-03-20 11:17:00+01:00,1.06911,41.199999999999015,51.0,54.700000000000855,,,,,
244,2023-03-20 10:30:00+01:00,1.06597,UP,0,2023-03-20 11:17:00+01:00,1.06911,31.399999999999206,47.0,2023-03-20 11:23:00+01:00,1.06806,10.499999999999954,0.3343949044586057,6.0,2023-03-20 12:10:00+01:00,1.07001,19.499999999998963,47.0,40.399999999998215,,,,,
247,2023-03-21 11:00:00+01:00,1.07477,UP,0,2023-03-21 12:00:00+01:00,1.07698,22.100000000000453,60.0,2023-03-21 12:07:00+01:00,1.07637,6.099999999999994,0.2760180995475054,7.0,2023-03-21 12:56:00+01:00,1.07847,20.999999999999908,49.0,37.00000000000037,,,,,
251,2023-03-22 18:01:00+01:00,1.07973,UP,0,2023-03-22 19:00:00+01:00,1.08462,48.899999999998386,59.0,2023-03-22 19:02:00+01:00,1.0825,21.199999999998997,0.43353783231083226,2.0,2023-03-22 19:48:00+01:00,1.09128,87.8000000000001,46.0,115.49999999999949,,,,,
252,2023-03-22 18:31:00+01:00,1.07925,UP,1,2023-03-22 19:05:00+01:00,1.0859,66.50000000000045,34.0,2023-03-22 19:11:00+01:00,1.08341,24.900000000001032,0.3744360902255769,6.0,2023-03-22 19:48:00+01:00,1.09128,78.70000000000044,37.0,120.29999999999986,2023-03-22 17:45:00+01:00,ECB Panetta Speech,EU,2.0,23.60954545454465
255,2023-03-23 08:30:00+01:00,1.09238,DOWN,0,2023-03-23 09:28:00+01:00,1.08923,31.49999999999986,58.0,2023-03-23 09:51:00+01:00,1.09093,17.000000000000348,0.5396825396825531,23.0,2023-03-23 10:24:00+01:00,1.0883,26.299999999999102,33.0,40.79999999999862,,,,,
256,2023-03-23 16:30:00+01:00,1.09064,DOWN,7,2023-03-23 17:05:00+01:00,1.08836,22.800000000000598,35.0,2023-03-23 17:17:00+01:00,1.08979,14.300000000000423,0.6271929824561425,12.0,2023-03-23 18:14:00+01:00,1.08781,19.800000000000928,57.0,28.300000000001102,2023-03-23 15:30:00+01:00,Bundesbank Balz Speech,DE,2.0,9.619512195122095
257,2023-03-23 18:00:00+01:00,1.08944,DOWN,7,2023-03-23 18:52:00+01:00,1.08642,30.200000000000227,52.0,2023-03-23 19:17:00+01:00,1.08769,12.700000000001044,0.4205298013245347,25.0,2023-03-23 19:56:00+01:00,1.08282,48.70000000000152,39.0,66.2000000000007,2023-03-23 16:30:00+01:00,Current Account,US,2.0,19.812750000000214
259,2023-03-23 19:00:00+01:00,1.08684,DOWN,3,2023-03-23 19:56:00+01:00,1.08282,40.200000000001346,56.0,2023-03-23 20:01:00+01:00,1.08533,25.100000000000122,0.6243781094527184,5.0,2023-03-23 20:33:00+01:00,1.08243,28.999999999999027,32.0,44.10000000000025,2023-03-23 18:00:00+01:00,New Home Sales,US,2.0,24.014285714285556
260,2023-03-23 19:30:00+01:00,1.08678,DOWN,8,2023-03-23 19:56:00+01:00,1.08282,39.600000000001856,26.0,2023-03-23 20:01:00+01:00,1.08533,25.100000000000122,0.6338383838383572,5.0,2023-03-23 20:33:00+01:00,1.08243,28.999999999999027,32.0,43.50000000000076,2023-03-23 18:00:00+01:00,New Home Sales,US,2.0,24.014285714285556
264,2023-03-24 09:00:00+01:00,1.08278,DOWN,0,2023-03-24 09:43:00+01:00,1.07682,59.59999999999965,43.0,2023-03-24 10:11:00+01:00,1.07874,19.199999999999218,0.3221476510067002,28.0,2023-03-24 10:56:00+01:00,1.07216,65.8000000000003,45.0,106.20000000000074,,,,,
268,2023-03-29 13:31:00+02:00,1.08682,DOWN,1,2023-03-29 14:19:00+02:00,1.08391,29.09999999999968,48.0,2023-03-29 14:33:00+02:00,1.08525,13.400000000001189,0.46048109965640327,14.0,2023-03-29 15:26:00+02:00,1.08328,19.700000000000273,53.0,35.39999999999877,2023-03-29 12:00:00+02:00,Bundesbank Balz Speech,DE,2.0,9.619512195122095
269,2023-03-30 12:32:00+02:00,1.08638,UP,8,2023-03-30 12:46:00+02:00,1.08846,20.800000000000818,14.0,2023-03-30 13:16:00+02:00,1.08748,9.799999999999809,0.47115384615381845,30.0,2023-03-30 14:07:00+02:00,1.08912,16.40000000000086,51.0,27.400000000001867,2023-03-30 11:00:00+02:00,ECB General Council Meeting,EU,2.0,23.549538461538265
272,2023-03-30 14:02:00+02:00,1.08866,UP,10,2023-03-30 15:02:00+02:00,1.09182,31.600000000000517,60.0,2023-03-30 15:14:00+02:00,1.09074,10.799999999999699,0.34177215189871907,12.0,2023-03-30 15:26:00+02:00,1.09266,19.199999999999218,12.0,40.000000000000036,2023-03-30 12:00:00+02:00,Baden Wuerttemberg CPI,DE,2.0,12.150000000000011
273,2023-04-03 00:00:00+02:00,1.08366,DOWN,0,2023-04-03 00:35:00+02:00,1.08055,31.100000000001682,35.0,2023-04-03 00:48:00+02:00,1.08268,21.300000000001873,0.6848874598070971,13.0,2023-04-03 01:46:00+02:00,1.08063,20.500000000001073,58.0,30.300000000000882,,,,,
277,2023-04-03 15:01:00+02:00,1.08674,UP,1,2023-04-03 16:00:00+02:00,1.09048,37.39999999999854,59.0,2023-04-03 16:11:00+02:00,1.08892,15.599999999997838,0.41711229946519907,11.0,2023-04-03 16:21:00+02:00,1.09168,27.599999999998737,10.0,49.399999999999444,2023-04-03 13:30:00+02:00,3-Month Bubill Auction,DE,2.0,9.834285714285622
279,2023-04-04 08:00:00+02:00,1.08891,UP,0,2023-04-04 09:00:00+02:00,1.09122,23.100000000000342,60.0,2023-04-04 09:27:00+02:00,1.09056,6.6000000000010495,0.2857142857143269,27.0,2023-04-04 09:52:00+02:00,1.09384,32.7999999999995,25.0,49.29999999999879,,,,,
282,2023-04-04 15:00:00+02:00,1.08943,UP,4,2023-04-04 16:00:00+02:00,1.09286,34.30000000000044,60.0,2023-04-04 16:03:00+02:00,1.09176,10.999999999998789,0.3206997084547711,3.0,2023-04-04 16:57:00+02:00,1.09734,55.79999999999919,54.0,79.10000000000083,2023-04-04 13:00:00+02:00,PPI,EU,2.0,19.505000000000017
288,2023-04-06 15:32:00+02:00,1.08925,UP,0,2023-04-06 16:28:00+02:00,1.09184,25.899999999998702,56.0,2023-04-06 16:32:00+02:00,1.09111,7.299999999998974,0.28185328185325637,4.0,2023-04-06 17:04:00+02:00,1.09285,17.400000000000748,32.0,36.000000000000476,,,,,
293,2023-04-10 12:31:00+02:00,1.09101,DOWN,0,2023-04-10 13:30:00+02:00,1.08869,23.200000000000998,59.0,2023-04-10 13:50:00+02:00,1.09006,13.700000000000934,0.5905172413793252,20.0,2023-04-10 14:28:00+02:00,1.08568,43.80000000000051,38.0,53.300000000000566,,,,,
295,2023-04-10 13:31:00+02:00,1.08882,DOWN,0,2023-04-10 14:28:00+02:00,1.08568,31.399999999999206,57.0,2023-04-10 14:40:00+02:00,1.0872,15.199999999999658,0.48407643312102044,12.0,2023-04-10 15:05:00+02:00,1.0847,24.999999999999467,25.0,41.199999999999015,,,,,
308,2023-04-14 14:03:00+02:00,1.10563,DOWN,1,2023-04-14 14:45:00+02:00,1.10187,37.59999999999985,42.0,2023-04-14 15:00:00+02:00,1.10366,17.900000000001803,0.4760638297872839,15.0,2023-04-14 16:00:00+02:00,1.10057,30.90000000000037,60.0,50.599999999998424,2023-04-14 12:00:00+02:00,IEA Oil Market Report,FR,2.0,9.323333333333425
310,2023-04-14 15:33:00+02:00,1.10228,DOWN,0,2023-04-14 16:32:00+02:00,1.09965,26.299999999999102,59.0,2023-04-14 17:01:00+02:00,1.10097,13.199999999999878,0.5019011406844232,29.0,2023-04-14 17:25:00+02:00,1.09861,23.599999999999177,24.0,36.6999999999984,,,,,
313,2023-04-17 14:31:00+02:00,1.09724,DOWN,1,2023-04-17 15:21:00+02:00,1.09394,33.00000000000081,50.0,2023-04-17 15:42:00+02:00,1.0954,14.600000000000168,0.44242424242423667,21.0,2023-04-17 16:14:00+02:00,1.09195,34.49999999999953,32.0,52.90000000000017,2023-04-17 13:00:00+02:00,ECB Tuominen Speech,EU,2.0,13.087058823529665
315,2023-04-17 15:31:00+02:00,1.09482,DOWN,3,2023-04-17 16:14:00+02:00,1.09195,28.69999999999928,43.0,2023-04-17 16:19:00+02:00,1.09297,10.200000000000209,0.3554006968641277,5.0,2023-04-17 16:39:00+02:00,1.09093,20.400000000000418,20.0,38.899999999999494,2023-04-17 13:30:00+02:00,12-Month Bubill Auction,DE,2.0,6.677142857142826
322,2023-04-21 12:04:00+02:00,1.09497,UP,4,2023-04-21 12:44:00+02:00,1.09714,21.700000000000053,40.0,2023-04-21 13:03:00+02:00,1.0963,8.399999999999519,0.3870967741935253,19.0,2023-04-21 13:49:00+02:00,1.09859,22.899999999999032,46.0,36.19999999999956,2023-04-21 10:00:00+02:00,Retail Sales,UK,2.0,
329,2023-04-25 14:31:00+02:00,1.10283,DOWN,1,2023-04-25 15:14:00+02:00,1.10069,21.400000000000308,43.0,2023-04-25 15:31:00+02:00,1.10149,8.00000000000134,0.3738317757009918,17.0,2023-04-25 16:21:00+02:00,1.09785,36.40000000000087,50.0,49.79999999999984,2023-04-25 13:00:00+02:00,BoE Member Broadbent,UK,2.0,
330,2023-04-25 15:01:00+02:00,1.1018,DOWN,2,2023-04-25 15:46:00+02:00,1.09946,23.399999999997867,45.0,2023-04-25 16:05:00+02:00,1.1004,9.399999999999409,0.40170940170941305,19.0,2023-04-25 17:01:00+02:00,1.09748,29.200000000000337,56.0,43.199999999998795,2023-04-25 13:00:00+02:00,BoE Member Broadbent,UK,2.0,
332,2023-04-25 16:01:00+02:00,1.10006,DOWN,0,2023-04-25 17:01:00+02:00,1.09748,25.800000000000267,60.0,2023-04-25 17:15:00+02:00,1.09877,12.900000000000134,0.5,14.0,2023-04-25 18:00:00+02:00,1.09655,22.200000000001108,45.0,35.100000000001245,,,,,
334,2023-04-26 08:00:00+02:00,1.09858,UP,0,2023-04-26 08:55:00+02:00,1.10117,25.900000000000922,55.0,2023-04-26 09:00:00+02:00,1.10043,7.399999999999629,0.2857142857142612,5.0,2023-04-26 09:25:00+02:00,1.10261,21.800000000000708,25.0,40.300000000002,,,,,
335,2023-04-26 08:30:00+02:00,1.09947,UP,0,2023-04-26 09:25:00+02:00,1.10261,31.400000000001427,55.0,2023-04-26 09:50:00+02:00,1.10124,13.700000000000934,0.43630573248408633,25.0,2023-04-26 10:28:00+02:00,1.10386,26.200000000000667,38.0,43.90000000000116,,,,,
342,2023-04-26 15:30:00+02:00,1.10842,DOWN,6,2023-04-26 16:18:00+02:00,1.10611,23.100000000000342,48.0,2023-04-26 16:21:00+02:00,1.10704,9.300000000000974,0.4025974025974388,3.0,2023-04-26 17:16:00+02:00,1.10365,33.90000000000004,55.0,47.699999999999406,2023-04-26 13:10:00+02:00,6-Month BOT Auction,IT,2.0,9.588888888888762
344,2023-04-26 16:30:00+02:00,1.10693,DOWN,8,2023-04-26 17:16:00+02:00,1.10365,32.7999999999995,46.0,2023-04-26 17:45:00+02:00,1.10568,20.299999999999763,0.6189024390243925,29.0,2023-04-26 18:29:00+02:00,1.10334,23.400000000000087,44.0,35.89999999999982,2023-04-26 14:00:00+02:00,CBI Distributive Trades,UK,2.0,7.192682926829434
348,2023-04-27 14:30:00+02:00,1.10285,DOWN,7,2023-04-27 15:18:00+02:00,1.0998,30.49999999999997,48.0,2023-04-27 15:34:00+02:00,1.10102,12.199999999999989,0.4,16.0,2023-04-27 15:47:00+02:00,1.09924,17.80000000000115,13.0,36.10000000000113,2023-04-27 12:00:00+02:00,Business Confidence,IT,2.0,
349,2023-04-28 09:00:00+02:00,1.10196,DOWN,4,2023-04-28 09:17:00+02:00,1.09939,25.699999999999612,17.0,2023-04-28 09:31:00+02:00,1.10092,15.299999999998093,0.5953307392995457,14.0,2023-04-28 10:31:00+02:00,1.09768,32.399999999999096,60.0,42.800000000000615,2023-04-28 07:00:00+02:00,GDP Growth Rate,ES,2.0,
355,2023-05-01 15:00:00+02:00,1.10325,DOWN,0,2023-05-01 16:00:00+02:00,1.10004,32.10000000000157,60.0,2023-05-01 16:01:00+02:00,1.10103,9.900000000000464,0.3084112149532704,1.0,2023-05-01 16:47:00+02:00,1.09781,32.2,46.0,54.400000000001114,,,,,
357,2023-05-01 16:00:00+02:00,1.10106,DOWN,1,2023-05-01 16:47:00+02:00,1.09781,32.49999999999975,47.0,2023-05-01 16:50:00+02:00,1.09863,8.20000000000043,0.25230769230770744,3.0,2023-05-01 17:42:00+02:00,1.09664,19.899999999999363,52.0,44.19999999999868,2023-05-01 13:45:00+02:00,S&P Global Manufacturing PMI,US,2.0,28.309154929576597
358,2023-05-02 09:30:00+02:00,1.09996,DOWN,3,2023-05-02 10:10:00+02:00,1.09601,39.5000000000012,40.0,2023-05-02 10:26:00+02:00,1.09766,16.500000000001513,0.41772151898736737,16.0,2023-05-02 11:26:00+02:00,1.09555,21.100000000000563,60.0,44.10000000000025,2023-05-02 08:00:00+02:00,Loans to Households,EU,2.0,18.647837837837876
361,2023-05-02 16:00:00+02:00,1.09621,UP,4,2023-05-02 16:42:00+02:00,1.09931,31.000000000001027,42.0,2023-05-02 16:57:00+02:00,1.09742,18.899999999999473,0.6096774193548015,15.0,2023-05-02 17:56:00+02:00,1.09977,23.499999999998522,59.0,35.60000000000008,2023-05-02 13:30:00+02:00,10-Year Bund/€i Auction,DE,2.0,16.255555555555468
362,2023-05-02 16:30:00+02:00,1.09618,UP,3,2023-05-02 16:42:00+02:00,1.09931,31.30000000000077,12.0,2023-05-02 16:57:00+02:00,1.09742,18.899999999999473,0.6038338658146648,15.0,2023-05-02 17:56:00+02:00,1.09977,23.499999999998522,59.0,35.89999999999982,2023-05-02 14:00:00+02:00,PPI,IT,2.0,
367,2023-05-04 09:01:00+02:00,1.10748,DOWN,0,2023-05-04 09:50:00+02:00,1.10524,22.400000000000198,49.0,2023-05-04 09:57:00+02:00,1.10601,7.699999999999374,0.343749999999969,7.0,2023-05-04 10:30:00+02:00,1.1041,19.099999999998563,33.0,33.799999999999386,,,,,
378,2023-05-05 13:31:00+02:00,1.1021,DOWN,6,2023-05-05 14:30:00+02:00,1.09718,49.20000000000036,59.0,2023-05-05 14:31:00+02:00,1.10004,28.599999999998627,0.5813008130080979,1.0,2023-05-05 14:46:00+02:00,1.0967,33.39999999999898,15.0,54.00000000000071,2023-05-05 11:30:00+02:00,HCOB Construction PMI,EU,2.0,18.758333333333475
382,2023-05-10 13:30:00+02:00,1.0949,UP,2,2023-05-10 14:30:00+02:00,1.09822,33.199999999999896,60.0,2023-05-10 14:31:00+02:00,1.09728,9.399999999999409,0.283132530120465,1.0,2023-05-10 15:00:00+02:00,1.10064,33.60000000000029,29.0,57.40000000000079,2023-05-10 12:00:00+02:00,Industrial Production,IT,2.0,
389,2023-05-11 14:30:00+02:00,1.09418,DOWN,3,2023-05-11 15:21:00+02:00,1.09128,28.999999999999027,51.0,2023-05-11 15:23:00+02:00,1.09212,8.399999999999519,0.28965517241378624,2.0,2023-05-11 16:07:00+02:00,1.09003,20.899999999999253,44.0,41.499999999998764,2023-05-11 12:00:00+02:00,ECB Schnabel Speech,EU,2.0,15.64307692307658
390,2023-05-18 14:00:00+02:00,1.08149,DOWN,4,2023-05-18 14:50:00+02:00,1.07854,29.50000000000008,50.0,2023-05-18 15:09:00+02:00,1.07952,9.799999999999809,0.3322033898305011,19.0,2023-05-18 15:52:00+02:00,1.07752,20.000000000000018,43.0,39.70000000000029,2023-05-18 12:00:00+02:00,Balance of Trade,ES,2.0,
400,2023-06-01 10:30:00+02:00,1.06746,UP,14,2023-06-01 11:18:00+02:00,1.06948,20.199999999999108,48.0,2023-06-01 11:26:00+02:00,1.06882,6.599999999998829,0.3267326732672832,8.0,2023-06-01 12:20:00+02:00,1.07125,24.299999999999322,54.0,37.8999999999996,2023-06-01 08:00:00+02:00,Unemployment Rate,IT,2.0,
407,2023-06-06 08:31:00+02:00,1.07322,DOWN,0,2023-06-06 09:29:00+02:00,1.07101,22.100000000000453,58.0,2023-06-06 09:31:00+02:00,1.07165,6.399999999999739,0.28959276018097774,2.0,2023-06-06 10:20:00+02:00,1.06954,21.100000000000563,49.0,36.800000000001276,,,,,
412,2023-06-14 14:04:00+02:00,1.08075,UP,3,2023-06-14 15:01:00+02:00,1.08343,26.799999999997937,57.0,2023-06-14 15:06:00+02:00,1.08274,6.899999999998574,0.2574626865671308,5.0,2023-06-14 15:59:00+02:00,1.08452,17.799999999998928,53.0,37.69999999999829,2023-06-14 12:30:00+02:00,Core PPI,US,2.0,31.631506849315187
418,2023-06-15 13:30:00+02:00,1.08319,UP,0,2023-06-15 14:30:00+02:00,1.08594,27.49999999999808,60.0,2023-06-15 14:56:00+02:00,1.08522,7.199999999998319,0.26181818181813893,26.0,2023-06-15 15:20:00+02:00,1.0894,41.799999999998505,24.0,62.09999999999827,,,,,
419,2023-06-15 14:00:00+02:00,1.08165,UP,18,2023-06-15 14:46:00+02:00,1.08812,64.69999999999976,46.0,2023-06-15 14:56:00+02:00,1.08522,28.999999999999027,0.4482225656877764,10.0,2023-06-15 15:50:00+02:00,1.08982,45.999999999999375,54.0,81.7000000000001,2023-06-15 12:15:00+02:00,Marginal Lending Rate,EU,2.0,50.23600000000006
420,2023-06-15 14:30:00+02:00,1.08554,UP,25,2023-06-15 15:20:00+02:00,1.0894,38.599999999999746,50.0,2023-06-15 15:39:00+02:00,1.08769,17.099999999998783,0.44300518134712163,19.0,2023-06-15 16:27:00+02:00,1.09201,43.199999999998795,48.0,64.69999999999976,2023-06-15 12:15:00+02:00,Deposit Facility Rate,EU,2.0,44.749999999999915
422,2023-06-15 15:30:00+02:00,1.08823,UP,9,2023-06-15 16:27:00+02:00,1.09201,37.799999999998946,57.0,2023-06-15 16:56:00+02:00,1.09079,12.199999999999989,0.32275132275133145,29.0,2023-06-15 17:30:00+02:00,1.09289,20.999999999999908,34.0,46.599999999998865,2023-06-15 13:00:00+02:00,Balance of Trade,IT,2.0,
423,2023-06-15 16:00:00+02:00,1.08996,UP,4,2023-06-15 16:38:00+02:00,1.09215,21.899999999999142,38.0,2023-06-15 16:56:00+02:00,1.09079,13.600000000000279,0.6210045662100827,18.0,2023-06-15 17:45:00+02:00,1.09357,27.800000000000047,49.0,36.099999999998914,2023-06-15 14:00:00+02:00,Business Inventories,US,2.0,22.540277777778243
432,2023-06-28 15:32:00+02:00,1.09355,DOWN,4,2023-06-28 16:30:00+02:00,1.09151,20.400000000000418,58.0,2023-06-28 16:43:00+02:00,1.09202,5.1000000000001044,0.25,13.0,2023-06-28 16:57:00+02:00,1.08969,23.299999999999432,14.0,38.599999999999746,2023-06-28 13:10:00+02:00,6-Month BOT Auction,IT,2.0,9.588888888888762
442,2023-06-30 14:32:00+02:00,1.08799,UP,6,2023-06-30 15:18:00+02:00,1.09101,30.200000000000227,46.0,2023-06-30 15:39:00+02:00,1.08969,13.199999999999878,0.4370860927152245,21.0,2023-06-30 16:25:00+02:00,1.09319,35.00000000000058,46.0,52.00000000000094,2023-06-30 12:30:00+02:00,Personal Spending,US,2.0,26.315405405405514
445,2023-07-06 10:31:00+02:00,1.08475,UP,3,2023-07-06 11:10:00+02:00,1.08688,21.299999999999653,39.0,2023-07-06 11:28:00+02:00,1.0861,7.800000000000029,0.3661971830985989,18.0,2023-07-06 12:28:00+02:00,1.08834,22.400000000000198,60.0,35.89999999999982,2023-07-06 08:30:00+02:00,S&P Global/CIPS Construction PMI,UK,2.0,11.493749999999942
449,2023-07-06 16:31:00+02:00,1.08412,UP,7,2023-07-06 16:56:00+02:00,1.08747,33.499999999999645,25.0,2023-07-06 17:26:00+02:00,1.08598,14.899999999999913,0.4447761194029872,30.0,2023-07-06 18:09:00+02:00,1.08862,26.399999999999757,43.0,44.99999999999949,2023-07-06 15:00:00+02:00,EIA Cushing Crude Oil Stocks Change,US,2.0,19.335283018867948
451,2023-07-07 13:31:00+02:00,1.08947,UP,2,2023-07-07 14:30:00+02:00,1.09193,24.600000000001288,59.0,2023-07-07 14:31:00+02:00,1.09027,16.599999999999948,0.6747967479674423,1.0,2023-07-07 14:37:00+02:00,1.09317,28.999999999999027,6.0,37.00000000000037,2023-07-07 12:00:00+02:00,Retail Sales,IT,2.0,
456,2023-07-07 16:31:00+02:00,1.09328,UP,0,2023-07-07 16:57:00+02:00,1.09541,21.299999999999653,26.0,2023-07-07 17:13:00+02:00,1.09449,9.200000000000319,0.43192488262913,16.0,2023-07-07 18:10:00+02:00,1.09681,23.200000000000998,57.0,35.30000000000033,,,,,
459,2023-07-12 13:34:00+02:00,1.10183,UP,0,2023-07-12 14:31:00+02:00,1.10679,49.59999999999853,57.0,2023-07-12 14:54:00+02:00,1.10437,24.199999999998667,0.4879032258064392,23.0,2023-07-12 15:33:00+02:00,1.1087,43.29999999999945,39.0,68.69999999999932,,,,,
460,2023-07-12 14:04:00+02:00,1.10183,UP,2,2023-07-12 14:38:00+02:00,1.10719,53.59999999999809,34.0,2023-07-12 14:54:00+02:00,1.10437,28.199999999998226,0.5261194029850603,16.0,2023-07-12 15:54:00+02:00,1.11006,56.89999999999973,60.0,82.2999999999996,2023-07-12 12:30:00+02:00,Inflation Rate,US,2.0,48.84133333333301
462,2023-07-12 15:04:00+02:00,1.10674,UP,1,2023-07-12 15:54:00+02:00,1.11006,33.199999999999896,50.0,2023-07-12 16:06:00+02:00,1.10891,11.499999999999844,0.34638554216867107,12.0,2023-07-12 16:55:00+02:00,1.11235,34.399999999998876,49.0,56.09999999999893,2023-07-12 13:30:00+02:00,10-Year Bund Auction,DE,2.0,7.528301886792503
463,2023-07-12 15:34:00+02:00,1.1084,UP,3,2023-07-12 16:19:00+02:00,1.11065,22.499999999998632,45.0,2023-07-12 16:25:00+02:00,1.10953,11.200000000000099,0.4977777777778124,6.0,2023-07-12 16:55:00+02:00,1.11235,28.200000000000447,30.0,39.49999999999898,2023-07-12 13:30:00+02:00,10-Year Bund Auction,DE,2.0,7.528301886792503
465,2023-07-18 14:01:00+02:00,1.12561,DOWN,3,2023-07-18 14:41:00+02:00,1.12233,32.7999999999995,40.0,2023-07-18 15:00:00+02:00,1.12436,20.299999999999763,0.6189024390243925,19.0,2023-07-18 15:51:00+02:00,1.12169,26.699999999999502,51.0,39.199999999999235,2023-07-18 12:00:00+02:00,Construction Output,IT,2.0,
488,2023-07-28 08:31:00+02:00,1.09842,DOWN,9,2023-07-28 09:31:00+02:00,1.09535,30.69999999999906,60.0,2023-07-28 09:43:00+02:00,1.09634,9.900000000000464,0.32247557003259825,12.0,2023-07-28 09:57:00+02:00,1.09438,19.600000000001838,14.0,40.40000000000043,2023-07-28 06:45:00+02:00,Harmonised Inflation Rate,FR,2.0,
491,2023-07-28 11:31:00+02:00,1.09643,UP,1,2023-07-28 12:28:00+02:00,1.09887,24.399999999999977,57.0,2023-07-28 12:33:00+02:00,1.09822,6.500000000000394,0.2663934426229672,5.0,2023-07-28 13:30:00+02:00,1.10184,36.19999999999956,57.0,54.09999999999915,2023-07-28 09:30:00+02:00,GDP Growth Rate,FR,2.0,
493,2023-07-28 12:31:00+02:00,1.09837,UP,4,2023-07-28 13:30:00+02:00,1.10184,34.699999999998624,59.0,2023-07-28 13:59:00+02:00,1.10083,10.099999999999554,0.29106628242074795,29.0,2023-07-28 14:30:00+02:00,1.10336,25.299999999999212,31.0,49.89999999999828,2023-07-28 10:45:00+02:00,PPI,FR,2.0,
494,2023-07-28 13:01:00+02:00,1.09928,UP,4,2023-07-28 13:30:00+02:00,1.10184,25.599999999998957,29.0,2023-07-28 13:59:00+02:00,1.10083,10.099999999999554,0.39453124999999867,29.0,2023-07-28 14:30:00+02:00,1.10336,25.299999999999212,31.0,40.79999999999862,2023-07-28 10:45:00+02:00,PPI,FR,2.0,
495,2023-07-28 15:01:00+02:00,1.10038,UP,0,2023-07-28 16:01:00+02:00,1.1038,34.19999999999979,60.0,2023-07-28 16:04:00+02:00,1.1022,15.999999999998238,0.46783625730989287,3.0,2023-07-28 16:24:00+02:00,1.10477,25.699999999999612,20.0,43.90000000000116,,,,,
500,2023-08-03 16:02:00+02:00,1.09186,UP,6,2023-08-03 16:39:00+02:00,1.09481,29.50000000000008,37.0,2023-08-03 17:02:00+02:00,1.093,18.100000000000893,0.6135593220339269,23.0,2023-08-03 17:18:00+02:00,1.09548,24.800000000000377,16.0,36.19999999999956,2023-08-03 13:45:00+02:00,S&P Global Services PMI,US,2.0,27.775135135135145
503,2023-08-04 13:32:00+02:00,1.09436,UP,0,2023-08-04 14:30:00+02:00,1.09791,35.49999999999942,58.0,2023-08-04 14:39:00+02:00,1.09568,22.299999999999542,0.6281690140845044,9.0,2023-08-04 15:31:00+02:00,1.10273,70.5,52.0,83.69999999999989,,,,,
511,2023-08-10 18:35:00+02:00,1.10124,DOWN,1,2023-08-10 19:32:00+02:00,1.09838,28.600000000000847,57.0,2023-08-10 19:47:00+02:00,1.09918,8.00000000000134,0.27972027972031827,15.0,2023-08-10 19:58:00+02:00,1.09764,15.400000000000968,11.0,36.000000000000476,2023-08-10 17:00:00+02:00,30-Year Bond Auction,US,2.0,14.93472222222224
513,2023-08-11 14:03:00+02:00,1.10028,DOWN,4,2023-08-11 15:00:00+02:00,1.09658,36.999999999998145,57.0,2023-08-11 15:06:00+02:00,1.09813,15.499999999999403,0.4189189189189238,6.0,2023-08-11 15:51:00+02:00,1.09551,26.200000000000667,45.0,47.699999999999406,2023-08-11 12:30:00+02:00,PPI,US,2.0,27.264285714285364
518,2023-08-14 15:30:00+02:00,1.08876,UP,3,2023-08-14 16:18:00+02:00,1.0909,21.400000000000308,48.0,2023-08-14 16:29:00+02:00,1.08949,14.099999999999113,0.6588785046728463,11.0,2023-08-14 17:29:00+02:00,1.09226,27.69999999999939,60.0,35.00000000000058,2023-08-14 13:00:00+02:00,3-Month BTF Auction,FR,2.0,9.167391304347712
519,2023-08-14 16:00:00+02:00,1.0883,UP,0,2023-08-14 16:52:00+02:00,1.09096,26.599999999998847,52.0,2023-08-14 16:56:00+02:00,1.09006,8.999999999999009,0.3383458646616315,4.0,2023-08-14 17:47:00+02:00,1.09259,25.299999999999212,51.0,42.899999999999054,,,,,
523,2023-08-22 14:04:00+02:00,1.08861,DOWN,0,2023-08-22 15:01:00+02:00,1.08603,25.800000000000267,57.0,2023-08-22 15:11:00+02:00,1.08714,11.099999999999444,0.4302325581395089,10.0,2023-08-22 15:57:00+02:00,1.08414,29.999999999998916,46.0,44.69999999999974,,,,,
529,2023-08-23 14:35:00+02:00,1.08035,UP,0,2023-08-23 15:34:00+02:00,1.08356,32.10000000000157,59.0,2023-08-23 15:39:00+02:00,1.08256,10.000000000001119,0.31152647975079845,5.0,2023-08-23 16:27:00+02:00,1.0854,28.399999999999537,48.0,50.499999999999986,,,,,
530,2023-08-23 15:05:00+02:00,1.08101,UP,0,2023-08-23 15:48:00+02:00,1.0845,34.899999999999935,43.0,2023-08-23 15:54:00+02:00,1.08309,14.099999999999113,0.4040114613180269,6.0,2023-08-23 16:27:00+02:00,1.0854,23.099999999998122,33.0,43.89999999999894,,,,,
542,2023-08-30 13:34:00+02:00,1.08849,UP,2,2023-08-30 14:33:00+02:00,1.09169,32.00000000000092,59.0,2023-08-30 14:36:00+02:00,1.09061,10.799999999999699,0.3374999999999809,3.0,2023-08-30 15:34:00+02:00,1.09323,26.199999999998447,58.0,47.399999999999665,2023-08-30 12:00:00+02:00,Inflation Rate,DE,2.0,
543,2023-08-30 14:04:00+02:00,1.08836,UP,13,2023-08-30 14:55:00+02:00,1.0926,42.40000000000022,51.0,2023-08-30 15:01:00+02:00,1.09133,12.700000000001044,0.2995283018868155,6.0,2023-08-30 15:59:00+02:00,1.09459,32.600000000000406,58.0,62.29999999999958,2023-08-30 12:00:00+02:00,Inflation Rate,DE,2.0,
546,2023-08-31 14:33:00+02:00,1.0881,DOWN,7,2023-08-31 15:12:00+02:00,1.08548,26.200000000000667,39.0,2023-08-31 15:34:00+02:00,1.0866,11.200000000000099,0.42748091603052724,22.0,2023-08-31 15:47:00+02:00,1.08405,25.500000000000522,13.0,40.500000000001094,2023-08-31 12:30:00+02:00,Initial Jobless Claims,US,2.0,28.529585798816623
549,2023-09-01 14:05:00+02:00,1.08376,UP,10,2023-09-01 14:35:00+02:00,1.08821,44.49999999999843,30.0,2023-09-01 15:05:00+02:00,1.08528,29.29999999999877,0.6584269662921305,30.0,2023-09-01 15:35:00+02:00,1.08814,28.600000000000847,30.0,43.80000000000051,2023-09-01 12:30:00+02:00,U-6 Unemployment Rate,US,2.0,63.960434782608424
574,2023-09-21 14:30:00+02:00,1.06275,UP,10,2023-09-21 15:27:00+02:00,1.06544,26.89999999999859,57.0,2023-09-21 15:56:00+02:00,1.06422,12.199999999999989,0.4535315985130345,29.0,2023-09-21 16:22:00+02:00,1.06657,23.500000000000743,26.0,38.19999999999935,2023-09-21 12:30:00+02:00,Philly Fed CAPEX Index,US,2.0,25.281944444443845
580,2023-09-25 15:00:00+02:00,1.06232,DOWN,6,2023-09-25 15:45:00+02:00,1.0596,27.199999999998337,45.0,2023-09-25 16:00:00+02:00,1.06071,11.099999999999444,0.40808823529412214,15.0,2023-09-25 16:57:00+02:00,1.05754,31.70000000000117,57.0,47.80000000000007,2023-09-25 12:30:00+02:00,Chicago Fed National Activity Index,US,2.0,19.65837837837758
584,2023-09-28 15:03:00+02:00,1.05308,UP,1,2023-09-28 16:02:00+02:00,1.05552,24.399999999999977,59.0,2023-09-28 16:31:00+02:00,1.05458,9.399999999999409,0.3852459016393204,29.0,2023-09-28 16:52:00+02:00,1.05679,22.099999999998232,21.0,37.0999999999988,2023-09-28 13:00:00+02:00,Fed Goolsbee Speech,US,2.0,19.75217391304354
585,2023-10-02 09:30:00+02:00,1.05839,DOWN,7,2023-10-02 10:22:00+02:00,1.05618,22.100000000000453,52.0,2023-10-02 10:30:00+02:00,1.05683,6.500000000000394,0.29411764705883536,8.0,2023-10-02 11:30:00+02:00,1.05461,22.199999999998887,60.0,37.799999999998946,2023-10-02 07:00:00+02:00,ECB Guindos Speech,EU,2.0,18.183854166666457
592,2023-10-06 13:39:00+02:00,1.05551,DOWN,0,2023-10-06 14:34:00+02:00,1.05013,53.7999999999994,55.0,2023-10-06 14:41:00+02:00,1.05202,18.899999999999473,0.3513011152416298,7.0,2023-10-06 14:51:00+02:00,1.04827,37.499999999999204,10.0,72.39999999999912,,,,,
596,2023-10-06 15:39:00+02:00,1.05053,UP,2,2023-10-06 16:39:00+02:00,1.05555,50.200000000000244,60.0,2023-10-06 16:56:00+02:00,1.05361,19.400000000000528,0.3864541832669409,17.0,2023-10-06 17:38:00+02:00,1.05946,58.50000000000133,42.0,89.30000000000105,2023-10-06 13:10:00+02:00,Used Car Prices,US,2.0,20.595156250000247
597,2023-10-06 16:09:00+02:00,1.05103,UP,0,2023-10-06 16:39:00+02:00,1.05555,45.2000000000008,30.0,2023-10-06 16:56:00+02:00,1.05361,19.400000000000528,0.42920353982301296,17.0,2023-10-06 17:42:00+02:00,1.06001,63.999999999999616,46.0,89.79999999999988,,,,,
604,2023-10-11 14:34:00+02:00,1.05978,UP,6,2023-10-11 15:26:00+02:00,1.0621,23.200000000000998,52.0,2023-10-11 15:35:00+02:00,1.06116,9.399999999999409,0.40517241379306057,9.0,2023-10-11 15:57:00+02:00,1.06348,23.199999999998777,22.0,37.00000000000037,2023-10-11 12:30:00+02:00,PPI,US,2.0,27.264285714285364
607,2023-10-12 13:34:00+02:00,1.06171,DOWN,2,2023-10-12 14:32:00+02:00,1.05844,32.69999999999884,58.0,2023-10-12 14:48:00+02:00,1.05938,9.399999999999409,0.28746177370029796,16.0,2023-10-12 15:34:00+02:00,1.05606,33.199999999999896,46.0,56.49999999999933,2023-10-12 11:30:00+02:00,ECB Monetary Policy Meeting Accounts,EU,2.0,20.69608695652201
608,2023-10-12 14:04:00+02:00,1.06184,DOWN,10,2023-10-12 14:41:00+02:00,1.05721,46.299999999999116,37.0,2023-10-12 14:48:00+02:00,1.05938,21.700000000000053,0.4686825053995781,7.0,2023-10-12 15:48:00+02:00,1.05515,42.29999999999956,60.0,66.89999999999863,2023-10-12 11:45:00+02:00,NIESR Monthly GDP Tracker,UK,2.0,11.95833333333359
609,2023-10-12 14:34:00+02:00,1.05903,DOWN,9,2023-10-12 15:34:00+02:00,1.05606,29.69999999999917,60.0,2023-10-12 15:37:00+02:00,1.05681,7.500000000000284,0.25252525252526914,3.0,2023-10-12 16:33:00+02:00,1.05446,23.500000000000743,56.0,45.69999999999963,2023-10-12 12:30:00+02:00,CPI,US,2.0,45.47810810810828
613,2023-10-13 14:31:00+02:00,1.05392,DOWN,6,2023-10-13 15:26:00+02:00,1.05189,20.299999999999763,55.0,2023-10-13 15:56:00+02:00,1.05296,10.699999999999044,0.5270935960590724,30.0,2023-10-13 16:24:00+02:00,1.0504,25.599999999998957,28.0,35.199999999999676,2023-10-13 12:30:00+02:00,Export Prices,US,2.0,26.557083333333196
614,2023-10-13 15:01:00+02:00,1.05389,DOWN,2,2023-10-13 16:00:00+02:00,1.0513,25.900000000000922,59.0,2023-10-13 16:05:00+02:00,1.05264,13.400000000001189,0.5173745173745449,5.0,2023-10-13 16:55:00+02:00,1.04997,26.699999999999502,50.0,39.199999999999235,2023-10-13 13:00:00+02:00,ECB President Lagarde Speech,EU,2.0,18.003900709220385
619,2023-10-17 16:05:00+02:00,1.05555,UP,3,2023-10-17 16:26:00+02:00,1.05871,31.600000000000517,21.0,2023-10-17 16:52:00+02:00,1.0572,15.100000000001224,0.4778481012658537,26.0,2023-10-17 17:50:00+02:00,1.05919,19.900000000001583,58.0,36.40000000000087,2023-10-17 14:00:00+02:00,Retail Inventories Ex Autos,US,2.0,25.437343750000192
624,2023-10-23 15:31:00+02:00,1.05961,UP,1,2023-10-23 16:23:00+02:00,1.06321,36.000000000000476,52.0,2023-10-23 16:45:00+02:00,1.06178,14.300000000000423,0.39722222222222875,22.0,2023-10-23 17:30:00+02:00,1.06395,21.700000000000053,45.0,43.400000000000105,2023-10-23 14:00:00+02:00,Consumer Confidence,EU,2.0,18.664927536231673
625,2023-10-23 16:01:00+02:00,1.0608,UP,1,2023-10-23 16:23:00+02:00,1.06321,24.100000000000232,22.0,2023-10-23 16:45:00+02:00,1.06178,14.300000000000423,0.5933609958506343,22.0,2023-10-23 17:45:00+02:00,1.06469,29.09999999999968,60.0,38.899999999999494,2023-10-23 14:00:00+02:00,Consumer Confidence,EU,2.0,18.664927536231673
629,2023-10-24 14:00:00+02:00,1.06352,DOWN,1,2023-10-24 14:54:00+02:00,1.06125,22.699999999999942,54.0,2023-10-24 15:24:00+02:00,1.06196,7.099999999999884,0.3127753303964715,30.0,2023-10-24 15:46:00+02:00,1.05967,22.900000000001253,22.0,38.50000000000131,2023-10-24 12:30:00+02:00,ECB President Lagarde Speech,EU,2.0,18.003900709220385
632,2023-10-27 14:04:00+02:00,1.05389,UP,6,2023-10-27 15:04:00+02:00,1.05758,36.89999999999971,60.0,2023-10-27 15:14:00+02:00,1.05649,10.900000000000354,0.2953929539295512,10.0,2023-10-27 15:38:00+02:00,1.05921,27.200000000000557,24.0,53.19999999999992,2023-10-27 12:30:00+02:00,Core PCE Price Index,US,2.0,26.98081081081079
633,2023-10-27 14:34:00+02:00,1.05449,UP,7,2023-10-27 15:34:00+02:00,1.0591,46.10000000000003,60.0,2023-10-27 16:01:00+02:00,1.05704,20.599999999999508,0.4468546637743925,27.0,2023-10-27 16:10:00+02:00,1.05948,24.399999999999977,9.0,49.9000000000005,2023-10-27 12:30:00+02:00,PCE Price Index,US,2.0,25.377027027027
638,2023-10-31 09:02:00+01:00,1.06188,UP,6,2023-10-31 09:59:00+01:00,1.06459,27.099999999999902,57.0,2023-10-31 10:28:00+01:00,1.06363,9.599999999998499,0.35424354243537026,29.0,2023-10-31 10:59:00+01:00,1.0675,38.699999999998184,31.0,56.199999999999584,2023-10-31 07:45:00+01:00,Inflation Rate,FR,2.0,
644,2023-10-31 13:32:00+01:00,1.06402,DOWN,9,2023-10-31 14:30:00+01:00,1.06028,37.400000000000766,58.0,2023-10-31 14:46:00+01:00,1.06149,12.100000000001554,0.3235294117647408,16.0,2023-10-31 15:01:00+01:00,1.05952,19.700000000000273,15.0,44.99999999999949,2023-10-31 12:30:00+01:00,Employment Cost Index,US,2.0,23.80084615384603
646,2023-10-31 16:02:00+01:00,1.05987,DOWN,1,2023-10-31 16:57:00+01:00,1.05663,32.40000000000131,55.0,2023-10-31 17:05:00+01:00,1.05746,8.300000000001084,0.2561728395061959,8.0,2023-10-31 17:41:00+01:00,1.05576,17.000000000000348,36.0,41.10000000000058,2023-10-31 15:30:00+01:00,52-Week Bill Auction,US,2.0,13.353749999999886
653,2023-11-03 13:00:00+01:00,1.06466,UP,11,2023-11-03 13:49:00+01:00,1.07196,73.00000000000084,49.0,2023-11-03 14:11:00+01:00,1.06962,23.400000000000087,0.32054794520547697,22.0,2023-11-03 15:00:00+01:00,1.07349,38.7000000000004,49.0,88.30000000000115,2023-11-03 12:15:00+01:00,BoE Pill Speech,UK,2.0,11.185106382978724
656,2023-11-08 15:33:00+01:00,1.06769,UP,3,2023-11-08 16:32:00+01:00,1.06977,20.800000000000818,59.0,2023-11-08 16:41:00+01:00,1.06854,12.300000000000644,0.5913461538461615,9.0,2023-11-08 17:12:00+01:00,1.07151,29.69999999999917,31.0,38.19999999999935,2023-11-08 14:15:00+01:00,Fed Chair Powell Speech,US,2.0,29.358571428571473
661,2023-11-09 19:34:00+01:00,1.06994,DOWN,1,2023-11-09 20:18:00+01:00,1.06672,32.2,44.0,2023-11-09 20:24:00+01:00,1.06769,9.700000000001374,0.30124223602488737,6.0,2023-11-09 20:43:00+01:00,1.06603,16.599999999999948,19.0,39.09999999999858,2023-11-09 19:00:00+01:00,Fed Chair Powell Speech,US,2.0,29.358571428571473
667,2023-11-14 15:05:00+01:00,1.0806,UP,1,2023-11-14 15:58:00+01:00,1.08358,29.799999999999827,53.0,2023-11-14 16:21:00+01:00,1.08233,12.499999999999734,0.41946308724831566,23.0,2023-11-14 17:05:00+01:00,1.0844,20.700000000000163,44.0,38.000000000000256,2023-11-14 13:55:00+01:00,Redbook,US,2.0,17.65177215189813
670,2023-11-15 14:30:00+01:00,1.08761,DOWN,11,2023-11-15 14:45:00+01:00,1.084,36.099999999998914,15.0,2023-11-15 14:55:00+01:00,1.08616,21.599999999999397,0.5983379501385054,10.0,2023-11-15 15:54:00+01:00,1.08376,23.999999999999577,59.0,38.49999999999909,2023-11-15 13:30:00+01:00,PPI,US,2.0,27.264285714285364
673,2023-11-16 14:10:00+01:00,1.0848,UP,14,2023-11-16 14:59:00+01:00,1.08817,33.700000000000955,49.0,2023-11-16 15:27:00+01:00,1.08585,23.200000000000998,0.6884272997032742,28.0,2023-11-16 16:06:00+01:00,1.08883,29.799999999999827,39.0,40.299999999999784,2023-11-16 13:30:00+01:00,Import Prices,US,2.0,25.47916666666693
679,2023-11-22 14:31:00+01:00,1.09057,DOWN,7,2023-11-22 15:15:00+01:00,1.08716,34.10000000000135,44.0,2023-11-22 15:45:00+01:00,1.0888,16.40000000000086,0.4809384164222935,30.0,2023-11-22 16:14:00+01:00,1.08524,35.60000000000008,29.0,53.300000000000566,2023-11-22 13:30:00+01:00,Continuing Jobless Claims,US,2.0,27.763139534884026
682,2023-11-28 14:04:00+01:00,1.09483,UP,0,2023-11-28 15:00:00+01:00,1.09743,25.999999999999357,56.0,2023-11-28 15:06:00+01:00,1.09644,9.899999999998244,0.38076923076917263,6.0,2023-11-28 16:04:00+01:00,1.09883,23.899999999998922,58.0,40.000000000000036,,,,,
684,2023-11-30 08:00:00+01:00,1.09781,DOWN,2,2023-11-30 08:45:00+01:00,1.09406,37.499999999999204,45.0,2023-11-30 09:15:00+01:00,1.09571,16.499999999999293,0.4399999999999905,30.0,2023-11-30 09:56:00+01:00,1.09206,36.49999999999931,41.0,57.49999999999922,2023-11-30 07:00:00+01:00,Retail Sales,DE,2.0,
685,2023-11-30 08:30:00+01:00,1.09668,DOWN,12,2023-11-30 08:45:00+01:00,1.09406,26.200000000000667,15.0,2023-11-30 09:15:00+01:00,1.09571,16.499999999999293,0.6297709923663692,30.0,2023-11-30 10:04:00+01:00,1.09202,36.89999999999971,49.0,46.60000000000109,2023-11-30 07:00:00+01:00,Retail Sales,DE,2.0,
686,2023-11-30 14:30:00+01:00,1.09355,DOWN,12,2023-11-30 15:00:00+01:00,1.09077,27.800000000000047,30.0,2023-11-30 15:15:00+01:00,1.09228,15.099999999999003,0.5431654676258625,15.0,2023-11-30 15:47:00+01:00,1.08925,30.29999999999866,32.0,42.9999999999997,2023-11-30 13:30:00+01:00,Core PCE Price Index,US,2.0,26.98081081081079
690,2023-12-01 16:31:00+01:00,1.08449,UP,2,2023-12-01 17:30:00+01:00,1.08693,24.399999999999977,59.0,2023-12-01 17:31:00+01:00,1.0863,6.299999999999084,0.2581967213114381,1.0,2023-12-01 17:54:00+01:00,1.08856,22.599999999999287,23.0,40.70000000000018,2023-12-01 15:40:00+01:00,New Car Registrations,FR,2.0,
694,2023-12-04 14:30:00+01:00,1.08696,DOWN,4,2023-12-04 15:23:00+01:00,1.08198,49.79999999999984,53.0,2023-12-04 15:51:00+01:00,1.08402,20.400000000000418,0.40963855421687717,28.0,2023-12-04 16:26:00+01:00,1.08126,27.599999999998737,35.0,56.99999999999817,2023-12-04 14:00:00+01:00,12-Month BTF Auction,FR,2.0,9.167391304347712
695,2023-12-04 15:00:00+01:00,1.08523,DOWN,4,2023-12-04 15:23:00+01:00,1.08198,32.49999999999975,23.0,2023-12-04 15:51:00+01:00,1.08402,20.400000000000418,0.6276923076923253,28.0,2023-12-04 16:43:00+01:00,1.08042,36.000000000000476,52.0,48.09999999999981,2023-12-04 14:00:00+01:00,12-Month BTF Auction,FR,2.0,9.167391304347712
699,2023-12-05 16:04:00+01:00,1.08357,DOWN,12,2023-12-05 16:52:00+01:00,1.07991,36.599999999999966,48.0,2023-12-05 17:07:00+01:00,1.08134,14.300000000000423,0.3907103825136731,15.0,2023-12-05 17:56:00+01:00,1.07822,31.200000000000117,49.0,53.49999999999966,2023-12-05 14:45:00+01:00,S&P Global Composite PMI,US,2.0,28.579726027397196
711,2023-12-13 19:03:00+01:00,1.07823,UP,0,2023-12-13 20:02:00+01:00,1.08477,65.3999999999999,59.0,2023-12-13 20:08:00+01:00,1.08282,19.500000000001183,0.29816513761469743,6.0,2023-12-13 20:51:00+01:00,1.08918,63.60000000000143,43.0,109.50000000000016,,,,,
716,2023-12-14 14:00:00+01:00,1.09212,UP,15,2023-12-14 15:00:00+01:00,1.09522,31.000000000001027,60.0,2023-12-14 15:07:00+01:00,1.09362,16.00000000000046,0.5161290322580622,7.0,2023-12-14 16:00:00+01:00,1.09933,57.099999999998815,53.0,72.09999999999938,2023-12-14 13:15:00+01:00,Deposit Facility Rate,EU,2.0,44.749999999999915
717,2023-12-14 14:30:00+01:00,1.09111,UP,16,2023-12-14 15:13:00+01:00,1.09786,67.50000000000034,43.0,2023-12-14 15:29:00+01:00,1.09494,29.200000000000337,0.4325925925925954,16.0,2023-12-14 16:02:00+01:00,1.09973,47.900000000000716,33.0,86.20000000000073,2023-12-14 13:15:00+01:00,Marginal Lending Rate,EU,2.0,50.23600000000006
719,2023-12-14 15:30:00+01:00,1.0951,UP,3,2023-12-14 16:02:00+01:00,1.09973,46.30000000000134,32.0,2023-12-14 16:32:00+01:00,1.09751,22.200000000001108,0.47948164146869254,30.0,2023-12-14 17:12:00+01:00,1.10001,24.999999999999467,40.0,49.099999999999696,2023-12-14 14:45:00+01:00,ECB Economic Projections,EU,2.0,18.650000000001164
723,2023-12-15 13:00:00+01:00,1.09669,DOWN,0,2023-12-15 13:59:00+01:00,1.09409,25.999999999999357,59.0,2023-12-15 14:11:00+01:00,1.09485,7.600000000000939,0.2923076923077357,12.0,2023-12-15 14:42:00+01:00,1.09043,44.200000000000905,31.0,62.599999999999326,,,,,
743,2024-01-02 10:01:00+01:00,1.10349,DOWN,12,2024-01-02 10:46:00+01:00,1.1011,23.900000000001143,45.0,2024-01-02 10:50:00+01:00,1.10202,9.200000000000319,0.3849372384937188,4.0,2024-01-02 11:13:00+01:00,1.09973,22.899999999999032,23.0,37.59999999999985,2024-01-02 08:45:00+01:00,HCOB Manufacturing PMI,IT,2.0,
744,2024-01-02 10:31:00+01:00,1.10343,DOWN,2,2024-01-02 11:13:00+01:00,1.09973,36.999999999998145,42.0,2024-01-02 11:41:00+01:00,1.10103,12.999999999998568,0.3513513513513303,28.0,2024-01-02 12:30:00+01:00,1.0977,33.30000000000055,49.0,57.300000000000125,2024-01-02 09:30:00+01:00,S&P Global/CIPS Manufacturing PMI,UK,2.0,9.370967741935239
757,2024-01-05 16:35:00+01:00,1.09863,DOWN,0,2024-01-05 17:29:00+01:00,1.09627,23.599999999999177,54.0,2024-01-05 17:42:00+01:00,1.09704,7.699999999999374,0.32627118644066283,13.0,2024-01-05 18:34:00+01:00,1.09433,27.099999999999902,52.0,42.9999999999997,,,,,
769,2024-01-18 13:31:00+01:00,1.08859,DOWN,1,2024-01-18 14:30:00+01:00,1.08528,33.09999999999924,59.0,2024-01-18 14:35:00+01:00,1.08746,21.800000000000708,0.6586102719033597,5.0,2024-01-18 14:59:00+01:00,1.08508,23.800000000000487,24.0,35.09999999999902,2024-01-18 12:30:00+01:00,ECB Monetary Policy Meeting Accounts,EU,2.0,20.69608695652201
770,2024-01-23 15:02:00+01:00,1.08712,DOWN,0,2024-01-23 15:53:00+01:00,1.08487,22.500000000000853,51.0,2024-01-23 16:07:00+01:00,1.08585,9.799999999999809,0.43555555555553055,14.0,2024-01-23 16:44:00+01:00,1.08218,36.70000000000062,37.0,49.40000000000167,,,,,
773,2024-01-24 13:33:00+01:00,1.08883,UP,0,2024-01-24 14:32:00+01:00,1.09178,29.50000000000008,59.0,2024-01-24 14:44:00+01:00,1.09087,9.099999999999664,0.3084745762711742,12.0,2024-01-24 15:30:00+01:00,1.09325,23.800000000000487,46.0,44.200000000000905,,,,,
774,2024-01-24 15:33:00+01:00,1.09274,DOWN,3,2024-01-24 16:03:00+01:00,1.08961,31.30000000000077,30.0,2024-01-24 16:25:00+01:00,1.09079,11.799999999999589,0.37699680511179867,22.0,2024-01-24 17:13:00+01:00,1.08908,17.099999999998783,48.0,36.599999999999966,2024-01-24 14:45:00+01:00,S&P Global Services PMI,US,2.0,27.775135135135145
775,2024-01-25 14:01:00+01:00,1.08886,DOWN,31,2024-01-25 15:01:00+01:00,1.08661,22.499999999998632,60.0,2024-01-25 15:28:00+01:00,1.08726,6.499999999998174,0.2888888888888253,27.0,2024-01-25 15:32:00+01:00,1.08532,19.399999999998307,4.0,35.39999999999877,2024-01-25 12:40:00+01:00,Building Permits,US,2.0,18.23392857142945
776,2024-01-25 14:31:00+01:00,1.08887,DOWN,30,2024-01-25 15:11:00+01:00,1.08552,33.499999999999645,40.0,2024-01-25 15:28:00+01:00,1.08726,17.399999999998528,0.5194029850745884,17.0,2024-01-25 16:17:00+01:00,1.08378,34.79999999999927,49.0,50.90000000000039,2024-01-25 13:15:00+01:00,ECB Interest Rate Decision,EU,2.0,50.23600000000006
778,2024-01-31 14:02:00+01:00,1.08383,UP,9,2024-01-31 14:55:00+01:00,1.08631,24.800000000000377,53.0,2024-01-31 15:00:00+01:00,1.08525,10.600000000000609,0.4274193548387277,5.0,2024-01-31 15:56:00+01:00,1.08868,34.30000000000044,56.0,48.50000000000021,2024-01-31 13:00:00+01:00,Inflation Rate,DE,2.0,
780,2024-01-31 16:02:00+01:00,1.08856,DOWN,10,2024-01-31 16:52:00+01:00,1.08543,31.30000000000077,50.0,2024-01-31 17:01:00+01:00,1.0868,13.700000000000934,0.4376996805112012,9.0,2024-01-31 17:28:00+01:00,1.0845,22.999999999999687,27.0,40.599999999999525,2024-01-31 14:45:00+01:00,Chicago PMI,US,2.0,22.93864864864908
791,2024-02-02 14:33:00+01:00,1.08246,DOWN,10,2024-02-02 15:04:00+01:00,1.07919,32.69999999999884,31.0,2024-02-02 15:22:00+01:00,1.08087,16.799999999999038,0.5137614678898971,18.0,2024-02-02 16:22:00+01:00,1.07883,20.400000000000418,60.0,36.300000000000225,2024-02-02 13:30:00+01:00,Government Payrolls,US,2.0,59.172432432431954
798,2024-02-15 14:03:00+01:00,1.07443,UP,20,2024-02-15 14:30:00+01:00,1.07731,28.799999999999937,27.0,2024-02-15 14:34:00+01:00,1.07556,17.499999999999183,0.6076388888888619,4.0,2024-02-15 15:34:00+01:00,1.0783,27.399999999999647,60.0,38.7000000000004,2024-02-15 13:00:00+01:00,BoE Greene Speech,UK,2.0,9.90000000000002
802,2024-02-20 14:02:00+01:00,1.08002,UP,0,2024-02-20 14:57:00+01:00,1.0825,24.800000000000377,55.0,2024-02-20 15:08:00+01:00,1.08184,6.6000000000010495,0.2661290322581028,11.0,2024-02-20 15:34:00+01:00,1.08391,20.700000000000163,26.0,38.899999999999494,,,,,
807,2024-02-22 13:31:00+01:00,1.08497,DOWN,1,2024-02-22 14:31:00+01:00,1.08273,22.400000000000198,60.0,2024-02-22 14:36:00+01:00,1.08356,8.300000000001084,0.37053571428575943,5.0,2024-02-22 15:31:00+01:00,1.08099,25.700000000001832,55.0,39.80000000000095,2024-02-22 12:30:00+01:00,ECB Monetary Policy Meeting Accounts,EU,2.0,20.69608695652201
812,2024-03-07 14:31:00+01:00,1.08794,UP,13,2024-03-07 15:30:00+01:00,1.09031,23.699999999999832,59.0,2024-03-07 15:41:00+01:00,1.08959,7.199999999998319,0.3037974683543616,11.0,2024-03-07 15:56:00+01:00,1.09196,23.699999999999832,15.0,40.200000000001346,2024-03-07 13:15:00+01:00,Deposit Facility Rate,EU,2.0,44.749999999999915
817,2024-03-08 13:33:00+01:00,1.09322,UP,0,2024-03-08 14:31:00+01:00,1.09715,39.29999999999989,58.0,2024-03-08 14:35:00+01:00,1.09474,24.100000000000232,0.6132315521628575,4.0,2024-03-08 14:43:00+01:00,1.09815,34.09999999999913,8.0,49.29999999999879,,,,,
821,2024-03-20 18:02:00+01:00,1.08595,UP,0,2024-03-20 19:02:00+01:00,1.08886,29.09999999999968,60.0,2024-03-20 19:18:00+01:00,1.087,18.599999999999728,0.6391752577319564,16.0,2024-03-20 19:56:00+01:00,1.09178,47.80000000000007,38.0,58.30000000000002,,,,,
823,2024-03-20 19:02:00+01:00,1.08822,UP,8,2024-03-20 19:56:00+01:00,1.09178,35.60000000000008,54.0,2024-03-20 20:16:00+01:00,1.09022,15.600000000000058,0.4382022471910119,20.0,2024-03-20 20:42:00+01:00,1.09228,20.599999999999508,26.0,40.599999999999525,2024-03-20 18:00:00+01:00,FOMC Economic Projections,US,2.0,52.21384615384632
835,2024-04-03 15:07:00+02:00,1.07844,UP,0,2024-04-03 16:02:00+02:00,1.08181,33.69999999999873,55.0,2024-04-03 16:11:00+02:00,1.0798,20.099999999998452,0.5964391691394424,9.0,2024-04-03 16:56:00+02:00,1.08242,26.199999999998447,45.0,39.799999999998725,,,,,
836,2024-04-03 15:37:00+02:00,1.07882,UP,8,2024-04-03 16:02:00+02:00,1.08181,29.90000000000048,25.0,2024-04-03 16:11:00+02:00,1.0798,20.099999999998452,0.6722408026755227,9.0,2024-04-03 16:56:00+02:00,1.08242,26.199999999998447,45.0,36.000000000000476,2024-04-03 13:45:00+02:00,S&P Global Services PMI,US,2.0,27.775135135135145
837,2024-04-05 13:30:00+02:00,1.0836,DOWN,0,2024-04-05 14:30:00+02:00,1.08055,30.49999999999997,60.0,2024-04-05 14:38:00+02:00,1.0821,15.500000000001624,0.5081967213115292,8.0,2024-04-05 15:14:00+02:00,1.07914,29.600000000000737,36.0,44.599999999999085,,,,,
838,2024-04-05 14:00:00+02:00,1.08382,DOWN,11,2024-04-05 14:52:00+02:00,1.08003,37.8999999999996,52.0,2024-04-05 15:01:00+02:00,1.08139,13.600000000000279,0.35883905013193723,9.0,2024-04-05 15:14:00+02:00,1.07914,22.500000000000853,13.0,46.800000000000175,2024-04-05 12:30:00+02:00,Average Hourly Earnings,US,2.0,60.631392405062975
840,2024-04-05 16:00:00+02:00,1.08013,UP,0,2024-04-05 16:46:00+02:00,1.08265,25.199999999998557,46.0,2024-04-05 16:57:00+02:00,1.08148,11.699999999998933,0.46428571428569854,11.0,2024-04-05 17:57:00+02:00,1.08436,28.799999999999937,60.0,42.29999999999956,,,,,
857,2024-04-25 13:35:00+02:00,1.0724,DOWN,0,2024-04-25 14:32:00+02:00,1.06951,28.900000000000592,57.0,2024-04-25 14:36:00+02:00,1.07077,12.600000000000389,0.4359861591695547,4.0,2024-04-25 15:13:00+02:00,1.06786,29.09999999999968,37.0,45.399999999999885,,,,,
858,2024-04-25 14:05:00+02:00,1.07187,DOWN,22,2024-04-25 14:54:00+02:00,1.06857,33.00000000000081,49.0,2024-04-25 15:02:00+02:00,1.06999,14.199999999999768,0.4303030303030127,8.0,2024-04-25 15:13:00+02:00,1.06786,21.299999999999653,11.0,40.10000000000069,2024-04-25 12:30:00+02:00,Goods Trade Balance,US,2.0,31.727777777777145
859,2024-04-26 14:38:00+02:00,1.07305,DOWN,6,2024-04-26 15:32:00+02:00,1.07091,21.400000000000308,54.0,2024-04-26 15:38:00+02:00,1.07172,8.099999999999774,0.37850467289718026,6.0,2024-04-26 16:37:00+02:00,1.06894,27.800000000000047,59.0,41.10000000000058,2024-04-26 12:30:00+02:00,Personal Income,US,2.0,25.65612244897954
864,2024-05-01 19:04:00+02:00,1.06725,UP,0,2024-05-01 20:04:00+02:00,1.06965,23.999999999999577,60.0,2024-05-01 20:11:00+02:00,1.06798,16.700000000000603,0.6958333333333707,7.0,2024-05-01 20:55:00+02:00,1.07329,53.10000000000148,44.0,60.40000000000045,,,,,
873,2024-05-09 14:13:00+02:00,1.0732,UP,5,2024-05-09 14:44:00+02:00,1.07625,30.49999999999997,31.0,2024-05-09 15:07:00+02:00,1.07524,10.099999999999554,0.3311475409835922,23.0,2024-05-09 16:03:00+02:00,1.07713,18.899999999999473,56.0,39.29999999999989,2024-05-09 12:15:00+02:00,ECB Cipollone Speech,EU,2.0,17.06785714285744
878,2024-05-23 15:34:00+02:00,1.08587,DOWN,6,2024-05-23 15:54:00+02:00,1.08284,30.29999999999866,20.0,2024-05-23 16:01:00+02:00,1.08426,14.199999999999768,0.4686468646864817,7.0,2024-05-23 16:52:00+02:00,1.08235,19.100000000000783,51.0,35.199999999999676,2024-05-23 13:45:00+02:00,S&P Global Composite PMI,US,2.0,28.579726027397196
880,2024-05-31 16:09:00+02:00,1.08765,DOWN,1,2024-05-31 16:53:00+02:00,1.08513,25.200000000000777,44.0,2024-05-31 16:56:00+02:00,1.08603,9.00000000000123,0.3571428571428949,3.0,2024-05-31 17:22:00+02:00,1.08419,18.400000000000638,26.0,34.600000000000186,2024-05-31 13:45:00+02:00,Chicago PMI,US,2.0,22.93864864864908
882,2024-06-03 15:00:00+02:00,1.08463,UP,3,2024-06-03 16:00:00+02:00,1.08737,27.399999999999647,60.0,2024-06-03 16:02:00+02:00,1.08634,10.299999999998644,0.37591240875907944,2.0,2024-06-03 16:15:00+02:00,1.08826,19.199999999999218,13.0,36.300000000000225,2024-06-03 13:00:00+02:00,3-Month BTF Auction,FR,2.0,9.167391304347712
893,2024-06-12 19:47:00+02:00,1.08403,DOWN,8,2024-06-12 20:45:00+02:00,1.08154,24.900000000001032,58.0,2024-06-12 20:56:00+02:00,1.08217,6.300000000001305,0.253012048192813,11.0,2024-06-12 21:32:00+02:00,1.08039,17.80000000000115,36.0,36.40000000000087,2024-06-12 18:00:00+02:00,Fed Interest Rate Decision,US,2.0,51.74600000000022
896,2024-06-13 16:02:00+02:00,1.07894,DOWN,1,2024-06-13 16:54:00+02:00,1.07631,26.299999999999102,52.0,2024-06-13 17:00:00+02:00,1.07724,9.299999999998754,0.3536121673003449,6.0,2024-06-13 18:00:00+02:00,1.07532,19.199999999999218,60.0,36.19999999999956,2024-06-13 14:30:00+02:00,EIA Natural Gas Stocks Change,US,2.0,18.80899371069174
910,2024-07-11 13:40:00+02:00,1.08516,UP,1,2024-07-11 14:33:00+02:00,1.08939,42.30000000000178,53.0,2024-07-11 14:36:00+02:00,1.08738,20.100000000000673,0.4751773049645349,3.0,2024-07-11 14:51:00+02:00,1.09001,26.299999999999102,15.0,48.50000000000021,2024-07-11 12:00:00+02:00,NIESR Monthly GDP Tracker,UK,2.0,11.95833333333359
917,2024-08-02 14:30:00+02:00,1.08709,UP,10,2024-08-02 15:18:00+02:00,1.09,29.100000000001902,48.0,2024-08-02 15:38:00+02:00,1.08855,14.500000000001734,0.49828178694160774,20.0,2024-08-02 16:28:00+02:00,1.0918,32.500000000001975,50.0,47.10000000000214,2024-08-02 12:30:00+02:00,Nonfarm Payrolls Private,US,2.0,61.29945945945923
918,2024-08-02 15:00:00+02:00,1.08865,UP,10,2024-08-02 16:00:00+02:00,1.09077,21.200000000001218,60.0,2024-08-02 16:11:00+02:00,1.09003,7.399999999999629,0.34905660377354736,11.0,2024-08-02 16:56:00+02:00,1.09267,26.399999999999757,45.0,40.200000000001346,2024-08-02 12:30:00+02:00,Government Payrolls,US,2.0,59.172432432431954
923,2024-08-05 08:30:00+02:00,1.09044,UP,1,2024-08-05 09:30:00+02:00,1.09501,45.69999999999963,60.0,2024-08-05 09:54:00+02:00,1.09378,12.300000000000644,0.2691466083151147,24.0,2024-08-05 10:11:00+02:00,1.09751,37.30000000000011,17.0,70.6999999999991,2024-08-05 07:00:00+02:00,Industrial Production,ES,2.0,
924,2024-08-05 09:00:00+02:00,1.09081,UP,3,2024-08-05 09:34:00+02:00,1.09672,59.0999999999986,34.0,2024-08-05 09:54:00+02:00,1.09378,29.399999999999427,0.4974619289340122,20.0,2024-08-05 10:11:00+02:00,1.09751,37.30000000000011,17.0,66.99999999999929,2024-08-05 07:00:00+02:00,Industrial Production,ES,2.0,
926,2024-08-05 13:30:00+02:00,1.09469,UP,0,2024-08-05 14:15:00+02:00,1.09749,28.000000000001357,45.0,2024-08-05 14:21:00+02:00,1.09663,8.60000000000083,0.3071428571428719,6.0,2024-08-05 14:49:00+02:00,1.10089,42.599999999999305,28.0,61.99999999999983,,,,,
928,2024-08-05 14:30:00+02:00,1.09701,UP,3,2024-08-05 14:49:00+02:00,1.10089,38.79999999999883,19.0,2024-08-05 14:52:00+02:00,1.09836,25.299999999999212,0.6520618556701024,3.0,2024-08-05 15:34:00+02:00,1.10035,19.899999999999363,42.0,33.39999999999898,2024-08-05 13:00:00+02:00,12-Month BTF Auction,FR,2.0,9.167391304347712
929,2024-08-05 15:00:00+02:00,1.09947,DOWN,3,2024-08-05 16:00:00+02:00,1.09634,31.29999999999855,60.0,2024-08-05 16:08:00+02:00,1.09783,14.899999999999913,0.47603833865816625,8.0,2024-08-05 16:33:00+02:00,1.09566,21.700000000000053,25.0,38.09999999999869,2024-08-05 13:00:00+02:00,3-Month BTF Auction,FR,2.0,9.167391304347712
930,2024-08-05 15:30:00+02:00,1.09977,DOWN,10,2024-08-05 16:06:00+02:00,1.09592,38.49999999999909,36.0,2024-08-05 16:08:00+02:00,1.09783,19.100000000000783,0.4961038961039282,2.0,2024-08-05 16:33:00+02:00,1.09566,21.700000000000053,25.0,41.09999999999836,2024-08-05 13:00:00+02:00,6-Month BTF Auction,FR,2.0,9.167391304347712
932,2024-08-08 14:00:00+02:00,1.09306,DOWN,3,2024-08-08 14:55:00+02:00,1.08917,38.899999999999494,55.0,2024-08-08 15:07:00+02:00,1.09064,14.700000000000824,0.37789203084835515,12.0,2024-08-08 15:49:00+02:00,1.08815,24.900000000001032,42.0,49.099999999999696,2024-08-08 12:30:00+02:00,Jobless Claims 4-week Average,US,2.0,27.913457446808675
933,2024-08-08 14:30:00+02:00,1.09227,DOWN,3,2024-08-08 14:55:00+02:00,1.08917,31.000000000001027,25.0,2024-08-08 15:07:00+02:00,1.09064,14.700000000000824,0.47419354838710764,12.0,2024-08-08 15:49:00+02:00,1.08815,24.900000000001032,42.0,41.20000000000124,2024-08-08 12:30:00+02:00,Continuing Jobless Claims,US,2.0,27.763139534884026
934,2024-08-14 14:32:00+02:00,1.10056,UP,6,2024-08-14 15:11:00+02:00,1.10422,36.599999999999966,39.0,2024-08-14 15:30:00+02:00,1.10219,20.299999999999763,0.5546448087431635,19.0,2024-08-14 16:30:00+02:00,1.10442,22.299999999999542,60.0,38.599999999999746,2024-08-14 12:30:00+02:00,CPI s.a,US,2.0,44.534411764706576
939,2024-08-15 15:09:00+02:00,1.09508,UP,6,2024-08-15 16:05:00+02:00,1.09714,20.599999999999508,56.0,2024-08-15 16:08:00+02:00,1.09652,6.200000000000649,0.3009708737864465,3.0,2024-08-15 17:01:00+02:00,1.09867,21.500000000000963,53.0,35.89999999999982,2024-08-15 13:10:00+02:00,Fed Musalem Speech,US,2.0,16.979166666666824
942,2024-08-22 15:01:00+02:00,1.11409,DOWN,0,2024-08-22 15:57:00+02:00,1.11124,28.500000000000192,56.0,2024-08-22 16:00:00+02:00,1.11198,7.399999999999629,0.2596491228070028,3.0,2024-08-22 16:23:00+02:00,1.10983,21.499999999998742,23.0,42.599999999999305,,,,,
947,2024-08-23 16:03:00+02:00,1.11409,UP,3,2024-08-23 16:57:00+02:00,1.1185,44.10000000000025,54.0,2024-08-23 17:00:00+02:00,1.11739,11.099999999999444,0.2517006802720948,3.0,2024-08-23 17:24:00+02:00,1.11962,22.299999999999542,24.0,55.30000000000035,2024-08-23 14:00:00+02:00,New Home Sales,US,2.0,24.014285714285556
949,2024-08-29 09:02:00+02:00,1.11263,DOWN,6,2024-08-29 10:02:00+02:00,1.11016,24.699999999999722,60.0,2024-08-29 10:03:00+02:00,1.11092,7.599999999998719,0.3076923076922593,1.0,2024-08-29 10:24:00+02:00,1.10722,36.999999999998145,21.0,54.09999999999915,2024-08-29 07:00:00+02:00,Harmonised Inflation Rate,ES,2.0,8.754666666666733
952,2024-09-04 15:00:00+02:00,1.10513,UP,4,2024-09-04 16:00:00+02:00,1.1077,25.699999999999612,60.0,2024-09-04 16:10:00+02:00,1.10668,10.199999999997988,0.39688715953300163,10.0,2024-09-04 16:57:00+02:00,1.10952,28.399999999999537,47.0,43.90000000000116,2024-09-04 12:30:00+02:00,Exports,US,2.0,21.989473684210125
953,2024-09-04 15:30:00+02:00,1.10554,UP,4,2024-09-04 16:03:00+02:00,1.10865,31.09999999999946,33.0,2024-09-04 16:10:00+02:00,1.10668,19.699999999998052,0.6334405144694017,7.0,2024-09-04 16:57:00+02:00,1.10952,28.399999999999537,47.0,39.80000000000095,2024-09-04 14:00:00+02:00,JOLTs Job Openings,US,2.0,26.221891891892085
964,2024-09-11 13:31:00+02:00,1.10517,DOWN,1,2024-09-11 14:30:00+02:00,1.10144,37.30000000000011,59.0,2024-09-11 14:32:00+02:00,1.10326,18.199999999999328,0.48793565683644163,2.0,2024-09-11 14:46:00+02:00,1.10036,28.999999999999027,14.0,48.09999999999981,2024-09-11 11:15:00+02:00,NIESR Monthly GDP Tracker,UK,2.0,11.95833333333359
965,2024-09-11 14:01:00+02:00,1.10407,DOWN,6,2024-09-11 14:46:00+02:00,1.10036,37.10000000000102,45.0,2024-09-11 15:13:00+02:00,1.1026,22.400000000000198,0.6037735849056491,27.0,2024-09-11 16:01:00+02:00,1.10071,18.899999999999473,48.0,33.60000000000029,2024-09-11 12:30:00+02:00,Inflation Rate,US,2.0,48.84133333333301
968,2024-09-18 19:05:00+02:00,1.11252,UP,0,2024-09-18 20:01:00+02:00,1.11783,53.10000000000148,56.0,2024-09-18 20:02:00+02:00,1.1143,35.30000000000033,0.6647834274952796,1.0,2024-09-18 20:34:00+02:00,1.11892,46.19999999999847,32.0,63.999999999999616,,,,,
970,2024-09-18 20:05:00+02:00,1.11641,DOWN,8,2024-09-18 21:05:00+02:00,1.11317,32.399999999999096,60.0,2024-09-18 21:15:00+02:00,1.11481,16.40000000000086,0.5061728395062135,10.0,2024-09-18 21:50:00+02:00,1.1097,51.1000000000017,35.0,67.09999999999994,2024-09-18 18:00:00+02:00,Interest Rate Projection - 2nd Yr,US,2.0,53.94375000000029
971,2024-09-18 20:35:00+02:00,1.11783,DOWN,1,2024-09-18 21:22:00+02:00,1.11201,58.20000000000158,47.0,2024-09-18 21:27:00+02:00,1.11391,19.000000000000128,0.3264604810996497,5.0,2024-09-18 21:50:00+02:00,1.1097,42.10000000000047,23.0,81.30000000000193,2024-09-18 18:30:00+02:00,Fed Press Conference,US,2.0,43.213999999999885
979,2024-09-19 13:00:00+02:00,1.11729,DOWN,5,2024-09-19 13:22:00+02:00,1.1152,20.899999999999253,22.0,2024-09-19 13:40:00+02:00,1.11638,11.799999999999589,0.5645933014354072,18.0,2024-09-19 14:36:00+02:00,1.11309,32.90000000000015,56.0,41.999999999999815,2024-09-19 11:00:00+02:00,BoE MPC Vote Cut,UK,2.0,
980,2024-09-19 14:00:00+02:00,1.11553,DOWN,10,2024-09-19 15:00:00+02:00,1.1125,30.29999999999866,60.0,2024-09-19 15:19:00+02:00,1.11408,15.799999999999148,0.5214521452145163,19.0,2024-09-19 15:51:00+02:00,1.11176,23.199999999998777,32.0,37.69999999999829,2024-09-19 12:30:00+02:00,Jobless Claims 4-week Average,US,2.0,27.913457446808675
987,2024-09-25 15:32:00+02:00,1.12042,DOWN,2,2024-09-25 16:20:00+02:00,1.11791,25.100000000000122,48.0,2024-09-25 16:37:00+02:00,1.11866,7.500000000000284,0.2988047808765039,17.0,2024-09-25 17:27:00+02:00,1.11541,32.49999999999975,50.0,50.09999999999959,2024-09-25 14:00:00+02:00,New Home Sales,US,2.0,24.014285714285556
988,2024-09-25 16:02:00+02:00,1.11925,DOWN,11,2024-09-25 16:53:00+02:00,1.11654,27.099999999999902,51.0,2024-09-25 17:03:00+02:00,1.11754,9.999999999998899,0.36900369003686107,10.0,2024-09-25 18:00:00+02:00,1.11417,33.69999999999873,57.0,50.799999999999734,2024-09-25 14:00:00+02:00,New Home Sales,US,2.0,24.014285714285556
994,2024-09-27 08:02:00+02:00,1.11644,DOWN,0,2024-09-27 08:52:00+02:00,1.11404,24.000000000001798,50.0,2024-09-27 08:58:00+02:00,1.11523,11.900000000000244,0.49583333333330637,6.0,2024-09-27 09:25:00+02:00,1.11249,27.399999999999647,27.0,39.5000000000012,,,,,
1007,2024-10-01 08:32:00+02:00,1.11396,DOWN,1,2024-10-01 09:11:00+02:00,1.11118,27.800000000000047,39.0,2024-10-01 09:23:00+02:00,1.11271,15.300000000000313,0.5503597122302262,12.0,2024-10-01 10:16:00+02:00,1.11007,26.400000000001977,53.0,38.90000000000171,2024-10-01 07:00:00+02:00,ECB Guindos Speech,EU,2.0,18.183854166666457
1013,2024-10-17 13:38:00+02:00,1.08669,DOWN,0,2024-10-17 14:38:00+02:00,1.08343,32.600000000000406,60.0,2024-10-17 14:54:00+02:00,1.08494,15.100000000001224,0.4631901840491115,16.0,2024-10-17 15:28:00+02:00,1.08112,38.19999999999935,34.0,55.699999999998525,,,,,
1015,2024-10-29 14:00:00+01:00,1.0775,UP,9,2024-10-29 15:00:00+01:00,1.08095,34.50000000000175,60.0,2024-10-29 15:14:00+01:00,1.07912,18.299999999999983,0.5304347826086683,14.0,2024-10-29 15:25:00+01:00,1.08123,21.099999999998342,11.0,37.30000000000011,2024-10-29 12:30:00+01:00,Retail Inventories Ex Autos,US,2.0,25.437343750000192
1016,2024-10-30 08:30:00+01:00,1.08215,UP,7,2024-10-30 09:30:00+01:00,1.08449,23.400000000000087,60.0,2024-10-30 09:59:00+01:00,1.08344,10.499999999999954,0.44871794871794507,29.0,2024-10-30 10:05:00+01:00,1.08595,25.100000000000122,6.0,38.000000000000256,2024-10-30 08:00:00+01:00,GDP Growth Rate,ES,2.0,
1022,2024-11-01 12:31:00+01:00,1.08594,UP,1,2024-11-01 13:30:00+01:00,1.08978,38.40000000000066,59.0,2024-11-01 13:31:00+01:00,1.08818,16.00000000000046,0.41666666666667146,1.0,2024-11-01 13:40:00+01:00,1.09059,24.100000000000232,9.0,46.500000000000426,2024-11-01 11:30:00+01:00,Average Hourly Earnings,US,2.0,60.631392405062975
1023,2024-11-01 14:01:00+01:00,1.08866,DOWN,0,2024-11-01 14:56:00+01:00,1.08656,20.999999999999908,55.0,2024-11-01 15:00:00+01:00,1.08751,9.500000000000064,0.45238095238095744,4.0,2024-11-01 15:41:00+01:00,1.085,25.100000000000122,41.0,36.599999999999966,,,,,
1030,2024-11-06 03:00:00+01:00,1.08342,DOWN,0,2024-11-06 04:00:00+01:00,1.07522,81.99999999999986,60.0,2024-11-06 04:10:00+01:00,1.07799,27.69999999999939,0.3378048780487737,10.0,2024-11-06 04:44:00+01:00,1.07192,60.7000000000002,34.0,115.00000000000065,,,,,
1036,2024-11-06 06:00:00+01:00,1.07828,DOWN,0,2024-11-06 06:38:00+01:00,1.07503,32.49999999999975,38.0,2024-11-06 06:47:00+01:00,1.07668,16.500000000001513,0.5076923076923582,9.0,2024-11-06 07:43:00+01:00,1.07031,63.69999999999987,56.0,79.69999999999811,,,,,
1039,2024-11-06 07:30:00+01:00,1.07163,UP,1,2024-11-06 08:29:00+01:00,1.07527,36.399999999998656,59.0,2024-11-06 08:52:00+01:00,1.07273,25.399999999999867,0.69780219780222,23.0,2024-11-06 09:27:00+01:00,1.0755,27.69999999999939,35.0,38.699999999998184,2024-11-06 07:00:00+01:00,Factory Orders,DE,2.0,
1045,2024-11-06 12:00:00+01:00,1.07432,DOWN,3,2024-11-06 12:54:00+01:00,1.07014,41.799999999998505,54.0,2024-11-06 13:04:00+01:00,1.0719,17.599999999999838,0.42105263157895856,10.0,2024-11-06 13:33:00+01:00,1.06827,36.300000000000225,29.0,60.49999999999889,2024-11-06 10:30:00+01:00,15-Year Bund Auction,DE,2.0,7.830000000000151
1052,2024-11-08 15:30:00+01:00,1.07627,DOWN,5,2024-11-08 16:17:00+01:00,1.07403,22.400000000000198,47.0,2024-11-08 16:47:00+01:00,1.0752,11.699999999998933,0.5223214285713763,30.0,2024-11-08 17:26:00+01:00,1.07257,26.299999999999102,39.0,37.00000000000037,2024-11-08 15:00:00+01:00,Michigan Consumer Sentiment,US,2.0,23.827808219178767
1064,2024-11-14 10:01:00+01:00,1.05384,DOWN,0,2024-11-14 10:53:00+01:00,1.05179,20.500000000001073,52.0,2024-11-14 10:57:00+01:00,1.05254,7.500000000000284,0.3658536585365801,4.0,2024-11-14 11:38:00+01:00,1.0502,23.400000000000087,41.0,36.40000000000087,,,,,
1065,2024-11-14 12:01:00+01:00,1.05073,UP,0,2024-11-14 12:53:00+01:00,1.05341,26.800000000000157,52.0,2024-11-14 13:11:00+01:00,1.05234,10.699999999999044,0.39925373134324554,18.0,2024-11-14 13:47:00+01:00,1.05453,21.899999999999142,36.0,38.000000000000256,,,,,
1067,2024-11-14 14:31:00+01:00,1.05316,UP,10,2024-11-14 15:28:00+01:00,1.05569,25.299999999999212,57.0,2024-11-14 15:56:00+01:00,1.05479,9.00000000000123,0.35573122529650236,28.0,2024-11-14 16:22:00+01:00,1.05772,29.300000000000992,26.0,45.59999999999897,2024-11-14 13:30:00+01:00,"PPI Ex Food, Energy and Trade",US,2.0,28.98363636363684
1068,2024-11-14 15:01:00+01:00,1.05345,UP,1,2024-11-14 15:38:00+01:00,1.05691,34.600000000000186,37.0,2024-11-14 15:56:00+01:00,1.05479,21.200000000001218,0.6127167630058122,18.0,2024-11-14 16:56:00+01:00,1.05776,29.700000000001392,60.0,43.100000000000364,2024-11-14 14:15:00+01:00,Fed Barkin Speech,US,2.0,16.60461538461562
1071,2024-11-14 20:31:00+01:00,1.05484,DOWN,1,2024-11-14 21:11:00+01:00,1.05147,33.700000000000955,40.0,2024-11-14 21:26:00+01:00,1.05345,19.800000000000928,0.5875370919881414,15.0,2024-11-14 21:54:00+01:00,1.05122,22.299999999999542,28.0,36.19999999999956,2024-11-14 20:00:00+01:00,Fed Chair Powell Speech,US,2.0,29.358571428571473
1082,2024-11-20 15:00:00+01:00,1.05568,DOWN,0,2024-11-20 15:56:00+01:00,1.05227,34.09999999999913,56.0,2024-11-20 16:26:00+01:00,1.05337,10.999999999998789,0.32258064516126306,30.0,2024-11-20 16:51:00+01:00,1.0516,17.699999999998273,25.0,40.79999999999862,,,,,
1085,2024-11-21 16:30:00+01:00,1.05282,DOWN,8,2024-11-21 17:19:00+01:00,1.04744,53.800000000001624,49.0,2024-11-21 17:32:00+01:00,1.0493,18.599999999999728,0.34572490706318154,13.0,2024-11-21 18:04:00+01:00,1.04623,30.69999999999906,32.0,65.90000000000096,2024-11-21 15:00:00+01:00,Existing Home Sales,US,2.0,19.295945945946062
1093,2024-11-22 15:01:00+01:00,1.04345,DOWN,0,2024-11-22 15:59:00+01:00,1.04027,31.799999999999606,58.0,2024-11-22 16:13:00+01:00,1.04202,17.499999999999183,0.5503144654087861,14.0,2024-11-22 16:52:00+01:00,1.04018,18.399999999998418,39.0,32.69999999999884,,,,,
1096,2024-11-25 09:30:00+01:00,1.04538,UP,5,2024-11-25 10:04:00+01:00,1.04873,33.499999999999645,34.0,2024-11-25 10:27:00+01:00,1.04716,15.699999999998493,0.46865671641787043,23.0,2024-11-25 10:55:00+01:00,1.04974,25.799999999998047,28.0,43.5999999999992,2024-11-25 08:00:00+01:00,Producer Price Index,ES,2.0,
1102,2024-11-25 15:00:00+01:00,1.05277,DOWN,4,2024-11-25 15:44:00+01:00,1.05049,22.800000000000598,44.0,2024-11-25 15:48:00+01:00,1.0512,7.099999999999884,0.3114035087719166,4.0,2024-11-25 16:06:00+01:00,1.04865,25.499999999998302,18.0,41.199999999999015,2024-11-25 13:30:00+01:00,Chicago Fed National Activity Index,US,2.0,19.65837837837758
1104,2024-11-25 16:00:00+01:00,1.05073,DOWN,2,2024-11-25 16:59:00+01:00,1.04864,20.899999999999253,59.0,2024-11-25 17:03:00+01:00,1.04948,8.399999999999519,0.4019138755980775,4.0,2024-11-25 17:46:00+01:00,1.04668,27.999999999999137,43.0,40.49999999999887,2024-11-25 15:30:00+01:00,ECB Lane Speech,EU,2.0,15.80591397849463
1106,2024-11-26 00:00:00+01:00,1.04972,DOWN,0,2024-11-26 01:00:00+01:00,1.04375,59.70000000000031,60.0,2024-11-26 01:04:00+01:00,1.04567,19.200000000001438,0.32160804020102746,4.0,2024-11-26 01:16:00+01:00,1.04252,31.500000000002082,12.0,72.00000000000095,,,,,
1112,2024-11-26 13:30:00+01:00,1.05315,DOWN,1,2024-11-26 14:30:00+01:00,1.05001,31.399999999999206,60.0,2024-11-26 14:47:00+01:00,1.0516,15.899999999999803,0.5063694267515989,17.0,2024-11-26 15:06:00+01:00,1.049,26.000000000001577,19.0,41.50000000000098,2024-11-26 13:00:00+01:00,Building Permits,US,2.0,18.23392857142945
1113,2024-11-26 14:00:00+01:00,1.0525,DOWN,1,2024-11-26 14:30:00+01:00,1.05001,24.899999999998812,30.0,2024-11-26 14:47:00+01:00,1.0516,15.899999999999803,0.6385542168674925,17.0,2024-11-26 15:06:00+01:00,1.049,26.000000000001577,19.0,35.00000000000058,2024-11-26 13:00:00+01:00,Building Permits,US,2.0,18.23392857142945
1114,2024-11-26 16:00:00+01:00,1.05067,DOWN,7,2024-11-26 16:59:00+01:00,1.04787,27.999999999999137,59.0,2024-11-26 17:02:00+01:00,1.04861,7.399999999999629,0.2642857142857092,3.0,2024-11-26 17:21:00+01:00,1.04638,22.299999999999542,19.0,42.899999999999054,2024-11-26 15:00:00+01:00,Richmond Fed Manufacturing Shipments Index,US,2.0,20.60648648648617
1116,2024-11-27 08:00:00+01:00,1.04851,UP,0,2024-11-27 08:50:00+01:00,1.05055,20.400000000000418,50.0,2024-11-27 09:00:00+01:00,1.04963,9.200000000000319,0.45098039215686914,10.0,2024-11-27 09:20:00+01:00,1.05406,44.29999999999934,20.0,55.49999999999944,,,,,
1124,2024-11-27 16:30:00+01:00,1.05423,UP,21,2024-11-27 16:54:00+01:00,1.058,37.700000000000514,24.0,2024-11-27 17:20:00+01:00,1.05568,23.200000000000998,0.6153846153846334,26.0,2024-11-27 18:20:00+01:00,1.05878,31.000000000001027,60.0,45.50000000000054,2024-11-27 15:00:00+01:00,Core PCE Price Index,US,2.0,26.98081081081079
1128,2024-12-03 08:00:00+01:00,1.04881,UP,0,2024-12-03 08:32:00+01:00,1.05118,23.699999999999832,32.0,2024-12-03 08:59:00+01:00,1.04971,14.700000000000824,0.6202531645570012,27.0,2024-12-03 09:44:00+01:00,1.0528,30.90000000000037,45.0,39.89999999999938,,,,,
1131,2024-12-04 15:00:00+01:00,1.0483,UP,2,2024-12-04 16:00:00+01:00,1.05187,35.70000000000073,60.0,2024-12-04 16:01:00+01:00,1.05034,15.300000000000313,0.4285714285714286,1.0,2024-12-04 16:25:00+01:00,1.05443,40.89999999999927,24.0,61.299999999999685,2024-12-04 13:30:00+01:00,ECB President Lagarde Speech,EU,2.0,18.003900709220385
1133,2024-12-04 16:00:00+01:00,1.05078,UP,30,2024-12-04 16:25:00+01:00,1.05443,36.49999999999931,25.0,2024-12-04 16:48:00+01:00,1.0519,25.299999999999212,0.6931506849314983,23.0,2024-12-04 16:54:00+01:00,1.05378,18.799999999998818,6.0,29.999999999998916,2024-12-04 14:45:00+01:00,S&P Global Services PMI,US,2.0,27.775135135135145
1135,2024-12-05 13:31:00+01:00,1.05295,UP,1,2024-12-05 14:31:00+01:00,1.05639,34.399999999998876,60.0,2024-12-05 14:45:00+01:00,1.05491,14.799999999999258,0.4302325581395274,14.0,2024-12-05 15:30:00+01:00,1.05802,31.09999999999946,45.0,50.69999999999908,2024-12-05 12:30:00+01:00,Challenger Job Cuts,US,2.0,22.241666666666383
1138,2024-12-06 13:30:00+01:00,1.05847,UP,0,2024-12-06 14:30:00+01:00,1.06119,27.200000000000557,60.0,2024-12-06 14:31:00+01:00,1.05931,18.800000000001038,0.6911764705882593,1.0,2024-12-06 14:33:00+01:00,1.063,36.89999999999971,2.0,45.29999999999923,,,,,
1142,2024-12-06 15:30:00+01:00,1.05829,DOWN,9,2024-12-06 16:17:00+01:00,1.05522,30.69999999999906,47.0,2024-12-06 16:30:00+01:00,1.05667,14.499999999999513,0.4723127035830605,13.0,2024-12-06 16:40:00+01:00,1.05443,22.400000000000198,10.0,38.599999999999746,2024-12-06 14:00:00+01:00,Used Car Prices,US,2.0,20.595156250000247
1143,2024-12-10 08:31:00+01:00,1.05609,DOWN,0,2024-12-10 09:16:00+01:00,1.05393,21.599999999999397,45.0,2024-12-10 09:39:00+01:00,1.05498,10.499999999999954,0.48611111111112254,23.0,2024-12-10 10:30:00+01:00,1.05251,24.699999999999722,51.0,35.799999999999166,,,,,
1144,2024-12-11 07:31:00+01:00,1.05264,DOWN,0,2024-12-11 08:30:00+01:00,1.05045,21.899999999999142,59.0,2024-12-11 08:31:00+01:00,1.05108,6.299999999999084,0.2876712328766818,1.0,2024-12-11 08:43:00+01:00,1.04883,22.500000000000853,12.0,38.10000000000091,,,,,
1147,2024-12-11 15:01:00+01:00,1.05274,DOWN,0,2024-12-11 16:01:00+01:00,1.04933,34.09999999999913,60.0,2024-12-11 16:15:00+01:00,1.05084,15.099999999999003,0.4428152492668443,14.0,2024-12-11 16:49:00+01:00,1.04804,27.999999999999137,34.0,46.99999999999926,,,,,
1156,2024-12-18 20:02:00+01:00,1.04371,DOWN,10,2024-12-18 20:49:00+01:00,1.03733,63.799999999998306,47.0,2024-12-18 20:53:00+01:00,1.03895,16.199999999999548,0.2539184952978053,4.0,2024-12-18 21:18:00+01:00,1.0344,45.50000000000054,25.0,93.0999999999993,2024-12-18 19:00:00+01:00,Fed Interest Rate Decision,US,2.0,51.74600000000022
1159,2024-12-19 16:30:00+01:00,1.03981,DOWN,6,2024-12-19 17:15:00+01:00,1.03687,29.399999999999427,45.0,2024-12-19 17:28:00+01:00,1.03847,16.00000000000046,0.5442176870748562,13.0,2024-12-19 18:01:00+01:00,1.03548,29.90000000000048,33.0,43.29999999999945,2024-12-19 15:00:00+01:00,Leading Index,US,2.0,21.60000000000032
1161,2024-12-20 16:30:00+01:00,1.03964,UP,6,2024-12-20 17:27:00+01:00,1.04193,22.900000000001253,57.0,2024-12-20 17:29:00+01:00,1.04126,6.699999999999484,0.2925764192139353,2.0,2024-12-20 18:18:00+01:00,1.04451,32.49999999999975,49.0,48.70000000000152,2024-12-20 15:00:00+01:00,Michigan Inflation Expectations,US,2.0,24.545945945945743
1162,2024-12-20 17:00:00+01:00,1.03984,UP,0,2024-12-20 17:50:00+01:00,1.04356,37.199999999999456,50.0,2024-12-20 18:00:00+01:00,1.04259,9.700000000001374,0.26075268817208375,10.0,2024-12-20 18:18:00+01:00,1.04451,19.200000000001438,18.0,46.69999999999952,,,,,
1171,2025-01-02 11:30:00+01:00,1.03498,DOWN,2,2025-01-02 11:49:00+01:00,1.03139,35.89999999999982,19.0,2025-01-02 12:19:00+01:00,1.03344,20.499999999998852,0.5710306406684945,30.0,2025-01-02 12:38:00+01:00,1.03151,19.299999999999873,19.0,34.70000000000084,2025-01-02 11:00:00+01:00,New Car Registrations,ES,2.0,
1173,2025-01-02 15:30:00+01:00,1.03195,DOWN,2,2025-01-02 16:29:00+01:00,1.0281,38.49999999999909,59.0,2025-01-02 16:42:00+01:00,1.02974,16.40000000000086,0.4259740259740583,13.0,2025-01-02 17:04:00+01:00,1.02244,73.00000000000084,22.0,95.09999999999907,2025-01-02 14:45:00+01:00,S&P Global Manufacturing PMI,US,2.0,28.309154929576597
1178,2025-01-06 08:30:00+01:00,1.03192,UP,0,2025-01-06 09:30:00+01:00,1.03437,24.500000000000632,60.0,2025-01-06 09:46:00+01:00,1.0333,10.699999999999044,0.4367346938775007,16.0,2025-01-06 10:10:00+01:00,1.03692,36.19999999999956,24.0,50.00000000000115,,,,,
1179,2025-01-06 09:00:00+01:00,1.03279,UP,5,2025-01-06 09:58:00+01:00,1.03527,24.799999999998157,58.0,2025-01-06 10:02:00+01:00,1.03405,12.199999999999989,0.49193548387100383,4.0,2025-01-06 10:10:00+01:00,1.03692,28.700000000001502,8.0,41.29999999999967,2025-01-06 08:15:00+01:00,HCOB Services PMI,ES,2.0,
1188,2025-01-07 12:00:00+01:00,1.04252,DOWN,2,2025-01-07 12:33:00+01:00,1.04052,20.000000000000018,33.0,2025-01-07 13:00:00+01:00,1.04152,10.000000000001119,0.5000000000000555,27.0,2025-01-07 13:55:00+01:00,1.03875,27.69999999999939,55.0,37.69999999999829,2025-01-07 10:30:00+01:00,2-Year Schatz Auction,DE,2.0,6.695652173913078
1190,2025-01-07 15:00:00+01:00,1.03942,DOWN,5,2025-01-07 16:00:00+01:00,1.03725,21.700000000000053,60.0,2025-01-07 16:30:00+01:00,1.03809,8.399999999999519,0.3870967741935253,30.0,2025-01-07 16:47:00+01:00,1.03554,25.500000000000522,17.0,38.800000000001056,2025-01-07 13:30:00+01:00,Exports,US,2.0,21.989473684210125
1191,2025-01-07 15:30:00+01:00,1.03965,DOWN,12,2025-01-07 16:10:00+01:00,1.03591,37.39999999999854,40.0,2025-01-07 16:30:00+01:00,1.03809,21.799999999998487,0.5828877005347416,20.0,2025-01-07 16:47:00+01:00,1.03554,25.500000000000522,17.0,41.10000000000058,2025-01-07 15:00:00+01:00,ISM Non-Manufacturing Prices,US,2.0,32.62288235294139
1197,2025-01-10 13:31:00+01:00,1.03079,DOWN,0,2025-01-10 14:30:00+01:00,1.02423,65.60000000000122,59.0,2025-01-10 14:31:00+01:00,1.0262,19.700000000000273,0.3003048780487791,1.0,2025-01-10 14:34:00+01:00,1.02131,48.90000000000061,3.0,94.80000000000155,,,,,
1210,2025-01-15 13:31:00+01:00,1.03028,UP,1,2025-01-15 14:30:00+01:00,1.035,47.199999999998354,59.0,2025-01-15 14:44:00+01:00,1.03255,24.499999999998412,0.5190677966101539,14.0,2025-01-15 14:58:00+01:00,1.03508,25.299999999999212,14.0,47.999999999999154,2025-01-15 12:15:00+01:00,Bundesbank Mauderer Speech,DE,2.0,8.028571428571686
1212,2025-01-15 15:01:00+01:00,1.03409,DOWN,1,2025-01-15 16:01:00+01:00,1.03173,23.599999999999177,60.0,2025-01-15 16:31:00+01:00,1.03299,12.600000000000389,0.5338983050847809,30.0,2025-01-15 16:51:00+01:00,1.0299,30.90000000000037,20.0,41.89999999999916,2025-01-15 14:20:00+01:00,Fed Barkin Speech,US,2.0,16.60461538461562
1213,2025-01-15 15:31:00+01:00,1.03409,DOWN,2,2025-01-15 16:08:00+01:00,1.031,30.90000000000037,37.0,2025-01-15 16:33:00+01:00,1.03311,21.100000000000563,0.6828478964401394,25.0,2025-01-15 17:31:00+01:00,1.02776,53.49999999999966,58.0,63.29999999999947,2025-01-15 14:20:00+01:00,Fed Barkin Speech,US,2.0,16.60461538461562
1217,2025-01-16 15:30:00+01:00,1.02718,UP,3,2025-01-16 16:27:00+01:00,1.03046,32.7999999999995,57.0,2025-01-16 16:36:00+01:00,1.02946,9.999999999998899,0.3048780487804589,9.0,2025-01-16 17:09:00+01:00,1.03118,17.199999999999438,33.0,40.000000000000036,2025-01-16 15:00:00+01:00,Retail Inventories Ex Autos,US,2.0,25.437343750000192
1223,2025-01-20 13:30:00+01:00,1.03181,UP,0,2025-01-20 14:30:00+01:00,1.03501,32.00000000000092,60.0,2025-01-20 14:31:00+01:00,1.0336,14.099999999999113,0.4406249999999597,1.0,2025-01-20 15:03:00+01:00,1.04047,68.69999999999932,32.0,86.60000000000112,,,,,
1224,2025-01-20 14:00:00+01:00,1.03191,UP,0,2025-01-20 14:59:00+01:00,1.04002,81.0999999999984,59.0,2025-01-20 15:12:00+01:00,1.03797,20.499999999998852,0.2527743526510389,13.0,2025-01-20 15:44:00+01:00,1.04301,50.39999999999934,32.0,110.99999999999888,,,,,
1225,2025-01-20 14:30:00+01:00,1.03383,UP,3,2025-01-20 15:03:00+01:00,1.04047,66.39999999999979,33.0,2025-01-20 15:12:00+01:00,1.03797,24.999999999999467,0.3765060240963787,9.0,2025-01-20 15:44:00+01:00,1.04301,50.39999999999934,32.0,91.79999999999966,2025-01-20 14:00:00+01:00,6-Month BTF Auction,FR,2.0,9.167391304347712
1232,2025-01-20 20:00:00+01:00,1.03987,UP,0,2025-01-20 20:53:00+01:00,1.04235,24.800000000000377,53.0,2025-01-20 20:56:00+01:00,1.04143,9.200000000000319,0.3709677419354911,3.0,2025-01-20 21:13:00+01:00,1.04345,20.199999999999108,17.0,35.799999999999166,,,,,
1236,2025-01-21 01:00:00+01:00,1.04214,DOWN,0,2025-01-21 01:57:00+01:00,1.03529,68.50000000000023,57.0,2025-01-21 02:27:00+01:00,1.03981,45.199999999998575,0.6598540145985171,30.0,2025-01-21 02:47:00+01:00,1.03634,34.699999999998624,20.0,58.00000000000027,,,,,
1239,2025-01-21 14:00:00+01:00,1.03547,UP,0,2025-01-21 15:00:00+01:00,1.03817,27.000000000001467,60.0,2025-01-21 15:06:00+01:00,1.03731,8.60000000000083,0.3185185185185319,6.0,2025-01-21 15:40:00+01:00,1.03986,25.500000000000522,34.0,43.90000000000116,,,,,
1240,2025-01-21 14:30:00+01:00,1.03637,UP,0,2025-01-21 15:29:00+01:00,1.03946,30.90000000000037,59.0,2025-01-21 15:52:00+01:00,1.03793,15.300000000000313,0.49514563106796533,23.0,2025-01-21 16:26:00+01:00,1.03988,19.499999999998963,34.0,35.09999999999902,,,,,
1242,2025-01-22 09:30:00+01:00,1.04136,UP,0,2025-01-22 10:27:00+01:00,1.04348,21.199999999998997,57.0,2025-01-22 10:33:00+01:00,1.04282,6.599999999998829,0.3113207547169406,6.0,2025-01-22 11:30:00+01:00,1.04576,29.399999999999427,57.0,43.999999999999595,,,,,
1244,2025-01-23 15:30:00+01:00,1.04116,DOWN,1,2025-01-23 16:23:00+01:00,1.03872,24.399999999999977,53.0,2025-01-23 16:39:00+01:00,1.04,12.799999999999478,0.5245901639344054,16.0,2025-01-23 17:12:00+01:00,1.0372,28.000000000001357,33.0,39.600000000001856,2025-01-23 15:00:00+01:00,Consumer Confidence,EU,2.0,18.664927536231673
1245,2025-01-23 16:00:00+01:00,1.04096,DOWN,2,2025-01-23 16:23:00+01:00,1.03872,22.400000000000198,23.0,2025-01-23 16:39:00+01:00,1.04,12.799999999999478,0.5714285714285431,16.0,2025-01-23 17:12:00+01:00,1.0372,28.000000000001357,33.0,37.600000000002076,2025-01-23 15:00:00+01:00,Consumer Confidence,EU,2.0,18.664927536231673
1246,2025-01-23 17:00:00+01:00,1.0398,UP,5,2025-01-23 17:46:00+01:00,1.04296,31.600000000000517,46.0,2025-01-23 17:51:00+01:00,1.04131,16.500000000001513,0.5221518987342165,5.0,2025-01-23 18:51:00+01:00,1.04371,23.999999999999577,60.0,39.09999999999858,2025-01-23 15:30:00+01:00,EIA Natural Gas Stocks Change,US,2.0,18.80899371069174
1247,2025-01-24 02:30:00+01:00,1.04166,UP,0,2025-01-24 03:20:00+01:00,1.04423,25.699999999999612,50.0,2025-01-24 03:25:00+01:00,1.04301,12.199999999999989,0.47470817120623243,5.0,2025-01-24 04:04:00+01:00,1.04542,24.100000000000232,39.0,37.59999999999985,,,,,
1254,2025-01-24 15:30:00+01:00,1.04781,UP,11,2025-01-24 16:09:00+01:00,1.05116,33.50000000000186,39.0,2025-01-24 16:15:00+01:00,1.04978,13.800000000001589,0.4119402985074872,6.0,2025-01-24 16:52:00+01:00,1.05209,23.100000000000342,37.0,42.800000000000615,2025-01-24 14:45:00+01:00,S&P Global Composite PMI,US,2.0,28.579726027397196
1256,2025-01-27 10:30:00+01:00,1.04818,UP,3,2025-01-27 11:09:00+01:00,1.05025,20.700000000000163,39.0,2025-01-27 11:23:00+01:00,1.04918,10.699999999999044,0.5169082125603363,14.0,2025-01-27 12:13:00+01:00,1.05178,25.999999999999357,50.0,36.000000000000476,2025-01-27 09:00:00+01:00,Ifo Expectations,DE,2.0,9.127777777777993
1267,2025-01-30 21:01:00+01:00,1.04276,DOWN,0,2025-01-30 21:44:00+01:00,1.03864,41.199999999999015,43.0,2025-01-30 22:03:00+01:00,1.04146,28.200000000000447,0.684466019417503,19.0,2025-01-30 22:10:00+01:00,1.03875,27.099999999999902,7.0,40.099999999998474,,,,,
1268,2025-01-30 21:31:00+01:00,1.04317,DOWN,0,2025-01-30 21:44:00+01:00,1.03864,45.29999999999923,13.0,2025-01-30 22:03:00+01:00,1.04146,28.200000000000447,0.6225165562914112,19.0,2025-01-30 22:10:00+01:00,1.03875,27.099999999999902,7.0,44.19999999999868,,,,,
1271,2025-01-31 16:00:00+01:00,1.03648,UP,2,2025-01-31 16:58:00+01:00,1.04011,36.300000000000225,58.0,2025-01-31 17:15:00+01:00,1.03863,14.800000000001479,0.40771349862262773,17.0,2025-01-31 17:41:00+01:00,1.04079,21.600000000001618,26.0,43.100000000000364,2025-01-31 14:45:00+01:00,Chicago PMI,US,2.0,22.93864864864908
1272,2025-01-31 16:30:00+01:00,1.03727,UP,1,2025-01-31 16:58:00+01:00,1.04011,28.400000000001757,28.0,2025-01-31 17:15:00+01:00,1.03863,14.800000000001479,0.5211267605634001,17.0,2025-01-31 18:12:00+01:00,1.04345,48.200000000000465,57.0,61.80000000000074,2025-01-31 15:30:00+01:00,Atlanta Fed GDPNow,US,2.0,18.556290322580676
1279,2025-02-03 09:00:00+01:00,1.02181,UP,3,2025-02-03 09:34:00+01:00,1.02515,33.39999999999898,34.0,2025-02-03 09:42:00+01:00,1.02376,13.900000000000023,0.41616766467067207,8.0,2025-02-03 10:35:00+01:00,1.02546,17.000000000000348,53.0,36.49999999999931,2025-02-03 08:00:00+01:00,Tourist Arrivals,ES,2.0,
1281,2025-02-03 12:30:00+01:00,1.02388,UP,3,2025-02-03 13:28:00+01:00,1.02755,36.70000000000062,58.0,2025-02-03 13:58:00+01:00,1.0254,21.499999999998742,0.5858310626702555,30.0,2025-02-03 14:05:00+01:00,1.02886,34.600000000000186,7.0,49.800000000002065,2025-02-03 11:00:00+01:00,New Car Registrations,ES,2.0,
1285,2025-02-03 15:30:00+01:00,1.02592,UP,9,2025-02-03 16:24:00+01:00,1.03212,61.99999999999983,54.0,2025-02-03 16:28:00+01:00,1.02928,28.399999999999537,0.45806451612902604,4.0,2025-02-03 16:43:00+01:00,1.03358,42.9999999999997,15.0,76.6,2025-02-03 14:00:00+01:00,12-Month BTF Auction,FR,2.0,9.167391304347712
1294,2025-02-04 08:30:00+01:00,1.03078,UP,2,2025-02-04 09:22:00+01:00,1.03338,25.999999999999357,52.0,2025-02-04 09:50:00+01:00,1.03237,10.099999999999554,0.3884615384615309,28.0,2025-02-04 10:29:00+01:00,1.0348,24.299999999999322,39.0,40.19999999999912,2025-02-04 07:45:00+01:00,Budget Balance,FR,2.0,
1298,2025-02-04 14:30:00+01:00,1.03301,UP,1,2025-02-04 15:19:00+01:00,1.03597,29.600000000000737,49.0,2025-02-04 15:37:00+01:00,1.03438,15.899999999999803,0.5371621621621422,18.0,2025-02-04 16:00:00+01:00,1.03781,34.29999999999822,23.0,47.999999999999154,2025-02-04 13:55:00+01:00,Redbook,US,2.0,17.65177215189813
1299,2025-02-04 15:00:00+01:00,1.03445,UP,1,2025-02-04 16:00:00+01:00,1.03781,33.599999999998076,60.0,2025-02-04 16:10:00+01:00,1.03582,19.899999999999363,0.5922619047619198,10.0,2025-02-04 16:54:00+01:00,1.03861,27.900000000000702,44.0,41.59999999999941,2025-02-04 13:55:00+01:00,Redbook,US,2.0,17.65177215189813
1300,2025-02-04 15:30:00+01:00,1.03481,UP,6,2025-02-04 16:00:00+01:00,1.03781,29.999999999998916,30.0,2025-02-04 16:10:00+01:00,1.03582,19.899999999999363,0.663333333333336,10.0,2025-02-04 17:07:00+01:00,1.03862,28.000000000001357,57.0,38.10000000000091,2025-02-04 15:00:00+01:00,JOLTs Job Openings,US,2.0,26.221891891892085
1306,2025-02-07 16:01:00+01:00,1.03796,DOWN,11,2025-02-07 16:57:00+01:00,1.03278,51.79999999999963,56.0,2025-02-07 16:59:00+01:00,1.03562,28.399999999999537,0.5482625482625433,2.0,2025-02-07 17:58:00+01:00,1.03222,34.000000000000696,59.0,57.40000000000079,2025-02-07 15:00:00+01:00,Wholesale Inventories,US,2.0,23.77937500000012
1307,2025-02-07 16:31:00+01:00,1.03737,DOWN,1,2025-02-07 16:57:00+01:00,1.03278,45.89999999999872,26.0,2025-02-07 16:59:00+01:00,1.03562,28.399999999999537,0.618736383442273,2.0,2025-02-07 17:58:00+01:00,1.03222,34.000000000000696,59.0,51.49999999999988,2025-02-07 15:30:00+01:00,Fed Goolsbee Speech,US,2.0,19.75217391304354
1315,2025-02-12 15:00:00+01:00,1.03325,UP,8,2025-02-12 15:35:00+01:00,1.03539,21.400000000000308,35.0,2025-02-12 16:03:00+01:00,1.03396,14.300000000000423,0.6682242990654308,28.0,2025-02-12 16:39:00+01:00,1.03831,43.50000000000076,36.0,50.60000000000065,2025-02-12 13:30:00+01:00,CPI,US,2.0,45.47810810810828
1316,2025-02-12 15:30:00+01:00,1.03452,UP,2,2025-02-12 16:24:00+01:00,1.03746,29.399999999999427,54.0,2025-02-12 16:26:00+01:00,1.03558,18.800000000001038,0.639455782312973,2.0,2025-02-12 16:39:00+01:00,1.03831,27.300000000001212,13.0,37.8999999999996,2025-02-12 14:30:00+01:00,Current Account,DE,2.0,
1317,2025-02-12 16:00:00+01:00,1.03472,UP,13,2025-02-12 16:39:00+01:00,1.03831,35.89999999999982,39.0,2025-02-12 17:09:00+01:00,1.03611,21.999999999999797,0.612813370473535,30.0,2025-02-12 17:58:00+01:00,1.03961,34.999999999998366,49.0,48.899999999998386,2025-02-12 14:30:00+01:00,Current Account,DE,2.0,
1319,2025-02-12 17:00:00+01:00,1.03738,UP,14,2025-02-12 17:58:00+01:00,1.03961,22.299999999999542,58.0,2025-02-12 17:59:00+01:00,1.03895,6.599999999998829,0.2959641255604917,1.0,2025-02-12 18:56:00+01:00,1.04278,38.3,57.0,54.00000000000071,2025-02-12 15:30:00+01:00,EIA Gasoline Production Change,US,2.0,18.37119496855359
1327,2025-02-13 16:00:00+01:00,1.04015,UP,1,2025-02-13 16:18:00+01:00,1.04385,37.00000000000037,18.0,2025-02-13 16:30:00+01:00,1.04212,17.300000000000093,0.4675675675675654,12.0,2025-02-13 17:25:00+01:00,1.04457,24.500000000000632,55.0,44.200000000000905,2025-02-13 15:30:00+01:00,EIA Natural Gas Stocks Change,US,2.0,18.80899371069174
1332,2025-02-13 20:00:00+01:00,1.04143,UP,0,2025-02-13 20:38:00+01:00,1.04431,28.799999999999937,38.0,2025-02-13 20:46:00+01:00,1.04306,12.499999999999734,0.43402777777776946,8.0,2025-02-13 21:32:00+01:00,1.0462,31.399999999999206,46.0,47.699999999999406,,,,,
1333,2025-02-14 14:00:00+01:00,1.04736,UP,8,2025-02-14 14:32:00+01:00,1.04983,24.699999999999722,32.0,2025-02-14 14:44:00+01:00,1.04833,15.000000000000568,0.6072874493927424,12.0,2025-02-14 15:44:00+01:00,1.05102,26.900000000000812,60.0,36.599999999999966,2025-02-14 13:30:00+01:00,Export Prices,US,2.0,26.557083333333196
1343,2025-02-27 14:30:00+01:00,1.04783,DOWN,17,2025-02-27 14:58:00+01:00,1.04196,58.700000000000415,28.0,2025-02-27 15:19:00+01:00,1.04418,22.200000000001108,0.37819420783647273,21.0,2025-02-27 16:10:00+01:00,1.04112,30.600000000000627,51.0,67.09999999999994,2025-02-27 13:00:00+01:00,Fed Barkin Speech,US,2.0,16.60461538461562
1346,2025-02-28 18:30:00+01:00,1.04017,DOWN,1,2025-02-28 19:22:00+01:00,1.0364,37.700000000000514,52.0,2025-02-28 19:40:00+01:00,1.0383,19.000000000000128,0.5039787798408453,18.0,2025-02-28 20:03:00+01:00,1.03602,22.800000000000598,23.0,41.50000000000098,2025-02-28 18:00:00+01:00,Baker Hughes Oil Rig Count,US,2.0,12.035263157894718
1348,2025-03-03 09:30:00+01:00,1.03951,UP,7,2025-03-03 10:16:00+01:00,1.04184,23.300000000001653,46.0,2025-03-03 10:23:00+01:00,1.04085,9.900000000000464,0.4248927038626507,7.0,2025-03-03 11:21:00+01:00,1.04444,35.89999999999982,58.0,49.300000000001006,2025-03-03 08:15:00+01:00,HCOB Manufacturing PMI,ES,2.0,
1350,2025-03-03 10:30:00+01:00,1.04111,UP,19,2025-03-03 11:21:00+01:00,1.04444,33.30000000000055,51.0,2025-03-03 11:45:00+01:00,1.04349,9.500000000000064,0.28528528528528246,24.0,2025-03-03 12:30:00+01:00,1.04519,17.000000000000348,45.0,40.800000000000836,2025-03-03 09:00:00+01:00,Government Budget,IT,2.0,18.900000000000215
1356,2025-03-04 12:00:00+01:00,1.05102,UP,2,2025-03-04 13:00:00+01:00,1.05466,36.399999999998656,60.0,2025-03-04 13:07:00+01:00,1.05365,10.099999999999554,0.2774725274725255,7.0,2025-03-04 13:54:00+01:00,1.05573,20.800000000000818,47.0,47.09999999999992,2025-03-04 10:30:00+01:00,5-Year Bobl Auction,DE,2.0,7.852631578947158
1359,2025-03-04 15:00:00+01:00,1.05397,DOWN,1,2025-03-04 16:00:00+01:00,1.0516,23.699999999999832,60.0,2025-03-04 16:12:00+01:00,1.05268,10.799999999999699,0.45569620253163606,12.0,2025-03-04 16:20:00+01:00,1.04966,30.200000000000227,8.0,43.100000000000364,2025-03-04 13:55:00+01:00,Redbook,US,2.0,17.65177215189813
1364,2025-03-04 19:30:00+01:00,1.05732,UP,0,2025-03-04 20:09:00+01:00,1.05995,26.299999999999102,39.0,2025-03-04 20:15:00+01:00,1.05868,12.699999999998823,0.48288973384027595,6.0,2025-03-04 21:15:00+01:00,1.06151,28.29999999999888,60.0,41.89999999999916,,,,,
1367,2025-03-05 07:30:00+01:00,1.06271,UP,0,2025-03-05 08:27:00+01:00,1.06566,29.50000000000008,57.0,2025-03-05 08:30:00+01:00,1.06487,7.900000000000684,0.267796610169514,3.0,2025-03-05 09:20:00+01:00,1.06889,40.19999999999912,50.0,61.79999999999852,,,,,
1368,2025-03-05 08:00:00+01:00,1.06362,UP,0,2025-03-05 08:58:00+01:00,1.06767,40.49999999999887,58.0,2025-03-05 09:05:00+01:00,1.06589,17.799999999998928,0.43950617283949195,7.0,2025-03-05 10:00:00+01:00,1.07011,42.19999999999891,55.0,64.89999999999884,,,,,
1369,2025-03-05 08:30:00+01:00,1.06489,UP,1,2025-03-05 09:20:00+01:00,1.06889,40.000000000000036,50.0,2025-03-05 09:37:00+01:00,1.06741,14.799999999999258,0.3699999999999811,17.0,2025-03-05 10:30:00+01:00,1.07151,40.99999999999993,53.0,66.2000000000007,2025-03-05 07:45:00+01:00,Industrial Production,FR,2.0,
1372,2025-03-05 10:30:00+01:00,1.07146,DOWN,24,2025-03-05 11:28:00+01:00,1.06839,30.700000000001282,58.0,2025-03-05 11:58:00+01:00,1.06968,12.900000000000134,0.4201954397394005,30.0,2025-03-05 12:24:00+01:00,1.06769,19.899999999999363,26.0,37.700000000000514,2025-03-05 09:00:00+01:00,GDP Growth Rate,IT,2.0,
1373,2025-03-05 11:00:00+01:00,1.07146,DOWN,18,2025-03-05 11:28:00+01:00,1.06839,30.700000000001282,28.0,2025-03-05 11:58:00+01:00,1.06968,12.900000000000134,0.4201954397394005,30.0,2025-03-05 12:50:00+01:00,1.06767,20.100000000000673,52.0,37.900000000001825,2025-03-05 09:30:00+01:00,S&P Global Services PMI,UK,2.0,
1376,2025-03-05 14:00:00+01:00,1.06956,UP,1,2025-03-05 14:49:00+01:00,1.07229,27.29999999999899,49.0,2025-03-05 14:52:00+01:00,1.07129,9.999999999998899,0.36630036630033946,3.0,2025-03-05 15:41:00+01:00,1.07773,64.4,49.0,81.7000000000001,2025-03-05 13:15:00+01:00,ADP Employment Change,US,2.0,26.459722222222094
1385,2025-03-06 17:30:00+01:00,1.08268,DOWN,6,2025-03-06 18:20:00+01:00,1.08011,25.700000000001832,50.0,2025-03-06 18:31:00+01:00,1.08116,10.499999999999954,0.40856031128401576,11.0,2025-03-06 19:30:00+01:00,1.07846,26.999999999999247,59.0,42.200000000001125,2025-03-06 16:00:00+01:00,Wholesale Sales,US,2.0,21.84149999999994
1386,2025-03-06 18:00:00+01:00,1.08195,DOWN,4,2025-03-06 18:57:00+01:00,1.07919,27.599999999998737,57.0,2025-03-06 19:05:00+01:00,1.0802,10.099999999999554,0.3659420289855078,8.0,2025-03-06 19:45:00+01:00,1.0766,36.000000000000476,40.0,53.49999999999966,2025-03-06 16:30:00+01:00,4-Week Bill Auction,US,2.0,15.210559006211428
1389,2025-03-07 08:36:00+01:00,1.08341,UP,6,2025-03-07 09:33:00+01:00,1.08553,21.200000000001218,57.0,2025-03-07 09:56:00+01:00,1.08441,11.200000000000099,0.5283018867924272,23.0,2025-03-07 10:14:00+01:00,1.08717,27.599999999998737,18.0,37.59999999999985,2025-03-07 07:45:00+01:00,Foreign Exchange Reserves,FR,2.0,
1390,2025-03-07 09:06:00+01:00,1.08315,UP,6,2025-03-07 09:33:00+01:00,1.08553,23.800000000000487,27.0,2025-03-07 09:56:00+01:00,1.08441,11.200000000000099,0.47058823529411214,23.0,2025-03-07 10:14:00+01:00,1.08717,27.599999999998737,18.0,40.19999999999912,2025-03-07 07:45:00+01:00,Imports,FR,2.0,
1398,2025-03-10 09:30:00+01:00,1.08205,UP,2,2025-03-10 10:25:00+01:00,1.08468,26.300000000001322,55.0,2025-03-10 10:37:00+01:00,1.08397,7.099999999999884,0.26996197718629383,12.0,2025-03-10 11:27:00+01:00,1.0875,35.29999999999811,50.0,54.499999999999545,2025-03-10 09:00:00+01:00,Producer Price Index,IT,2.0,
1403,2025-03-11 07:00:00+01:00,1.08396,UP,0,2025-03-11 07:33:00+01:00,1.0876,36.399999999998656,33.0,2025-03-11 07:57:00+01:00,1.08547,21.299999999999653,0.5851648351648472,24.0,2025-03-11 08:47:00+01:00,1.09018,47.09999999999992,50.0,62.19999999999892,,,,,
1405,2025-03-11 08:00:00+01:00,1.0857,UP,0,2025-03-11 08:47:00+01:00,1.09018,44.79999999999818,47.0,2025-03-11 09:11:00+01:00,1.0885,16.799999999999038,0.3749999999999938,24.0,2025-03-11 09:55:00+01:00,1.09193,34.30000000000044,44.0,62.29999999999958,,,,,
1406,2025-03-11 08:30:00+01:00,1.08783,UP,0,2025-03-11 09:22:00+01:00,1.09055,27.199999999998337,52.0,2025-03-11 09:43:00+01:00,1.08945,10.999999999998789,0.40441176470586254,21.0,2025-03-11 10:05:00+01:00,1.09212,26.699999999999502,22.0,42.899999999999054,,,,,
1408,2025-03-12 13:30:00+01:00,1.09153,DOWN,7,2025-03-12 13:59:00+01:00,1.08765,38.79999999999883,29.0,2025-03-12 14:24:00+01:00,1.08966,20.100000000000673,0.518041237113435,25.0,2025-03-12 14:56:00+01:00,1.08759,20.700000000000163,32.0,39.39999999999833,2025-03-12 12:30:00+01:00,Core Inflation Rate,US,2.0,47.17999999999994
1416,2025-03-14 10:30:00+01:00,1.08542,UP,2,2025-03-14 11:24:00+01:00,1.08754,21.199999999998997,54.0,2025-03-14 11:38:00+01:00,1.08661,9.299999999998754,0.4386792452829808,14.0,2025-03-14 11:52:00+01:00,1.0913,46.89999999999861,14.0,58.79999999999885,2025-03-14 09:00:00+01:00,Industrial Production,IT,2.0,
1418,2025-03-14 11:30:00+01:00,1.08696,UP,1,2025-03-14 11:52:00+01:00,1.0913,43.400000000000105,22.0,2025-03-14 12:13:00+01:00,1.08878,25.199999999998557,0.5806451612902879,21.0,2025-03-14 12:30:00+01:00,1.09096,21.799999999998487,17.0,40.000000000000036,2025-03-14 11:00:00+01:00,NIESR Monthly GDP Tracker,UK,2.0,11.95833333333359
1419,2025-03-14 13:30:00+01:00,1.09092,DOWN,0,2025-03-14 14:11:00+01:00,1.08877,21.499999999998742,41.0,2025-03-14 14:35:00+01:00,1.08983,10.600000000000609,0.49302325581401063,24.0,2025-03-14 15:00:00+01:00,1.08687,29.600000000000737,25.0,40.49999999999887,,,,,
1423,2025-03-18 12:00:00+01:00,1.09363,DOWN,0,2025-03-18 12:53:00+01:00,1.09146,21.700000000000053,53.0,2025-03-18 13:04:00+01:00,1.0924,9.399999999999409,0.43317972350227585,11.0,2025-03-18 13:38:00+01:00,1.0893,31.000000000001027,34.0,43.300000000001674,,,,,
1427,2025-03-19 07:32:00+01:00,1.09237,DOWN,0,2025-03-19 08:18:00+01:00,1.09026,21.100000000000563,46.0,2025-03-19 08:30:00+01:00,1.09103,7.699999999999374,0.3649289099525672,12.0,2025-03-19 08:43:00+01:00,1.08736,36.6999999999984,13.0,50.09999999999959,,,,,
1429,2025-03-19 18:32:00+01:00,1.08669,UP,7,2025-03-19 19:11:00+01:00,1.08964,29.50000000000008,39.0,2025-03-19 19:22:00+01:00,1.08818,14.600000000000168,0.4949152542372925,11.0,2025-03-19 19:45:00+01:00,1.09136,31.800000000001827,23.0,46.70000000000174,2025-03-19 18:00:00+01:00,Interest Rate Projection - Current,US,2.0,49.84275000000034
1432,2025-03-20 09:30:00+01:00,1.08713,DOWN,3,2025-03-20 10:26:00+01:00,1.08387,32.600000000000406,56.0,2025-03-20 10:55:00+01:00,1.08549,16.20000000000177,0.49693251533747135,29.0,2025-03-20 11:20:00+01:00,1.08337,21.200000000001218,25.0,37.59999999999985,2025-03-20 08:00:00+01:00,ECB President Lagarde Speech,EU,2.0,18.003900709220385
1433,2025-03-20 13:00:00+01:00,1.08512,DOWN,18,2025-03-20 13:56:00+01:00,1.08312,20.000000000000018,56.0,2025-03-20 14:05:00+01:00,1.08393,8.099999999999774,0.40499999999998837,9.0,2025-03-20 14:33:00+01:00,1.0815,24.300000000001543,28.0,36.200000000001786,2025-03-20 12:00:00+01:00,BoE MPC Vote Cut,UK,2.0,
1438,2025-03-26 17:30:00+01:00,1.07882,DOWN,1,2025-03-26 18:30:00+01:00,1.07543,33.89999999999782,60.0,2025-03-26 18:42:00+01:00,1.07712,16.899999999999693,0.49852507374633576,12.0,2025-03-26 18:55:00+01:00,1.0753,18.20000000000155,13.0,35.199999999999676,2025-03-26 17:00:00+01:00,5-Year Note Auction,US,2.0,10.93972972972878
1443,2025-03-28 13:02:00+01:00,1.07702,UP,7,2025-03-28 13:57:00+01:00,1.07923,22.099999999998232,55.0,2025-03-28 14:04:00+01:00,1.07849,7.399999999999629,0.33484162895928604,7.0,2025-03-28 15:02:00+01:00,1.08198,34.899999999999935,58.0,49.59999999999853,2025-03-28 12:00:00+01:00,Business Confidence,ES,2.0,
1444,2025-03-28 13:32:00+01:00,1.07763,UP,7,2025-03-28 14:25:00+01:00,1.08104,34.09999999999913,53.0,2025-03-28 14:36:00+01:00,1.08004,10.000000000001119,0.2932551319648497,11.0,2025-03-28 15:22:00+01:00,1.08316,31.200000000000117,46.0,55.29999999999813,2025-03-28 12:30:00+01:00,PCE Price Index,US,2.0,25.377027027027
1446,2025-03-28 14:32:00+01:00,1.08056,UP,6,2025-03-28 15:22:00+01:00,1.08316,25.999999999999357,50.0,2025-03-28 15:38:00+01:00,1.08215,10.099999999999554,0.3884615384615309,16.0,2025-03-28 16:32:00+01:00,1.08451,23.600000000001398,54.0,39.5000000000012,2025-03-28 14:00:00+01:00,Michigan Consumer Sentiment,US,2.0,23.827808219178767
1447,2025-04-01 11:31:00+02:00,1.0824,DOWN,3,2025-04-01 12:10:00+02:00,1.07903,33.700000000000955,39.0,2025-04-01 12:35:00+02:00,1.08091,18.800000000001038,0.5578635014836946,25.0,2025-04-01 13:28:00+02:00,1.07865,22.599999999999287,53.0,37.499999999999204,2025-04-01 09:30:00+02:00,2-Year Schatz Auction,DE,2.0,6.695652173913078
1451,2025-04-02 16:01:00+02:00,1.08276,UP,17,2025-04-02 16:56:00+02:00,1.0862,34.4000000000011,55.0,2025-04-02 17:02:00+02:00,1.08514,10.600000000000609,0.3081395348837288,6.0,2025-04-02 17:55:00+02:00,1.08733,21.899999999999142,53.0,45.69999999999963,2025-04-02 14:00:00+02:00,Total Vehicle Sales,US,2.0,18.294999999999987
1452,2025-04-02 16:31:00+02:00,1.08213,UP,12,2025-04-02 17:09:00+02:00,1.08623,40.99999999999993,38.0,2025-04-02 17:18:00+02:00,1.08514,10.900000000000354,0.2658536585365945,9.0,2025-04-02 17:55:00+02:00,1.08733,21.899999999999142,37.0,51.999999999998714,2025-04-02 14:05:00+02:00,ECB Lane Speech,EU,2.0,15.80591397849463
1469,2025-04-03 10:00:00+02:00,1.09747,UP,18,2025-04-03 10:40:00+02:00,1.10205,45.80000000000028,40.0,2025-04-03 11:01:00+02:00,1.1004,16.499999999999293,0.3602620087336068,21.0,2025-04-03 11:13:00+02:00,1.10477,43.69999999999985,12.0,73.00000000000084,2025-04-03 07:45:00+02:00,PMI,IT,2.0,
1470,2025-04-03 10:30:00+02:00,1.09912,UP,13,2025-04-03 11:13:00+02:00,1.10477,56.49999999999933,43.0,2025-04-03 11:27:00+02:00,1.10218,25.900000000000922,0.45840707964603944,14.0,2025-04-03 12:13:00+02:00,1.11466,124.80000000000047,46.0,155.39999999999887,2025-04-03 08:00:00+02:00,Services PMI,EU,2.0,22.227727272727563
1471,2025-04-03 11:00:00+02:00,1.10063,UP,9,2025-04-03 11:13:00+02:00,1.10477,41.400000000000325,13.0,2025-04-03 11:27:00+02:00,1.10218,25.900000000000922,0.6256038647343168,14.0,2025-04-03 12:13:00+02:00,1.11466,124.80000000000047,46.0,140.29999999999987,2025-04-03 08:30:00+02:00,S&P Global Services PMI,UK,2.0,
1476,2025-04-03 13:30:00+02:00,1.10606,UP,3,2025-04-03 14:06:00+02:00,1.11097,49.099999999999696,36.0,2025-04-03 14:18:00+02:00,1.10791,30.600000000000627,0.6232179226069413,12.0,2025-04-03 15:17:00+02:00,1.11293,50.200000000000244,59.0,68.69999999999932,2025-04-03 11:30:00+02:00,ECB Monetary Policy Meeting Accounts,EU,2.0,20.69608695652201
1484,2025-04-03 17:30:00+02:00,1.10653,DOWN,4,2025-04-03 18:30:00+02:00,1.10351,30.200000000000227,60.0,2025-04-03 18:35:00+02:00,1.10437,8.60000000000083,0.2847682119205551,5.0,2025-04-03 19:12:00+02:00,1.10241,19.600000000001838,37.0,41.20000000000124,2025-04-03 15:30:00+02:00,8-Week Bill Auction,US,2.0,15.258437500000255
1486,2025-04-04 02:30:00+02:00,1.10379,UP,0,2025-04-04 03:20:00+02:00,1.1069,31.09999999999946,50.0,2025-04-04 03:33:00+02:00,1.10588,10.200000000000209,0.32797427652734357,13.0,2025-04-04 04:14:00+02:00,1.10798,20.999999999999908,41.0,41.89999999999916,,,,,
1491,2025-04-04 08:00:00+02:00,1.10816,DOWN,2,2025-04-04 08:59:00+02:00,1.10501,31.49999999999986,59.0,2025-04-04 09:12:00+02:00,1.10674,17.300000000000093,0.5492063492063546,13.0,2025-04-04 10:00:00+02:00,1.09774,90.0000000000012,48.0,104.20000000000095,2025-04-04 06:00:00+02:00,Factory Orders,DE,2.0,
1497,2025-04-04 11:30:00+02:00,1.09803,UP,3,2025-04-04 12:30:00+02:00,1.10468,66.50000000000045,60.0,2025-04-04 12:55:00+02:00,1.10208,26.000000000001577,0.39097744360904363,25.0,2025-04-04 13:17:00+02:00,1.10656,44.800000000000395,22.0,85.29999999999927,2025-04-04 09:00:00+02:00,New Passenger Car Registrations,UK,2.0,6.336363636363766
1498,2025-04-04 12:00:00+02:00,1.09841,UP,2,2025-04-04 12:33:00+02:00,1.10501,65.99999999999939,33.0,2025-04-04 12:55:00+02:00,1.10208,29.300000000000992,0.44393939393941306,22.0,2025-04-04 13:43:00+02:00,1.10802,59.40000000000056,48.0,96.09999999999897,2025-04-04 09:30:00+02:00,New Car Registrations,FR,2.0,
1500,2025-04-04 13:00:00+02:00,1.10245,UP,0,2025-04-04 13:43:00+02:00,1.10802,55.70000000000075,43.0,2025-04-04 14:13:00+02:00,1.1044,36.19999999999956,0.6499102333931611,30.0,2025-04-04 14:30:00+02:00,1.10903,46.299999999999116,17.0,65.8000000000003,,,,,
1503,2025-04-04 14:30:00+02:00,1.10754,DOWN,9,2025-04-04 14:58:00+02:00,1.10081,67.29999999999903,28.0,2025-04-04 15:19:00+02:00,1.10484,40.299999999999784,0.5988112927191733,21.0,2025-04-04 16:04:00+02:00,1.09885,59.899999999999395,45.0,86.89999999999864,2025-04-04 12:30:00+02:00,Manufacturing Payrolls,US,2.0,59.484594594594085
1505,2025-04-04 15:30:00+02:00,1.10421,DOWN,0,2025-04-04 16:25:00+02:00,1.09868,55.29999999999813,55.0,2025-04-04 16:29:00+02:00,1.1001,14.199999999999768,0.25678119349005873,4.0,2025-04-04 16:51:00+02:00,1.09604,40.60000000000174,22.0,81.7000000000001,,,,,
1508,2025-04-04 18:02:00+02:00,1.10176,DOWN,1,2025-04-04 18:48:00+02:00,1.0962,55.600000000000094,46.0,2025-04-04 19:00:00+02:00,1.09774,15.399999999998748,0.27697841726616407,12.0,2025-04-04 19:12:00+02:00,1.09246,52.799999999999514,12.0,93.00000000000085,2025-04-04 16:00:00+02:00,Fed Barr Speech,US,2.0,14.213636363636784
1512,2025-04-04 20:32:00+02:00,1.09641,DOWN,0,2025-04-04 21:10:00+02:00,1.09278,36.300000000000225,38.0,2025-04-04 21:37:00+02:00,1.09518,23.999999999999577,0.6611570247933727,27.0,2025-04-04 22:26:00+02:00,1.09331,18.700000000000383,49.0,31.000000000001027,,,,,
1521,2025-04-07 05:00:00+02:00,1.09338,UP,0,2025-04-07 05:53:00+02:00,1.09548,20.999999999999908,53.0,2025-04-07 06:06:00+02:00,1.09484,6.399999999999739,0.3047619047618937,13.0,2025-04-07 06:58:00+02:00,1.0988,39.59999999999964,52.0,54.199999999999804,,,,,
1523,2025-04-07 06:00:00+02:00,1.09507,UP,0,2025-04-07 06:58:00+02:00,1.0988,37.30000000000011,58.0,2025-04-07 07:10:00+02:00,1.09783,9.699999999999154,0.2600536193029256,12.0,2025-04-07 07:59:00+02:00,1.10211,42.79999999999839,49.0,70.39999999999935,,,,,
1524,2025-04-07 06:30:00+02:00,1.09729,UP,0,2025-04-07 07:27:00+02:00,1.09978,24.899999999998812,57.0,2025-04-07 07:44:00+02:00,1.09895,8.299999999998864,0.3333333333333036,17.0,2025-04-07 08:02:00+02:00,1.10218,32.29999999999844,18.0,48.899999999998386,,,,,
1525,2025-04-07 07:00:00+02:00,1.09831,UP,0,2025-04-07 07:59:00+02:00,1.10211,38.000000000000256,59.0,2025-04-07 08:29:00+02:00,1.10009,20.199999999999108,0.531578947368394,30.0,2025-04-07 08:47:00+02:00,1.10233,22.400000000000198,18.0,40.200000000001346,,,,,
1529,2025-04-07 09:30:00+02:00,1.10256,DOWN,0,2025-04-07 10:30:00+02:00,1.09705,55.09999999999904,60.0,2025-04-07 10:54:00+02:00,1.1009,38.49999999999909,0.6987295825771281,24.0,2025-04-07 11:30:00+02:00,1.09549,54.09999999999915,36.0,70.6999999999991,,,,,
1531,2025-04-07 11:00:00+02:00,1.09856,DOWN,4,2025-04-07 11:42:00+02:00,1.09502,35.39999999999877,42.0,2025-04-07 12:03:00+02:00,1.09737,23.499999999998522,0.6638418079095858,21.0,2025-04-07 13:00:00+02:00,1.09558,17.899999999999583,57.0,29.799999999999827,2025-04-07 08:30:00+02:00,Sentix Investors Sentiment,EU,2.0,14.916749999999569
1541,2025-04-07 18:00:00+02:00,1.09128,UP,2,2025-04-07 19:00:00+02:00,1.09395,26.699999999999502,60.0,2025-04-07 19:03:00+02:00,1.09298,9.699999999999154,0.3632958801497878,3.0,2025-04-07 19:56:00+02:00,1.09506,20.799999999998597,53.0,37.799999999998946,2025-04-07 15:30:00+02:00,6-Month Bill Auction,US,2.0,13.394233128834475
1544,2025-04-08 02:00:00+02:00,1.09205,UP,0,2025-04-08 02:54:00+02:00,1.09507,30.200000000000227,54.0,2025-04-08 03:17:00+02:00,1.09383,12.399999999999078,0.41059602649003263,23.0,2025-04-08 04:00:00+02:00,1.09637,25.399999999999867,43.0,43.20000000000101,,,,,
1548,2025-04-08 09:30:00+02:00,1.09593,DOWN,0,2025-04-08 09:59:00+02:00,1.09218,37.50000000000142,29.0,2025-04-08 10:29:00+02:00,1.09469,25.100000000000122,0.6693333333333112,30.0,2025-04-08 11:25:00+02:00,1.09122,34.699999999998624,56.0,47.09999999999992,,,,,
1551,2025-04-08 13:30:00+02:00,1.09336,UP,0,2025-04-08 14:14:00+02:00,1.09554,21.799999999998487,44.0,2025-04-08 14:30:00+02:00,1.09437,11.699999999998933,0.5366972477064104,16.0,2025-04-08 14:40:00+02:00,1.09689,25.199999999998557,10.0,35.29999999999811,,,,,
1556,2025-04-08 18:00:00+02:00,1.09089,UP,0,2025-04-08 18:52:00+02:00,1.09328,23.900000000001143,52.0,2025-04-08 18:55:00+02:00,1.09249,7.900000000000684,0.33054393305440616,3.0,2025-04-08 19:12:00+02:00,1.09491,24.200000000000887,17.0,40.200000000001346,,,,,
1557,2025-04-08 18:30:00+02:00,1.09138,UP,1,2025-04-08 19:12:00+02:00,1.09491,35.30000000000033,42.0,2025-04-08 19:42:00+02:00,1.09279,21.200000000001218,0.6005665722379893,30.0,2025-04-08 20:30:00+02:00,1.09697,41.80000000000072,48.0,55.899999999999835,2025-04-08 17:00:00+02:00,3-Year Note Auction,US,2.0,10.970833333332733
1559,2025-04-08 20:00:00+02:00,1.09317,UP,1,2025-04-08 20:30:00+02:00,1.09697,38.000000000000256,30.0,2025-04-08 20:55:00+02:00,1.0946,23.699999999999832,0.6236842105263072,25.0,2025-04-08 21:17:00+02:00,1.09783,32.300000000000665,22.0,46.60000000000109,2025-04-08 18:00:00+02:00,Fed Daly Speech,US,2.0,10.806315789473688
1566,2025-04-09 05:30:00+02:00,1.10329,UP,0,2025-04-09 06:30:00+02:00,1.10656,32.69999999999884,60.0,2025-04-09 06:47:00+02:00,1.10479,17.700000000000493,0.541284403669759,17.0,2025-04-09 06:59:00+02:00,1.10694,21.500000000000963,12.0,36.49999999999931,,,,,
1578,2025-04-09 15:00:00+02:00,1.10713,DOWN,1,2025-04-09 15:52:00+02:00,1.10332,38.09999999999869,52.0,2025-04-09 16:22:00+02:00,1.10517,18.499999999999073,0.48556430446193466,30.0,2025-04-09 16:51:00+02:00,1.10262,25.500000000000522,29.0,45.100000000000136,2025-04-09 12:30:00+02:00,ECB Cipollone Speech,EU,2.0,17.06785714285744
1579,2025-04-09 15:30:00+02:00,1.10696,DOWN,2,2025-04-09 16:04:00+02:00,1.10312,38.399999999998435,34.0,2025-04-09 16:22:00+02:00,1.10517,20.499999999998852,0.5338541666666585,18.0,2025-04-09 16:51:00+02:00,1.10262,25.500000000000522,29.0,43.400000000000105,2025-04-09 14:00:00+02:00,Wholesale Sales,US,2.0,21.84149999999994
1580,2025-04-09 17:30:00+02:00,1.10607,DOWN,2,2025-04-09 18:09:00+02:00,1.10249,35.80000000000139,39.0,2025-04-09 18:22:00+02:00,1.10428,17.899999999999583,0.4999999999999689,13.0,2025-04-09 19:03:00+02:00,1.0994,48.799999999999955,41.0,66.70000000000175,2025-04-09 15:00:00+02:00,Thomson Reuters IPSOS PCSI,US,2.0,19.699071428571227
1592,2025-04-10 09:00:00+02:00,1.0982,UP,0,2025-04-10 09:58:00+02:00,1.10312,49.20000000000036,58.0,2025-04-10 10:13:00+02:00,1.10165,14.700000000000824,0.29878048780489264,15.0,2025-04-10 10:38:00+02:00,1.10483,31.799999999999606,25.0,66.29999999999913,,,,,
1595,2025-04-10 11:00:00+02:00,1.10385,UP,7,2025-04-10 12:00:00+02:00,1.10644,25.900000000000922,60.0,2025-04-10 12:30:00+02:00,1.10554,9.00000000000123,0.3474903474903826,30.0,2025-04-10 12:42:00+02:00,1.10813,25.900000000000922,12.0,42.800000000000615,2025-04-10 08:30:00+02:00,BoE Credit Conditions Survey,UK,2.0,
1596,2025-04-10 11:30:00+02:00,1.10448,UP,12,2025-04-10 12:13:00+02:00,1.10715,26.700000000001722,43.0,2025-04-10 12:30:00+02:00,1.10554,16.100000000001113,0.6029962546816507,17.0,2025-04-10 13:06:00+02:00,1.10888,33.40000000000121,36.0,44.00000000000182,2025-04-10 09:10:00+02:00,12-Month BOT Auction,IT,2.0,7.753846153846278
1597,2025-04-10 12:30:00+02:00,1.10585,UP,10,2025-04-10 13:06:00+02:00,1.10888,30.300000000000882,36.0,2025-04-10 13:25:00+02:00,1.1071,17.80000000000115,0.5874587458746082,19.0,2025-04-10 14:25:00+02:00,1.1101,30.000000000001137,60.0,42.50000000000087,2025-04-10 10:00:00+02:00,Thomson Reuters IPSOS PCSI,DE,2.0,
1600,2025-04-10 14:00:00+02:00,1.10691,UP,12,2025-04-10 14:39:00+02:00,1.11319,62.79999999999841,39.0,2025-04-10 15:00:00+02:00,1.10913,40.599999999999525,0.6464968152866329,21.0,2025-04-10 15:57:00+02:00,1.11347,43.400000000000105,57.0,65.599999999999,2025-04-10 12:00:00+02:00,Bundesbank Buch Speech,DE,2.0,11.463999999999874
1604,2025-04-10 16:00:00+02:00,1.1133,UP,4,2025-04-10 16:59:00+02:00,1.11868,53.7999999999994,59.0,2025-04-10 17:16:00+02:00,1.1154,32.7999999999995,0.6096654275092912,17.0,2025-04-10 17:43:00+02:00,1.12293,75.30000000000037,27.0,96.30000000000027,2025-04-10 13:30:00+02:00,Fed Logan Speech,US,2.0,14.733750000000406
1609,2025-04-10 19:00:00+02:00,1.1191,UP,2,2025-04-10 20:00:00+02:00,1.12169,25.900000000000922,60.0,2025-04-10 20:05:00+02:00,1.12016,15.300000000000313,0.5907335907335818,5.0,2025-04-10 20:30:00+02:00,1.12417,40.099999999998474,25.0,50.69999999999908,2025-04-10 16:30:00+02:00,Fed Harker Speech,US,2.0,13.911428571428514
1617,2025-04-11 01:00:00+02:00,1.12302,UP,1,2025-04-11 02:00:00+02:00,1.12643,34.10000000000135,60.0,2025-04-11 02:18:00+02:00,1.12518,12.499999999999734,0.36656891495598937,18.0,2025-04-11 02:33:00+02:00,1.13856,133.79999999999947,15.0,155.40000000000109,2025-04-10 23:01:00+02:00,RICS House Price Balance,UK,2.0,5.094117647058497
1618,2025-04-11 01:30:00+02:00,1.12262,UP,1,2025-04-11 02:23:00+02:00,1.12814,55.19999999999969,53.0,2025-04-11 02:25:00+02:00,1.1267,14.399999999998858,0.2608695652173721,2.0,2025-04-11 02:33:00+02:00,1.13856,118.59999999999982,8.0,159.40000000000066,2025-04-10 23:01:00+02:00,RICS House Price Balance,UK,2.0,5.094117647058497
1622,2025-04-11 04:30:00+02:00,1.13104,UP,0,2025-04-11 05:27:00+02:00,1.13322,21.799999999998487,57.0,2025-04-11 05:28:00+02:00,1.13255,6.699999999999484,0.30733944954128206,1.0,2025-04-11 05:53:00+02:00,1.13549,29.400000000001647,25.0,44.500000000000654,,,,,
1624,2025-04-11 06:00:00+02:00,1.13375,DOWN,0,2025-04-11 06:24:00+02:00,1.13107,26.800000000000157,24.0,2025-04-11 06:51:00+02:00,1.13261,15.399999999998748,0.5746268656715917,27.0,2025-04-11 07:43:00+02:00,1.12713,54.799999999999294,52.0,66.2000000000007,,,,,
1626,2025-04-11 07:00:00+02:00,1.13166,DOWN,0,2025-04-11 07:43:00+02:00,1.12713,45.30000000000145,43.0,2025-04-11 08:00:00+02:00,1.12904,19.100000000000783,0.42163355408388903,17.0,2025-04-11 08:41:00+02:00,1.1247,43.400000000000105,41.0,69.60000000000078,,,,,
1629,2025-04-11 08:30:00+02:00,1.12636,UP,29,2025-04-11 09:28:00+02:00,1.13547,91.09999999999951,58.0,2025-04-11 09:47:00+02:00,1.13317,22.999999999999687,0.25246981339187496,19.0,2025-04-11 10:02:00+02:00,1.14173,85.59999999999901,15.0,153.69999999999885,2025-04-11 06:00:00+02:00,Gross Domestic Product,UK,2.0,
1630,2025-04-11 09:00:00+02:00,1.12878,UP,8,2025-04-11 09:56:00+02:00,1.13694,81.60000000000167,56.0,2025-04-11 10:11:00+02:00,1.13489,20.500000000001073,0.2512254901960864,15.0,2025-04-11 10:51:00+02:00,1.14742,125.30000000000152,40.0,186.4000000000021,2025-04-11 07:00:00+02:00,CPI,ES,2.0,
1634,2025-04-11 11:00:00+02:00,1.14244,DOWN,4,2025-04-11 12:00:00+02:00,1.13624,61.99999999999983,60.0,2025-04-11 12:21:00+02:00,1.13849,22.500000000000853,0.3629032258064664,21.0,2025-04-11 12:58:00+02:00,1.13206,64.29999999999936,37.0,103.79999999999833,2025-04-11 09:10:00+02:00,10-Year BTP Auction,IT,2.0,8.34102564102583
1644,2025-04-11 16:00:00+02:00,1.1356,DOWN,7,2025-04-11 16:53:00+02:00,1.13277,28.29999999999888,53.0,2025-04-11 16:57:00+02:00,1.13461,18.399999999998418,0.6501766784451994,4.0,2025-04-11 17:16:00+02:00,1.1313,33.09999999999924,19.0,42.9999999999997,2025-04-11 14:00:00+02:00,Michigan Current Conditions,US,2.0,24.715068493150586
1645,2025-04-11 16:30:00+02:00,1.13727,DOWN,8,2025-04-11 17:16:00+02:00,1.1313,59.70000000000031,46.0,2025-04-11 17:35:00+02:00,1.13504,37.400000000000766,0.6264656616415506,19.0,2025-04-11 18:26:00+02:00,1.12771,73.30000000000058,51.0,95.60000000000014,2025-04-11 14:00:00+02:00,Michigan 5 Year Inflation Expectations,US,2.0,24.297808219178204
1649,2025-04-11 18:30:00+02:00,1.1292,UP,1,2025-04-11 19:16:00+02:00,1.13179,25.900000000000922,46.0,2025-04-11 19:32:00+02:00,1.13047,13.199999999999878,0.5096525096524868,16.0,2025-04-11 19:40:00+02:00,1.13274,22.699999999999942,8.0,35.400000000000986,2025-04-11 17:00:00+02:00,Baker Hughes Oil Rig Count,US,2.0,12.035263157894718
1651,2025-04-11 20:30:00+02:00,1.13155,UP,0,2025-04-11 21:25:00+02:00,1.13373,21.799999999998487,55.0,2025-04-11 21:32:00+02:00,1.1329,8.299999999998864,0.38073394495410273,7.0,2025-04-11 22:30:00+02:00,1.13533,24.299999999999322,58.0,37.799999999998946,,,,,
1652,2025-04-14 01:30:00+02:00,1.13317,UP,2,2025-04-14 02:12:00+02:00,1.13712,39.49999999999898,42.0,2025-04-14 02:27:00+02:00,1.13504,20.799999999998597,0.5265822784809908,15.0,2025-04-14 03:27:00+02:00,1.13954,44.99999999999949,60.0,63.69999999999987,2025-04-13 23:01:00+02:00,House Price Index,UK,2.0,
1654,2025-04-14 02:30:00+02:00,1.13608,UP,0,2025-04-14 03:28:00+02:00,1.13964,35.60000000000008,58.0,2025-04-14 03:58:00+02:00,1.13817,14.700000000000824,0.41292134831462896,30.0,2025-04-14 04:14:00+02:00,1.14017,20.000000000000018,16.0,40.89999999999927,,,,,
1655,2025-04-14 03:00:00+02:00,1.13697,UP,0,2025-04-14 03:39:00+02:00,1.14093,39.59999999999964,39.0,2025-04-14 03:58:00+02:00,1.13817,27.600000000000957,0.6969696969697274,19.0,2025-04-14 04:14:00+02:00,1.14017,20.000000000000018,16.0,31.999999999998696,,,,,
1657,2025-04-14 07:30:00+02:00,1.13777,UP,0,2025-04-14 08:24:00+02:00,1.14082,30.49999999999997,54.0,2025-04-14 08:31:00+02:00,1.13922,16.00000000000046,0.5245901639344418,7.0,2025-04-14 09:08:00+02:00,1.14251,32.90000000000015,37.0,47.399999999999665,,,,,
1661,2025-04-14 13:30:00+02:00,1.13911,DOWN,1,2025-04-14 14:24:00+02:00,1.1354,37.10000000000102,54.0,2025-04-14 14:42:00+02:00,1.13735,19.500000000001183,0.5256064690027129,18.0,2025-04-14 15:10:00+02:00,1.12963,77.20000000000171,28.0,94.80000000000155,2025-04-14 11:00:00+02:00,OPEC Monthly Report,US,2.0,13.258636363636386
1664,2025-04-14 15:00:00+02:00,1.13385,DOWN,3,2025-04-14 15:10:00+02:00,1.12963,42.200000000001125,10.0,2025-04-14 15:16:00+02:00,1.13247,28.400000000001757,0.672985781990545,6.0,2025-04-14 15:28:00+02:00,1.12986,26.100000000000012,12.0,39.89999999999938,2025-04-14 13:00:00+02:00,3-Month BTF Auction,FR,2.0,9.167391304347712
1666,2025-04-14 16:00:00+02:00,1.13303,UP,0,2025-04-14 17:00:00+02:00,1.13715,41.20000000000124,60.0,2025-04-14 17:22:00+02:00,1.13532,18.299999999999983,0.4441747572815396,22.0,2025-04-14 17:46:00+02:00,1.13822,28.999999999999027,24.0,51.900000000000276,,,,,
1677,2025-04-16 01:30:00+02:00,1.12918,UP,1,2025-04-16 02:16:00+02:00,1.13196,27.800000000000047,46.0,2025-04-16 02:26:00+02:00,1.13087,10.900000000000354,0.39208633093526385,10.0,2025-04-16 03:26:00+02:00,1.13284,19.700000000000273,60.0,36.599999999999966,2025-04-15 23:10:00+02:00,Fed Cook Speech,US,2.0,12.419999999999844
1678,2025-04-16 02:00:00+02:00,1.12955,UP,0,2025-04-16 02:35:00+02:00,1.13221,26.599999999998847,35.0,2025-04-16 02:48:00+02:00,1.13105,11.599999999998278,0.43609022556386395,13.0,2025-04-16 03:40:00+02:00,1.13313,20.799999999998597,52.0,35.799999999999166,,,,,
1682,2025-04-16 07:30:00+02:00,1.1347,UP,15,2025-04-16 07:59:00+02:00,1.13858,38.79999999999883,29.0,2025-04-16 08:10:00+02:00,1.13636,22.199999999998887,0.5721649484535968,11.0,2025-04-16 08:32:00+02:00,1.13832,19.599999999999618,22.0,36.19999999999956,2025-04-16 06:00:00+02:00,PPI Output,UK,2.0,
1683,2025-04-16 09:30:00+02:00,1.13899,DOWN,9,2025-04-16 10:28:00+02:00,1.13551,34.79999999999927,58.0,2025-04-16 10:37:00+02:00,1.13703,15.199999999999658,0.4367816091954016,9.0,2025-04-16 10:42:00+02:00,1.13387,31.600000000000517,5.0,51.20000000000013,2025-04-16 08:00:00+02:00,CPI,IT,2.0,
1690,2025-04-17 17:31:00+02:00,1.13759,DOWN,4,2025-04-17 18:30:00+02:00,1.13505,25.400000000002088,59.0,2025-04-17 18:44:00+02:00,1.13601,9.600000000000719,0.37795275590550903,14.0,2025-04-17 19:25:00+02:00,1.13412,18.899999999999473,41.0,34.70000000000084,2025-04-17 15:30:00+02:00,5-Year TIPS Auction,US,2.0,11.060999999999472
1691,2025-04-21 00:00:00+02:00,1.14037,UP,0,2025-04-21 00:24:00+02:00,1.14396,35.89999999999982,24.0,2025-04-21 00:42:00+02:00,1.14188,20.800000000000818,0.5793871866295521,18.0,2025-04-21 01:40:00+02:00,1.14505,31.69999999999895,58.0,46.79999999999795,,,,,
1693,2025-04-21 01:00:00+02:00,1.14374,UP,0,2025-04-21 01:50:00+02:00,1.14588,21.400000000000308,50.0,2025-04-21 01:59:00+02:00,1.14464,12.399999999999078,0.5794392523363971,9.0,2025-04-21 02:35:00+02:00,1.14866,40.19999999999912,36.0,49.20000000000036,,,,,
1694,2025-04-21 01:30:00+02:00,1.14407,UP,0,2025-04-21 02:19:00+02:00,1.14765,35.80000000000139,49.0,2025-04-21 02:47:00+02:00,1.14574,19.100000000000783,0.5335195530726269,28.0,2025-04-21 03:07:00+02:00,1.1479,21.599999999999397,20.0,38.3,,,,,
1700,2025-04-21 08:30:00+02:00,1.15081,UP,0,2025-04-21 09:24:00+02:00,1.15294,21.299999999999653,54.0,2025-04-21 09:27:00+02:00,1.1522,7.4000000000018495,0.34741784037567935,3.0,2025-04-21 09:57:00+02:00,1.15673,45.30000000000145,30.0,59.19999999999925,,,,,
1706,2025-04-21 15:00:00+02:00,1.1542,DOWN,3,2025-04-21 15:35:00+02:00,1.15019,40.099999999998474,35.0,2025-04-21 16:02:00+02:00,1.15252,23.299999999999432,0.5810473815461427,27.0,2025-04-21 16:46:00+02:00,1.14902,35.00000000000058,44.0,51.79999999999963,2025-04-21 13:00:00+02:00,12-Month BTF Auction,FR,2.0,9.167391304347712
1707,2025-04-21 16:00:00+02:00,1.15224,DOWN,1,2025-04-21 16:46:00+02:00,1.14902,32.2,46.0,2025-04-21 16:58:00+02:00,1.15012,11.000000000001009,0.3416149068323294,12.0,2025-04-21 17:15:00+02:00,1.1482,19.199999999999218,17.0,40.399999999998215,2025-04-21 14:00:00+02:00,Leading Index,US,2.0,21.60000000000032
1713,2025-04-22 08:00:00+02:00,1.15416,DOWN,0,2025-04-22 08:58:00+02:00,1.14965,45.100000000000136,58.0,2025-04-22 09:23:00+02:00,1.15086,12.099999999999334,0.2682926829268137,25.0,2025-04-22 09:45:00+02:00,1.14836,24.999999999999467,22.0,58.00000000000027,,,,,
1714,2025-04-22 08:30:00+02:00,1.15305,DOWN,0,2025-04-22 09:10:00+02:00,1.14924,38.09999999999869,40.0,2025-04-22 09:36:00+02:00,1.15096,17.199999999999438,0.4514435695538066,26.0,2025-04-22 09:45:00+02:00,1.14836,25.999999999999357,9.0,46.89999999999861,,,,,
1715,2025-04-22 17:00:00+02:00,1.14779,DOWN,0,2025-04-22 18:00:00+02:00,1.14525,25.399999999999867,60.0,2025-04-22 18:09:00+02:00,1.14692,16.699999999998383,0.6574803149605697,9.0,2025-04-22 19:00:00+02:00,1.14317,37.499999999999204,51.0,46.200000000000685,,,,,
1716,2025-04-22 17:30:00+02:00,1.14789,DOWN,0,2025-04-22 18:21:00+02:00,1.14404,38.50000000000131,51.0,2025-04-22 18:30:00+02:00,1.14528,12.400000000001299,0.3220779220779449,9.0,2025-04-22 19:10:00+02:00,1.14312,21.600000000001618,40.0,47.70000000000163,,,,,
1718,2025-04-23 00:30:00+02:00,1.13269,UP,1,2025-04-23 01:18:00+02:00,1.136,33.09999999999924,48.0,2025-04-23 01:33:00+02:00,1.13446,15.399999999998748,0.46525679758305444,15.0,2025-04-23 02:30:00+02:00,1.13758,31.200000000000117,57.0,48.90000000000061,2025-04-22 22:00:00+02:00,Fed Kugler Speech,US,2.0,20.605999999999945
1721,2025-04-23 02:00:00+02:00,1.13599,UP,0,2025-04-23 03:00:00+02:00,1.14017,41.799999999998505,60.0,2025-04-23 03:12:00+02:00,1.13848,16.899999999999693,0.4043062200957009,12.0,2025-04-23 03:54:00+02:00,1.14157,30.90000000000037,42.0,55.79999999999919,,,,,
1722,2025-04-23 02:30:00+02:00,1.1375,UP,0,2025-04-23 03:01:00+02:00,1.14041,29.09999999999968,31.0,2025-04-23 03:12:00+02:00,1.13848,19.299999999999873,0.663230240549831,11.0,2025-04-23 03:54:00+02:00,1.14157,30.90000000000037,42.0,40.70000000000018,,,,,
1726,2025-04-23 11:30:00+02:00,1.14343,DOWN,7,2025-04-23 12:26:00+02:00,1.13953,39.00000000000014,56.0,2025-04-23 12:41:00+02:00,1.14068,11.499999999999844,0.29487179487178977,15.0,2025-04-23 13:11:00+02:00,1.13865,20.299999999999763,30.0,47.80000000000007,2025-04-23 09:00:00+02:00,Construction Output,EU,2.0,14.252765957447188
1737,2025-04-25 08:01:00+02:00,1.13316,UP,4,2025-04-25 08:40:00+02:00,1.13578,26.200000000000667,39.0,2025-04-25 08:59:00+02:00,1.1342,15.799999999999148,0.603053435114456,19.0,2025-04-25 09:18:00+02:00,1.13686,26.599999999998847,19.0,37.00000000000037,2025-04-25 06:00:00+02:00,Retail Sales Ex Fuel,UK,2.0,7.264864864864868
1738,2025-04-25 15:31:00+02:00,1.13367,UP,8,2025-04-25 16:13:00+02:00,1.13717,35.00000000000058,42.0,2025-04-25 16:20:00+02:00,1.13581,13.600000000000279,0.38857142857143007,7.0,2025-04-25 16:41:00+02:00,1.1381,22.899999999999032,21.0,44.29999999999934,2025-04-25 14:00:00+02:00,Michigan Current Conditions,US,2.0,24.715068493150586
1750,2025-04-29 17:00:00+02:00,1.13839,UP,3,2025-04-29 17:57:00+02:00,1.1405,21.100000000000563,57.0,2025-04-29 17:59:00+02:00,1.13957,9.300000000000974,0.440758293838897,2.0,2025-04-29 18:25:00+02:00,1.14192,23.500000000000743,26.0,35.30000000000033,2025-04-29 14:30:00+02:00,Dallas Fed Services Revenues Index,US,2.0,21.132702702702545
1751,2025-04-29 18:30:00+02:00,1.14143,DOWN,0,2025-04-29 19:12:00+02:00,1.13918,22.499999999998632,42.0,2025-04-29 19:30:00+02:00,1.14007,8.899999999998354,0.3955555555555064,18.0,2025-04-29 20:27:00+02:00,1.13763,24.399999999999977,57.0,38.000000000000256,,,,,
1757,2025-05-01 14:30:00+02:00,1.13364,DOWN,3,2025-05-01 15:01:00+02:00,1.1312,24.399999999999977,31.0,2025-05-01 15:12:00+02:00,1.13282,16.199999999999548,0.6639344262294903,11.0,2025-05-01 16:10:00+02:00,1.12912,37.00000000000037,58.0,45.2000000000008,2025-05-01 12:30:00+02:00,Jobless Claims 4-Week Average,US,2.0,27.913457446808675
1760,2025-05-01 16:00:00+02:00,1.13029,DOWN,7,2025-05-01 16:54:00+02:00,1.12704,32.49999999999975,54.0,2025-05-01 17:12:00+02:00,1.12904,20.000000000000018,0.6153846153846206,18.0,2025-05-01 17:54:00+02:00,1.12661,24.300000000001543,42.0,36.800000000001276,2025-05-01 13:45:00+02:00,S&P Global Manufacturing PMI,US,2.0,28.309154929576597
1762,2025-05-02 14:30:00+02:00,1.13081,UP,12,2025-05-02 15:27:00+02:00,1.1358,49.89999999999828,57.0,2025-05-02 15:31:00+02:00,1.13454,12.599999999998168,0.2525050100200121,4.0,2025-05-02 16:01:00+02:00,1.13813,35.89999999999982,30.0,73.19999999999993,2025-05-02 12:00:00+02:00,New Car Registrations,ES,2.0,
1767,2025-05-02 18:30:00+02:00,1.13345,DOWN,3,2025-05-02 19:15:00+02:00,1.13042,30.300000000000882,45.0,2025-05-02 19:36:00+02:00,1.13198,15.600000000000058,0.5148514851485018,21.0,2025-05-02 19:42:00+02:00,1.12987,21.100000000000563,6.0,35.80000000000139,2025-05-02 16:00:00+02:00,New Car Registrations,IT,2.0,
1774,2025-05-07 20:30:00+02:00,1.13516,DOWN,6,2025-05-07 21:17:00+02:00,1.1307,44.599999999999085,47.0,2025-05-07 21:19:00+02:00,1.1323,16.00000000000046,0.3587443946188517,2.0,2025-05-07 22:15:00+02:00,1.1292,31.000000000001027,56.0,59.59999999999965,2025-05-07 18:00:00+02:00,Fed Interest Rate Decision,US,2.0,51.74600000000022
1775,2025-05-07 21:00:00+02:00,1.13305,DOWN,4,2025-05-07 21:42:00+02:00,1.13011,29.399999999999427,42.0,2025-05-07 21:50:00+02:00,1.13153,14.199999999999768,0.4829931972789131,8.0,2025-05-07 22:15:00+02:00,1.1292,23.299999999999432,25.0,38.49999999999909,2025-05-07 18:30:00+02:00,Press Conference,US,2.0,46.391111111110746
1777,2025-05-08 06:30:00+02:00,1.1328,DOWN,0,2025-05-08 07:19:00+02:00,1.12976,30.399999999999316,49.0,2025-05-08 07:36:00+02:00,1.13102,12.599999999998168,0.41447368421047537,17.0,2025-05-08 08:25:00+02:00,1.12813,28.89999999999837,49.0,46.69999999999952,,,,,
1778,2025-05-08 07:00:00+02:00,1.1318,DOWN,0,2025-05-08 07:54:00+02:00,1.12973,20.700000000000163,54.0,2025-05-08 08:02:00+02:00,1.13079,10.600000000000609,0.5120772946860157,8.0,2025-05-08 08:43:00+02:00,1.12769,30.999999999998806,41.0,41.09999999999836,,,,,
1779,2025-05-08 07:30:00+02:00,1.13083,DOWN,8,2025-05-08 08:25:00+02:00,1.12813,26.999999999999247,55.0,2025-05-08 08:28:00+02:00,1.12889,7.599999999998719,0.28148148148144186,3.0,2025-05-08 09:07:00+02:00,1.12706,18.299999999999983,39.0,37.700000000000514,2025-05-08 06:00:00+02:00,House Price Index,UK,2.0,
1781,2025-05-08 16:00:00+02:00,1.13091,DOWN,3,2025-05-08 17:00:00+02:00,1.12758,33.30000000000055,60.0,2025-05-08 17:13:00+02:00,1.12901,14.300000000000423,0.429429429429435,13.0,2025-05-08 17:57:00+02:00,1.12347,55.400000000001,44.0,74.40000000000113,2025-05-08 14:00:00+02:00,Wholesale Sales,US,2.0,21.84149999999994
1782,2025-05-08 16:30:00+02:00,1.12952,DOWN,4,2025-05-08 17:22:00+02:00,1.12702,25.000000000001688,52.0,2025-05-08 17:31:00+02:00,1.12812,11.000000000001009,0.44000000000001066,9.0,2025-05-08 18:25:00+02:00,1.12209,60.2999999999998,54.0,74.30000000000048,2025-05-08 14:00:00+02:00,Wholesale Sales,US,2.0,21.84149999999994
1783,2025-05-08 17:00:00+02:00,1.1276,DOWN,5,2025-05-08 17:57:00+02:00,1.12347,41.29999999999967,57.0,2025-05-08 18:00:00+02:00,1.12497,15.000000000000568,0.363196125908007,3.0,2025-05-08 18:25:00+02:00,1.12209,28.799999999999937,25.0,55.09999999999904,2025-05-08 14:30:00+02:00,EIA Natural Gas Stocks Change,US,2.0,18.80899371069174
1785,2025-05-08 18:00:00+02:00,1.12487,DOWN,5,2025-05-08 18:25:00+02:00,1.12209,27.800000000000047,25.0,2025-05-08 18:45:00+02:00,1.1235,14.099999999999113,0.5071942446042838,20.0,2025-05-08 19:37:00+02:00,1.12131,21.899999999999142,52.0,35.60000000000008,2025-05-08 15:30:00+02:00,4-Week Bill Auction,US,2.0,15.210559006211428
1790,2025-05-12 08:00:00+02:00,1.12247,DOWN,0,2025-05-12 09:00:00+02:00,1.11854,39.29999999999989,60.0,2025-05-12 09:02:00+02:00,1.11979,12.499999999999734,0.3180661577608084,2.0,2025-05-12 09:53:00+02:00,1.10981,99.800000000001,51.0,126.60000000000116,,,,,
1797,2025-05-12 13:00:00+02:00,1.10776,UP,2,2025-05-12 13:52:00+02:00,1.1118,40.399999999998215,52.0,2025-05-12 14:12:00+02:00,1.11032,14.799999999999258,0.36633663366336416,20.0,2025-05-12 14:46:00+02:00,1.11269,23.699999999999832,34.0,49.29999999999879,2025-05-12 10:30:00+02:00,BoE Greene Speech,UK,2.0,9.90000000000002
1798,2025-05-12 13:30:00+02:00,1.10957,UP,1,2025-05-12 13:52:00+02:00,1.1118,22.299999999999542,22.0,2025-05-12 14:12:00+02:00,1.11032,14.799999999999258,0.6636771300448234,20.0,2025-05-12 14:46:00+02:00,1.11269,23.699999999999832,34.0,31.200000000000117,2025-05-12 11:15:00+02:00,12-Month Bubill Auction,DE,2.0,6.677142857142826
1799,2025-05-12 17:30:00+02:00,1.11158,DOWN,6,2025-05-12 18:30:00+02:00,1.10941,21.700000000000053,60.0,2025-05-12 18:44:00+02:00,1.11025,8.399999999999519,0.3870967741935253,14.0,2025-05-12 19:30:00+02:00,1.10773,25.199999999998557,46.0,38.49999999999909,2025-05-12 15:00:00+02:00,ECB Buch Speech,EU,2.0,18.078888888888756
1803,2025-05-13 16:00:00+02:00,1.11353,UP,1,2025-05-13 16:57:00+02:00,1.11646,29.300000000000992,57.0,2025-05-13 17:09:00+02:00,1.11571,7.500000000000284,0.2559726962457348,12.0,2025-05-13 17:57:00+02:00,1.11782,21.100000000000563,48.0,42.90000000000127,2025-05-13 14:00:00+02:00,Bundesbank Balz Speech,DE,2.0,9.619512195122095
1807,2025-05-14 09:31:00+02:00,1.11949,UP,1,2025-05-14 10:26:00+02:00,1.12524,57.49999999999922,55.0,2025-05-14 10:56:00+02:00,1.12327,19.700000000000273,0.3426086956521833,30.0,2025-05-14 11:27:00+02:00,1.12649,32.2,31.0,69.99999999999895,2025-05-14 07:15:00+02:00,BoE Breeden Speech,UK,2.0,13.3958333333332
1808,2025-05-14 10:01:00+02:00,1.1216,UP,1,2025-05-14 10:26:00+02:00,1.12524,36.40000000000087,25.0,2025-05-14 10:56:00+02:00,1.12327,19.700000000000273,0.5412087912087857,30.0,2025-05-14 11:49:00+02:00,1.12662,33.499999999999645,53.0,50.200000000000244,2025-05-14 08:15:00+02:00,Bundesbank Nagel Speech,DE,2.0,9.33750000000017
1810,2025-05-14 12:01:00+02:00,1.12507,DOWN,0,2025-05-14 12:49:00+02:00,1.12277,22.999999999999687,48.0,2025-05-14 12:57:00+02:00,1.12383,10.600000000000609,0.46086956521742406,8.0,2025-05-14 13:57:00+02:00,1.12137,24.600000000001288,60.0,37.00000000000037,,,,,
1822,2025-05-19 08:00:00+02:00,1.11835,UP,0,2025-05-19 08:33:00+02:00,1.12127,29.200000000000337,33.0,2025-05-19 08:47:00+02:00,1.12029,9.799999999999809,0.33561643835615396,14.0,2025-05-19 09:38:00+02:00,1.12418,38.899999999999494,51.0,58.30000000000002,,,,,
1824,2025-05-19 09:00:00+02:00,1.12092,UP,0,2025-05-19 09:55:00+02:00,1.12453,36.10000000000113,55.0,2025-05-19 10:00:00+02:00,1.12361,9.200000000000319,0.2548476454293637,5.0,2025-05-19 10:57:00+02:00,1.12596,23.500000000000743,57.0,50.400000000001555,,,,,
1825,2025-05-19 09:30:00+02:00,1.12292,UP,2,2025-05-19 10:18:00+02:00,1.12509,21.700000000000053,48.0,2025-05-19 10:44:00+02:00,1.12408,10.099999999999554,0.4654377880184115,26.0,2025-05-19 11:08:00+02:00,1.12742,33.40000000000121,24.0,45.000000000001705,2025-05-19 08:00:00+02:00,Balance of Trade,ES,2.0,
1841,2025-05-23 13:00:00+02:00,1.13511,DOWN,0,2025-05-23 13:52:00+02:00,1.12991,52.00000000000094,52.0,2025-05-23 13:58:00+02:00,1.13314,32.300000000000665,0.6211538461538477,6.0,2025-05-23 14:09:00+02:00,1.12978,33.60000000000029,11.0,53.300000000000566,,,,,
1843,2025-05-23 16:00:00+02:00,1.1315,UP,2,2025-05-23 16:51:00+02:00,1.13466,31.600000000000517,51.0,2025-05-23 16:53:00+02:00,1.1333,13.600000000000279,0.43037974683544483,2.0,2025-05-23 17:52:00+02:00,1.13598,26.800000000000157,59.0,44.800000000000395,2025-05-23 13:35:00+02:00,Fed Schmid Speech,US,2.0,17.884687499999885
1848,2025-05-28 03:30:00+02:00,1.13359,DOWN,0,2025-05-28 04:02:00+02:00,1.13145,21.400000000000308,32.0,2025-05-28 04:32:00+02:00,1.1325,10.499999999999954,0.4906542056074674,30.0,2025-05-28 05:27:00+02:00,1.13008,24.200000000000887,55.0,35.100000000001245,,,,,
1854,2025-05-29 07:30:00+02:00,1.12458,UP,0,2025-05-29 08:30:00+02:00,1.12728,27.000000000001467,60.0,2025-05-29 08:40:00+02:00,1.12654,7.399999999999629,0.27407407407404544,10.0,2025-05-29 09:02:00+02:00,1.1283,17.599999999999838,22.0,37.20000000000168,,,,,
1860,2025-05-30 14:30:00+02:00,1.13522,DOWN,17,2025-05-30 15:24:00+02:00,1.13267,25.499999999998302,54.0,2025-05-30 15:38:00+02:00,1.13379,11.200000000000099,0.43921568627454294,14.0,2025-05-30 15:47:00+02:00,1.13128,25.100000000000122,9.0,39.39999999999833,2025-05-30 12:00:00+02:00,Harmonised Inflation Rate,DE,2.0,
1864,2025-06-02 08:00:00+02:00,1.13797,UP,2,2025-06-02 08:47:00+02:00,1.14071,27.399999999999647,47.0,2025-06-02 08:55:00+02:00,1.13989,8.199999999998209,0.2992700729926392,8.0,2025-06-02 09:51:00+02:00,1.1437,38.09999999999869,56.0,57.300000000000125,2025-06-02 06:00:00+02:00,Nationwide Housing Prices,UK,2.0,
1865,2025-06-02 08:30:00+02:00,1.13964,UP,3,2025-06-02 09:26:00+02:00,1.14201,23.699999999999832,56.0,2025-06-02 09:37:00+02:00,1.14135,6.599999999998829,0.2784810126581804,11.0,2025-06-02 09:51:00+02:00,1.1437,23.499999999998522,14.0,40.599999999999525,2025-06-02 06:00:00+02:00,Nationwide Housing Prices,UK,2.0,
1867,2025-06-04 15:30:00+02:00,1.13989,UP,14,2025-06-04 16:08:00+02:00,1.14303,31.399999999999206,38.0,2025-06-04 16:27:00+02:00,1.14138,16.499999999999293,0.5254777070063602,19.0,2025-06-04 16:53:00+02:00,1.14348,20.999999999999908,26.0,35.89999999999982,2025-06-04 13:00:00+02:00,All Car Sales,US,2.0,19.542272727273584
1874,2025-06-05 16:30:00+02:00,1.1477,DOWN,3,2025-06-05 17:06:00+02:00,1.14434,33.60000000000029,36.0,2025-06-05 17:12:00+02:00,1.14592,15.800000000001369,0.47023809523813187,6.0,2025-06-05 18:02:00+02:00,1.14319,27.300000000001212,50.0,45.100000000000136,2025-06-05 14:15:00+02:00,ECB Lagarde Speech,EU,2.0,21.05864406779681
1888,2025-06-12 09:30:00+02:00,1.15158,UP,0,2025-06-12 10:16:00+02:00,1.15401,24.299999999999322,46.0,2025-06-12 10:33:00+02:00,1.15314,8.699999999999264,0.3580246913580044,17.0,2025-06-12 11:24:00+02:00,1.15658,34.399999999998876,51.0,49.999999999998934,,,,,
1889,2025-06-12 10:00:00+02:00,1.15263,UP,0,2025-06-12 10:55:00+02:00,1.15475,21.199999999998997,55.0,2025-06-12 11:02:00+02:00,1.15404,7.099999999999884,0.33490566037736885,7.0,2025-06-12 11:54:00+02:00,1.15887,48.30000000000112,52.0,62.40000000000023,,,,,
1890,2025-06-12 10:30:00+02:00,1.15341,UP,0,2025-06-12 11:24:00+02:00,1.15658,31.69999999999895,54.0,2025-06-12 11:45:00+02:00,1.15551,10.699999999999044,0.3375394321766371,21.0,2025-06-12 12:30:00+02:00,1.15959,40.79999999999862,45.0,61.79999999999852,,,,,
1891,2025-06-12 11:00:00+02:00,1.15439,UP,4,2025-06-12 11:54:00+02:00,1.15887,44.800000000000395,54.0,2025-06-12 12:02:00+02:00,1.15671,21.600000000001618,0.482142857142889,8.0,2025-06-12 12:51:00+02:00,1.16108,43.69999999999985,49.0,66.89999999999863,2025-06-12 09:10:00+02:00,7-Year BTP Auction,IT,2.0,10.357142857143145
1892,2025-06-12 11:30:00+02:00,1.15577,UP,10,2025-06-12 12:30:00+02:00,1.15959,38.19999999999935,60.0,2025-06-12 12:45:00+02:00,1.15804,15.499999999999403,0.4057591623036562,15.0,2025-06-12 12:51:00+02:00,1.16108,30.399999999999316,6.0,53.099999999999255,2025-06-12 09:10:00+02:00,3-Year BTP Auction,IT,2.0,10.057142857143145
1897,2025-06-12 14:30:00+02:00,1.16284,DOWN,14,2025-06-12 15:28:00+02:00,1.15868,41.600000000001636,58.0,2025-06-12 15:44:00+02:00,1.16052,18.400000000000638,0.44230769230769024,16.0,2025-06-12 16:20:00+02:00,1.15793,25.900000000000922,36.0,49.10000000000192,2025-06-12 12:00:00+02:00,ECB De Guindos Speech,EU,2.0,21.801351351351084
1902,2025-06-13 07:30:00+02:00,1.1516,UP,9,2025-06-13 08:08:00+02:00,1.15467,30.700000000001282,38.0,2025-06-13 08:38:00+02:00,1.15275,19.200000000001438,0.6254071661237992,30.0,2025-06-13 09:12:00+02:00,1.15605,33.00000000000081,34.0,44.500000000000654,2025-06-13 06:00:00+02:00,Inflation Rate,DE,2.0,
1906,2025-06-13 15:30:00+02:00,1.15044,UP,6,2025-06-13 16:30:00+02:00,1.15464,42.00000000000203,60.0,2025-06-13 16:44:00+02:00,1.15344,12.000000000000899,0.2857142857142933,14.0,2025-06-13 17:29:00+02:00,1.15646,30.200000000000227,45.0,60.20000000000137,2025-06-13 14:00:00+02:00,Michigan Current Conditions,US,2.0,24.715068493150586
1907,2025-06-13 16:00:00+02:00,1.15254,UP,6,2025-06-13 16:30:00+02:00,1.15464,21.000000000002128,30.0,2025-06-13 16:44:00+02:00,1.15344,12.000000000000899,0.5714285714285563,14.0,2025-06-13 17:36:00+02:00,1.157,35.60000000000008,52.0,44.6000000000013,2025-06-13 14:00:00+02:00,Michigan Current Conditions,US,2.0,24.715068493150586
1908,2025-06-16 07:00:00+02:00,1.15374,UP,0,2025-06-16 07:37:00+02:00,1.15626,25.200000000000777,37.0,2025-06-16 08:00:00+02:00,1.1555,7.600000000000939,0.30158730158732955,23.0,2025-06-16 08:53:00+02:00,1.15763,21.299999999999653,53.0,38.899999999999494,,,,,
1910,2025-06-16 14:30:00+02:00,1.15751,UP,4,2025-06-16 15:24:00+02:00,1.16024,27.29999999999899,54.0,2025-06-16 15:54:00+02:00,1.15852,17.199999999999438,0.6300366300366327,30.0,2025-06-16 16:07:00+02:00,1.1615,29.799999999999827,13.0,39.89999999999938,2025-06-16 12:30:00+02:00,NY Empire State Manufacturing Index,US,2.0,26.56527777777729
1916,2025-06-17 18:30:00+02:00,1.15225,DOWN,1,2025-06-17 19:19:00+02:00,1.14901,32.399999999999096,49.0,2025-06-17 19:35:00+02:00,1.1509,18.899999999999473,0.5833333333333334,16.0,2025-06-17 19:49:00+02:00,1.14786,30.399999999999316,14.0,43.89999999999894,2025-06-17 17:00:00+02:00,5-Year TIPS Auction,US,2.0,11.060999999999472
1917,2025-06-18 16:00:00+02:00,1.14869,UP,12,2025-06-18 16:04:00+02:00,1.15231,36.19999999999956,4.0,2025-06-18 16:28:00+02:00,1.14979,25.199999999998557,0.6961325966850515,24.0,2025-06-18 17:28:00+02:00,1.15236,25.699999999999612,60.0,36.70000000000062,2025-06-18 14:30:00+02:00,EIA Cushing Crude Oil Stocks Change,US,2.0,19.335283018867948
1919,2025-06-18 20:00:00+02:00,1.15125,DOWN,12,2025-06-18 21:00:00+02:00,1.1471,41.50000000000098,60.0,2025-06-18 21:15:00+02:00,1.1488,17.000000000000348,0.4096385542168662,15.0,2025-06-18 21:28:00+02:00,1.14629,25.100000000000122,13.0,49.600000000000755,2025-06-18 17:30:00+02:00,Bundesbank Balz Speech,DE,2.0,9.619512195122095
1920,2025-06-18 20:30:00+02:00,1.151,DOWN,11,2025-06-18 21:09:00+02:00,1.14612,48.799999999999955,39.0,2025-06-18 21:15:00+02:00,1.1488,26.800000000000157,0.5491803278688562,6.0,2025-06-18 21:28:00+02:00,1.14629,25.100000000000122,13.0,47.09999999999992,2025-06-18 18:00:00+02:00,ECB Guindos Speech,EU,2.0,18.183854166666457
1928,2025-06-23 16:00:00+02:00,1.15015,UP,5,2025-06-23 16:56:00+02:00,1.15409,39.400000000000546,56.0,2025-06-23 17:01:00+02:00,1.1529,11.900000000000244,0.3020304568527939,5.0,2025-06-23 17:31:00+02:00,1.15525,23.500000000000743,30.0,51.000000000001044,2025-06-23 13:45:00+02:00,S&P Global Composite PMI,US,2.0,28.579726027397196
1931,2025-06-24 08:30:00+02:00,1.16161,DOWN,0,2025-06-24 09:30:00+02:00,1.15923,23.800000000000487,60.0,2025-06-24 09:41:00+02:00,1.16002,7.900000000000684,0.33193277310926567,11.0,2025-06-24 09:53:00+02:00,1.15804,19.800000000000928,12.0,35.70000000000073,,,,,
1935,2025-06-24 16:00:00+02:00,1.15927,UP,10,2025-06-24 16:26:00+02:00,1.1642,49.29999999999879,26.0,2025-06-24 16:55:00+02:00,1.16119,30.09999999999957,0.6105476673428055,29.0,2025-06-24 17:22:00+02:00,1.16367,24.800000000000377,27.0,43.999999999999595,2025-06-24 13:35:00+02:00,BoE Ramsden Speech,UK,2.0,8.988888888888564
1938,2025-06-26 08:30:00+02:00,1.16788,UP,2,2025-06-26 09:22:00+02:00,1.17135,34.699999999998624,52.0,2025-06-26 09:38:00+02:00,1.16928,20.699999999997942,0.5965417867434802,16.0,2025-06-26 10:28:00+02:00,1.17332,40.399999999998215,50.0,54.3999999999989,2025-06-26 06:00:00+02:00,Consumer Confidence,DE,2.0,
1949,2025-06-27 15:01:00+02:00,1.1746,DOWN,2,2025-06-27 15:32:00+02:00,1.17159,30.100000000001792,31.0,2025-06-27 15:50:00+02:00,1.17331,17.20000000000166,0.5714285714285925,18.0,2025-06-27 16:47:00+02:00,1.17057,27.399999999999647,57.0,40.299999999999784,2025-06-27 13:15:00+02:00,Fed Cook Speech,US,2.0,12.419999999999844
1956,2025-07-01 10:00:00+02:00,1.1784,UP,15,2025-07-01 10:54:00+02:00,1.18178,33.8000000000016,54.0,2025-07-01 11:08:00+02:00,1.17972,20.599999999999508,0.6094674556212583,14.0,2025-07-01 11:34:00+02:00,1.18301,32.89999999999793,26.0,46.10000000000003,2025-07-01 07:40:00+02:00,ECB Guindos Speech,EU,2.0,18.183854166666457
1963,2025-07-03 14:31:00+02:00,1.17325,UP,18,2025-07-03 15:30:00+02:00,1.17672,34.70000000000084,59.0,2025-07-03 15:37:00+02:00,1.17568,10.399999999999299,0.29971181556193216,7.0,2025-07-03 16:00:00+02:00,1.17902,33.39999999999898,23.0,57.70000000000053,2025-07-03 12:30:00+02:00,Average Weekly Hours,US,2.0,61.29945945945923
1966,2025-07-07 17:31:00+02:00,1.17366,DOWN,2,2025-07-07 18:23:00+02:00,1.17103,26.299999999999102,52.0,2025-07-07 18:29:00+02:00,1.17267,16.40000000000086,0.623574144486746,6.0,2025-07-07 19:03:00+02:00,1.1687,39.70000000000029,34.0,49.59999999999853,2025-07-07 15:30:00+02:00,6-Month Bill Auction,US,2.0,13.394233128834475
1968,2025-07-08 14:30:00+02:00,1.17192,DOWN,1,2025-07-08 15:30:00+02:00,1.16991,20.100000000000673,60.0,2025-07-08 15:53:00+02:00,1.17123,13.199999999999878,0.6567164179104197,23.0,2025-07-08 16:24:00+02:00,1.16828,29.50000000000008,31.0,36.40000000000087,2025-07-08 12:55:00+02:00,Redbook,US,2.0,17.65177215189813
1969,2025-07-08 15:00:00+02:00,1.17216,DOWN,3,2025-07-08 15:34:00+02:00,1.16941,27.500000000000302,34.0,2025-07-08 15:53:00+02:00,1.17123,18.199999999999328,0.6618181818181501,19.0,2025-07-08 16:24:00+02:00,1.16828,29.50000000000008,31.0,38.800000000001056,2025-07-08 12:55:00+02:00,Redbook,US,2.0,17.65177215189813
1971,2025-07-10 15:03:00+02:00,1.17103,DOWN,0,2025-07-10 16:01:00+02:00,1.16846,25.699999999999612,58.0,2025-07-10 16:04:00+02:00,1.16921,7.500000000000284,0.2918287937743345,3.0,2025-07-10 16:29:00+02:00,1.16627,29.400000000001647,25.0,47.600000000000975,,,,,
1980,2025-07-16 14:32:00+02:00,1.16036,DOWN,7,2025-07-16 15:21:00+02:00,1.15794,24.200000000000887,49.0,2025-07-16 15:25:00+02:00,1.15881,8.699999999999264,0.35950413223136135,4.0,2025-07-16 15:49:00+02:00,1.15633,24.799999999998157,24.0,40.299999999999784,2025-07-16 12:30:00+02:00,"PPI Ex Food, Energy and Trade",US,2.0,28.98363636363684
1983,2025-07-16 16:02:00+02:00,1.15748,UP,12,2025-07-16 16:56:00+02:00,1.16063,31.49999999999986,54.0,2025-07-16 16:59:00+02:00,1.15921,14.199999999999768,0.4507936507936454,3.0,2025-07-16 17:30:00+02:00,1.17222,130.09999999999965,31.0,147.39999999999975,2025-07-16 14:00:00+02:00,Fed Barr Speech,US,2.0,14.213636363636784
1995,2025-07-22 16:02:00+02:00,1.17011,UP,3,2025-07-22 16:59:00+02:00,1.17271,25.999999999999357,57.0,2025-07-22 17:05:00+02:00,1.17149,12.199999999999989,0.4692307692307804,6.0,2025-07-22 17:59:00+02:00,1.17493,34.4000000000011,54.0,48.200000000000465,2025-07-22 14:00:00+02:00,Richmond Fed Manufacturing Index,US,2.0,20.60648648648617
1999,2025-07-24 14:31:00+02:00,1.17441,UP,10,2025-07-24 15:31:00+02:00,1.17738,29.700000000001392,60.0,2025-07-24 15:45:00+02:00,1.17563,17.500000000001403,0.5892255892256089,14.0,2025-07-24 16:15:00+02:00,1.17891,32.7999999999995,30.0,44.99999999999949,2025-07-24 12:15:00+02:00,Interest Rate Decision,EU,2.0,32.13499999999963
2003,2025-07-28 08:00:00+02:00,1.17416,DOWN,0,2025-07-28 08:27:00+02:00,1.17114,30.200000000000227,27.0,2025-07-28 08:57:00+02:00,1.17268,15.399999999998748,0.5099337748343918,30.0,2025-07-28 09:57:00+02:00,1.16762,50.599999999998424,60.0,65.3999999999999,,,,,
2007,2025-07-28 16:30:00+02:00,1.16424,DOWN,1,2025-07-28 17:23:00+02:00,1.1618,24.399999999999977,53.0,2025-07-28 17:27:00+02:00,1.16268,8.799999999999919,0.36065573770491505,4.0,2025-07-28 18:16:00+02:00,1.16028,23.999999999999577,49.0,39.59999999999964,2025-07-28 14:30:00+02:00,Dallas Fed Manufacturing Index,US,2.0,18.311351351351703
2014,2025-07-29 09:31:00+02:00,1.15393,UP,2,2025-07-29 10:19:00+02:00,1.15695,30.200000000000227,48.0,2025-07-29 10:31:00+02:00,1.15609,8.599999999998609,0.2847682119204816,12.0,2025-07-29 11:29:00+02:00,1.15832,22.299999999999542,58.0,43.90000000000116,2025-07-29 08:00:00+02:00,Trade Balance,IT,2.0,
2018,2025-07-29 13:31:00+02:00,1.15612,DOWN,0,2025-07-29 14:20:00+02:00,1.15304,30.799999999999716,49.0,2025-07-29 14:22:00+02:00,1.15382,7.800000000000029,0.25324675324675655,2.0,2025-07-29 15:14:00+02:00,1.15192,19.000000000000128,52.0,41.999999999999815,,,,,
2021,2025-07-30 13:37:00+02:00,1.15245,DOWN,1,2025-07-30 14:36:00+02:00,1.14816,42.899999999999054,59.0,2025-07-30 14:39:00+02:00,1.14945,12.900000000000134,0.30069930069931045,3.0,2025-07-30 15:13:00+02:00,1.14588,35.70000000000073,34.0,65.69999999999965,2025-07-30 11:15:00+02:00,Business Confidence,ES,2.0,
2028,2025-07-31 14:00:00+02:00,1.14497,DOWN,15,2025-07-31 14:54:00+02:00,1.14249,24.800000000000377,54.0,2025-07-31 14:58:00+02:00,1.14314,6.500000000000394,0.2620967741935603,4.0,2025-07-31 15:29:00+02:00,1.1406,25.399999999999867,31.0,43.69999999999985,2025-07-31 11:30:00+02:00,Challenger Job Cuts,US,2.0,22.241666666666383
2036,2025-08-01 16:00:00+02:00,1.15851,DOWN,12,2025-08-01 16:52:00+02:00,1.15511,33.99999999999848,52.0,2025-08-01 16:56:00+02:00,1.1562,10.899999999998133,0.3205882352940771,4.0,2025-08-01 17:29:00+02:00,1.15365,25.499999999998302,33.0,48.599999999998644,2025-08-01 13:45:00+02:00,S&P Global Manufacturing PMI,US,2.0,28.309154929576597
2039,2025-08-01 20:30:00+02:00,1.1538,UP,0,2025-08-01 21:30:00+02:00,1.15621,24.100000000000232,60.0,2025-08-01 21:32:00+02:00,1.15556,6.500000000000394,0.2697095435684785,2.0,2025-08-01 22:30:00+02:00,1.15903,34.70000000000084,58.0,52.30000000000068,,,,,
2046,2025-08-07 15:31:00+02:00,1.16554,DOWN,3,2025-08-07 16:25:00+02:00,1.16183,37.10000000000102,54.0,2025-08-07 16:33:00+02:00,1.16302,11.900000000000244,0.32075471698112984,8.0,2025-08-07 17:04:00+02:00,1.16112,19.000000000000128,31.0,44.200000000000905,2025-08-07 14:00:00+02:00,Wholesale Inventories,US,2.0,23.77937500000012
2051,2025-08-12 13:36:00+02:00,1.16031,UP,0,2025-08-12 14:30:00+02:00,1.16503,47.20000000000057,54.0,2025-08-12 14:38:00+02:00,1.16249,25.399999999999867,0.5381355932203297,8.0,2025-08-12 14:44:00+02:00,1.16562,31.30000000000077,6.0,53.10000000000148,,,,,
2052,2025-08-12 14:06:00+02:00,1.16062,UP,7,2025-08-12 14:44:00+02:00,1.16562,50.00000000000115,38.0,2025-08-12 15:07:00+02:00,1.16224,33.8000000000016,0.6760000000000165,23.0,2025-08-12 15:45:00+02:00,1.16682,45.80000000000028,38.0,61.99999999999983,2025-08-12 12:30:00+02:00,Core Inflation Rate,US,2.0,47.17999999999994
2054,2025-08-12 15:06:00+02:00,1.16268,UP,2,2025-08-12 15:45:00+02:00,1.16682,41.400000000000325,39.0,2025-08-12 15:52:00+02:00,1.16397,28.500000000000192,0.6884057971014484,7.0,2025-08-12 16:49:00+02:00,1.16629,23.200000000000998,57.0,36.10000000000113,2025-08-12 12:45:00+02:00,Current Account,DE,2.0,
2055,2025-08-12 15:36:00+02:00,1.16244,UP,1,2025-08-12 15:45:00+02:00,1.16682,43.80000000000051,9.0,2025-08-12 15:52:00+02:00,1.16397,28.500000000000192,0.6506849315068461,7.0,2025-08-12 16:49:00+02:00,1.16629,23.200000000000998,57.0,38.50000000000131,2025-08-12 14:00:00+02:00,Fed Barkin Speech,US,2.0,16.60461538461562
2066,2025-08-21 15:03:00+02:00,1.16492,DOWN,0,2025-08-21 15:58:00+02:00,1.16158,33.39999999999898,55.0,2025-08-21 16:12:00+02:00,1.16297,13.900000000000023,0.41616766467067207,14.0,2025-08-21 16:45:00+02:00,1.16063,23.400000000000087,33.0,42.899999999999054,,,,,
2067,2025-08-21 15:33:00+02:00,1.16442,DOWN,10,2025-08-21 15:58:00+02:00,1.16158,28.399999999999537,25.0,2025-08-21 16:12:00+02:00,1.16297,13.900000000000023,0.48943661971831864,14.0,2025-08-21 17:11:00+02:00,1.16023,27.399999999999647,59.0,41.89999999999916,2025-08-21 13:45:00+02:00,S&P Global Services PMI,US,2.0,27.775135135135145
2070,2025-08-22 15:08:00+02:00,1.16176,UP,1,2025-08-22 16:03:00+02:00,1.16775,59.90000000000162,55.0,2025-08-22 16:04:00+02:00,1.16612,16.300000000000203,0.27212020033388584,1.0,2025-08-22 17:04:00+02:00,1.17279,66.69999999999953,60.0,110.30000000000095,2025-08-22 13:00:00+02:00,Fed Collins Speech,US,2.0,20.141071428571543
2073,2025-08-25 16:30:00+02:00,1.17036,DOWN,2,2025-08-25 17:16:00+02:00,1.16803,23.300000000001653,46.0,2025-08-25 17:23:00+02:00,1.16865,6.200000000000649,0.26609442060086735,7.0,2025-08-25 18:20:00+02:00,1.16611,25.399999999999867,57.0,42.50000000000087,2025-08-25 14:00:00+02:00,New Home Sales,US,2.0,24.014285714285556
2075,2025-08-25 17:30:00+02:00,1.16816,DOWN,2,2025-08-25 18:20:00+02:00,1.16611,20.500000000001073,50.0,2025-08-25 18:24:00+02:00,1.16677,6.6000000000010495,0.3219512195122295,4.0,2025-08-25 19:22:00+02:00,1.16466,21.100000000000563,58.0,35.00000000000058,2025-08-25 15:30:00+02:00,6-Month Bill Auction,US,2.0,13.394233128834475
2089,2025-08-29 15:34:00+02:00,1.16617,UP,7,2025-08-29 16:34:00+02:00,1.16992,37.50000000000142,60.0,2025-08-29 16:52:00+02:00,1.16849,14.300000000000423,0.3813333333333302,18.0,2025-08-29 17:02:00+02:00,1.17091,24.199999999998667,10.0,47.399999999999665,2025-08-29 13:45:00+02:00,Chicago PMI,US,2.0,22.93864864864908
2091,2025-09-02 08:34:00+02:00,1.1704,DOWN,2,2025-09-02 09:34:00+02:00,1.16635,40.500000000001094,60.0,2025-09-02 09:46:00+02:00,1.16753,11.799999999999589,0.29135802469134,12.0,2025-09-02 10:26:00+02:00,1.16341,41.199999999999015,40.0,69.90000000000052,2025-09-02 06:45:00+02:00,Budget Balance,FR,2.0,
2105,2025-09-11 14:05:00+02:00,1.16855,UP,15,2025-09-11 15:03:00+02:00,1.1737,51.49999999999988,58.0,2025-09-11 15:21:00+02:00,1.17143,22.699999999999942,0.44077669902912614,18.0,2025-09-11 16:04:00+02:00,1.17424,28.099999999999792,43.0,56.89999999999973,2025-09-11 12:15:00+02:00,Marginal Lending Rate,EU,2.0,50.23600000000006
2106,2025-09-16 14:30:00+02:00,1.17997,UP,10,2025-09-16 15:30:00+02:00,1.18252,25.500000000000522,60.0,2025-09-16 15:46:00+02:00,1.18142,11.000000000001009,0.43137254901963856,16.0,2025-09-16 16:17:00+02:00,1.18476,33.40000000000121,31.0,47.900000000000716,2025-09-16 12:00:00+02:00,Bundesbank Buch Speech,DE,2.0,11.463999999999874
2111,2025-09-17 19:01:00+02:00,1.18502,UP,1,2025-09-17 20:00:00+02:00,1.18874,37.199999999999456,59.0,2025-09-17 20:01:00+02:00,1.18692,18.199999999999328,0.48924731182794606,1.0,2025-09-17 20:09:00+02:00,1.19188,49.600000000000755,8.0,68.60000000000088,2025-09-17 17:00:00+02:00,Bundesbank Nagel Speech,DE,2.0,9.33750000000017
2114,2025-09-17 20:31:00+02:00,1.18905,DOWN,2,2025-09-17 20:54:00+02:00,1.18192,71.29999999999859,23.0,2025-09-17 21:09:00+02:00,1.18573,38.09999999999869,0.5343618513323904,15.0,2025-09-17 21:52:00+02:00,1.18208,36.49999999999931,43.0,69.6999999999992,2025-09-17 18:30:00+02:00,Fed Press Conference,US,2.0,43.213999999999885
2123,2025-09-19 14:33:00+02:00,1.17316,UP,0,2025-09-19 15:17:00+02:00,1.17581,26.500000000000412,44.0,2025-09-19 15:23:00+02:00,1.17458,12.300000000000644,0.46415094339624346,6.0,2025-09-19 16:23:00+02:00,1.17671,21.299999999999653,60.0,35.49999999999942,,,,,
2126,2025-09-25 14:00:00+02:00,1.17411,DOWN,20,2025-09-25 14:51:00+02:00,1.16879,53.19999999999992,51.0,2025-09-25 15:19:00+02:00,1.17104,22.500000000000853,0.42293233082708437,28.0,2025-09-25 16:00:00+02:00,1.16827,27.700000000001612,41.0,58.400000000000674,2025-09-25 12:20:00+02:00,Fed Goolsbee Speech,US,2.0,19.75217391304354
2129,2025-09-29 14:32:00+02:00,1.17189,UP,3,2025-09-29 15:01:00+02:00,1.17517,32.7999999999995,29.0,2025-09-29 15:23:00+02:00,1.17374,14.300000000000423,0.4359756097561171,22.0,2025-09-29 15:46:00+02:00,1.17549,17.499999999999183,23.0,35.99999999999825,2025-09-29 13:00:00+02:00,6-Month BTF Auction,FR,2.0,9.167391304347712
2136,2025-10-01 16:32:00+02:00,1.17536,DOWN,11,2025-10-01 17:20:00+02:00,1.17217,31.90000000000026,48.0,2025-10-01 17:42:00+02:00,1.17355,13.800000000001589,0.4326018808777892,22.0,2025-10-01 18:03:00+02:00,1.17167,18.800000000001038,21.0,36.89999999999971,2025-10-01 14:30:00+02:00,EIA Gasoline Stocks Change,US,2.0,19.434339622641073
2137,2025-10-02 14:03:00+02:00,1.17572,DOWN,3,2025-10-02 14:57:00+02:00,1.17347,22.500000000000853,54.0,2025-10-02 15:09:00+02:00,1.17435,8.799999999999919,0.3911111111110927,12.0,2025-10-02 15:52:00+02:00,1.17136,29.90000000000048,43.0,43.600000000001415,2025-10-02 12:30:00+02:00,Jobless Claims 4-Week Average,US,2.0,27.913457446808675
2139,2025-10-02 15:33:00+02:00,1.17418,DOWN,3,2025-10-02 16:12:00+02:00,1.1706,35.799999999999166,39.0,2025-10-02 16:27:00+02:00,1.17171,11.099999999999444,0.3100558659217794,15.0,2025-10-02 17:16:00+02:00,1.16919,25.200000000000777,49.0,49.9000000000005,2025-10-02 14:00:00+02:00,Factory Orders,US,2.0,25.06447368421071
2140,2025-10-06 08:00:00+02:00,1.17186,DOWN,0,2025-10-06 08:50:00+02:00,1.16905,28.099999999999792,50.0,2025-10-06 09:19:00+02:00,1.17086,18.100000000000893,0.6441281138790401,29.0,2025-10-06 10:00:00+02:00,1.16607,47.900000000000716,41.0,57.89999999999962,,,,,
2146,2025-10-09 15:33:00+02:00,1.16107,DOWN,1,2025-10-09 16:30:00+02:00,1.15774,33.30000000000055,57.0,2025-10-09 16:55:00+02:00,1.15885,11.099999999999444,0.3333333333333111,25.0,2025-10-09 17:33:00+02:00,1.15541,34.399999999998876,38.0,56.59999999999998,2025-10-09 14:00:00+02:00,Wholesale Inventories,US,2.0,23.77937500000012
2151,2025-10-14 08:02:00+02:00,1.15833,DOWN,13,2025-10-14 08:36:00+02:00,1.15633,20.000000000000018,34.0,2025-10-14 08:41:00+02:00,1.15748,11.499999999999844,0.5749999999999916,5.0,2025-10-14 09:41:00+02:00,1.15533,21.500000000000963,60.0,30.000000000001137,2025-10-14 06:00:00+02:00,Inflation Rate,DE,2.0,
2152,2025-10-14 15:02:00+02:00,1.15564,UP,2,2025-10-14 15:39:00+02:00,1.15834,26.999999999999247,37.0,2025-10-14 16:08:00+02:00,1.15692,14.199999999999768,0.525925925925932,29.0,2025-10-14 16:57:00+02:00,1.15977,28.500000000000192,49.0,41.29999999999967,2025-10-14 12:45:00+02:00,Fed Bowman Speech,US,2.0,19.326470588235292
2153,2025-10-14 16:02:00+02:00,1.15737,UP,0,2025-10-14 16:57:00+02:00,1.15977,23.999999999999577,55.0,2025-10-14 17:10:00+02:00,1.15869,10.799999999999699,0.44999999999999535,13.0,2025-10-14 18:00:00+02:00,1.161,23.100000000000342,50.0,36.300000000000225,,,,,
