movement_id,movement_datetime,impact_pips,direction,num_events,total_score,event_keys,pattern_type,trough1_idx,trough1_price,trough1_amplitude_pips,trough1_time_min,trough2_idx,trough2_price,trough2_amplitude_pips,trough2_time_min,peak_idx,peak_price,rise_ratio,confidence,peak1_idx,peak1_price,peak1_amplitude_pips,peak1_time_min,peak2_idx,peak2_price,peak2_amplitude_pips,peak2_time_min,trough_idx,trough_price,dip_ratio,reason,baseline_price
0,2023-01-03 08:37:00+01:00,99.530000000001,DOWN,2,20.298947368420823,"procure.ch manufacturing pmi,procure.ch services pmi",SINGLE_WAVE_FORT_DOWN,102.0,1.05342,122.99999999999977,102.0,,,,,,,,0.85,,,,,,,,,,,,,
1,2023-01-04 08:21:00+01:00,53.25000000000024,UP,11,145.35620390720484,"current account,import prices_yoy,cpi,services pmi,inflation rate_yoy,inflation rate_mom,consumer confidence,harmonised inflation rate_yoy,harmonised inflation rate_mom,s&p global composite pmi,s&p global services pmi",DOUBLE_WAVE_UP,,,,,,,,,,,,0.9,80.0,1.06358,58.499999999999105,80.0,103.0,1.0625,47.699999999999406,103.0,95.0,1.06086,0.46495726495728157,,
2,2023-01-04 16:02:00+01:00,41.080000000000005,DOWN,14,271.3427789930426,"boe consumer credit,net lending to individuals_mom,mortgage approvals,ism manufacturing new orders,ism manufacturing prices,ism manufacturing employment,jolts job openings,house price index_yoy,new car registrations_yoy,house price index_mom,jolts job quits,ism manufacturing pmi,interest rate decision,2 year schatz auction",DOUBLE_WAVE_DOWN,33.0,1.05815,38.40000000000066,33.0,41.0,1.05851,34.79999999999927,41.0,38.0,1.05999,0.47916666666667507,0.9,,,,,,,,,,,,,
3,2023-01-05 14:02:00+01:00,58.849999999999184,DOWN,13,146.6024181574923,"business confidence,foreign exchange reserves,foreign exchange reserves,harmonised inflation rate_mom,balance of trade,exports,imports,initial jobless claims,exports,imports,s&p global construction pmi,balance of trade,new car registrations_yoy",SINGLE_WAVE_FORT_DOWN,124.0,1.05358,74.40000000000113,124.0,,,,,,,,0.85,,,,,,,,,,,,,
4,2023-01-06 15:52:00+01:00,103.81000000000196,UP,10,215.20368695121792,"inflation rate_yoy,cpi,retail sales_yoy,industrial sentiment,ism non manufacturing pmi,inflation rate_mom,ivey pmi s.a,ism non manufacturing prices,ism non manufacturing new orders,ism non manufacturing business activity",SINGLE_WAVE_FORT_UP,,,,,,,,,,,,0.85,125.0,1.06224,111.30000000000084,125.0,,,,,,,,,
5,2023-01-09 14:02:00+01:00,44.83999999999932,UP,6,55.86520124586857,"exports,balance of trade,gdp growth rate_yoy,foreign exchange reserves,unemployment rate,6 month btf auction",SINGLE_WAVE_FORT_UP,,,,,,,,,,,,0.85,120.0,1.07386,51.20000000000013,120.0,,,,,,,,,
6,2023-01-10 14:45:00+01:00,44.10000000000025,UP,10,123.06469878409068,"foreign direct investment,redbook_yoy,fed chair powell speech,outstanding loan growth_yoy,m2 money supply_yoy,new yuan loans,inflation rate_mom,inflation rate_yoy,6 month letras auction,12 month letras auction",DOUBLE_WAVE_UP,,,,,,,,,,,,0.9,61.0,1.07596,40.99999999999993,61.0,97.0,1.07534,34.79999999999927,97.0,77.0,1.07323,0.665853658536616,,
7,2023-01-12 13:55:00+01:00,81.2799999999969,UP,10,116.67578571428868,"inflation rate_yoy,manufacturing production_yoy,inflation rate_mom,industrial production_yoy,gdp mainland_mom,vehicle sales_yoy,cpi,core inflation rate_mom,inflation rate_mom,inflation rate_yoy",DOUBLE_WAVE_UP,,,,,,,,,,,,0.9,70.0,1.08392,80.80000000000086,70.0,106.0,1.08256,67.20000000000059,106.0,95.0,1.07892,0.618811881188099,,
8,2023-01-12 16:01:00+01:00,44.19999999999868,UP,8,90.25369192211252,"15 year index linked obligacion auction,harmonised inflation rate_yoy,7 year btp auction,3 year btp auction,imports,manufacturing pmi,balance of trade,exports",SINGLE_WAVE_FORT_UP,,,,,,,,,,,,0.85,115.0,1.08197,42.40000000000022,115.0,,,,,,,,,
9,2023-01-12 18:03:00+01:00,45.2000000000008,UP,5,74.4319202613093,"4 week bill auction,m3 money supply_yoy,2 year bond auction,wasde report,quarterly grain stocks   corn",SINGLE_WAVE_FORT_UP,,,,,,,,,,,,0.85,71.0,1.08673,49.29999999999879,71.0,,,,,,,,,
10,2023-01-17 15:49:00+01:00,69.37999999999889,DOWN,7,53.76875123706618,"harmonised inflation rate_yoy,harmonised inflation rate_mom,mining production_yoy,gold production_yoy,3 month letras auction,3 year treasury gilt auction,5 year bobl auction",SINGLE_WAVE_FORT_DOWN,124.0,1.07864,78.09999999999873,124.0,,,,,,,,0.85,,,,,,,,,,,,,
11,2023-01-18 07:57:00+01:00,51.62000000000111,UP,9,88.15594927536564,"new car registrations_yoy,inflation rate_yoy,retail price index_yoy,retail price index_mom,new car registrations_yoy,new car registrations_yoy,gdp growth rate yoy adv,new car registrations_yoy,fdi",SINGLE_WAVE_FORT_UP,,,,,,,,,,,,0.85,92.0,1.08518,68.00000000000139,92.0,,,,,,,,,
12,2023-01-18 11:59:00+01:00,42.29000000000038,DOWN,5,47.67875381169862,"harmonised inflation rate_yoy,construction output_yoy,inflation rate_yoy,harmonised inflation rate_yoy,retail sales_mom",DOUBLE_WAVE_DOWN,70.0,1.08118,44.19999999999868,70.0,80.0,1.08194,36.599999999999966,80.0,74.0,1.08275,0.355203619909529,0.9,,,,,,,,,,,,,
13,2023-01-18 14:25:00+01:00,48.92000000000118,UP,16,254.2806142757584,"unemployment rate,inflation rate_mom,core inflation rate_yoy,ppi_mom,ppi_yoy,retail sales_yoy,core ppi_yoy,core ppi_mom,retail sales ex autos_mom,retail sales_mom,redbook_yoy,manufacturing production_yoy,industrial production_yoy,industrial production_mom,capacity utilization,manufacturing production_mom",SINGLE_WAVE_FORT_UP,,,,,,,,,,,,0.85,70.0,1.08877,49.9000000000005,70.0,,,,,,,,,
14,2023-01-25 15:06:00+01:00,52.67000000000132,UP,6,79.06318233618397,"unemployment rate,business confidence,ifo expectations,ifo current conditions,boc interest rate decision,boc monetary policy report",SINGLE_WAVE_FORT_UP,,,,,,,,,,,,0.85,72.0,1.0924,55.19999999999969,72.0,,,,,,,,,
15,2023-01-26 16:24:00+01:00,41.16000000000008,DOWN,6,93.65632762226448,"ppi_mom,new home sales_mom,new home sales,10 year btp short term auction,kansas fed composite index,kansas fed manufacturing index",DOUBLE_WAVE_DOWN,70.0,1.08507,40.70000000000018,70.0,87.0,1.0858,33.39999999999898,87.0,76.0,1.08646,0.3415233415233406,0.9,,,,,,,,,,,,,
16,2023-01-31 09:00:00+01:00,44.11000000000165,DOWN,27,251.7434822752789,"gdp growth rate_qoq,gdp growth rate_yoy,private consumption_mom,unemployment rate,import prices_mom,import prices_yoy,retail sales_mom,current account,retail sales_mom,ppi_yoy,retail sales_yoy,coincident index,retail sales_yoy,harmonised inflation rate_yoy,inflation rate_yoy,inflation rate_mom,gdp growth rate_qoq,export orders_yoy,gdp growth rate_yoy,gdp growth rate_qoq,gdp growth rate_yoy,m2 money supply_yoy,unemployment rate,unemployed persons,unemployment change,unemployment rate,m3 money supply_yoy",DOUBLE_WAVE_DOWN,70.0,1.08024,45.89999999999872,70.0,89.0,1.08137,34.600000000000186,89.0,85.0,1.08203,0.38997821350762707,0.9,,,,,,,,,,,,,
17,2023-02-01 20:35:00+01:00,95.43999999999777,UP,5,143.88440251572516,"new car registrations_yoy,fed interest rate decision,fed press conference,eia crude oil stocks change,eia distillate stocks change",DOUBLE_WAVE_UP,,,,,,,,,,,,0.9,42.0,1.10014,96.29999999999805,42.0,76.0,1.10004,95.29999999999816,76.0,51.0,1.09698,0.328141225337476,,
18,2023-02-01 23:30:00+01:00,43.96999999999984,UP,1,10.206666666666475,interest rate decision,DOUBLE_WAVE_UP,,,,,,,,,,,,0.9,57.0,1.10336,43.999999999999595,58.0,69.0,1.10201,30.49999999999997,70.0,66.0,1.10129,0.470454545454503,,
19,2023-02-02 15:27:00+01:00,73.46000000000075,DOWN,10,222.94648797002512,"unit labour costs_qoq,nonfarm productivity_qoq,initial jobless claims,cnb interest rate decision,building permits_mom,ecb press conference,factory orders_mom,20 year obligacion auction,7 year index linked obligacion auction,ecb president lagarde speech",DOUBLE_WAVE_DOWN,52.0,1.08858,76.99999999999818,52.0,73.0,1.09027,60.09999999999849,73.0,63.0,1.09157,0.3883116883116749,0.9,,,,,,,,,,,,,
20,2023-02-03 14:15:00+01:00,110.55999999999956,DOWN,10,309.40098045999684,"boe pill speech,s&p global composite pmi,ecb elderson speech,s&p global services pmi,average weekly hours,participation rate,nonfarm payrolls private,average hourly earnings_mom,non farm payrolls,inflation rate_yoy",SINGLE_WAVE_FORT_DOWN,44.0,1.08267,109.99999999999899,44.0,,,,,,,,0.85,,,,,,,,,,,,,
21,2023-02-03 16:15:00+01:00,56.36000000000196,UP,8,228.8757392533947,"s&p global/cips composite pmi,s&p global composite pmi,ism non manufacturing prices,ism non manufacturing business activity,ism non manufacturing employment,ism non manufacturing pmi,total vehicle sales,ism non manufacturing new orders",DOUBLE_WAVE_UP,,,,,,,,,,,,0.9,42.0,1.08766,52.90000000000017,42.0,66.0,1.08619,38.19999999999935,66.0,51.0,1.08455,0.5879017013232813,,
22,2023-02-07 08:13:00+01:00,40.01000000000143,DOWN,0,0.0,,SINGLE_WAVE_FORT_DOWN,70.0,1.06974,37.50000000000142,70.0,,,,,,,,0.85,,,,,,,,,,,,,
23,2023-02-07 18:41:00+01:00,73.54999999999778,UP,17,180.5611536206161,"auto exports_yoy,auto production_yoy,gross fixed investment_yoy,gross fixed investment_mom,foreign exchange reserves,foreign exchange reserves,new car registrations_mom,foreign exchange reserves,inflation rate_yoy,car production_mom,inflation rate_mom,balance of trade,imports,balance of trade,exports,imports,exports",CRASH_RECOVERY_UP,,,,,,,,,,,,0.8,,,69.39999999999947,28.0,,,,,,1.06878,,trough_below_baseline,1.06975
24,2023-02-10 10:11:00+01:00,49.570000000001,DOWN,3,37.462344294239905,"3 month bill auction,industrial production_yoy,foreign direct investment",SINGLE_WAVE_FORT_DOWN,70.0,1.0692,52.60000000000042,70.0,,,,,,,,0.85,,,,,,,,,,,,,
25,2023-02-14 14:42:00+01:00,69.74999999999953,DOWN,8,77.8807209152452,"ecofin meeting,gdp growth rate_yoy,household consumption_yoy,balance of trade,gdp growth rate_qoq,gdp growth rate_qoq,gdp growth rate_yoy,3 month letras auction",DOUBLE_WAVE_DOWN,61.0,1.07087,90.39999999999937,61.0,82.0,1.07411,58.00000000000027,82.0,75.0,1.07548,0.5099557522123933,0.9,,,,,,,,,,,,,
26,2023-02-16 14:30:00+01:00,40.240000000002496,DOWN,8,126.3469146065908,"lending facility rate,deposit facility rate,interest rate decision,unemployment rate,balance of trade,ecb economic bulletin,balance of trade,ecb panetta speech",SINGLE_WAVE_FORT_DOWN,104.0,1.06547,43.000000000001926,104.0,,,,,,,,0.85,,,,,,,,,,,,,
27,2023-02-17 15:56:00+01:00,42.67999999999938,UP,3,31.51138888888994,"current account s.a,current account,current account",DOUBLE_WAVE_UP,,,,,,,,,,,,0.9,50.0,1.06825,42.099999999998246,50.0,62.0,1.06731,32.69999999999884,62.0,56.0,1.06654,0.40617577197148447,,
28,2023-02-21 15:57:00+01:00,48.61000000000004,UP,12,190.04018012385092,"retail sales_yoy,s&p global services pmi,s&p global manufacturing pmi,unemployment rate,s&p global composite pmi,s&p global/cips manufacturing pmi,s&p global/cips uk services pmi,s&p global/cips composite pmi,zew economic sentiment index,zew current conditions,zew economic sentiment index,5 year bobl auction",DOUBLE_WAVE_UP,,,,,,,,,,,,0.9,54.0,1.06985,49.79999999999984,54.0,103.0,1.06768,28.099999999999792,103.0,93.0,1.06659,0.6546184738955926,,
29,2023-03-07 16:00:00+01:00,74.61999999999858,DOWN,14,130.074095238096,"ecb consumer expectations survey,foreign exchange reserves,foreign exchange reserves,gdp growth rate_qoq,gdp growth rate_yoy,12 month letras auction,6 month letras auction,3 year treasury gilt auction,gdp growth rate_qoq,gdp growth rate_yoy,bba mortgage rate,10 year bund/€i auction,inflation rate_mom,inflation rate_yoy",SINGLE_WAVE_FORT_DOWN,105.0,1.05704,76.1999999999996,105.0,,,,,,,,0.85,,,,,,,,,,,,,
30,2023-03-10 14:32:00+01:00,63.38999999999872,UP,22,254.70499550202547,"balance of trade,exports,imports,current account,industrial production_mom,construction output_yoy,balance of trade,cpi,retail sales_mom,retail sales_yoy,inflation rate_yoy,industrial production_yoy,inflation rate_mom,industrial production_yoy,vehicle sales_yoy,new yuan loans,total social financing,outstanding loan growth_yoy,m2 money supply_yoy,ecb panetta speech,ppi_mom,ppi_yoy",SINGLE_WAVE_FORT_UP,,,,,,,,,,,,0.85,105.0,1.0687,103.80000000000055,105.0,,,,,,,,,
31,2023-03-13 03:12:00+01:00,63.00000000000195,UP,3,19.769750045611815,"services nz psi,composite nz pci,food inflation_yoy",SINGLE_WAVE_FORT_UP,,,,,,,,,,,,0.85,70.0,1.07373,65.8000000000003,70.0,,,,,,,,,
32,2023-03-13 09:26:00+01:00,58.189999999997966,DOWN,1,14.252765957447188,construction output_yoy,DOUBLE_WAVE_DOWN,76.0,1.06629,61.99999999999983,76.0,121.0,1.06656,59.29999999999991,121.0,97.0,1.06945,0.5096774193548484,0.9,,,,,,,,,,,,,
33,2023-03-13 13:26:00+01:00,61.8199999999991,UP,1,9.24205263157888,balance of trade,SINGLE_WAVE_FORT_UP,,,,,,,,,,,,0.85,115.0,1.07248,61.40000000000035,115.0,,,,,,,,,
34,2023-03-14 14:02:00+01:00,41.49999999999877,DOWN,9,94.83492654405602,"industrial production_yoy,industrial production_yoy,industrial production_mom,gold production_yoy,mining production_mom,mining production_yoy,3 month letras auction,nfib business optimism index,10 year treasury gilt auction",SINGLE_WAVE_STANDARD_DOWN,56.0,1.06983,34.999999999998366,56.0,,,,,,,,0.75,,,,,,,,,,,,,
35,2023-03-15 11:25:00+01:00,91.4199999999976,DOWN,13,128.0217229612519,"inflation rate_mom,harmonised inflation rate_yoy,gdp growth rate_yoy,inflation rate_yoy,gdp_yoy,balance of trade,cpif_yoy,inflation rate_yoy,cpi,wholesale prices_mom,cpif_mom,wholesale prices_yoy,inflation rate_mom",SINGLE_WAVE_FORT_DOWN,116.0,1.0562,111.79999999999967,116.0,,,,,,,,0.85,,,,,,,,,,,,,
36,2023-03-15 13:36:00+01:00,58.31999999999837,DOWN,12,103.60419787449548,"inflation rate_mom,harmonised inflation rate_mom,inflation rate_yoy,harmonised inflation rate_yoy,ppi_mom,ppi_yoy,inflation rate_mom,inflation rate_yoy,iea oil market report,exports,balance of trade,imports",DOUBLE_WAVE_DOWN,63.0,1.05228,54.09999999999915,63.0,99.0,1.05299,46.99999999999926,99.0,89.0,1.05547,0.58964879852123,0.9,,,,,,,,,,,,,
37,2023-03-15 19:24:00+01:00,42.26000000000063,UP,16,265.6753015533171,"current account,retail inventories ex autos_mom,balance of trade,nahb housing market index,business inventories_mom,eia distillate fuel production change,eia crude oil imports change,eia gasoline stocks change,eia cushing crude oil stocks change,eia gasoline production change,eia refinery crude runs change,eia crude oil stocks change,eia distillate stocks change,eia heating oil stocks change,industrial production_yoy,retail sales_yoy",DOUBLE_WAVE_UP,,,,,,,,,,,,0.9,50.0,1.05929,39.70000000000029,50.0,73.0,1.0589,35.799999999999166,73.0,56.0,1.05752,0.4458438287153744,,
38,2023-03-16 13:30:00+01:00,62.88000000000071,DOWN,13,145.00274371827223,"interest rate decision,lending facility rate,deposit facility rate,unemployment rate,gdp growth rate_yoy,harmonised inflation rate_mom,cpi,current account,current account,inflation rate_yoy,harmonised inflation rate_yoy,inflation rate_mom,balance of trade",DOUBLE_WAVE_DOWN,64.0,1.05513,61.70000000000009,64.0,72.0,1.05666,46.39999999999978,72.0,70.0,1.05839,0.5283630470016266,0.9,,,,,,,,,,,,,
39,2023-03-22 18:49:00+01:00,120.75999999999976,UP,11,212.85015019571804,"m3 money supply_yoy,ecb panetta speech,eia heating oil stocks change,eia crude oil stocks change,eia distillate stocks change,eia crude oil imports change,eia refinery crude runs change,eia cushing crude oil stocks change,eia gasoline production change,eia gasoline stocks change,eia distillate fuel production change",DOUBLE_WAVE_UP,,,,,,,,,,,,0.9,69.0,1.09128,121.99999999999989,69.0,110.0,1.0893,102.19999999999897,110.0,90.0,1.08528,0.4918032786885255,,
40,2023-03-23 19:21:00+01:00,46.850000000000506,DOWN,9,152.10510826353178,"federal tax revenues,new home sales,new home sales_mom,eia natural gas stocks change,boe l mann speech,consumer confidence,ecb lane speech,kansas fed composite index,kansas fed manufacturing index",DOUBLE_WAVE_DOWN,82.0,1.08243,49.79999999999984,82.0,114.0,1.08385,35.60000000000008,114.0,108.0,1.0843,0.3755020080321374,0.9,,,,,,,,,,,,,
41,2023-03-24 10:26:00+01:00,65.98000000000104,DOWN,9,87.00386144179755,"industrial production_yoy,business confidence,tourist arrivals_yoy,industrial production_mom,gdp growth rate_yoy,gdp growth rate_qoq,import prices_yoy,export prices_yoy,ppi_yoy",SINGLE_WAVE_FORT_DOWN,106.0,1.07133,74.70000000000087,106.0,,,,,,,,0.85,,,,,,,,,,,,,
42,2023-04-03 15:21:00+02:00,48.10000000000203,UP,6,68.17171552047292,"s&p global/cips manufacturing pmi,dilf manufacturing pmi,absa manufacturing pmi,3 month bubill auction,industrial production_mom,industrial production_yoy",DOUBLE_WAVE_UP,,,,,,,,,,,,0.9,70.0,1.09168,47.399999999999665,70.0,105.0,1.08945,25.100000000000122,105.0,103.0,1.08843,0.6856540084388182,,
43,2023-04-04 15:52:00+02:00,66.23999999999964,UP,11,133.5517128644605,"new car registrations_yoy,ppi_mom,ppi_yoy,30 year bund/€i auction,10 year bund/€i auction,lmi logistics managers index current,budget balance,boe pill speech,foreign exchange reserves,business confidence,tourist arrivals_yoy",SINGLE_WAVE_FORT_UP,,,,,,,,,,,,0.85,75.0,1.09734,70.5,75.0,,,,,,,,,
44,2023-04-05 16:06:00+02:00,47.21000000000419,DOWN,12,147.7486911933535,"7 year bund auction,unemployment rate,consumer confidence,3 month bill auction,6 month bill auction,mba 30 year mortgage rate,mba purchase index,inflation rate_mom,inflation rate_yoy,mba mortgage applications,mba mortgage refinance index,mba mortgage market index",DOUBLE_WAVE_DOWN,57.0,1.09028,39.600000000001856,57.0,64.0,1.09057,36.70000000000062,64.0,60.0,1.09148,0.30303030303031153,0.9,,,,,,,,,,,,,
45,2023-04-07 13:37:00+02:00,41.990000000000634,DOWN,7,68.33500083542299,"imports,exports,balance of trade,current account,industrial production_yoy,foreign exchange reserves,foreign exchange reserves",SINGLE_WAVE_FORT_DOWN,70.0,1.08764,42.10000000000047,70.0,,,,,,,,0.85,,,,,,,,,,,,,
46,2023-04-10 13:59:00+02:00,48.17000000000071,DOWN,1,9.451388888889252,foreign exchange reserves,SINGLE_WAVE_FORT_DOWN,115.0,1.08401,58.400000000000674,115.0,,,,,,,,0.85,,,,,,,,,,,,,
47,2023-04-12 14:15:00+02:00,67.63999999999993,UP,4,58.87001282051441,"budget balance,16 year index linked treasury gilt auction,4 month bot auction,12 month bot auction",DOUBLE_WAVE_UP,,,,,,,,,,,,0.9,30.0,1.09901,66.90000000000084,30.0,122.0,1.09901,66.90000000000084,122.0,56.0,1.09583,0.47533632286994326,,
48,2023-04-13 09:08:00+02:00,40.359999999997065,UP,4,35.987508771929974,"balance of trade,exports_yoy,current account,imports_yoy",SINGLE_WAVE_FORT_UP,,,,,,,,,,,,0.85,70.0,1.10252,45.69999999999963,70.0,,,,,,,,,
49,2023-04-13 14:05:00+02:00,46.67000000000199,UP,15,165.02257953707812,"industrial production_mom,industrial production_yoy,current account,15 year index linked obligacion auction,3 year bonos auction,obligacion auction,10 year obligacion auction,bonos auction,balance of trade,imports,exports,10 year treasury gilt auction,industrial production_mom,industrial production_yoy,industrial production_mom",SINGLE_WAVE_FORT_UP,,,,,,,,,,,,0.85,115.0,1.10679,56.69999999999842,115.0,,,,,,,,,
50,2023-04-14 14:25:00+02:00,40.78999999999944,DOWN,5,48.32261861861954,"iea oil market report,inflation rate_mom,inflation rate_yoy,consumer confidence,car sales_yoy",SINGLE_WAVE_FORT_DOWN,113.0,1.10028,56.59999999999998,113.0,,,,,,,,0.85,,,,,,,,,,,,,
51,2023-04-17 14:30:00+02:00,43.02000000000028,DOWN,9,85.25466876102199,"ecb mccaul speech,harmonised inflation rate_mom,inflation rate_yoy,inflation rate_mom,cpi,harmonised inflation rate_yoy,m1 money supply_yoy,ecb tuominen speech,12 month bubill auction",SINGLE_WAVE_FORT_DOWN,114.0,1.09195,63.59999999999921,114.0,,,,,,,,0.85,,,,,,,,,,,,,
52,2023-04-20 14:25:00+02:00,47.18,UP,11,105.59650171126646,"current account,export orders_yoy,balance of trade,10 year obligacion auction,7 year obligacion auction,obligacion auction,bonos auction,3 year oat auction,5 year oat auction,consumer confidence,balance of trade",SINGLE_WAVE_FORT_UP,,,,,,,,,,,,0.85,113.0,1.09899,50.19999999999803,113.0,,,,,,,,,
53,2023-04-21 15:45:00+02:00,47.22999999999811,DOWN,7,70.2512942612948,"government budget to gdp,government debt to gdp,5 year btp€i auction,btp short term,unemployment rate,wholesale prices_mom,wholesale prices_yoy",SINGLE_WAVE_FORT_DOWN,33.0,1.09427,47.29999999999901,33.0,,,,,,,,0.85,,,,,,,,,,,,,
54,2023-04-26 14:24:00+02:00,55.589999999998696,UP,9,131.02726359084073,"riksbank rate decision,monetary policy report,ecb enria speech,bank austria manufacturing pmi,economic sentiment index,unemployment rate,labour productivity_qoq,6 month bot auction,ecb jochnick speech",DOUBLE_WAVE_UP,,,,,,,,,,,,0.9,70.0,1.10957,58.30000000000002,70.0,99.0,1.10933,55.899999999999835,99.0,70.0,1.10709,0.42538593481990344,,
55,2023-04-27 14:30:00+02:00,47.34999999999934,DOWN,15,194.8915069320986,"business confidence,consumer confidence,business confidence,consumer confidence,industrial sentiment,consumer confidence,services sentiment,economic sentiment,gdp growth rate qoq adv,consumer inflation expectations,gdp growth rate yoy adv,10 year btp auction,5 year btp auction,inflation rate_mom,inflation rate_yoy",SINGLE_WAVE_FORT_DOWN,87.0,1.09924,52.30000000000068,87.0,,,,,,,,0.85,,,,,,,,,,,,,
56,2023-04-28 09:05:00+02:00,41.400000000000325,DOWN,16,188.28615874133612,"unemployment rate,core inflation rate_yoy,private investment_mom,gdp growth rate_yoy,inflation rate_yoy,harmonised inflation rate_mom,kof leading indicators,gdp growth rate qoq adv,gdp growth rate yoy adv,boj quarterly outlook report,inflation rate_mom,boj interest rate decision,industrial production_yoy,harmonised inflation rate_yoy,inflation rate_yoy,cpi",SINGLE_WAVE_FORT_DOWN,96.0,1.09768,58.10000000000093,96.0,,,,,,,,0.85,,,,,,,,,,,,,
57,2023-04-28 16:03:00+02:00,46.56999999999911,UP,9,79.17412367858836,"ppi_yoy,harmonised inflation rate_mom,harmonised inflation rate_yoy,industrial sales_mom,retail sales_yoy,industrial sales_yoy,inflation rate_yoy,retail sales_mom,inflation rate_mom",SINGLE_WAVE_FORT_UP,,,,,,,,,,,,0.85,108.0,1.10452,49.59999999999853,108.0,,,,,,,,,
58,2023-05-01 15:47:00+02:00,46.120000000002825,DOWN,2,38.97045454545432,"dilf manufacturing pmi,s&p global manufacturing pmi",SINGLE_WAVE_FORT_DOWN,125.0,1.09664,57.300000000000125,125.0,,,,,,,,0.85,,,,,,,,,,,,,
59,2023-05-02 09:25:00+02:00,42.79000000000144,DOWN,11,124.88171641527109,"inflation rate_mom,gdp growth rate_yoy,harmonised inflation rate_mom,gdp growth rate_qoq,unemployed persons,inflation rate_yoy,m3 money supply_yoy,inflation rate_mom,core inflation rate_yoy,loans to households_yoy,loans to companies_yoy",DOUBLE_WAVE_DOWN,55.0,1.09601,40.70000000000018,55.0,105.0,1.097,30.799999999999716,105.0,92.0,1.0985,0.6117936117936345,0.9,,,,,,,,,,,,,
60,2023-05-02 16:00:00+02:00,40.79999999999862,UP,19,170.58605401874644,"absa manufacturing pmi,inflation rate_yoy,inflation rate_yoy,harmonised inflation rate_yoy,cpi,inflation rate_mom,6 month btf auction,3 month btf auction,inflation rate_mom,core inflation rate_yoy,10 year bund/€i auction,ppi_mom,total credit_yoy,retail sales_yoy,ppi_yoy,new car sales_yoy,retail sales_mom,foreign exchange reserves,global dairy trade price index",DOUBLE_WAVE_UP,,,,,,,,,,,,0.9,52.0,1.09931,36.10000000000113,52.0,86.0,1.09913,34.30000000000044,86.0,67.0,1.09742,0.5235457063711602,,
61,2023-05-03 19:12:00+02:00,48.150000000000134,UP,9,253.81288888889117,"adp employment change,cnb interest rate decision,sipmm manufacturing pmi,treasury refunding announcement,ism services new orders,ism services business activity,ism services prices,ism services employment,ism services pmi",SINGLE_WAVE_FORT_UP,,,,,,,,,,,,0.85,60.0,1.10919,48.599999999998644,60.0,,,,,,,,,
62,2023-05-04 14:15:00+02:00,75.78000000000085,DOWN,29,487.93372436841304,"hcob services pmi,s&p global pmi,hcob composite pmi,m3 money supply_yoy,hcob services pmi,hcob composite pmi,hcob services pmi,hcob composite pmi,hcob services pmi,hcob composite pmi,hcob composite pmi,ipc fipe inflation_mom,new car sales_yoy,unit labour costs_qoq,retail sales_yoy,jobless claims 4 week average,norges bank press conference,s&p global/cips services pmi,continuing jobless claims,exports,initial jobless claims,net lending to individuals_mom,5 year index linked obligacion auction,3 year bonos auction,s&p global composite pmi,10 year oat auction,house price index_yoy,ppi_mom,ppi_yoy",SINGLE_WAVE_FORT_DOWN,50.0,1.10018,73.40000000000124,50.0,,,,,,,,0.85,,,,,,,,,,,,,
63,2023-05-04 16:40:00+02:00,43.11999999999871,DOWN,9,137.85374752684464,"ivey pmi s.a,unemployment rate,eia natural gas stocks change,tourist arrivals_yoy,ny fed treasury purchases tips 1 to 7.5 yrs,exports_yoy,challenger job cuts,8 week bill auction,4 week bill auction",DOUBLE_WAVE_DOWN,26.0,1.09862,41.999999999999815,26.0,37.0,1.09955,32.69999999999884,37.0,32.0,1.1009,0.5428571428571595,0.9,,,,,,,,,,,,,
64,2023-05-05 13:30:00+02:00,51.42999999999898,DOWN,37,600.4896515848038,"cpi,inflation rate_mom,inflation rate_yoy,industrial production_yoy,private non farm payrolls_qoq,industrial production_mom,retail sales_mom,industrial production_yoy,wholesale prices_mom,inflation rate_mom,foreign exchange reserves,retail sales_yoy,hcob construction pmi,foreign exchange reserves,hcob construction pmi,hcob construction pmi,bank loan growth_yoy,foreign exchange reserves,business confidence,hcob construction pmi,deposit growth_yoy,foreign exchange reserves,inflation rate_mom,foreign exchange reserves,inflation rate_yoy,retail sales_yoy,retail sales_mom,foreign exchange reserves,average weekly hours,non farm payrolls,foreign exchange reserves,unemployment rate,s&p global/cips construction pmi,average hourly earnings_yoy,average hourly earnings_mom,participation rate,nonfarm payrolls private",DOUBLE_WAVE_DOWN,86.0,1.0967,57.000000000000384,86.0,97.0,1.09712,52.799999999999514,97.0,90.0,1.09874,0.3578947368421102,0.9,,,,,,,,,,,,,
65,2023-05-10 14:29:00+02:00,61.84999999999885,UP,11,118.35403724054068,"industrial production_yoy,industrial production_mom,foreign exchange reserves,inflation rate_mom,industrial production_mom,industrial production_yoy,inflation rate_mom,industrial production_yoy,harmonised inflation rate_yoy,inflation rate_yoy,12 month bot auction",SINGLE_WAVE_FORT_UP,,,,,,,,,,,,0.85,118.0,1.10071,60.2999999999998,118.0,,,,,,,,,
66,2023-05-11 08:02:00+02:00,52.42999999999887,DOWN,4,37.53089095744593,"ppi_mom,ppi_yoy,gdp growth rate_yoy,construction output_yoy",SINGLE_WAVE_FORT_DOWN,91.0,1.09243,57.40000000000079,91.0,,,,,,,,0.85,,,,,,,,,,,,,
67,2023-05-19 17:12:00+02:00,42.05000000000014,UP,6,65.30532790309084,"consumer confidence,bank loan growth_yoy,deposit growth_yoy,foreign exchange reserves,ibc br economic activity,retail sales_yoy",DOUBLE_WAVE_UP,,,,,,,,,,,,0.9,19.0,1.08267,40.19999999999912,19.0,114.0,1.08251,38.599999999999746,114.0,24.0,1.08089,0.4427860696517795,,
68,2023-05-31 15:52:00+02:00,40.2900000000006,DOWN,17,216.07778576332137,"redbook_yoy,cpi,harmonised inflation rate_mom,7 year bund auction,chicago pmi,inflation rate_mom,average weekly earnings_yoy,ppi_yoy,unemployment rate,inflation rate_yoy,harmonised inflation rate_mom,gdp growth rate_qoq,gdp growth rate_yoy,harmonised inflation rate_yoy,government budget value,dallas fed services revenues index,dallas fed services index",SINGLE_WAVE_FORT_DOWN,97.0,1.06512,47.999999999999154,97.0,,,,,,,,0.85,,,,,,,,,,,,,
69,2023-06-02 15:36:00+02:00,44.34000000000049,DOWN,5,55.659166666665946,"total vehicle sales,gnp_qoq,gdp growth rate_yoy,gnp_yoy,current account",SINGLE_WAVE_FORT_DOWN,91.0,1.07214,44.29999999999934,91.0,,,,,,,,0.85,,,,,,,,,,,,,
70,2023-06-05 15:10:00+02:00,42.0799999999999,UP,16,308.94801772514626,"foreign exchange reserves,new car sales_yoy,s&p global/cips services pmi,s&p global/cips composite pmi,house price index_yoy,house price index_mom,ppi_yoy,ppi_mom,3 month bubill auction,s&p global composite pmi,ism services prices,ism services business activity,ism services employment,ism services pmi,ism services new orders,new car registrations_yoy",SINGLE_WAVE_FORT_UP,,,,,,,,,,,,0.85,70.0,1.07227,42.800000000000615,70.0,,,,,,,,,
71,2023-06-14 19:08:00+02:00,60.2999999999998,DOWN,5,218.97140865384665,"ppi_mom,interest rate projection   1st yr,fed interest rate decision,interest rate projection   2nd yr,fomc economic projections",DOUBLE_WAVE_DOWN,70.0,1.08016,61.70000000000009,70.0,88.0,1.08065,56.79999999999907,88.0,77.0,1.08206,0.30794165316045546,0.9,,,,,,,,,,,,,
72,2023-06-15 14:09:00+02:00,64.13000000000002,UP,33,654.4780523331166,"m3 money supply_yoy,inflation rate_mom,interest rate decision,ecb interest rate decision,deposit facility rate,housing starts,marginal lending rate,philadelphia fed manufacturing index,ny empire state manufacturing index,retail sales_yoy,manufacturing sales_mom,philly fed new orders,philly fed prices paid,philly fed business conditions,philly fed capex index,philly fed employment,industrial production_yoy,retail sales_mom,initial jobless claims,retail sales ex gas/autos_mom,import prices_yoy,export prices_yoy,import prices_mom,export prices_mom,obligacion auction,bonos auction,15 year obligacion auction,3 year bonos auction,ecb press conference,construction output_yoy,balance of trade,5 year oat auction,balance of trade",SINGLE_WAVE_FORT_UP,,,,,,,,,,,,0.85,111.0,1.08982,80.19999999999916,111.0,,,,,,,,,
73,2023-06-21 15:47:00+02:00,47.969999999997185,UP,7,143.9828710407213,"30 year bund auction,ecb schnabel speech,fed jefferson testimony,fed chair powell testimony,unemployment rate,fed cook testimony,6 month bill auction",SINGLE_WAVE_FORT_UP,,,,,,,,,,,,0.85,67.0,1.09642,47.399999999999665,67.0,,,,,,,,,
74,2023-06-23 08:30:00+02:00,74.32999999999579,DOWN,16,193.5763175566018,"retail sales_mom,retail sales_yoy,retail sales ex fuel_mom,retail sales ex fuel_yoy,industrial production_mom,business confidence,industrial production_yoy,unemployment rate,gdp growth rate_yoy,gdp growth rate_qoq,current account,hcob composite pmi,hcob manufacturing pmi,hcob services pmi,hcob services pmi,hcob manufacturing pmi",DOUBLE_WAVE_DOWN,70.0,1.08539,77.49999999999923,70.0,83.0,1.08599,71.4999999999999,83.0,70.0,1.08803,0.3406451612903228,0.9,,,,,,,,,,,,,
75,2023-06-28 16:00:00+02:00,41.6699999999981,DOWN,13,212.88348159221863,"snb quarterly bulletin,6 month bot auction,fed chair powell speech,boj gov ueda speech,boe gov bailey speech,industrial sales_yoy,eia crude oil stocks change,eia gasoline production change,eia distillate stocks change,eia cushing crude oil stocks change,eia heating oil stocks change,mba 30 year mortgage rate,ecb president lagarde speech",DOUBLE_WAVE_DOWN,67.0,1.08969,37.199999999999456,67.0,114.0,1.09068,27.29999999999899,114.0,91.0,1.09173,0.5483870967742128,0.9,,,,,,,,,,,,,
76,2023-06-29 14:14:00+02:00,70.74999999999943,DOWN,15,235.48680530021517,"monetary policy report,riksbank rate decision,inflation rate_yoy,inflation rate_mom,european council meeting,ppi_yoy,harmonised inflation rate_yoy,ppi_mom,brandenburg cpi_yoy,bavaria cpi_mom,initial jobless claims,core pce prices_qoq,services sentiment,consumer inflation expectations,saxony cpi_mom",SINGLE_WAVE_FORT_DOWN,107.0,1.08617,76.09999999999894,107.0,,,,,,,,0.85,,,,,,,,,,,,,
77,2023-06-30 14:08:00+02:00,47.06000000000099,UP,24,351.45740627426966,"nominal budget balance,infrastructure output_yoy,deposit growth_yoy,bank loan growth_yoy,foreign exchange reserves,unemployed persons,unemployment change,balance of trade,unemployment rate,unemployment rate,european council meeting,registered jobless rate,external debt,core pce price index_yoy,gdp_mom,personal income,gdp_mom,inflation rate_mom,personal spending_mom,core pce price index_mom,unemployment rate,cpi,unemployment rate,current account",SINGLE_WAVE_FORT_UP,,,,,,,,,,,,0.85,123.0,1.09242,71.0999999999995,123.0,,,,,,,,,
78,2023-07-06 15:38:00+02:00,51.22999999999989,DOWN,17,324.02756378677526,"7 year obligacion auction,50 year obligacion auction,5 year index linked obligacion auction,10 year obligacion auction,bonos auction,obligacion auction,10 year oat auction,30 year oat auction,20 year oat auction,s&p global composite pmi,s&p global services pmi,total vehicle sales,inflation rate_yoy,ism services new orders,jolts job openings,ism services prices,ism services business activity",SINGLE_WAVE_FORT_DOWN,70.0,1.08339,51.49999999999988,70.0,,,,,,,,0.85,,,,,,,,,,,,,
79,2023-07-07 14:25:00+02:00,51.13999999999841,UP,13,263.41713312884065,"inflation rate_yoy,retail sales_mom,imports_yoy,balance of trade,retail sales_yoy,ecb guindos speech,average hourly wages_yoy,average hourly earnings_mom,average hourly earnings_yoy,balance of trade,foreign exchange reserves,new car registrations_mom,inflation rate_mom",DOUBLE_WAVE_UP,,,,,,,,,,,,0.9,22.0,1.09317,49.79999999999984,22.0,38.0,1.09251,43.20000000000101,38.0,28.0,1.09027,0.5823293172690586,,
80,2023-07-12 14:20:00+02:00,62.09999999999827,UP,8,74.84404935826001,"construction output_yoy,inflation rate_yoy,harmonised inflation rate_yoy,inflation rate_mom,inflation rate_mom,inflation rate_yoy,inflation rate_mom,balance of trade",SINGLE_WAVE_FORT_UP,,,,,,,,,,,,0.85,121.0,1.1103,80.10000000000073,121.0,,,,,,,,,
81,2023-07-19 15:57:00+02:00,45.349999999999554,DOWN,12,181.46384546983336,"construction output_yoy,cpi,inflation rate_yoy,ppi_yoy,3 month bill auction,6 month bill auction,eia distillate fuel production change,eia gasoline stocks change,eia cushing crude oil stocks change,eia crude oil stocks change,eia distillate stocks change,eia heating oil stocks change",DOUBLE_WAVE_DOWN,62.0,1.11745,43.29999999999945,62.0,83.0,1.11909,26.900000000000812,83.0,79.0,1.11953,0.48036951501152103,0.9,,,,,,,,,,,,,
82,2023-07-20 16:05:00+02:00,42.919999999999625,DOWN,6,88.7684172901148,"manufacturing production_mom,10 year index linked oat auction,existing home sales,cb leading index_mom,eia natural gas stocks change,current account",SINGLE_WAVE_FORT_DOWN,115.0,1.11321,50.90000000000039,115.0,,,,,,,,0.85,,,,,,,,,,,,,
83,2023-07-24 09:15:00+02:00,68.25999999999999,DOWN,9,124.49453780829612,"consumer confidence,business confidence,credit card spending_yoy,hcob manufacturing pmi,hcob services pmi,hcob services pmi,industrial production_yoy,unemployment rate,hcob manufacturing pmi",SINGLE_WAVE_FORT_DOWN,97.0,1.10659,76.30000000000025,97.0,,,,,,,,0.85,,,,,,,,,,,,,
84,2023-07-26 20:35:00+02:00,44.50999999999983,UP,8,209.99761006289444,"fed interest rate decision,eia crude oil imports change,eia distillate stocks change,fed press conference,eia heating oil stocks change,eia cushing crude oil stocks change,eia refinery crude runs change,eia gasoline stocks change",DOUBLE_WAVE_UP,,,,,,,,,,,,0.9,35.0,1.1107,43.29999999999945,35.0,83.0,1.10977,33.99999999999848,83.0,53.0,1.10787,0.6535796766743986,,
85,2023-07-27 14:16:00+02:00,99.92000000000225,DOWN,33,932.4877103853104,"retail inventories ex autos_mom,pce prices_qoq,wholesale inventories_mom,core pce prices_qoq,gdp growth rate_qoq,gdp price index_qoq,real consumer spending_qoq,gdp sales_qoq,goods trade balance,balance of trade,bank lending_mom,unemployment rate,deposit facility rate,ecb interest rate decision,marginal lending rate,non defense goods orders ex air,average weekly earnings_yoy,gdp price index qoq adv,durable goods orders_mom,jobless claims 4 week average,real consumer spending qoq adv,wholesale inventories mom adv,durable goods orders ex transp_mom,pce prices qoq adv,continuing jobless claims,gdp sales qoq adv,initial jobless claims,retail inventories ex autos mom adv,durable goods orders ex defense_mom,jobless claims 4 week average,gdp growth rate qoq adv,core pce prices qoq adv,ecb press conference",SINGLE_WAVE_FORT_DOWN,99.0,1.09917,135.19999999999976,99.0,,,,,,,,0.85,,,,,,,,,,,,,
86,2023-07-28 15:41:00+02:00,50.98999999999965,UP,10,133.84201787415205,"gdp growth rate_qoq,retail sales_yoy,gdp growth rate_yoy,ppi_yoy,inflation rate_mom,michigan current conditions,michigan inflation expectations,michigan consumer expectations,harmonised inflation rate_yoy,retail sales_mom",SINGLE_WAVE_FORT_UP,,,,,,,,,,,,0.85,53.0,1.10477,50.700000000001296,53.0,,,,,,,,,
87,2023-08-02 15:30:00+02:00,47.28999999999761,DOWN,11,219.12880345912177,"treasury refunding announcement,total vehicle sales,eia distillate stocks change,eia gasoline stocks change,eia cushing crude oil stocks change,eia refinery crude runs change,eia crude oil imports change,eia crude oil stocks change,eia gasoline production change,eia heating oil stocks change,eia distillate fuel production change",SINGLE_WAVE_FORT_DOWN,70.0,1.0918,49.29999999999879,70.0,,,,,,,,0.85,,,,,,,,,,,,,
88,2023-08-04 14:16:00+02:00,78.70000000000044,UP,21,631.1522638286606,"vehicle sales_yoy,auto production_yoy,gross fixed investment_yoy,auto exports_yoy,gross fixed investment_mom,participation rate,part time employment chg,manufacturing payrolls,average weekly hours,u 6 unemployment rate,government payrolls,unemployment rate,employment change,full time employment chg,average hourly earnings_yoy,average hourly wages_yoy,participation rate,nonfarm payrolls private,average hourly earnings_mom,non farm payrolls,unemployment rate",SINGLE_WAVE_FORT_UP,,,,,,,,,,,,0.85,95.0,1.10301,88.2000000000005,95.0,,,,,,,,,
89,2023-08-10 14:03:00+02:00,47.02000000000206,UP,10,184.8805505891737,"m3 money supply_yoy,cpi,initial jobless claims,core inflation rate_mom,core inflation rate_yoy,cpi s.a,inflation rate_yoy,jobless claims 4 week average,continuing jobless claims,inflation rate_mom",CRASH_RECOVERY_UP,,,,,,,,,,,,0.8,,,44.800000000000395,39.0,,,,,,1.1011,,trough_below_baseline,1.10205
90,2023-08-11 14:30:00+02:00,40.300000000002,DOWN,17,225.92652173956765,"industrial production_yoy,inflation rate_yoy,inflation rate_mom,manufacturing production_yoy,industrial production_mom,industrial production_yoy,balance of trade,core ppi_yoy,ppi_mom,ppi_yoy,core ppi_mom,bank loan growth_yoy,deposit growth_yoy,foreign exchange reserves,current account,balance of trade,niesr monthly gdp tracker",DOUBLE_WAVE_DOWN,91.0,1.09551,44.10000000000025,91.0,114.0,1.0958,41.199999999999015,114.0,100.0,1.09781,0.5215419501133687,0.9,,,,,,,,,,,,,
91,2023-08-14 14:29:00+02:00,40.2199999999997,DOWN,12,105.94241952708002,"bcb focus market readout,balance of trade,inflation rate_yoy,ibc br economic activity,current account,inflation rate_mom,unemployment rate,balance of trade,3 month btf auction,balance of trade,6 month btf auction,12 month btf auction",SINGLE_WAVE_FORT_DOWN,89.0,1.08749,51.20000000000013,89.0,,,,,,,,0.85,,,,,,,,,,,,,
92,2023-08-15 14:40:00+02:00,43.61999999999977,UP,20,293.94009023313583,"imports,exports,import prices_yoy,import prices_mom,cpi trimmed mean_yoy,inflation rate_mom,core inflation rate_yoy,retail sales_yoy,manufacturing sales_mom,export prices_mom,retail sales ex autos_mom,retail sales_mom,ny empire state manufacturing index,retail sales ex gas/autos_mom,export prices_yoy,cpi median_yoy,new motor vehicle sales,core inflation rate_mom,inflation rate_yoy,redbook_yoy",DOUBLE_WAVE_UP,,,,,,,,,,,,0.9,50.0,1.09526,50.99999999999882,50.0,83.0,1.09449,43.29999999999945,83.0,65.0,1.09303,0.4372549019607855,,
93,2023-08-23 09:30:00+02:00,55.96999999999852,DOWN,19,267.40045499094657,"hcob manufacturing pmi,hcob composite pmi,hcob services pmi,hcob composite pmi,hcob services pmi,hcob manufacturing pmi,industrial production_yoy,inflation rate_yoy,core inflation rate_yoy,hcob manufacturing pmi,inflation rate_mom,hcob composite pmi,hcob services pmi,core inflation rate_mom,retail sales_yoy,consumer confidence,s&p global/cips composite pmi,s&p global/cips manufacturing pmi,s&p global/cips services pmi",SINGLE_WAVE_FORT_DOWN,118.0,1.08113,54.10000000000137,118.0,,,,,,,,0.85,,,,,,,,,,,,,
94,2023-08-23 15:04:00+02:00,40.66000000000125,UP,9,188.1913035473278,"retail sales_yoy,retail sales_mom,retail sales ex autos_mom,s&p global manufacturing pmi,s&p global services pmi,s&p global composite pmi,consumer confidence,new home sales,new home sales_mom",SINGLE_WAVE_FORT_UP,,,,,,,,,,,,0.85,114.0,1.08535,49.399999999999444,114.0,,,,,,,,,
95,2023-08-25 16:20:00+02:00,59.50000000000122,DOWN,7,142.30745507836687,"michigan consumer sentiment,current account,michigan current conditions,michigan consumer expectations,michigan 5 year inflation expectations,michigan inflation expectations,budget balance",DOUBLE_WAVE_DOWN,48.0,1.0766,53.90000000000006,48.0,73.0,1.07686,51.30000000000079,73.0,61.0,1.07849,0.35064935064934044,0.9,,,,,,,,,,,,,
96,2023-08-29 15:23:00+02:00,64.96000000000058,UP,9,178.9309613410896,"redbook_yoy,house price index_yoy,house price index_mom,s&p/case shiller home price_yoy,house price index,s&p/case shiller home price_mom,cb consumer confidence,jolts job openings,jolts job quits",SINGLE_WAVE_FORT_UP,,,,,,,,,,,,0.85,53.0,1.08503,64.19999999999871,53.0,,,,,,,,,
97,2023-08-30 14:07:00+02:00,45.06000000000121,UP,15,348.1247803273127,"harmonised inflation rate_yoy,inflation rate_yoy,inflation rate_mom,harmonised inflation rate_mom,adp employment change,retail inventories ex autos_mom,gdp sales_qoq,real consumer spending_qoq,core pce prices_qoq,pce prices_qoq,gdp growth rate_qoq,corporate profits_qoq,gdp price index_qoq,wholesale inventories_mom,goods trade balance",SINGLE_WAVE_FORT_UP,,,,,,,,,,,,0.85,122.0,1.09459,62.40000000000023,122.0,,,,,,,,,
98,2023-09-01 15:36:00+02:00,63.38000000000177,DOWN,8,224.5901004851004,"s&p global manufacturing pmi,s&p global manufacturing pmi,s&p global manufacturing pmi,ism manufacturing new orders,ism manufacturing prices,ism manufacturing employment,construction spending_mom,ism manufacturing pmi",SINGLE_WAVE_FORT_DOWN,114.0,1.07906,79.90000000000164,114.0,,,,,,,,0.85,,,,,,,,,,,,,
99,2023-09-08 15:15:00+02:00,42.07000000000072,UP,11,164.38640131579373,"unemployment rate,employment change,capacity utilization,average hourly wages_yoy,participation rate,part time employment chg,full time employment chg,inflation rate_mom,inflation rate_yoy,inflation rate_mom,wholesale inventories_mom",DOUBLE_WAVE_UP,,,,,,,,,,,,0.9,67.0,1.0744,41.59999999999941,67.0,86.0,1.07324,29.999999999998916,86.0,80.0,1.07267,0.41586538461539274,,
100,2023-09-14 13:31:00+02:00,78.09999999999873,DOWN,15,396.72687411071706,"deposit facility rate,marginal lending rate,ecb interest rate decision,core ppi_yoy,retail sales_yoy,ppi_yoy,core ppi_mom,retail sales_mom,wholesale sales_mom,continuing jobless claims,retail sales ex autos_mom,retail sales ex gas/autos_mom,jobless claims 4 week average,ppi_mom,initial jobless claims",DOUBLE_WAVE_DOWN,70.0,1.06559,79.89999999999941,70.0,89.0,1.067,65.8000000000003,89.0,85.0,1.06849,0.36295369211513445,0.9,,,,,,,,,,,,,
101,2023-09-20 19:04:00+02:00,59.91999999999997,DOWN,9,395.9973064713083,"boc summary of deliberations,interest rate projection   2nd yr,interest rate projection   longer,interest rate projection   current,bundesbank mauderer speech,fomc economic projections,fed interest rate decision,interest rate projection   3rd yr,interest rate projection   1st yr",SINGLE_WAVE_FORT_DOWN,65.0,1.0674,59.200000000001474,70.0,,,,,,,,0.85,,,,,,,,,,,,,
102,2023-09-22 09:15:00+02:00,49.110000000001094,DOWN,16,233.56040868454383,"gdp growth rate_qoq,current account,gdp growth rate_yoy,business confidence,consumer confidence,hcob services pmi,hcob composite pmi,hcob manufacturing pmi,hcob composite pmi,hcob services pmi,hcob manufacturing pmi,unemployment rate,hcob composite pmi,hcob services pmi,hcob manufacturing pmi,unemployment rate",SINGLE_WAVE_FORT_DOWN,17.0,1.06151,43.90000000000116,17.0,,,,,,,,0.85,,,,,,,,,,,,,
103,2023-10-06 14:01:00+02:00,83.71000000000129,DOWN,27,658.2906339845332,"foreign exchange reserves,auto production_yoy,business confidence,auto exports_yoy,foreign exchange reserves,participation rate,average hourly earnings_yoy,average hourly wages_yoy,non farm payrolls,manufacturing payrolls,government payrolls,part time employment chg,participation rate,average weekly hours,full time employment chg,average hourly earnings_mom,unemployment rate,unemployment rate,u 6 unemployment rate,employment change,nonfarm payrolls private,deposit growth_yoy,bank loan growth_yoy,foreign exchange reserves,car production_mom,new car registrations_mom,foreign exchange reserves",SINGLE_WAVE_FORT_DOWN,60.0,1.04827,83.80000000000054,60.0,,,,,,,,0.85,,,,,,,,,,,,,
104,2023-10-06 16:28:00+02:00,67.57000000000124,UP,3,26.69066666666875,"inflation rate_mom,inflation rate_yoy,monetary policy meeting minutes",SINGLE_WAVE_FORT_UP,,,,,,,,,,,,0.85,84.0,1.06001,80.89999999999931,84.0,,,,,,,,,
105,2023-10-10 09:55:00+02:00,44.07999999999967,UP,9,109.29989285714578,"inflation rate_yoy,inflation rate_mom,industrial production_yoy,cpi,industrial production_yoy,industrial production_yoy,industrial production_mom,industrial production_yoy,labour productivity_qoq",SINGLE_WAVE_FORT_UP,,,,,,,,,,,,0.85,104.0,1.06113,45.89999999999872,104.0,,,,,,,,,
106,2023-10-12 14:30:00+02:00,54.81000000000069,DOWN,18,288.22200397459056,"ecb monetary policy meeting accounts,niesr monthly gdp tracker,manufacturing production_yoy,industrial production_yoy,industrial production_yoy,inflation rate_mom,inflation rate_yoy,industrial production_mom,inflation rate_mom,cpi,inflation rate_yoy,cpi s.a,jobless claims 4 week average,core inflation rate_mom,core inflation rate_yoy,initial jobless claims,continuing jobless claims,balance of trade",SINGLE_WAVE_FORT_DOWN,103.0,1.05474,73.30000000000058,103.0,,,,,,,,0.85,,,,,,,,,,,,,
107,2023-10-19 17:03:00+02:00,48.06000000000088,UP,7,118.34323806335286,"eia natural gas stocks change,8 week bill auction,4 week bill auction,fed chair powell speech,30 year mortgage rate,15 year mortgage rate,10 year bond auction",DOUBLE_WAVE_UP,,,,,,,,,,,,0.9,70.0,1.06166,50.700000000001296,70.0,88.0,1.06097,43.80000000000051,88.0,78.0,1.05903,0.5187376725838393,,
108,2023-10-27 14:46:00+02:00,50.89000000000121,UP,10,211.9843925252764,"balance of trade,cbr press conference,core pce price index_yoy,pce price index_yoy,pce price index_mom,core pce price index_mom,personal spending_mom,wholesale sales_mom,personal income,fed barr speech",DOUBLE_WAVE_UP,,,,,,,,,,,,0.9,94.0,1.05948,53.19999999999992,94.0,121.0,1.05796,38.000000000000256,121.0,118.0,1.0572,0.4285714285714405,,
109,2023-10-31 13:30:00+01:00,55.03000000000257,DOWN,16,280.6142927479473,"infrastructure output_yoy,unemployment rate,gdp growth rate_yoy,balance of trade,gdp growth rate_qoq,gdp_mom,employment cost   wages_qoq,gdp_mom,employment cost index_qoq,employment cost   benefits_qoq,redbook_yoy,s&p/case shiller home price_mom,house price index,house price index_yoy,house price index_mom,s&p/case shiller home price_yoy",DOUBLE_WAVE_DOWN,101.0,1.05952,65.29999999999924,101.0,122.0,1.06075,52.99999999999861,122.0,117.0,1.0616,0.31852986217459506,0.9,,,,,,,,,,,,,
110,2023-11-01 14:46:00+01:00,45.079999999999565,UP,19,447.1837890793577,"s&p global manufacturing pmi,s&p global manufacturing pmi,s&p global manufacturing pmi,ism manufacturing pmi,jolts job openings,jolts job quits,ism manufacturing new orders,construction spending_mom,ism manufacturing employment,ism manufacturing prices,eia distillate stocks change,eia cushing crude oil stocks change,eia crude oil stocks change,eia gasoline stocks change,eia distillate fuel production change,eia gasoline production change,eia crude oil imports change,eia refinery crude runs change,eia heating oil stocks change",DOUBLE_WAVE_UP,,,,,,,,,,,,0.9,70.0,1.0571,46.49999999999821,70.0,95.0,1.05595,34.999999999998366,95.0,84.0,1.05505,0.4408602150537557,,
111,2023-11-03 12:59:00+01:00,73.69999999999877,UP,23,637.3585597462112,"budget balance,foreign exchange reserves,bank loan growth_yoy,deposit growth_yoy,gross fixed investment_yoy,gross fixed investment_mom,boe pill speech,participation rate,participation rate,average hourly earnings_mom,nonfarm payrolls private,part time employment chg,non farm payrolls,government payrolls,employment change,unemployment rate,average hourly wages_yoy,u 6 unemployment rate,manufacturing payrolls,average weekly hours,average hourly earnings_yoy,unemployment rate,full time employment chg",DOUBLE_WAVE_UP,,,,,,,,,,,,0.9,60.0,1.07196,73.60000000000034,60.0,92.0,1.07136,67.60000000000099,92.0,82.0,1.06962,0.3179347826086954,,
112,2023-11-14 14:17:00+01:00,100.60999999999876,UP,9,147.09790091179678,"ecb elderson speech,inflation rate_yoy,inflation rate_mom,core inflation rate_yoy,cpi,core inflation rate_mom,new motor vehicle sales,cpi s.a,redbook_yoy",SINGLE_WAVE_FORT_UP,,,,,,,,,,,,0.85,111.0,1.08358,113.00000000000088,111.0,,,,,,,,,
113,2023-11-16 16:36:00+01:00,40.300000000002,DOWN,12,182.5760584093231,"boe kroszner speech,balance of trade,nahb housing market index,imports_yoy,eia natural gas stocks change,fed waller speech,eia natural gas stocks change,boe ramsden speech,kansas fed composite index,kansas fed manufacturing index,8 week bill auction,4 week bill auction",SINGLE_WAVE_FORT_DOWN,89.0,1.08466,46.60000000000109,89.0,,,,,,,,0.85,,,,,,,,,,,,,
114,2023-11-22 14:30:00+01:00,44.34999999999967,DOWN,10,248.13751596368428,"autumn statement,durable goods orders ex transp_mom,non defense goods orders ex air,new housing price index_mom,durable goods orders ex defense_mom,jobless claims 4 week average,durable goods orders_mom,initial jobless claims,continuing jobless claims,ecb elderson speech",SINGLE_WAVE_FORT_DOWN,114.0,1.08524,62.99999999999972,114.0,,,,,,,,0.85,,,,,,,,,,,,,
115,2023-11-30 08:42:00+01:00,41.87999999999859,DOWN,32,297.63697415413435,"gdp growth rate_yoy,gdp growth rate_qoq,retail sales_mom,private consumption_mom,retail sales_yoy,gdp growth rate_qoq,private investment_mom,unemployment rate,current account,gdp growth rate_yoy,ppi_yoy,retail sales_yoy,retail sales_mom,retail sales_yoy,gdp growth rate_yoy,ppi_mom,inflation rate_yoy,household consumption_mom,inflation rate_mom,gdp growth rate_qoq,harmonised inflation rate_yoy,harmonised inflation rate_mom,ppi_yoy,ecb general council meeting,ppi_mom,harmonised inflation rate_yoy,inflation rate_yoy,harmonised inflation rate_mom,inflation rate_mom,kof leading indicators,ppi_yoy,retail sales_yoy",SINGLE_WAVE_FORT_DOWN,92.0,1.09202,46.10000000000003,92.0,,,,,,,,0.85,,,,,,,,,,,,,
116,2023-12-01 17:03:00+01:00,47.31999999999958,UP,5,71.9599603174627,"new car registrations_yoy,foreign exchange reserves,fed chair powell speech,new car registrations_yoy,new car registrations_yoy",DOUBLE_WAVE_UP,,,,,,,,,,,,0.9,61.0,1.08856,45.69999999999963,61.0,122.0,1.08844,44.500000000000654,122.0,95.0,1.08718,0.30196936542668446,,
117,2023-12-04 14:28:00+01:00,53.28999999999917,DOWN,4,45.50607462226352,"12 month btf auction,6 month btf auction,ecb president lagarde speech,3 month btf auction",SINGLE_WAVE_FORT_DOWN,65.0,1.08198,51.09999999999948,65.0,,,,,,,,0.85,,,,,,,,,,,,,
118,2023-12-08 13:34:00+01:00,60.2999999999998,DOWN,12,498.1321384731528,"business confidence,average weekly hours,government payrolls,capacity utilization,participation rate,average hourly earnings_yoy,manufacturing payrolls,non farm payrolls,average hourly earnings_mom,nonfarm payrolls private,u 6 unemployment rate,unemployment rate",SINGLE_WAVE_FORT_DOWN,67.0,1.0724,59.59999999999965,67.0,,,,,,,,0.85,,,,,,,,,,,,,
119,2023-12-08 15:34:00+01:00,45.36000000000095,UP,9,156.10565878207214,"business confidence,inflation rate_yoy,inflation rate_mom,michigan current conditions,michigan consumer expectations,michigan consumer sentiment,monetary policy meeting minutes,michigan 5 year inflation expectations,michigan inflation expectations",SINGLE_WAVE_FORT_UP,,,,,,,,,,,,0.85,55.0,1.0786,48.99999999999905,55.0,,,,,,,,,
120,2023-12-12 14:35:00+01:00,44.2100000000023,DOWN,10,131.57879238221503,"balance of trade,inflation rate_yoy,core inflation rate_yoy,core inflation rate_mom,inflation rate_mom,cpi s.a,ecb mccaul speech,cpi,redbook_yoy,business confidence",SINGLE_WAVE_FORT_DOWN,70.0,1.07673,41.400000000000325,70.0,,,,,,,,0.85,,,,,,,,,,,,,
121,2023-12-13 19:51:00+01:00,106.34000000000032,UP,8,411.06231837607015,"interest rate projection   current,fomc economic projections,interest rate projection   1st yr,interest rate projection   longer,interest rate projection   3rd yr,interest rate projection   2nd yr,fed interest rate decision,fed press conference",SINGLE_WAVE_FORT_UP,,,,,,,,,,,,0.85,88.0,1.08967,111.79999999999967,88.0,,,,,,,,,
122,2023-12-14 14:40:00+01:00,64.50000000000067,UP,20,463.44927702200494,"balance of trade,current account,ecb interest rate decision,deposit facility rate,marginal lending rate,export prices_mom,jobless claims 4 week average,continuing jobless claims,jobless claims 4 week average,manufacturing sales_mom,new motor vehicle sales,initial jobless claims,retail sales_mom,retail sales ex gas/autos_mom,retail sales ex autos_mom,export prices_yoy,import prices_yoy,retail sales_yoy,import prices_mom,ecb press conference",SINGLE_WAVE_FORT_UP,,,,,,,,,,,,0.85,92.0,1.09973,86.20000000000073,92.0,,,,,,,,,
123,2023-12-15 09:15:00+01:00,50.10999999999876,DOWN,26,330.1180978554764,"construction output_yoy,harmonised inflation rate_yoy,inflation rate_mom,inflation rate_yoy,harmonised inflation rate_mom,ppi_yoy,european council meeting,ppi_mom,hcob composite pmi,hcob manufacturing pmi,exports,hcob services pmi,hcob services pmi,hcob manufacturing pmi,hcob composite pmi,business confidence,hcob composite pmi,harmonised inflation rate_yoy,inflation rate_mom,inflation rate_yoy,hcob manufacturing pmi,hcob services pmi,inflation rate_mom,cpi,harmonised inflation rate_mom,inflation rate_yoy",DOUBLE_WAVE_DOWN,25.0,1.09465,46.30000000000134,25.0,50.0,1.09492,43.600000000001415,50.0,25.0,1.09678,0.4600431965443036,0.9,,,,,,,,,,,,,
124,2023-12-15 13:43:00+01:00,51.760000000000694,DOWN,9,145.864944444446,"ibc br economic activity,cbr press conference,inflation rate_yoy,housing starts,ny empire state manufacturing index,foreign securities purchases,foreign securities purchases by canadians,wholesale sales_mom,inflation rate_mom",DOUBLE_WAVE_DOWN,69.0,1.09043,52.60000000000042,69.0,125.0,1.09107,46.200000000000685,125.0,105.0,1.09286,0.4619771863117705,0.9,,,,,,,,,,,,,
125,2023-12-21 11:42:00+01:00,42.58000000000095,UP,5,42.81763638427519,"construction output_yoy,ppi_yoy,cbi distributive trades,ppi_yoy,ppi_mom",SINGLE_WAVE_FORT_UP,,,,,,,,,,,,0.85,67.0,1.0985,42.200000000001125,67.0,,,,,,,,,
126,2023-12-28 14:40:00+01:00,43.48000000000019,DOWN,9,250.9568825168419,"initial jobless claims,continuing jobless claims,jobless claims 4 week average,wholesale inventories mom adv,goods trade balance,retail inventories ex autos_mom,retail inventories ex autos mom adv,goods trade balance adv,wholesale inventories_mom",DOUBLE_WAVE_DOWN,32.0,1.10725,44.19999999999868,32.0,65.0,1.10878,28.89999999999837,65.0,53.0,1.1097,0.5542986425339173,0.9,,,,,,,,,,,,,
127,2024-01-02 11:53:00+01:00,42.99000000000053,DOWN,7,69.97960480058532,"retail sales_yoy,dilf manufacturing pmi,business confidence,total credit_yoy,bcb focus market readout,consumer confidence,new car sales_yoy",SINGLE_WAVE_FORT_DOWN,117.0,1.09582,50.499999999999986,117.0,,,,,,,,0.85,,,,,,,,,,,,,
128,2024-01-05 15:01:00+01:00,68.59000000000171,UP,26,811.5849903250104,"average hourly wages_yoy,manufacturing payrolls,participation rate,unemployment rate,u 6 unemployment rate,average hourly earnings_mom,part time employment chg,unemployment rate,full time employment chg,participation rate,average hourly earnings_yoy,non farm payrolls,average weekly hours,employment change,government payrolls,nonfarm payrolls private,ism services business activity,exports_yoy,ism services prices,ism services new orders,factory orders ex transportation,ism services employment,inflation rate_yoy,ivey pmi s.a,factory orders_mom,ism services pmi",DOUBLE_WAVE_UP,,,,,,,,,,,,0.9,80.0,1.09987,84.19999999999872,80.0,111.0,1.09941,79.59999999999967,111.0,87.0,1.09723,0.31353919239905176,,
129,2024-01-11 14:30:00+01:00,56.450000000001225,DOWN,10,157.19421165589154,"inflation rate_yoy,cpi,inflation rate_mom,core inflation rate_yoy,core inflation rate_mom,initial jobless claims,continuing jobless claims,jobless claims 4 week average,jobless claims 4 week average,current account",SINGLE_WAVE_FORT_DOWN,114.0,1.09305,58.89999999999951,114.0,,,,,,,,0.85,,,,,,,,,,,,,
130,2024-01-25 14:44:00+01:00,40.82999999999837,DOWN,35,971.974609223578,"interest rate decision,prime overdraft rate,deposit facility rate,ecb interest rate decision,marginal lending rate,chicago fed national activity index,durable goods orders_mom,durable goods orders ex defense_mom,pce prices qoq adv,goods trade balance adv,manufacturing sales_mom,jobless claims 4 week average,core pce prices qoq adv,gdp price index qoq adv,real consumer spending qoq adv,non defense goods orders ex air,durable goods orders ex transp_mom,continuing jobless claims,wholesale inventories mom adv,initial jobless claims,wholesale inventories_mom,retail inventories ex autos_mom,goods trade balance,core pce prices_qoq,gdp growth rate_qoq,pce prices_qoq,gdp price index_qoq,gdp sales_qoq,real consumer spending_qoq,gdp growth rate qoq adv,gdp sales qoq adv,average weekly earnings_yoy,retail inventories ex autos mom adv,ecb press conference,business confidence",SINGLE_WAVE_FORT_DOWN,125.0,1.08337,60.40000000000045,125.0,,,,,,,,0.85,,,,,,,,,,,,,
131,2024-01-31 20:51:00+01:00,64.2100000000001,DOWN,3,100.4954838709675,"fed interest rate decision,fed press conference,cement production_yoy",SINGLE_WAVE_FORT_DOWN,53.0,1.07951,61.59999999999943,53.0,,,,,,,,0.85,,,,,,,,,,,,,
132,2024-02-01 17:06:00+01:00,40.62999999999928,UP,7,100.03049630511128,"eia natural gas stocks change,4 week bill auction,8 week bill auction,30 year mortgage rate,15 year mortgage rate,30 year bond auction,new car registrations_yoy",SINGLE_WAVE_FORT_UP,,,,,,,,,,,,0.85,75.0,1.08748,44.200000000000905,75.0,,,,,,,,,
133,2024-02-02 14:19:00+01:00,92.39999999999694,DOWN,11,480.2391847694486,"sipmm manufacturing pmi,manufacturing payrolls,nonfarm payrolls private,non farm payrolls,unemployment rate,average hourly earnings_yoy,u 6 unemployment rate,government payrolls,participation rate,average hourly earnings_mom,average weekly hours",SINGLE_WAVE_FORT_DOWN,55.0,1.07919,90.79999999999977,55.0,,,,,,,,0.85,,,,,,,,,,,,,
134,2024-02-13 14:25:00+01:00,92.56000000000154,DOWN,13,152.49031674868712,"exports,imports,balance of trade,balance of trade,current account,inflation rate_yoy,cpi,inflation rate_mom,core inflation rate_mom,core inflation rate_yoy,cpi s.a,current account,redbook_yoy",SINGLE_WAVE_FORT_DOWN,34.0,1.0705,88.3999999999996,34.0,,,,,,,,0.85,,,,,,,,,,,,,
135,2024-02-16 13:39:00+01:00,42.0699999999985,DOWN,16,261.73780963880165,"cbr press conference,core inflation rate_yoy,fed barkin speech,housing starts,ppi ex food, energy and trade_mom,ppi ex food, energy and trade_yoy,ppi_mom,wholesale sales_mom,core ppi_mom,building permits_mom,housing starts_mom,building permits,foreign securities purchases by canadians,ppi_yoy,foreign securities purchases,core ppi_yoy",DOUBLE_WAVE_DOWN,70.0,1.07322,41.499999999998764,70.0,80.0,1.0739,34.699999999998624,80.0,78.0,1.07471,0.35903614457832184,0.9,,,,,,,,,,,,,
136,2024-02-22 08:15:00+01:00,44.88000000000048,UP,15,164.9364841768648,"business confidence,ecb fernandez bollo speech,gross wage_yoy,business climate indicator,business confidence,harmonised inflation rate_mom,harmonised inflation rate_mom,harmonised inflation rate_yoy,harmonised inflation rate_yoy,inflation rate_mom,inflation rate_yoy,cpi,hcob services pmi,hcob manufacturing pmi,hcob composite pmi",DOUBLE_WAVE_UP,,,,,,,,,,,,0.9,70.0,1.08885,46.500000000000426,70.0,84.0,1.08867,44.69999999999974,84.0,70.0,1.086,0.6129032258064501,,
137,2024-02-29 16:24:00+01:00,41.49999999999877,DOWN,9,160.81850002106677,"chicago pmi,pending home sales_mom,pending home sales_yoy,eia natural gas stocks change,unemployment rate,fed bostic speech,kansas fed manufacturing index,fed goolsbee speech,kansas fed composite index",SINGLE_WAVE_FORT_DOWN,123.0,1.08,49.999999999998934,123.0,,,,,,,,0.85,,,,,,,,,,,,,
138,2024-03-01 16:00:00+01:00,41.04000000000107,UP,18,408.5899857169384,"boe pill speech,s&p global manufacturing pmi,s&p global manufacturing pmi,construction spending_mom,davivienda manufacturing pmi,michigan 5 year inflation expectations,ism manufacturing prices,ism manufacturing employment,s&p global manufacturing pmi,ism manufacturing pmi,michigan consumer expectations,michigan consumer sentiment,michigan current conditions,michigan inflation expectations,ism manufacturing new orders,fed waller speech,fed logan speech,foreign exchange reserves",SINGLE_WAVE_FORT_UP,,,,,,,,,,,,0.85,57.0,1.08412,39.59999999999964,57.0,,,,,,,,,
139,2024-03-07 15:01:00+01:00,47.84000000000121,UP,22,508.142577619964,"deposit facility rate,ecb interest rate decision,marginal lending rate,imports,exports,balance of trade,unit labour costs_qoq,jobless claims 4 week average,balance of trade,jobless claims 4 week average,exports,imports,building permits_mom,nonfarm productivity_qoq,initial jobless claims,continuing jobless claims,ecb press conference,used car prices_yoy,used car prices_mom,bundesbank balz speech,fed chair powell testimony,ecb president lagarde speech",SINGLE_WAVE_FORT_UP,,,,,,,,,,,,0.85,118.0,1.09308,58.30000000000002,118.0,,,,,,,,,
140,2024-03-08 13:54:00+01:00,50.62000000000122,UP,18,596.309242775381,"fed williams speech,capacity utilization,manufacturing payrolls,average hourly earnings_mom,average hourly wages_yoy,average hourly earnings_yoy,unemployment rate,full time employment chg,participation rate,participation rate,nonfarm payrolls private,u 6 unemployment rate,unemployment rate,part time employment chg,average weekly hours,government payrolls,employment change,non farm payrolls",DOUBLE_WAVE_UP,,,,,,,,,,,,0.9,59.0,1.09815,50.299999999998676,59.0,80.0,1.09668,35.60000000000008,80.0,73.0,1.09545,0.5367793240556652,,
141,2024-03-20 18:57:00+01:00,52.21000000000142,UP,9,431.1827350427365,"boc summary of deliberations,fomc economic projections,interest rate projection   current,interest rate projection   2nd yr,interest rate projection   3rd yr,interest rate projection   1st yr,interest rate projection   longer,fed interest rate decision,fed press conference",SINGLE_WAVE_FORT_UP,,,,,,,,,,,,0.85,115.0,1.09228,57.49999999999922,115.0,,,,,,,,,
142,2024-03-21 08:53:00+01:00,41.52999999999851,DOWN,22,280.3203589778672,"public sector net borrowing,business confidence,public sector net borrowing ex banks,unemployment rate,new car registrations_yoy,business climate indicator,business confidence,ecb buch speech,m2 money supply_yoy,ecb general council meeting,hcob services pmi,hcob manufacturing pmi,hcob composite pmi,interest rate decision,hcob services pmi,hcob manufacturing pmi,hcob composite pmi,consumer price index cpi,inflation rate_yoy,current account,snb interest rate decision,inflation rate_mom",SINGLE_WAVE_FORT_DOWN,70.0,1.08874,44.800000000000395,70.0,,,,,,,,0.85,,,,,,,,,,,,,
143,2024-04-03 15:02:00+02:00,40.86999999999952,UP,13,393.5203979386637,"adp employment change,s&p global services pmi,s&p global composite pmi,s&p global composite pmi,s&p global services pmi,s&p global composite pmi,fed bowman speech,s&p global services pmi,ism services prices,ism services pmi,ism services employment,ism services new orders,ism services business activity",SINGLE_WAVE_FORT_UP,,,,,,,,,,,,0.85,113.0,1.0822,47.900000000000716,113.0,,,,,,,,,
144,2024-04-05 14:30:00+02:00,54.029999999998246,DOWN,29,718.7874594672165,"deposit growth_yoy,gross debt to gdp,foreign exchange reserves,nominal budget balance,bank loan growth_yoy,auto exports_yoy,foreign exchange reserves,auto production_yoy,part time employment chg,manufacturing payrolls,fed collins speech,average hourly wages_yoy,average weekly hours,full time employment chg,unemployment rate,unemployment rate,average hourly earnings_yoy,government payrolls,non farm payrolls,average hourly earnings_mom,employment change,participation rate,u 6 unemployment rate,participation rate,nonfarm payrolls private,foreign exchange reserves,used car prices_mom,used car prices_yoy,fed barkin speech",SINGLE_WAVE_FORT_DOWN,54.0,1.07914,53.19999999999992,54.0,,,,,,,,0.85,,,,,,,,,,,,,
145,2024-04-10 14:25:00+02:00,98.27999999999948,DOWN,11,150.5280648926284,"inflation rate_mom,inflation rate_yoy,monetary policy meeting minutes,inflation rate_mom,core inflation rate_yoy,cpi,cpi s.a,inflation rate_yoy,core inflation rate_mom,building permits_mom,fed bowman speech",SINGLE_WAVE_FORT_DOWN,109.0,1.07459,116.40000000000094,109.0,,,,,,,,0.85,,,,,,,,,,,,,
146,2024-04-11 15:39:00+02:00,41.98999999999842,DOWN,6,100.25204733065644,"fed williams speech,ecb press conference,current account,balance of trade,balance of trade,eia natural gas stocks change",SINGLE_WAVE_FORT_DOWN,85.0,1.06994,56.20000000000181,85.0,,,,,,,,0.85,,,,,,,,,,,,,
147,2024-04-23 08:30:00+02:00,55.04999999999871,UP,12,168.6878839726409,"industrial production_mom,industrial production_yoy,business confidence,public sector net borrowing ex banks,public sector net borrowing,leading business cycle indicator_mom,hcob services pmi,hcob manufacturing pmi,hcob composite pmi,hcob services pmi,hcob composite pmi,hcob manufacturing pmi",DOUBLE_WAVE_UP,,,,,,,,,,,,0.9,70.0,1.06953,53.90000000000006,70.0,118.0,1.06833,41.89999999999916,118.0,70.0,1.06661,0.5417439703154046,,
148,2024-04-23 15:45:00+02:00,49.60999999999993,UP,10,223.6658293739534,"redbook_yoy,s&p global services pmi,s&p global composite pmi,s&p global manufacturing pmi,new home sales_mom,richmond fed services index,richmond fed manufacturing shipments index,new home sales,richmond fed manufacturing index,unemployment rate",SINGLE_WAVE_FORT_UP,,,,,,,,,,,,0.85,61.0,1.07114,48.60000000000086,61.0,,,,,,,,,
149,2024-04-25 14:13:00+02:00,40.67000000000043,DOWN,26,668.7657120670355,"foreign direct investment,foreign exchange reserves,current account,jobless claims 4 week average,gdp growth rate qoq adv,continuing jobless claims,pce prices qoq adv,core pce prices qoq adv,jobless claims 4 week average,core pce prices_qoq,gdp sales_qoq,real consumer spending_qoq,gdp sales qoq adv,goods trade balance,pce prices_qoq,gdp price index_qoq,retail inventories ex autos mom adv,gdp growth rate_qoq,retail inventories ex autos_mom,real consumer spending qoq adv,goods trade balance adv,average weekly earnings_yoy,initial jobless claims,wholesale inventories mom adv,gdp price index qoq adv,wholesale inventories_mom",DOUBLE_WAVE_DOWN,90.0,1.06817,37.499999999999204,90.0,99.0,1.06884,30.799999999999716,99.0,99.0,1.06977,0.42666666666668795,0.9,,,,,,,,,,,,,
150,2024-05-01 20:00:00+02:00,56.560000000001054,UP,2,94.96000000000012,"fed interest rate decision,fed press conference",SINGLE_WAVE_FORT_UP,,,,,,,,,,,,0.85,65.0,1.07329,54.00000000000071,65.0,,,,,,,,,
151,2024-05-03 13:47:00+02:00,66.96999999999953,UP,20,578.8208623756258,"mpc meeting summary,gdp growth rate_yoy,bank loan growth_yoy,bank lending_mom,foreign exchange reserves,deposit growth_yoy,gross fixed investment_yoy,gross fixed investment_mom,industrial production_mom,industrial production_yoy,government payrolls,unemployment rate,manufacturing payrolls,average hourly earnings_yoy,average hourly earnings_mom,u 6 unemployment rate,nonfarm payrolls private,average weekly hours,participation rate,non farm payrolls",DOUBLE_WAVE_UP,,,,,,,,,,,,0.9,54.0,1.08128,66.50000000000045,54.0,63.0,1.08105,64.20000000000093,63.0,55.0,1.07902,0.33984962406013736,,
152,2024-05-15 13:46:00+02:00,45.50000000000276,UP,28,418.5808291372638,"mba mortgage applications,retail sales_mom,mba mortgage market index,retail sales_yoy,mba mortgage refinance index,mba purchase index,mba 30 year mortgage rate,inflation rate_yoy,food inflation_yoy,m3 money supply_yoy,ibc br economic activity,manufacturing pmi,gdp_yoy,unemployment rate,housing starts,core inflation rate_yoy,manufacturing sales_mom,retail sales ex gas/autos_mom,inflation rate_yoy,inflation rate_mom,core inflation rate_mom,ny empire state manufacturing index,retail sales_mom,cpi,retail sales ex autos_mom,retail sales_yoy,cpi s.a,balance of trade",DOUBLE_WAVE_UP,,,,,,,,,,,,0.9,55.0,1.08697,44.500000000000654,55.0,98.0,1.0866,40.800000000000836,98.0,65.0,1.08488,0.4696629213482909,,
153,2024-06-07 14:02:00+02:00,78.08000000000037,DOWN,37,779.0153379127316,"monetary policy meeting minutes,foreign exchange reserves,foreign exchange reserves,inflation rate_yoy,inflation rate_yoy,inflation rate_mom,inflation rate_mom,foreign exchange reserves,core inflation rate_yoy,core inflation rate_mom,cbr press conference,core inflation rate_mom,nonfarm payrolls private,imports,part time employment chg,participation rate,participation rate,balance of trade,average weekly hours,non farm payrolls,capacity utilization,manufacturing payrolls,average hourly earnings_yoy,average hourly earnings_mom,average hourly wages_yoy,unemployment rate,unemployment rate,exports,government payrolls,full time employment chg,employment change,u 6 unemployment rate,used car prices_yoy,used car prices_mom,car production_mom,new car registrations_mom,foreign exchange reserves",SINGLE_WAVE_FORT_DOWN,70.0,1.08215,78.30000000000004,70.0,,,,,,,,0.85,,,,,,,,,,,,,
154,2024-06-12 14:30:00+02:00,70.44000000000051,UP,15,205.96338070549183,"ecb buch speech,m3 money supply_yoy,inflation rate_yoy,inflation rate_mom,manufacturing production_yoy,inflation rate_yoy,industrial production_yoy,core inflation rate_mom,core inflation rate_yoy,cpi,cpi s.a,inflation rate_mom,inflation rate_yoy,current account,ecb guindos speech",SINGLE_WAVE_FORT_UP,,,,,,,,,,,,0.85,100.0,1.08378,70.09999999999961,100.0,,,,,,,,,
155,2024-06-13 15:43:00+02:00,40.57999999999895,DOWN,6,67.9010989738514,"inflation rate_yoy,inflation rate_mom,balance of trade,balance of trade,boc kozicki speech,eia natural gas stocks change",SINGLE_WAVE_FORT_DOWN,115.0,1.07566,48.6999999999993,115.0,,,,,,,,0.85,,,,,,,,,,,,,
156,2024-06-21 08:38:00+02:00,46.0399999999983,DOWN,25,280.0933065839477,"private bank lending_yoy,retail sales ex fuel_mom,public sector net borrowing ex banks,public sector net borrowing,industrial production_mom,industrial production_yoy,retail sales ex fuel_yoy,business confidence,retail sales_yoy,retail sales_mom,imports_yoy,balance of trade,gross wage_yoy,exports_yoy,business confidence,business climate indicator,interest rate decision,ppi_yoy,current account,hcob services pmi,hcob manufacturing pmi,hcob composite pmi,hcob services pmi,hcob composite pmi,hcob manufacturing pmi",SINGLE_WAVE_FORT_DOWN,70.0,1.06711,47.399999999999665,70.0,,,,,,,,0.85,,,,,,,,,,,,,
157,2024-07-11 14:30:00+02:00,52.49999999999755,UP,15,222.207940827592,"foreign exchange reserves,retail sales_mom,niesr monthly gdp tracker,retail sales_yoy,inflation rate_mom,jobless claims 4 week average,cpi,continuing jobless claims,cpi s.a,initial jobless claims,core inflation rate_yoy,core inflation rate_mom,inflation rate_yoy,inflation rate_yoy,current account",SINGLE_WAVE_FORT_UP,,,,,,,,,,,,0.85,31.0,1.09001,51.20000000000013,31.0,,,,,,,,,
158,2024-08-02 14:26:00+02:00,68.4100000000032,UP,19,580.8141056188701,"bank loan growth_yoy,foreign exchange reserves,deposit growth_yoy,gross fixed investment_yoy,industrial production_mom,unemployment rate,gross fixed investment_mom,industrial production_yoy,unemployment rate,manufacturing payrolls,non farm payrolls,nonfarm payrolls private,u 6 unemployment rate,participation rate,government payrolls,average weekly hours,average hourly earnings_yoy,average hourly earnings_mom,sipmm manufacturing pmi",SINGLE_WAVE_FORT_UP,,,,,,,,,,,,0.85,108.0,1.09087,76.00000000000051,108.0,,,,,,,,,
159,2024-08-05 08:34:00+02:00,63.479999999997986,UP,19,280.2872568038681,"s&p global composite pmi,standard bank pmi,stanbic bank uganda pmi,s&p global services pmi,manufacturing production_mom,s&p global services pmi,services pmi,balance of trade,retail sales_mom,industrial production_yoy,inflation rate_mom,inflation rate_yoy,ppi_yoy,ppi_mom,retail sales_yoy,s&p global pmi,hcob services pmi,hcob composite pmi,stanbic bank pmi",SINGLE_WAVE_FORT_UP,,,,,,,,,,,,0.85,107.0,1.09751,68.20000000000049,107.0,,,,,,,,,
160,2024-08-05 13:53:00+02:00,57.67999999999552,UP,1,8.168421052631567,bcb focus market readout,DOUBLE_WAVE_UP,,,,,,,,,,,,0.9,66.0,1.10089,56.199999999999584,66.0,111.0,1.10035,50.799999999999734,111.0,69.0,1.09836,0.45017793594304983,,
161,2024-08-15 14:25:00+02:00,63.41999999999848,DOWN,29,564.2275367848863,"foreign exchange reserves,niesr monthly gdp tracker,cash remittances,philly fed capex index,export prices_yoy,initial jobless claims,retail sales_yoy,retail sales_mom,retail sales ex gas/autos_mom,retail sales ex autos_mom,philly fed prices paid,philly fed new orders,philly fed employment,wholesale sales_mom,philly fed business conditions,philadelphia fed manufacturing index,ny empire state manufacturing index,new motor vehicle sales,jobless claims 4 week average,continuing jobless claims,import prices_yoy,import prices_mom,export prices_mom,fed musalem speech,manufacturing production_mom,industrial production_yoy,capacity utilization,industrial production_mom,manufacturing production_yoy",SINGLE_WAVE_FORT_DOWN,57.0,1.09498,62.99999999999972,57.0,,,,,,,,0.85,,,,,,,,,,,,,
162,2024-08-22 15:29:00+02:00,40.50999999999805,DOWN,12,264.69553768700894,"initial jobless claims,jobless claims 4 week average,continuing jobless claims,chicago fed national activity index,unemployment rate,federal tax revenues,s&p global services pmi,s&p global composite pmi,s&p global manufacturing pmi,consumer confidence,existing home sales,existing home sales_mom",SINGLE_WAVE_FORT_DOWN,50.0,1.11036,35.30000000000033,50.0,,,,,,,,0.85,,,,,,,,,,,,,
163,2024-08-23 15:57:00+02:00,76.46000000000042,UP,6,107.1766220238094,"current account,ppi_yoy,leading indicator_mom,fed chair powell speech,new home sales,new home sales_mom",SINGLE_WAVE_FORT_UP,,,,,,,,,,,,0.85,97.0,1.11962,88.50000000000024,97.0,,,,,,,,,
164,2024-08-29 09:37:00+02:00,57.12000000000161,DOWN,31,330.68069769100265,"inflation rate_mom,interest rate decision,business confidence,economic tendency indicator,harmonised inflation rate_mom,inflation rate_yoy,consumer inflation expectations,economic confidence index,consumer confidence,harmonised inflation rate_yoy,core inflation rate_yoy,ecb schnabel speech,baden wuerttemberg cpi_yoy,north rhine westphalia cpi_mom,north rhine westphalia cpi_yoy,brandenburg cpi_yoy,brandenburg cpi_mom,bavaria cpi_mom,business confidence,baden wuerttemberg cpi_mom,saxony cpi_mom,saxony cpi_yoy,hesse cpi_yoy,hesse cpi_mom,gdp growth rate_qoq,gdp growth rate_yoy,bavaria cpi_yoy,inflation rate_yoy,inflation rate_mom,business confidence,consumer confidence",SINGLE_WAVE_FORT_DOWN,57.0,1.10722,56.79999999999907,57.0,,,,,,,,0.85,,,,,,,,,,,,,
165,2024-09-04 15:57:00+02:00,41.85000000000105,UP,10,219.137315718806,"interest rate decision,s&p global composite pmi,s&p global services pmi,boc interest rate decision,factory orders_mom,jolts job openings,jolts job quits,ppi_yoy,factory orders ex transportation,boc press conference",DOUBLE_WAVE_UP,,,,,,,,,,,,0.9,70.0,1.10952,41.80000000000072,70.0,94.0,1.10834,30.000000000001137,94.0,90.0,1.10768,0.4401913875598163,,
166,2024-09-06 14:46:00+02:00,69.82999999999961,DOWN,25,642.7536326058911,"foreign exchange reserves,foreign exchange reserves,core inflation rate_mom,auto exports_yoy,auto production_yoy,inflation rate_mom,inflation rate_yoy,average hourly earnings_yoy,manufacturing payrolls,government payrolls,non farm payrolls,nonfarm payrolls private,average weekly hours,full time employment chg,u 6 unemployment rate,average hourly wages_yoy,participation rate,employment change,average hourly earnings_mom,unemployment rate,unemployment rate,part time employment chg,participation rate,fed williams speech,foreign exchange reserves",SINGLE_WAVE_FORT_DOWN,73.0,1.10658,80.99999999999996,73.0,,,,,,,,0.85,,,,,,,,,,,,,
167,2024-09-11 13:51:00+02:00,46.209999999999866,DOWN,15,196.49016249201995,"mba purchase index,mba 30 year mortgage rate,mba mortgage applications,mba mortgage market index,mba mortgage refinance index,niesr monthly gdp tracker,industrial production_yoy,monetary policy meeting minutes,industrial production_mom,inflation rate_mom,core inflation rate_mom,core inflation rate_yoy,cpi,cpi s.a,inflation rate_yoy",DOUBLE_WAVE_DOWN,65.0,1.10036,46.599999999998865,65.0,82.0,1.10127,37.499999999999204,82.0,76.0,1.10219,0.3927038626609534,0.9,,,,,,,,,,,,,
168,2024-09-18 20:49:00+02:00,68.25999999999999,DOWN,16,487.64708028083066,"interest rate projection   1st yr,interest rate decision,ise economic activity_yoy,interest rate projection   longer,interest rate projection   current,interest rate projection   3rd yr,interest rate projection   2nd yr,fomc economic projections,interest rate decision,interest rate decision,fed interest rate decision,interest rate decision,fed press conference,interest rate decision,gdp growth rate_yoy,gdp growth rate_qoq",SINGLE_WAVE_FORT_DOWN,71.0,1.1097,86.30000000000138,71.0,,,,,,,,0.85,,,,,,,,,,,,,
169,2024-09-23 09:07:00+02:00,63.94000000000233,DOWN,15,231.86486496673825,"total credit growth_yoy,gross wage_yoy,ecb elderson speech,hcob manufacturing pmi,hcob composite pmi,hcob services pmi,hcob composite pmi,hcob manufacturing pmi,hcob services pmi,retail sales_yoy,inflation rate_yoy,hcob manufacturing pmi,hcob composite pmi,unemployment rate,hcob services pmi",SINGLE_WAVE_FORT_DOWN,77.0,1.10834,74.19999999999982,77.0,,,,,,,,0.85,,,,,,,,,,,,,
170,2024-09-26 16:12:00+02:00,44.01000000000099,UP,12,229.0498987295863,"fed chair powell speech,fed williams speech,ecb president lagarde speech,ecb buch speech,consumer confidence,pending home sales_yoy,pending home sales_mom,ecb guindos speech,eia natural gas stocks change,fed barr speech,kansas fed manufacturing index,kansas fed composite index",SINGLE_WAVE_FORT_UP,,,,,,,,,,,,0.85,113.0,1.11894,53.000000000000824,113.0,,,,,,,,,
171,2024-09-27 08:36:00+02:00,48.00000000000138,DOWN,30,271.9175787411895,"retail sales_mom,household consumption_mom,retail sales_yoy,retail sales_mom,retail sales_yoy,unemployment rate,household consumption_mom,ppi_yoy,ppi_mom,harmonised inflation rate_mom,harmonised inflation rate_yoy,inflation rate_yoy,inflation rate_mom,gdp growth rate_yoy,consumer confidence,exports,gdp growth rate_qoq,harmonised inflation rate_yoy,imports,inflation rate_mom,business confidence,harmonised inflation rate_mom,consumer confidence,business confidence,balance of trade,inflation rate_yoy,core inflation rate_yoy,economic confidence index,gdp growth rate_qoq,gdp growth rate_yoy",SINGLE_WAVE_FORT_DOWN,59.0,1.11249,47.09999999999992,59.0,,,,,,,,0.85,,,,,,,,,,,,,
172,2024-09-27 14:19:00+02:00,45.88999999999732,UP,16,340.8224111555756,"interest rate decision,foreign exchange reserves,bank lending_mom,unemployment rate,balance of trade,pce price index_mom,wholesale inventories_mom,pce price index_yoy,personal spending_mom,core pce price index_mom,personal income_mom,core pce price index_yoy,goods trade balance,gdp_mom,gdp_mom,retail inventories ex autos_mom",DOUBLE_WAVE_UP,,,,,,,,,,,,0.9,62.0,1.12032,45.2000000000008,62.0,88.0,1.11942,36.200000000001786,88.0,79.0,1.11854,0.3938053097344826,,
173,2024-09-30 19:56:00+02:00,44.85000000000072,DOWN,2,39.565238095237945,"fed chair powell speech,interest rate decision",SINGLE_WAVE_FORT_DOWN,34.0,1.11138,44.599999999999085,34.0,,,,,,,,0.85,,,,,,,,,,,,,
174,2024-10-04 13:56:00+02:00,73.17000000000019,DOWN,19,552.710956596616,"unemployment rate,deposit growth_yoy,bank loan growth_yoy,foreign exchange reserves,auto production_yoy,auto exports_yoy,interest rate decision,unemployment rate,manufacturing payrolls,average hourly earnings_mom,non farm payrolls,unemployment rate,average hourly earnings_yoy,nonfarm payrolls private,average weekly hours,participation rate,u 6 unemployment rate,government payrolls,balance of trade",SINGLE_WAVE_FORT_DOWN,76.0,1.09589,74.79999999999932,76.0,,,,,,,,0.85,,,,,,,,,,,,,
175,2024-10-17 14:30:00+02:00,54.179999999999225,DOWN,27,671.5692622741134,"foreign exchange reserves,harmonised inflation rate_yoy,marginal lending rate,deposit facility rate,ecb interest rate decision,philly fed prices paid,continuing jobless claims,foreign securities purchases by canadians,retail sales_yoy,retail sales_mom,retail sales ex gas/autos_mom,retail sales ex autos_mom,foreign securities purchases,philly fed new orders,philly fed employment,philly fed capex index,philly fed business conditions,philadelphia fed manufacturing index,initial jobless claims,jobless claims 4 week average,ecb press conference,capacity utilization,manufacturing production_mom,industrial production_yoy,industrial production_mom,manufacturing production_yoy,gdp_yoy",DOUBLE_WAVE_DOWN,68.0,1.08112,54.09999999999915,68.0,111.0,1.08213,43.999999999999595,111.0,97.0,1.08358,0.454713493530489,0.9,,,,,,,,,,,,,
176,2024-11-01 12:40:00+01:00,44.00999999999877,UP,23,621.2334812250987,"total vehicle sales,vehicle sales_yoy,bank loan growth_yoy,average hourly earnings_yoy,foreign exchange reserves,deposit growth_yoy,industrial production_yoy,total new vehicle sales,industrial production_mom,unemployment rate,budget balance,business confidence,balance of trade,average weekly hours,average hourly earnings,average hourly earnings_mom,government payrolls,manufacturing payrolls,non farm payrolls,nonfarm payrolls private,participation rate,unemployment rate,unemployment rate",SINGLE_WAVE_FORT_UP,,,,,,,,,,,,0.85,70.0,1.09059,46.69999999999952,70.0,,,,,,,,,
177,2024-11-06 01:06:00+01:00,109.83999999999882,DOWN,1,12.084583333333752,boj monetary policy meeting minutes,DOUBLE_WAVE_DOWN,70.0,1.08218,115.10000000000132,70.0,103.0,1.08286,108.30000000000118,103.0,81.0,1.08575,0.3101650738488299,0.9,,,,,,,,,,,,,
178,2024-11-06 03:06:00+01:00,89.2499999999985,DOWN,0,0.0,,SINGLE_WAVE_FORT_DOWN,108.0,1.07192,124.69999999999982,108.0,,,,,,,,0.85,,,,,,,,,,,,,
179,2024-11-06 06:30:00+01:00,63.4800000000002,DOWN,5,100.87479487179402,"hsbc composite pmi,hsbc services pmi,s&p global services pmi,s&p global composite pmi,s&p global services pmi",SINGLE_WAVE_FORT_DOWN,83.0,1.07031,88.99999999999908,83.0,,,,,,,,0.85,,,,,,,,,,,,,
180,2024-11-06 08:53:00+01:00,46.01999999999773,UP,27,358.4509123056696,"interest rate,balance of trade,trade balance,factory orders_mom,interest rate decision,industrial production_yoy,wholesale prices_yoy,industrial production_yoy,balance of trade,inflation rate_yoy,industrial production_mom,construction output_yoy,inflation rate_mom,trade balance,cpi,wholesale prices_mom,hcob composite pmi,hcob services pmi,services pmi,services pmi,hcob services pmi,pmi,hcob composite pmi,hcob composite pmi,pmi,hcob services pmi,services pmi",SINGLE_WAVE_FORT_UP,,,,,,,,,,,,0.85,68.0,1.07817,48.200000000000465,68.0,,,,,,,,,
181,2024-11-06 11:57:00+01:00,49.330000000000766,DOWN,19,206.331554802692,"new passenger car registrations,producer price index_yoy,producer price index_mom,cpi,new car registrations_yoy,new car registrations_yoy,summary of the key rate discussion,15 year bund auction,monetary policy report,inflation rate_yoy,unemployment rate,igp di inflation_mom,inflation rate_mom,inflation rate_yoy,unemployment rate,6 month bill auction,3 month bill auction,tourist arrivals_yoy,foreign exchange reserves",SINGLE_WAVE_FORT_DOWN,106.0,1.06827,67.50000000000034,106.0,,,,,,,,0.85,,,,,,,,,,,,,
182,2024-11-08 17:13:00+01:00,52.63000000000018,DOWN,2,30.619327731092667,"fed bowman speech,wasde report",SINGLE_WAVE_FORT_DOWN,70.0,1.0687,57.10000000000104,70.0,,,,,,,,0.85,,,,,,,,,,,,,
183,2024-11-13 15:08:00+01:00,78.60999999999896,DOWN,10,171.55359821675472,"core inflation rate_mom,core inflation rate_yoy,real earnings_mom,cpi,fed kashkari speech,inflation rate_mom,inflation rate_yoy,cpi s.a,fed williams speech,fed logan speech",SINGLE_WAVE_FORT_DOWN,70.0,1.0556,78.49999999999912,70.0,,,,,,,,0.85,,,,,,,,,,,,,
184,2024-11-14 14:45:00+01:00,47.5599999999976,UP,11,203.71131186375655,"ppi ex food, energy and trade_mom,producer price index_mom,producer price index,ppi ex food, energy and trade_yoy,producer price index_yoy,jobless claims 4 week average,core ppi_yoy,core ppi_mom,continuing jobless claims,initial jobless claims,fed barkin speech",SINGLE_WAVE_FORT_UP,,,,,,,,,,,,0.85,107.0,1.05772,59.59999999999965,107.0,,,,,,,,,
185,2024-11-15 14:22:00+01:00,47.26999999999926,DOWN,22,389.712025683576,"gross domestic product_yoy,niesr monthly gdp tracker,export prices_yoy,vehicle sales_mom,retail sales_yoy,wholesale sales_mom,retail sales_mom,retail sales ex gas/autos_mom,export prices_mom,retail sales ex autos_mom,ny empire state manufacturing index,new motor vehicle sales,manufacturing sales_mom,import prices_mom,import prices_yoy,balance of trade,fed collins speech,manufacturing production_yoy,capacity utilization,manufacturing production_mom,industrial production_mom,industrial production_yoy",SINGLE_WAVE_FORT_DOWN,87.0,1.05262,63.60000000000143,87.0,,,,,,,,0.85,,,,,,,,,,,,,
186,2024-11-19 09:30:00+01:00,62.65000000000187,DOWN,16,182.8654841311785,"harmonised inflation rate_mom,harmonised inflation rate_mom,inflation rate_yoy,hicp_yoy,hicp_mom,harmonised inflation rate_yoy,harmonised inflation rate_yoy,producer price index_yoy,current account,cpi,inflation rate_mom,gross domestic product_yoy,ecb elderson speech,cpi,current account s.a,current account",DOUBLE_WAVE_DOWN,62.0,1.05236,63.69999999999987,62.0,69.0,1.05306,56.69999999999842,69.0,63.0,1.05428,0.30141287284146745,0.9,,,,,,,,,,,,,
187,2024-11-21 16:19:00+01:00,63.270000000001936,DOWN,13,183.77937570812725,"10 year ntn f auction,2 year ltn auction,existing home sales_mom,gdp growth rate_yoy,leading index_mom,existing home sales,eia natural gas stocks change,ecb lane speech,ecb elderson speech,kansas fed composite index,kansas fed manufacturing index,overnight lending rate,interest rate decision",SINGLE_WAVE_FORT_DOWN,115.0,1.04623,80.59999999999957,115.0,,,,,,,,0.85,,,,,,,,,,,,,
188,2024-11-22 09:15:00+01:00,161.7000000000024,DOWN,23,362.5940821575076,"gross wage_yoy,currency swaps,unemployment rate,tourist arrivals_yoy,pmi,manufacturing pmi,hcob composite pmi,services pmi,hcob services pmi,pmi,ecb lagarde speech,hcob services pmi,ecb president lagarde speech,hcob composite pmi,services pmi,manufacturing pmi,ecb de guindos speech,ecb guindos speech,hcob services pmi,manufacturing pmi,hcob composite pmi,pmi,services pmi",DOUBLE_WAVE_DOWN,69.0,1.03327,158.00000000000037,69.0,120.0,1.03851,105.59999999999903,120.0,97.0,1.04206,0.5563291139240542,0.9,,,,,,,,,,,,,
189,2024-11-22 11:15:00+01:00,43.97999999999902,UP,8,124.09560868108102,"s&p global composite pmi,inflation rate_mom,inflation rate_yoy,s&p global services pmi,business confidence,producer price index_yoy,producer price index_mom,ecb tuominen speech",DOUBLE_WAVE_UP,,,,,,,,,,,,0.9,52.0,1.04376,49.9000000000005,52.0,83.0,1.04272,39.5000000000012,83.0,59.0,1.04162,0.42885771543086354,,
190,2024-11-25 09:55:00+01:00,40.919999999999845,UP,23,266.47813110782295,"industrial production_yoy,industrial production_yoy,retail sales_yoy,consumer confidence,producer price index_yoy,producer price index_yoy,retail sales_yoy,business confidence,balance of trade,economic activity_yoy,construction output_yoy,m2 money supply_yoy,money supply,employment growth_yoy,corporate sector wages_yoy,ifo business climate,ifo current conditions,ifo expectations,industrial production_yoy,boe lombardelli speech,producer price index_yoy,business confidence,tourist arrivals_yoy",SINGLE_WAVE_FORT_UP,,,,,,,,,,,,0.85,70.0,1.04974,43.69999999999985,70.0,,,,,,,,,
191,2024-11-25 13:32:00+01:00,52.09000000000019,UP,2,40.88771171171071,"manufacturing sales_mom,chicago fed national activity index",SINGLE_WAVE_FORT_UP,,,,,,,,,,,,0.85,98.0,1.05305,54.60000000000021,98.0,,,,,,,,,
192,2024-11-25 16:46:00+01:00,46.769999999998205,DOWN,5,71.11962845384052,"business confidence,dallas fed manufacturing index,ecb lane speech,3 month bill auction,6 month bill auction",SINGLE_WAVE_FORT_DOWN,70.0,1.04668,49.69999999999919,70.0,,,,,,,,0.85,,,,,,,,,,,,,
193,2024-11-26 00:16:00+01:00,73.5600000000014,DOWN,0,0.0,,DOUBLE_WAVE_DOWN,70.0,1.04252,75.50000000000168,70.0,118.0,1.04307,70.00000000000117,118.0,86.0,1.04573,0.42516556291391866,0.9,,,,,,,,,,,,,
194,2024-11-26 09:18:00+01:00,43.3400000000006,UP,9,91.39747368421176,"inflation rate_mom,imports_yoy,balance of trade,exports_yoy,retail sales_yoy,balance of trade,producer price index_mom,producer price index_yoy,balance of trade",DOUBLE_WAVE_UP,,,,,,,,,,,,0.9,65.0,1.05193,39.29999999999989,65.0,115.0,1.05128,32.7999999999995,115.0,86.0,1.04925,0.6819338422391916,,
195,2024-11-26 13:42:00+01:00,40.559999999998375,DOWN,7,100.58889923526756,"ipca mid month cpi_yoy,ipca mid month cpi_mom,interest rate decision,building permits,m3 money supply_yoy,boc mendes speech,wholesale sales_mom",SINGLE_WAVE_FORT_DOWN,94.0,1.049,49.70000000000141,94.0,,,,,,,,0.85,,,,,,,,,,,,,
196,2024-11-27 08:21:00+01:00,54.35999999999774,UP,6,84.89027272727357,"unemployment rate,household lending growth_yoy,money supply,money supply,consumer confidence,ecb non monetary policy meeting",DOUBLE_WAVE_UP,,,,,,,,,,,,0.9,69.0,1.05406,52.60000000000042,69.0,90.0,1.05297,41.700000000000074,90.0,69.0,1.05146,0.49429657794675186,,
197,2024-11-27 14:05:00+01:00,49.9000000000005,UP,22,621.5166342468266,"gdp price index_qoq,continuing jobless claims,continuing jobless claims,core pce prices_qoq,corporate profits_qoq,durable goods orders ex defense_mom,durable goods orders ex defense_mom,durable goods orders ex transp_mom,durable goods orders_mom,gdp growth rate_qoq,gdp sales_qoq,goods trade balance adv,goods trade balance,gross domestic product_qoq,initial jobless claims,jobless claims 4 week average,non defense goods orders ex air,pce prices_qoq,real consumer spending,real consumer spending_qoq,retail inventories ex autos_mom,wholesale inventories_mom",DOUBLE_WAVE_UP,,,,,,,,,,,,0.9,66.0,1.05789,49.099999999999696,66.0,100.0,1.0561,31.200000000000117,100.0,91.0,1.05546,0.49490835030548824,,
198,2024-11-27 16:22:00+01:00,42.04999999999792,UP,28,533.7842993008431,"chicago pmi,personal income_mom,pending home sales_mom,pending home sales_yoy,core pce price index_yoy,4 week bill auction,8 week bill auction,pce price index_mom,pce price index_yoy,personal spending_mom,core pce price index_mom,eia heating oil stocks change,eia gasoline production change,eia gasoline stocks change,eia refinery crude runs change,eia weekly refinery utilization rates wow,eia distillate stocks change,eia cushing crude oil stocks change,eia crude oil stocks change,eia crude oil imports change,imports,eia distillate fuel production change,retail sales_yoy,unemployment rate,real wage growth_yoy,business confidence,industrial production_yoy,corporate profits",DOUBLE_WAVE_UP,,,,,,,,,,,,0.9,42.0,1.058,43.29999999999945,42.0,57.0,1.0575,38.3,57.0,52.0,1.0564,0.3695150115473594,,
199,2024-12-02 15:10:00+01:00,48.03000000000112,DOWN,13,271.6371048075004,"12 month btf auction,3 month btf auction,6 month btf auction,balance of trade,s&p global manufacturing pmi,s&p global manufacturing pmi,s&p global manufacturing pmi,construction spending_mom,ism manufacturing prices,ism manufacturing new orders,ism manufacturing pmi,davivienda manufacturing pmi,ism manufacturing employment",SINGLE_WAVE_FORT_DOWN,124.0,1.04608,49.9000000000005,124.0,,,,,,,,0.85,,,,,,,,,,,,,
200,2024-12-04 15:25:00+01:00,61.189999999999856,UP,25,680.7718198945287,"ecb president lagarde speech,labour productivity_qoq,fed musalem speech,s&p global composite pmi,s&p global services pmi,interest rate decision,s&p global services pmi,s&p global composite pmi,factory orders ex transportation,durable goods orders ex defense_mom,durable goods orders ex transp_mom,exports_yoy,ism non manufacturing pmi,factory orders_mom,ism services prices,ism services pmi,ism non manufacturing employment,all truck sales,all car sales,ism services new orders,ism services employment,ism services business activity,ism non manufacturing prices,ism non manufacturing new orders,ism non manufacturing business activity",DOUBLE_WAVE_UP,,,,,,,,,,,,0.9,70.0,1.05443,63.999999999999616,70.0,99.0,1.05378,57.49999999999922,99.0,93.0,1.0519,0.3953124999999901,,
201,2024-12-05 14:00:00+01:00,41.359999999999175,UP,11,172.44153365770237,"challenger job cuts,exports,balance of trade,balance of trade,jobless claims 4 week average,imports,continuing jobless claims,imports,exports,initial jobless claims,inflation rate_yoy",SINGLE_WAVE_FORT_UP,,,,,,,,,,,,0.85,111.0,1.05898,56.100000000001145,111.0,,,,,,,,,
202,2024-12-06 14:42:00+01:00,49.52999999999985,DOWN,26,672.8423129070418,"foreign exchange reserves,foreign exchange reserves,manufacturing payrolls,average weekly hours,participation rate,average hourly earnings,part time employment chg,employment change,government payrolls,average hourly wages_yoy,average hourly earnings_yoy,average hourly earnings_mom,unemployment rate,unemployment rate,full time employment chg,unemployment rate,non farm payrolls,nonfarm payrolls private,participation rate,gdp growth rate_yoy,gdp growth rate_qoq,gdp growth rate_yoy,used car prices_mom,used car prices_yoy,fed bowman speech,treasury cash balance",DOUBLE_WAVE_DOWN,39.0,1.05682,53.099999999999255,39.0,48.0,1.05699,51.399999999999224,48.0,42.0,1.05889,0.3898305084745848,0.9,,,,,,,,,,,,,
203,2024-12-12 16:02:00+01:00,52.34000000000183,DOWN,4,76.5215384877101,"ecb economic projections,ecb president lagarde speech,ecb lagarde speech,eia natural gas stocks change",SINGLE_WAVE_FORT_DOWN,51.0,1.04638,54.69999999999864,51.0,,,,,,,,0.85,,,,,,,,,,,,,
204,2024-12-18 19:49:00+01:00,116.94999999999789,DOWN,18,562.732272371518,"fomc economic projections,trade balance,balance of trade,unemployment rate,ise economic activity_yoy,interest rate projection   longer,interest rate projection   current,interest rate projection   3rd yr,interest rate projection   2nd yr,interest rate projection   1st yr,fed interest rate decision,fomc minutes,interest rate decision,interest rate decision,interest rate decision,fed press conference,press conference,interest rate decision",SINGLE_WAVE_FORT_DOWN,99.0,1.0344,145.99999999999946,99.0,,,,,,,,0.85,,,,,,,,,,,,,
205,2024-12-20 17:18:00+01:00,42.62999999999906,UP,3,42.74949999999999,"2 year ltn auction,budget balance,gross domestic product_yoy",DOUBLE_WAVE_UP,,,,,,,,,,,,0.9,70.0,1.04451,45.80000000000028,70.0,106.0,1.04322,32.90000000000015,106.0,99.0,1.04283,0.36681222707426103,,
206,2024-12-30 14:07:00+01:00,69.9099999999997,DOWN,2,20.129026315789297,"retail sales_yoy,m2 money supply_yoy",DOUBLE_WAVE_DOWN,105.0,1.0386,63.29999999999947,105.0,124.0,1.03998,49.5000000000001,124.0,120.0,1.04091,0.36492890995261507,0.9,,,,,,,,,,,,,
207,2025-01-02 10:49:00+01:00,42.6200000000021,DOWN,27,419.983647900527,"hcob manufacturing pmi,manufacturing pmi,manufacturing pmi,hcob manufacturing pmi,hcob manufacturing pmi,private sector loans,dnb manufacturing pmi,employment change,loans to companies_yoy,loans to households_yoy,m2 money supply_yoy,m3 money supply_yoy,manufacturing pmi,manufacturing pmi,manufacturing pmi,money supply,s&p global manufacturing pmi,s&p global manufacturing pmi,retail sales_yoy,inflation rate_yoy,interest rate decision,inflation rate_mom,unemployment rate,private sector credit_yoy,money supply,m2 money supply_yoy,current account",DOUBLE_WAVE_DOWN,70.0,1.03139,44.500000000000654,70.0,119.0,1.03151,43.300000000001674,119.0,100.0,1.03344,0.4606741573033382,0.9,,,,,,,,,,,,,
208,2025-01-02 16:26:00+01:00,81.62000000000225,DOWN,16,324.80231168251925,"s&p global manufacturing pmi,s&p global manufacturing pmi,construction spending_mom,davivienda manufacturing pmi,s&p global manufacturing pmi,imports,eia crude oil imports change,eia crude oil stocks change,eia cushing crude oil stocks change,eia distillate fuel production change,eia distillate stocks change,eia gasoline production change,eia gasoline stocks change,eia heating oil stocks change,eia refinery crude runs change,eia weekly refinery utilization rates wow",DOUBLE_WAVE_DOWN,48.0,1.02244,81.2999999999997,48.0,86.0,1.02412,64.50000000000067,86.0,62.0,1.02626,0.4698646986469802,0.9,,,,,,,,,,,,,
209,2025-01-06 12:04:00+01:00,95.90999999999906,UP,7,74.07051364522472,"unemployment rate,bcb focus market readout,new car registrations_yoy,tourist arrivals_yoy,consumer confidence,business confidence,budget balance",SINGLE_WAVE_FORT_UP,,,,,,,,,,,,0.85,39.0,1.04326,94.1000000000014,39.0,,,,,,,,,
210,2025-01-06 14:31:00+01:00,76.88999999999835,DOWN,17,253.8487118967983,"harmonised inflation rate_mom,harmonised inflation rate_yoy,s&p global services pmi,inflation rate_mom,s&p global composite pmi,hicp_mom,hicp_yoy,cpi,inflation rate_yoy,3 month btf auction,12 month btf auction,6 month btf auction,interest rate decision,interest rate decision,fed cook speech,s&p global services pmi,s&p global composite pmi",DOUBLE_WAVE_DOWN,55.0,1.0353,75.3999999999988,55.0,83.0,1.03671,61.299999999999685,83.0,55.0,1.03937,0.5397877984084696,0.9,,,,,,,,,,,,,
211,2025-01-08 12:05:00+01:00,45.53000000000029,DOWN,22,245.14775589404695,"inflation rate_yoy,10 year bund auction,total new vehicle sales,inflation rate_yoy,core inflation rate_mom,producer price index_yoy,unemployment rate,inflation rate_mom,balance of trade,inflation rate_yoy,inflation rate_yoy,cpi,12 month bill auction,6 month bill auction,3 month bill auction,mba purchase index,mba mortgage applications,mba mortgage market index,mba mortgage refinance index,mba 30 year mortgage rate,industrial production_mom,industrial production_yoy",DOUBLE_WAVE_DOWN,45.0,1.02734,45.000000000001705,45.0,121.0,1.0281,37.400000000000766,121.0,105.0,1.03002,0.5955555555555365,0.9,,,,,,,,,,,,,
212,2025-01-10 14:24:00+01:00,95.70999999999997,DOWN,31,687.0305586408681,"interest rate decision,cpi,inflation rate_yoy,inflation rate_mom,inflation rate_mom,inflation rate_yoy,average hourly wages_yoy,unemployment rate,average hourly earnings_mom,cpi,nonfarm payrolls private,manufacturing payrolls,non farm payrolls,unemployment rate,average hourly earnings_yoy,unemployment rate,employment change,full time employment chg,part time employment chg,government payrolls,building permits,average hourly earnings,participation rate,participation rate,average weekly hours,current account,inflation rate_mom,balance of trade,inflation rate_yoy,inflation rate_yoy,inflation rate_mom",DOUBLE_WAVE_DOWN,20.0,1.02131,93.30000000000061,20.0,107.0,1.02364,69.99999999999895,107.0,90.0,1.02729,0.6409431939978625,0.9,,,,,,,,,,,,,
213,2025-01-10 16:30:00+01:00,42.67999999999938,DOWN,6,153.1349247753358,"michigan inflation expectations,michigan 5 year inflation expectations,michigan consumer expectations,michigan consumer sentiment,michigan current conditions,inflation expectations",SINGLE_WAVE_FORT_DOWN,80.0,1.02277,44.99999999999949,80.0,,,,,,,,0.85,,,,,,,,,,,,,
214,2025-01-13 09:27:00+01:00,50.45000000000188,DOWN,10,100.7509823317181,"consumer confidence,inflation rate_yoy,current account,retail sales_yoy,inflation rate_mom,construction output_yoy,retail sales_mom,russian forex intervention,balance of trade,current account",DOUBLE_WAVE_DOWN,70.0,1.01775,51.600000000000534,70.0,77.0,1.01817,47.399999999999665,77.0,75.0,1.01951,0.3410852713178228,0.9,,,,,,,,,,,,,
215,2025-01-13 22:50:00+01:00,46.22999999999821,UP,2,35.824203703703894,"capacity utilization,business confidence",SINGLE_WAVE_FORT_UP,,,,,,,,,,,,0.85,114.0,1.02778,56.30000000000024,114.0,,,,,,,,,
216,2025-01-15 13:57:00+01:00,56.979999999999805,UP,30,459.31420337706214,"cpi,brazilian service sector growth_mom,inflation rate_yoy,gross fixed investment_yoy,gross fixed investment_mom,brazilian service sector growth_yoy,food inflation_yoy,mba 30 year mortgage rate,mba mortgage refinance index,mba purchase index,mba mortgage applications,mba mortgage market index,opec monthly report,bundesbank mauderer speech,inflation rate_mom,foreign exchange reserves,monetary policy meeting minutes,interest rate decision,inflation rate_mom,manufacturing sales_mom,ny empire state manufacturing index,cpi s.a,cpi,core inflation rate_yoy,new motor vehicle sales,vehicle sales_mom,core inflation rate_mom,real earnings_mom,wholesale sales_mom,inflation rate_yoy",DOUBLE_WAVE_UP,,,,,,,,,,,,0.9,45.0,1.03547,55.79999999999919,45.0,71.0,1.03508,51.900000000000276,71.0,57.0,1.03255,0.5232974910394004,,
217,2025-01-15 16:39:00+01:00,68.0499999999995,DOWN,23,339.13623409305484,"gdp growth rate_yoy,unemployment rate,fed kashkari speech,gross domestic product_yoy,eia crude oil imports change,eia distillate stocks change,eia distillate fuel production change,eia cushing crude oil stocks change,eia crude oil stocks change,imports,eia weekly refinery utilization rates wow,eia refinery crude runs change,eia heating oil stocks change,eia gasoline stocks change,eia gasoline production change,inflation rate_mom,inflation rate_yoy,fed williams speech,cpi,cpi,inflation rate_yoy,inflation rate_mom,17 week bill auction",DOUBLE_WAVE_DOWN,64.0,1.02591,67.29999999999903,64.0,75.0,1.02745,51.900000000000276,75.0,74.0,1.02795,0.30312035661216186,0.9,,,,,,,,,,,,,
218,2025-01-17 15:28:00+01:00,61.70000000000009,UP,16,276.50989701818776,"housing starts,harmonised inflation rate_yoy,housing starts_mom,balance of trade,foreign securities purchases by canadians,foreign securities purchases,gross domestic product_yoy,manufacturing production_mom,capacity utilization,industrial production_mom,industrial production_yoy,manufacturing production_yoy,services pmi,manufacturing pmi,industrial production_yoy,retail sales_yoy",DOUBLE_WAVE_UP,,,,,,,,,,,,0.9,53.0,1.03307,59.70000000000031,53.0,69.0,1.03161,45.100000000000136,69.0,67.0,1.03087,0.36850921273031295,,
219,2025-01-20 14:29:00+01:00,90.63999999999962,UP,7,67.93400644892834,"unemployment rate,balance of trade,trade balance,6 month btf auction,3 month btf auction,balance of trade,12 month btf auction",SINGLE_WAVE_FORT_UP,,,,,,,,,,,,0.85,85.0,1.04301,116.3000000000003,85.0,,,,,,,,,
220,2025-01-20 17:36:00+01:00,47.800000000002285,DOWN,1,3.899999999998904,inauguration day,SINGLE_WAVE_FORT_DOWN,60.0,1.03539,44.899999999998826,60.0,,,,,,,,0.85,,,,,,,,,,,,,
221,2025-01-20 20:27:00+01:00,42.08999999999907,UP,2,22.36977990430595,"trade balance,balance of trade",DOUBLE_WAVE_UP,,,,,,,,,,,,0.9,56.0,1.04345,41.29999999999967,56.0,80.0,1.0425,31.799999999999606,80.0,73.0,1.04122,0.5399515738498721,,
222,2025-01-21 01:29:00+01:00,77.56000000000097,DOWN,0,0.0,,SINGLE_WAVE_FORT_DOWN,38.0,1.03529,76.00000000000051,38.0,,,,,,,,0.85,,,,,,,,,,,,,
223,2025-01-24 08:42:00+01:00,42.76999999999642,UP,18,247.5329179921608,"business confidence,producer price index_mom,producer price index_yoy,unemployment rate,employed persons,currency swaps,unemployment rate,gdp growth rate_yoy,gross domestic product_yoy,consumer confidence,producer price index_yoy,business confidence,hcob composite pmi,hcob manufacturing pmi,hcob services pmi,hcob manufacturing pmi,hcob composite pmi,hcob services pmi",SINGLE_WAVE_FORT_UP,,,,,,,,,,,,0.85,112.0,1.05154,62.79999999999841,112.0,,,,,,,,,
224,2025-01-24 15:09:00+01:00,41.94999999999727,UP,14,334.9837494011583,"new housing price index_yoy,manufacturing sales_mom,new housing price index_mom,s&p global manufacturing pmi,s&p global composite pmi,s&p global services pmi,michigan 5 year inflation expectations,michigan consumer sentiment,inflation expectations,michigan current conditions,michigan consumer expectations,michigan inflation expectations,existing home sales_mom,existing home sales",SINGLE_WAVE_FORT_UP,,,,,,,,,,,,0.85,113.0,1.05209,51.999999999998714,113.0,,,,,,,,,
225,2025-01-27 23:44:00+01:00,65.69000000000047,DOWN,0,0.0,,DOUBLE_WAVE_DOWN,61.0,1.04284,65.10000000000016,61.0,112.0,1.04327,60.80000000000085,112.0,78.0,1.04513,0.3517665130568199,0.9,,,,,,,,,,,,,
226,2025-01-30 14:06:00+01:00,64.61999999999968,UP,33,914.6126422780436,"business confidence,prime rate,interest rate decision,net payrolls,central bank reserves $,prime overdraft rate,interest rate decision,marginal lending rate,marginal lending rate,ecb monetary policy statement and press conference,ecb interest rate decision,ecb interest rate decision,deposit facility rate,deposit facility rate,deposit facility rate,interest rate decision,jobless claims 4 week average,gdp sales_qoq,gross domestic product_qoq,core pce prices_qoq,continuing jobless claims,gdp price index_qoq,average weekly earnings,real consumer spending,real consumer spending_qoq,pce prices_qoq,initial jobless claims,gdp growth rate_qoq,ecb press conference,ecb press conference,private sector loans,interest rate decision,m2 money supply_yoy",DOUBLE_WAVE_UP,,,,,,,,,,,,0.9,64.0,1.0468,64.80000000000041,64.0,79.0,1.04426,39.400000000000546,79.0,76.0,1.04314,0.5648148148148108,,
227,2025-01-30 21:36:00+01:00,45.13999999999907,DOWN,2,12.022567287784836,"fed balance sheet,anz roy morgan consumer confidence",DOUBLE_WAVE_DOWN,18.0,1.03864,44.10000000000025,18.0,44.0,1.03875,42.9999999999997,44.0,37.0,1.04146,0.6394557823129317,0.9,,,,,,,,,,,,,
228,2025-01-31 18:33:00+01:00,67.31000000000043,DOWN,9,90.85414912280818,"m2 money supply_yoy,new car registrations_yoy,new car registrations_yoy,unemployment rate,interest rate decision,interest rate decision,balance of trade,baker hughes oil rig count,overnight lending rate",DOUBLE_WAVE_DOWN,70.0,1.03618,64.49999999999845,70.0,106.0,1.03648,61.49999999999878,106.0,79.0,1.03867,0.3860465116278978,0.9,,,,,,,,,,,,,
229,2025-02-03 01:14:00+01:00,51.28000000000243,DOWN,1,9.390833333333578,boj summary of opinions,DOUBLE_WAVE_DOWN,19.0,1.0211,49.300000000001006,19.0,51.0,1.02203,40.000000000000036,51.0,28.0,1.02441,0.6713995943205027,0.9,,,,,,,,,,,,,
230,2025-02-03 16:07:00+01:00,87.01999999999987,UP,8,206.46787826287863,"s&p global manufacturing pmi,s&p global manufacturing pmi,ism manufacturing new orders,construction spending_mom,ism manufacturing employment,davivienda manufacturing pmi,ism manufacturing pmi,ism manufacturing prices",DOUBLE_WAVE_UP,,,,,,,,,,,,0.9,46.0,1.03358,85.89999999999876,46.0,56.0,1.03259,75.9999999999983,56.0,52.0,1.03086,0.31664726426075357,,
231,2025-02-03 22:17:00+01:00,56.12999999999868,UP,2,29.90245726495739,"tax revenue,building permits",DOUBLE_WAVE_UP,,,,,,,,,,,,0.9,39.0,1.03503,55.59999999999788,39.0,77.0,1.03493,54.59999999999798,78.0,45.0,1.03328,0.31474820143884624,,
232,2025-02-04 05:31:00+01:00,41.68999999999867,DOWN,4,23.24538790157264,"30 year ktb auction,mas 12 week bill auction,mas 4 week bill auction,s&p global pmi",DOUBLE_WAVE_DOWN,50.0,1.02724,41.20000000000124,50.0,87.0,1.02918,21.800000000000708,87.0,83.0,1.02948,0.543689320388338,0.9,,,,,,,,,,,,,
233,2025-02-04 15:00:00+01:00,40.439999999999365,UP,12,243.1205705798819,"redbook_yoy,globaldairytrade price index,milk auctions,durable goods orders ex defense_mom,s&p global manufacturing pmi,exports_yoy,factory orders_mom,jolts job openings,jolts job quits,factory orders ex transportation,global dairy trade price index,durable goods orders ex transp_mom",SINGLE_WAVE_FORT_UP,,,,,,,,,,,,0.85,124.0,1.03861,50.60000000000065,124.0,,,,,,,,,
234,2025-02-07 13:41:00+01:00,42.67999999999938,UP,32,702.1762602619393,"producer price index_yoy,retail sales_mom,producer price index_yoy,producer price index_mom,inflation rate_yoy,inflation rate_mom,cpi,core inflation rate_yoy,core inflation rate_mom,retail sales_yoy,boe pill speech,boe member pill speech,foreign exchange reserves,foreign exchange reserves,participation rate,participation rate,unemployment rate,average hourly earnings,average weekly hours,average hourly earnings_yoy,non farm payrolls,nonfarm payrolls private,average hourly earnings_mom,manufacturing payrolls,employment change,government payrolls,full time employment chg,average hourly wages_yoy,part time employment chg,unemployment rate,unemployment rate,fed kashkari speech",SINGLE_WAVE_FORT_UP,,,,,,,,,,,,0.85,59.0,1.04131,41.999999999999815,59.0,,,,,,,,,
235,2025-02-07 16:00:00+01:00,59.15000000000114,DOWN,22,403.980678715301,"used car prices_mom,foreign exchange reserves,used car prices_yoy,fed bowman speech,treasury cash balance,michigan inflation expectations,wholesale sales_mom,wholesale inventories_mom,boe l mann speech,monetary policy report,michigan current conditions,michigan consumer sentiment,michigan consumer expectations,michigan 5 year inflation expectations,inflation expectations,full year gdp growth,fed goolsbee speech,gross domestic product_yoy,full year gdp growth,retail sales_yoy,real wage growth_yoy,unemployment rate",SINGLE_WAVE_FORT_DOWN,112.0,1.03237,62.50000000000089,112.0,,,,,,,,0.85,,,,,,,,,,,,,
236,2025-02-12 13:41:00+01:00,59.02999999999992,DOWN,17,248.26676422362297,"opec monthly report,brazilian service sector growth_mom,brazilian service sector growth_yoy,mba 30 year mortgage rate,mba mortgage applications,mba mortgage market index,mba mortgage refinance index,mba purchase index,inflation rate_mom,monetary policy meeting minutes,cpi,core inflation rate_yoy,core inflation rate_mom,real earnings_mom,inflation rate_yoy,cpi s.a,inflation rate_mom",SINGLE_WAVE_FORT_DOWN,62.0,1.03175,59.200000000001474,62.0,,,,,,,,0.85,,,,,,,,,,,,,
237,2025-02-12 17:25:00+01:00,66.19000000000153,UP,30,518.4955472247469,"eia refinery crude runs change,eia crude oil imports change,eia crude oil stocks change,eia cushing crude oil stocks change,eia distillate fuel production change,eia distillate stocks change,imports,eia gasoline production change,eia gasoline stocks change,eia heating oil stocks change,eia weekly refinery utilization rates wow,thomson reuters ipsos pcsi,thomson reuters ipsos pcsi,thomson reuters ipsos pcsi,thomson reuters ipsos pcsi,thomson reuters ipsos pcsi,thomson reuters ipsos pcsi,thomson reuters ipsos pcsi,thomson reuters ipsos pcsi,thomson reuters ipsos pcsi,thomson reuters ipsos pcsi,thomson reuters ipsos pcsi,thomson reuters ipsos pcsi,thomson reuters ipsos pcsi,thomson reuters ipsos pcsi,17 week bill auction,fed bostic speech,cpi,inflation rate_yoy,inflation rate_mom",SINGLE_WAVE_FORT_UP,,,,,,,,,,,,0.85,105.0,1.04301,74.00000000000074,105.0,,,,,,,,,
238,2025-02-13 15:36:00+01:00,52.46000000000084,UP,2,26.155660377358725,"current account,eia natural gas stocks change",SINGLE_WAVE_FORT_UP,,,,,,,,,,,,0.85,119.0,1.04457,58.80000000000108,119.0,,,,,,,,,
239,2025-02-13 18:43:00+01:00,62.750000000000306,DOWN,5,66.2694676266689,"5 year bond auction,15 year mortgage rate,bundesbank nagel speech,30 year mortgage rate,30 year bond auction",DOUBLE_WAVE_DOWN,70.0,1.03736,65.1999999999986,70.0,80.0,1.03908,47.999999999999154,80.0,76.0,1.04188,0.6932515337423244,0.9,,,,,,,,,,,,,
240,2025-02-24 08:19:00+01:00,41.22000000000181,DOWN,19,212.81088510201948,"5 year ktb auction,manufacturing confidence,business confidence,capacity utilization,employment level,non farm payrolls,consumer spending_mom,hicp_mom,harmonised inflation rate_yoy,harmonised inflation rate_yoy,harmonised inflation rate_mom,harmonised inflation rate_mom,inflation rate_yoy,cpi,cpi,inflation rate_mom,inflation rate_mom,inflation rate_yoy,hicp_yoy",DOUBLE_WAVE_DOWN,70.0,1.047,42.50000000000087,70.0,111.0,1.04774,35.100000000001245,111.0,106.0,1.04853,0.36000000000000004,0.9,,,,,,,,,,,,,
241,2025-02-27 14:33:00+01:00,59.86000000000047,DOWN,25,623.2628924110853,"building permits,fed barkin speech,central bank reserves $,current account,average weekly earnings,real consumer spending_qoq,real consumer spending,pce prices_qoq,non defense goods orders ex air,continuing jobless claims,core pce prices_qoq,jobless claims 4 week average,durable goods orders ex defense_mom,durable goods orders ex defense_mom,durable goods orders ex transp_mom,durable goods orders ex transp_mom,durable goods orders_mom,initial jobless claims,gdp growth rate_qoq,gdp price index_qoq,gdp sales_qoq,gross domestic product_qoq,m3 money supply_yoy,private sector loans,fed schmid speech",SINGLE_WAVE_FORT_DOWN,107.0,1.04112,66.29999999999913,107.0,,,,,,,,0.85,,,,,,,,,,,,,
242,2025-02-28 18:22:00+01:00,42.38000000000186,DOWN,4,41.090815789473766,"unemployment rate,m2 money supply_yoy,balance of trade,baker hughes oil rig count",SINGLE_WAVE_FORT_DOWN,111.0,1.03602,48.200000000000465,111.0,,,,,,,,0.85,,,,,,,,,,,,,
243,2025-03-03 10:01:00+01:00,41.62999999999917,UP,52,727.6699890570104,"hcob manufacturing pmi,procure.ch manufacturing pmi,manufacturing pmi,unemployed persons,unemployment rate,retail sales_yoy,s&p global manufacturing pmi,hcob manufacturing pmi,stanbic ibtc bank nigeria pmi,hcob manufacturing pmi,hcob manufacturing pmi,hcob manufacturing pmi,hicp_mom,hicp_yoy,full year gdp growth,dnb manufacturing pmi,cpi,absa manufacturing pmi,manufacturing pmi,government budget,m2 money supply_yoy,hcob manufacturing pmi,manufacturing pmi,manufacturing pmi,boe consumer credit,mortgage approvals,employment change,s&p global manufacturing pmi,mortgage lending,m4 money supply_mom,net lending to individuals_mom,inflation rate_yoy,inflation rate_mom,wholesale prices_yoy,manufacturing pmi,manufacturing pmi,manufacturing pmi,manufacturing pmi,inflation rate_yoy,manufacturing pmi,manufacturing pmi,inflation rate_mom,inflation rate_mom,inflation rate_mom,cpi,cpi,core inflation rate_yoy,core inflation rate_yoy,consumer confidence,interest rate decision,inflation rate_yoy,inflation rate_yoy",SINGLE_WAVE_FORT_UP,,,,,,,,,,,,0.85,108.0,1.04451,51.20000000000013,108.0,,,,,,,,,
244,2025-03-04 19:08:00+01:00,57.44999999999667,UP,1,11.050000000000658,new car registrations_yoy,SINGLE_WAVE_FORT_UP,,,,,,,,,,,,0.85,71.0,1.05995,56.79999999999907,71.0,,,,,,,,,
245,2025-03-05 08:20:00+01:00,55.9899999999991,UP,14,181.42285254803932,"stanbic bank uganda pmi,current account,services pmi,s&p global pmi,stanbic bank pmi,services pmi,inflation rate_mom,inflation rate_yoy,industrial production_mom,inflation rate_yoy,hcob services pmi,hcob composite pmi,s&p global manufacturing pmi,foreign exchange reserves",SINGLE_WAVE_FORT_UP,,,,,,,,,,,,0.85,114.0,1.07148,82.69999999999999,114.0,,,,,,,,,
246,2025-03-05 14:48:00+01:00,67.23999999999953,UP,10,244.66593524855568,"s&p global composite pmi,s&p global services pmi,adp employment change,labour productivity_qoq,s&p global composite pmi,boe pill speech,s&p global services pmi,boe gov bailey speech,s&p global composite pmi,s&p global services pmi",DOUBLE_WAVE_UP,,,,,,,,,,,,0.9,63.0,1.07773,63.69999999999987,63.0,82.0,1.07719,58.30000000000002,82.0,82.0,1.07549,0.3516483516483555,,
247,2025-03-06 13:59:00+01:00,51.26000000000186,UP,31,723.7682561773842,"business confidence,industrial production_mom,interest rate decision,unemployment rate,gross domestic product_yoy,gross domestic product_qoq,industrial production_yoy,foreign exchange reserves,leading index_mom,vehicle sales_yoy,challenger job cuts,marginal lending rate,deposit facility rate,marginal lending rate,ecb interest rate decision,deposit facility rate,ecb interest rate decision,imports,initial jobless claims,imports,imports,jobless claims 4 week average,balance of trade,continuing jobless claims,nonfarm productivity_qoq,balance of trade,exports,exports,unit labour costs_qoq,ecb press conference,ecb press conference",SINGLE_WAVE_FORT_UP,,,,,,,,,,,,0.85,28.0,1.08454,51.20000000000013,28.0,,,,,,,,,
248,2025-03-07 13:35:00+01:00,45.29000000000005,UP,40,816.4100933195692,"balance of trade,foreign exchange reserves,balance of trade,balance of trade,inflation rate_yoy,inflation rate_mom,gdp growth rate_yoy,gdp growth rate_qoq,cpi,core inflation rate_yoy,core inflation rate_mom,auto production_yoy,auto exports_yoy,trade balance,bank lending_yoy,gross domestic product_qoq,foreign exchange reserves,gross domestic product_yoy,cpi,m2 money supply_yoy,foreign exchange reserves,producer price index_mom,producer price index_yoy,capacity utilization,participation rate,full time employment chg,average hourly earnings,average hourly wages_yoy,average weekly hours,nonfarm payrolls private,unemployment rate,unemployment rate,average hourly earnings_mom,non farm payrolls,average hourly earnings_yoy,manufacturing payrolls,employment change,part time employment chg,participation rate,government payrolls",DOUBLE_WAVE_UP,,,,,,,,,,,,0.9,70.0,1.08891,46.10000000000003,70.0,85.0,1.08727,29.69999999999917,85.0,81.0,1.08619,0.5900216919739814,,
249,2025-03-07 16:46:00+01:00,46.10000000000003,UP,4,59.04311591473882,"boe mann speech,boe l mann speech,fed bowman speech,fed williams speech",SINGLE_WAVE_FORT_UP,,,,,,,,,,,,0.85,13.0,1.08873,42.599999999999305,13.0,,,,,,,,,
250,2025-03-10 11:36:00+01:00,55.010000000002,DOWN,29,314.6516283089804,"balance of trade,harmonised inflation rate_yoy,hicp_yoy,inflation rate_mom,industrial production_yoy,cpi,inflation rate_yoy,budget balance,budget balance,gdp growth rate_yoy,inflation rate_yoy,inflation rate_mom,inflation rate_yoy,money supply,inflation rate_mom,producer price index_yoy,industrial production_yoy,igp di inflation_mom,gross domestic product_qoq,gdp growth annualized,cpi,consumer confidence,business confidence,budget balance,inflation rate_yoy,gdp growth rate_qoq,cpi,bcb focus market readout,gdp growth rate_yoy",SINGLE_WAVE_FORT_DOWN,39.0,1.0813,56.59999999999998,39.0,,,,,,,,0.85,,,,,,,,,,,,,
251,2025-03-11 08:04:00+01:00,43.56999999999944,UP,18,176.98516005924432,"cpi,trade balance,current account,retail sales_mom,retail sales_yoy,balance of trade,vehicle sales_yoy,cpi,inflation rate_yoy,inflation rate_mom,core inflation rate_yoy,inflation rate_mom,inflation rate_yoy,inflation rate_yoy,cpi,balance of trade,trade balance,inflation rate_mom",SINGLE_WAVE_FORT_UP,,,,,,,,,,,,0.85,121.0,1.09193,60.00000000000006,121.0,,,,,,,,,
252,2025-03-13 14:20:00+01:00,42.03999999999874,UP,12,225.5792206337303,"producer price index,continuing jobless claims,initial jobless claims,building permits,producer price index_mom,core ppi_yoy,core ppi_mom,ppi ex food, energy and trade_yoy,ppi ex food, energy and trade_mom,jobless claims 4 week average,producer price index_yoy,central bank reserves $",SINGLE_WAVE_FORT_UP,,,,,,,,,,,,0.85,107.0,1.08701,42.69999999999996,107.0,,,,,,,,,
253,2025-03-14 11:02:00+01:00,59.9700000000003,UP,17,194.48433204730645,"inflation rate_yoy,inflation rate_mom,fdi,inflation rate_mom,construction output_yoy,harmonised inflation rate_yoy,industrial production_yoy,inflation rate_yoy,retail sales_yoy,gross domestic product_yoy,inflation rate_mom,business confidence,building permits,balance of trade,niesr monthly gdp tracker,trade balance,producer price index_mom",DOUBLE_WAVE_UP,,,,,,,,,,,,0.9,60.0,1.0913,59.29999999999991,60.0,118.0,1.09068,53.10000000000148,118.0,81.0,1.08878,0.42495784148395604,,
254,2025-03-18 12:38:00+01:00,40.12000000000127,DOWN,20,220.63532776385432,"gdp growth rate_yoy,business confidence,igp 10 inflation index_mom,balance of trade,gdp growth rate_yoy,gdp growth rate_qoq,gross domestic product_qoq,gross domestic product_yoy,current account,housing starts_mom,cpi,import prices_mom,import prices_yoy,export prices_yoy,housing starts,export prices_mom,inflation rate_mom,inflation rate_yoy,core inflation rate_yoy,core inflation rate_mom",DOUBLE_WAVE_DOWN,70.0,1.0893,39.59999999999964,70.0,109.0,1.09116,20.999999999999908,109.0,99.0,1.09205,0.6944444444444584,0.9,,,,,,,,,,,,,
255,2025-03-19 07:56:00+01:00,53.709999999997926,DOWN,6,95.1776883559108,"boj press conference,balance of trade,loan growth_yoy,deposit facility rate,lending facility rate,interest rate decision",DOUBLE_WAVE_DOWN,57.0,1.08736,52.99999999999861,57.0,90.0,1.08962,30.399999999999316,90.0,78.0,1.09073,0.6358490566037663,0.9,,,,,,,,,,,,,
256,2025-03-19 18:45:00+01:00,49.59000000000158,UP,9,429.0261750068945,"interest rate projection   current,fed interest rate decision,fomc economic projections,fomc minutes,interest rate projection   2nd yr,interest rate projection   1st yr,interest rate projection   longer,press conference,fed press conference",SINGLE_WAVE_FORT_UP,,,,,,,,,,,,0.85,70.0,1.09136,50.00000000000115,70.0,,,,,,,,,
257,2025-03-27 15:41:00+01:00,40.559999999998375,UP,9,155.15190208529256,"pending home sales_mom,pending home sales_yoy,eia natural gas stocks change,kansas fed composite index,private sector credit_yoy,money supply,kansas fed manufacturing index,8 week bill auction,4 week bill auction",SINGLE_WAVE_FORT_UP,,,,,,,,,,,,0.85,70.0,1.08214,41.50000000000098,70.0,,,,,,,,,
258,2025-04-02 16:26:00+02:00,40.940000000000424,UP,25,440.87798191667014,"all truck sales,all car sales,tax revenue,federal tax revenues,federal tax revenues,exports_yoy,durable goods orders ex defense_mom,durable goods orders ex transp_mom,factory orders_mom,total vehicle sales,factory orders ex transportation,ecb lane speech,eia crude oil imports change,eia weekly refinery utilization rates wow,eia crude oil stocks change,eia cushing crude oil stocks change,eia distillate fuel production change,eia distillate stocks change,imports,eia gasoline production change,eia gasoline stocks change,eia heating oil stocks change,eia refinery crude runs change,foreign exchange reserves,currency reserves",SINGLE_WAVE_FORT_UP,,,,,,,,,,,,0.85,99.0,1.08733,52.799999999999514,99.0,,,,,,,,,
259,2025-04-02 22:26:00+02:00,85.29000000000231,DOWN,2,30.057388888889196,"fed kugler speech,foreign exchange reserves",SINGLE_WAVE_FORT_DOWN,111.0,1.0807,90.20000000000027,116.0,,,,,,,,0.85,,,,,,,,,,,,,
260,2025-04-03 00:43:00+02:00,87.08999999999855,UP,6,104.57075138260326,"rba gov bullock speaks,s&p global services pmi,s&p global composite pmi,services pmi,pmi,judo bank services pmi",SINGLE_WAVE_FORT_UP,,,,,,,,,,,,0.85,80.0,1.09102,92.10000000000163,80.0,,,,,,,,,
261,2025-04-03 11:13:00+02:00,123.1699999999991,UP,23,312.4391568368037,"wholesale prices_yoy,inflation rate_mom,inflation rate_yoy,s&p global services pmi,stanbic bank zambia pmi,s&p global composite pmi,3 year bonos auction,7 year obligacion auction,obligacion auction,producer price index_mom,inflation rate_mom,oat auction,russian forex intervention,15 year treasury gilt auction,inflation rate_yoy,house price index_mom,house price index_yoy,producer price index_yoy,ecb schnabel speech,current account,industrial production_yoy,opec meeting,industrial production_mom",DOUBLE_WAVE_UP,,,,,,,,,,,,0.9,70.0,1.11466,138.3000000000001,70.0,78.0,1.11203,112.000000000001,78.0,74.0,1.10915,0.3984092552422198,,
262,2025-04-03 13:13:00+02:00,60.28000000000144,UP,6,130.46027337370785,"challenger job cuts,m3 money supply_yoy,ecb monetary policy meeting accounts,ecb monetary policy statement and press conference,gross fixed investment_yoy,gross fixed investment_mom",DOUBLE_WAVE_UP,,,,,,,,,,,,0.9,63.0,1.11097,57.800000000001184,63.0,106.0,1.11015,49.600000000000755,106.0,96.0,1.10732,0.6314878892733315,,
263,2025-04-03 16:56:00+02:00,79.18000000000092,DOWN,15,401.1042647267126,"ism services pmi,ism services prices,ism non manufacturing business activity,ism non manufacturing employment,ism non manufacturing new orders,ism non manufacturing pmi,ism non manufacturing prices,ism services business activity,ism services employment,ism services new orders,eia natural gas stocks change,inflation rate_yoy,8 week bill auction,4 week bill auction,irish exchequer returns",SINGLE_WAVE_FORT_DOWN,112.0,1.10332,93.39999999999904,112.0,,,,,,,,0.85,,,,,,,,,,,,,
264,2025-04-04 09:18:00+02:00,86.39000000000064,DOWN,34,515.4318602234188,"industrial production_yoy,industrial production_mom,inflation rate_yoy,inflation rate_mom,industrial production_yoy,retail sales_yoy,retail sales_mom,cpi,construction pmi,hcob construction pmi,hcob construction pmi,hcob construction pmi,construction pmi,hcob construction pmi,currency swaps,construction pmi,stanbic bank pmi,construction pmi,trade balance,balance of trade,exports,imports,new car sales_yoy,retail sales_yoy,business confidence,retail sales_mom,new car registrations_yoy,new car registrations_yoy,new car registrations_yoy,fao food price index,ecb guindos speech,ecb de guindos speech,vehicle sales_yoy,interest rate decision",SINGLE_WAVE_FORT_DOWN,125.0,1.09732,84.49999999999847,125.0,,,,,,,,0.85,,,,,,,,,,,,,
265,2025-04-04 12:15:00+02:00,83.5399999999975,UP,7,70.13594152047018,"new car registrations_yoy,new car registrations_yoy,producer price index_yoy,current account,balance of trade,igp di inflation_mom,foreign exchange reserves",SINGLE_WAVE_FORT_UP,,,,,,,,,,,,0.85,98.0,1.10802,108.80000000000001,98.0,,,,,,,,,
266,2025-04-04 14:32:00+02:00,70.46999999999804,DOWN,18,526.5311900453208,"consumer confidence,consumer confidence,unemployment rate,unemployment rate,average hourly earnings_yoy,part time employment chg,average hourly wages_yoy,average weekly hours,employment change,participation rate,participation rate,average hourly earnings_mom,full time employment chg,government payrolls,nonfarm payrolls private,non farm payrolls,manufacturing payrolls,balance of trade",SINGLE_WAVE_FORT_DOWN,123.0,1.09868,83.39999999999792,123.0,,,,,,,,0.85,,,,,,,,,,,,,
267,2025-04-04 18:12:00+02:00,80.32999999999957,DOWN,5,82.97304472059548,"fed chair powell speech,fed barr speech,fed waller speech,new car registrations_yoy,baker hughes oil rig count",SINGLE_WAVE_FORT_DOWN,70.0,1.09246,93.00000000000085,70.0,,,,,,,,0.85,,,,,,,,,,,,,
268,2025-04-06 23:23:00+02:00,108.23000000000027,UP,0,0.0,,SINGLE_WAVE_FORT_UP,,,,,,,,,,,,0.85,121.0,1.10003,115.19999999999975,121.0,,,,,,,,,
269,2025-04-07 03:56:00+02:00,57.940000000000765,DOWN,0,0.0,,DOUBLE_WAVE_DOWN,59.0,1.09202,57.300000000000125,59.0,86.0,1.09332,44.29999999999934,86.0,81.0,1.09399,0.343804537521819,0.9,,,,,,,,,,,,,
270,2025-04-07 09:30:00+02:00,60.13999999999964,DOWN,21,216.1324836067605,"retail sales_yoy,foreign exchange reserves,wholesale prices_yoy,wholesale prices_mom,foreign exchange reserves,industrial production_yoy,balance of trade,retail sales_yoy,trade balance,retail sales_mom,construction output_yoy,industrial production_mom,foreign exchange reserves,inflation rate_yoy,unemployment rate,retail sales_mom,inflation rate_yoy,retail sales_yoy,foreign exchange reserves,sentix investors sentiment,foreign exchange reserves",DOUBLE_WAVE_DOWN,75.0,1.09682,63.20000000000103,75.0,101.0,1.0981,50.39999999999934,101.0,94.0,1.1009,0.6455696202531672,0.9,,,,,,,,,,,,,
271,2025-04-07 12:38:00+02:00,50.66999999999933,DOWN,10,103.00447516518976,"ecb cipollone speech,inflation rate_yoy,inflation rate_yoy,inflation rate_mom,foreign exchange reserves,foreign exchange reserves,leading index_mom,bcb focus market readout,monetary policy meeting minutes,foreign exchange reserves",DOUBLE_WAVE_DOWN,54.0,1.09354,47.30000000000123,54.0,71.0,1.0938,44.69999999999974,71.0,63.0,1.09534,0.38054968287525937,0.9,,,,,,,,,,,,,
272,2025-04-07 16:21:00+02:00,54.53000000000152,DOWN,6,110.5981971153851,"used car prices_mom,used car prices_yoy,new car registrations_yoy,cb employment trends index,boc business outlook survey,fed kugler speech",SINGLE_WAVE_FORT_DOWN,114.0,1.09044,61.59999999999943,114.0,,,,,,,,0.85,,,,,,,,,,,,,
273,2025-04-08 08:59:00+02:00,63.429999999997655,DOWN,17,170.08000007595157,"inflation rate_yoy,manufacturing production_mom,inflation rate_mom,industrial production_mom,cpi,inflation rate_yoy,cpi,inflation rate_mom,core inflation rate_yoy,cpi,current account,balance of trade,trade balance,exports,imports,balance of trade,trade balance",DOUBLE_WAVE_DOWN,70.0,1.09218,69.79999999999987,70.0,124.0,1.09298,61.79999999999852,124.0,102.0,1.09491,0.39111747851004675,0.9,,,,,,,,,,,,,
274,2025-04-08 15:35:00+02:00,62.48999999999949,DOWN,12,162.82512929475644,"redbook_yoy,auto sales_mom,auto production_mom,auto production_mom,auto sales_mom,car production_mom,ecb cipollone speech,pmi,new car registrations_mom,ivey pmi s.a,interest rate decision,treasury cash balance",SINGLE_WAVE_FORT_DOWN,70.0,1.08887,65.3999999999999,70.0,,,,,,,,0.85,,,,,,,,,,,,,
275,2025-04-08 18:13:00+02:00,44.02999999999935,UP,1,10.970833333332733,3 year note auction,DOUBLE_WAVE_UP,,,,,,,,,,,,0.9,69.0,1.09491,43.50000000000076,69.0,88.0,1.09457,40.10000000000069,88.0,81.0,1.09358,0.30574712643678853,,
276,2025-04-09 02:23:00+02:00,60.860000000000355,UP,0,0.0,,DOUBLE_WAVE_UP,,,,,,,,,,,,0.9,95.0,1.1039,67.20000000000059,95.0,110.0,1.10293,57.49999999999922,110.0,104.0,1.10181,0.311011904761924,,
277,2025-04-09 05:59:00+02:00,51.95000000000061,UP,5,39.111250000001,"reverse repo rate,interest rate decision,mpc meeting minutes,rbi interest rate decision,cash reserve ratio",SINGLE_WAVE_FORT_UP,,,,,,,,,,,,0.85,70.0,1.10694,51.70000000000119,70.0,,,,,,,,,
278,2025-04-09 09:03:00+02:00,81.08000000000004,DOWN,3,36.93218759018748,"boj gov ueda speech,trade balance,foreign exchange reserves",SINGLE_WAVE_FORT_DOWN,70.0,1.09984,88.70000000000155,70.0,,,,,,,,0.85,,,,,,,,,,,,,
279,2025-04-09 11:10:00+02:00,40.040000000001186,UP,15,154.05615347553095,"balance of trade,inflation rate_mom,balance of trade,balance of trade,5 year treasury gilt auction,balance of trade,inflation rate_yoy,bundesbank balz speech,boe fpc meeting minutes,cpi,balance of trade,hicp_yoy,balance of trade,trade balance,trade balance",SINGLE_WAVE_STANDARD_UP,,,,,,,,,,,,0.75,70.0,1.10582,34.79999999999927,70.0,,,,,,,,,
280,2025-04-09 14:02:00+02:00,57.940000000000765,UP,16,158.85451309204402,"bank lending_mom,inflation rate_mom,business confidence,core inflation rate_mom,core inflation rate_yoy,cpi,inflation rate_yoy,monetary policy meeting minutes,producer price index_mom,producer price index_mom,producer price index_yoy,producer price index_yoy,retail sales_mom,retail sales_yoy,ecb cipollone speech,cpi",SINGLE_WAVE_FORT_UP,,,,,,,,,,,,0.85,91.0,1.10822,41.199999999999015,91.0,,,,,,,,,
281,2025-04-09 19:22:00+02:00,118.59999999999982,DOWN,5,88.81679657076543,"fed barkin speech,10 year note auction,m3 money supply_yoy,private sector loans,fomc minutes",SINGLE_WAVE_FORT_DOWN,56.0,1.09138,103.10000000000042,56.0,,,,,,,,0.85,,,,,,,,,,,,,
282,2025-04-10 08:58:00+02:00,59.200000000001474,UP,42,460.5969699879016,"household consumption_yoy,new orders_yoy,construction output_yoy,gross domestic product_yoy,gross domestic product_mom,gdp growth rate_yoy,inflation rate_mom,inflation rate_mom,inflation rate_mom,house price index_mom,current account,cpi,cpi,inflation rate_yoy,household consumption_mom,harmonised inflation rate_yoy,hicp_yoy,inflation rate_yoy,inflation rate_yoy,industrial production_mom,industrial production_mom,core inflation rate_mom,core inflation rate_yoy,producer price index_yoy,industrial production_yoy,industrial production_yoy,industrial production_yoy,producer price index_mom,gdp growth rate_qoq,ecb montagner speech,inflation rate_mom,inflation rate_yoy,industrial production_yoy,cpi,interest rate decision,bundesanleihe auction,inflation rate_yoy,harmonised inflation rate_yoy,inflation rate_mom,industrial production_mom,industrial production_yoy,industrial production_yoy",SINGLE_WAVE_FORT_UP,,,,,,,,,,,,0.85,110.0,1.10483,74.60000000000022,110.0,,,,,,,,,
283,2025-04-10 14:01:00+02:00,60.94999999999962,UP,23,365.69976660745925,"producer price index_yoy,core inflation rate_yoy,foreign exchange reserves,ecb buch speech,bundesbank buch speech,brazilian service sector growth_mom,brazilian service sector growth_yoy,inflation rate_yoy,inflation rate_yoy,cpi,cpi s.a,jobless claims 4 week average,building permits,core inflation rate_yoy,real earnings_mom,core inflation rate_mom,inflation rate_mom,initial jobless claims,continuing jobless claims,inflation rate_yoy,cpi,inflation rate_mom,central bank reserves $",DOUBLE_WAVE_UP,,,,,,,,,,,,0.9,48.0,1.11319,61.099999999998374,48.0,92.0,1.11227,51.900000000000276,92.0,69.0,1.10913,0.6644844517185042,,
284,2025-04-10 16:51:00+02:00,86.37000000000006,UP,6,95.75581497180602,"fed bowman speech,fed schmid speech,eia natural gas stocks change,monetary policy meeting minutes,4 week bill auction,8 week bill auction",SINGLE_WAVE_FORT_UP,,,,,,,,,,,,0.85,62.0,1.12293,85.59999999999901,62.0,,,,,,,,,
285,2025-04-10 20:45:00+02:00,79.81000000000238,DOWN,2,25.516642857142426,"monthly budget statement,budget balance",SINGLE_WAVE_FORT_DOWN,54.0,1.11592,77.0000000000004,54.0,,,,,,,,0.85,,,,,,,,,,,,,
286,2025-04-11 01:33:00+02:00,160.1499999999989,UP,5,57.04917825311945,"interest rate decision,interest rate decision,rics house price balance,trade balance,money supply",DOUBLE_WAVE_UP,,,,,,,,,,,,0.9,70.0,1.13856,164.29999999999944,70.0,78.0,1.13666,145.29999999999933,78.0,70.0,1.13151,0.42909312233718955,,
287,2025-04-11 04:58:00+02:00,54.25999999999931,UP,0,0.0,,SINGLE_WAVE_FORT_UP,,,,,,,,,,,,0.85,65.0,1.13549,55.50000000000166,65.0,,,,,,,,,
288,2025-04-11 09:02:00+02:00,133.43000000000106,UP,26,274.6049322745813,"industrial production_yoy,consumer confidence,retail sales_yoy,retail sales_yoy,harmonised inflation rate_yoy,inflation rate_mom,cpi,harmonised inflation rate_mom,interest rate decision,inflation rate_yoy,cpi,trade balance,core inflation rate_yoy,current account,construction output_yoy,hicp_mom,retail sales_mom,retail sales_mom,hicp_yoy,currency swaps,foreign exchange reserves,balance of trade,balance of trade,current account,gross domestic product_yoy,business confidence",SINGLE_WAVE_FORT_UP,,,,,,,,,,,,0.85,119.0,1.14742,197.80000000000132,119.0,,,,,,,,,
289,2025-04-11 11:58:00+02:00,86.85000000000053,DOWN,33,362.7762440962281,"harmonised inflation rate_yoy,inflation rate_yoy,industrial production_yoy,inflation rate_mom,7 year btp auction,15 year btp auction,3 year btp auction,10 year btp auction,producer price index_yoy,inflation rate_mom,business confidence,ecb president lagarde speech,inflation rate_yoy,ecb lagarde speech,gross domestic product_qoq,cpi,cpi,inflation rate_mom,inflation rate_mom,inflation rate_yoy,current account,inflation rate_yoy,inflation rate_yoy,inflation rate_mom,gross domestic product_yoy,manufacturing production_yoy,industrial production,inflation rate_mom,inflation rate_yoy,cpi,manufacturing output_mom,niesr monthly gdp tracker,industrial production_yoy",DOUBLE_WAVE_DOWN,70.0,1.13206,90.99999999999886,70.0,90.0,1.1324,87.59999999999879,90.0,82.0,1.13609,0.442857142857146,0.9,,,,,,,,,,,,,
290,2025-04-11 15:21:00+02:00,83.31000000000088,DOWN,21,346.86454614212823,"producer price index_yoy,producer price index_mom,producer price index,ppi ex food, energy and trade_yoy,ppi ex food, energy and trade_mom,core ppi_mom,core ppi_yoy,current account,current account,balance of trade,balance of trade,fed collins speech,trade balance,michigan current conditions,michigan consumer expectations,michigan 5 year inflation expectations,inflation expectations,business confidence,fed musalem speech,michigan inflation expectations,michigan consumer sentiment",SINGLE_WAVE_FORT_DOWN,125.0,1.1313,97.00000000000043,125.0,,,,,,,,0.85,,,,,,,,,,,,,
291,2025-04-11 17:56:00+02:00,67.64000000000215,DOWN,6,74.07151978538005,"fed williams speech,inflation rate_yoy,gross domestic product_yoy,gdp growth rate_yoy,inflation rate_mom,cpi",SINGLE_WAVE_FORT_DOWN,40.0,1.12771,66.90000000000084,40.0,,,,,,,,0.85,,,,,,,,,,,,,
292,2025-04-14 02:57:00+02:00,54.349999999998566,UP,0,0.0,,DOUBLE_WAVE_UP,,,,,,,,,,,,0.9,62.0,1.1406,48.799999999999955,62.0,87.0,1.14017,44.49999999999843,87.0,71.0,1.13817,0.4979508196721632,,
293,2025-04-14 07:53:00+02:00,48.69000000000234,UP,12,136.52936974255368,"harmonised inflation rate_mom,cpi,inflation rate_yoy,10 year ktb auction,harmonised inflation rate_yoy,inflation rate_mom,current account,producer & import prices_yoy,producer & import prices_mom,producer price index_mom,producer price index_yoy,construction output_yoy",DOUBLE_WAVE_UP,,,,,,,,,,,,0.9,85.0,1.14251,55.79999999999919,85.0,118.0,1.14053,36.000000000000476,118.0,110.0,1.13886,0.6541218637992803,,
294,2025-04-14 14:10:00+02:00,87.90999999999994,DOWN,13,208.5926683062738,"bcb focus market readout,industrial production_mom,industrial production_yoy,trade balance,vehicle sales_mom,balance of trade,vehicle sales_mom,new motor vehicle sales,wholesale sales_mom,wholesale sales_mom,12 month btf auction,3 month btf auction,6 month btf auction",DOUBLE_WAVE_DOWN,70.0,1.12963,89.30000000000105,70.0,88.0,1.12986,86.9999999999993,88.0,76.0,1.13247,0.3180291153415613,0.9,,,,,,,,,,,,,
295,2025-04-14 16:12:00+02:00,51.079999999998904,UP,1,18.67725000000041,consumer inflation expectation,DOUBLE_WAVE_UP,,,,,,,,,,,,0.9,63.0,1.13775,46.800000000000175,63.0,87.0,1.13745,43.80000000000051,87.0,80.0,1.13532,0.5192307692307528,,
296,2025-04-15 09:06:00+02:00,50.45000000000188,UP,24,225.66828467128337,"wpi inflation_yoy,wpi food_yoy,wpi food index_yoy,wpi manufacturing_yoy,wpi fuel_yoy,inflation rate_mom,inflation rate_yoy,hicp_mom,cpi,hicp_yoy,harmonised inflation rate_mom,harmonised inflation rate_yoy,core inflation rate_mom,inflation rate_mom,core inflation rate_yoy,balance of trade,inflation rate_yoy,budget balance,inflation rate_mom,inflation rate_yoy,iea oil market report,inflation rate_yoy,inflation rate_mom,ecb bank lending survey",DOUBLE_WAVE_UP,,,,,,,,,,,,0.9,69.0,1.13795,48.39999999999955,69.0,83.0,1.13663,35.199999999999676,83.0,80.0,1.13553,0.500000000000023,,
297,2025-04-15 17:05:00+02:00,45.41000000000128,DOWN,12,148.09189604389206,"sarb monetary policy review,industrial production_yoy,unemployment rate,global dairy trade price index,gdp growth rate_yoy,retail sales_yoy,gross domestic product_yoy,52 week bill auction,cpi,fed barkin speech,ecb lagarde speech,nopa crush report",SINGLE_WAVE_FORT_DOWN,108.0,1.12644,62.29999999999958,108.0,,,,,,,,0.85,,,,,,,,,,,,,
298,2025-04-16 10:08:00+02:00,44.73000000000171,DOWN,23,245.244824985764,"consumer confidence,harmonised inflation rate_mom,harmonised inflation rate_yoy,cpi,hicp_yoy,current account,inflation rate_yoy,current account s.a,hicp_mom,inflation rate_mom,house price index_yoy,current account,inflation rate_mom,3 year treasury gilt auction,harmonised inflation rate_yoy,interest rate decision,hicp_mom,interest rate decision,inflation rate_yoy,cpi,hicp_yoy,core inflation rate_yoy,inflation rate_yoy",SINGLE_WAVE_FORT_DOWN,44.0,1.13387,44.200000000000905,44.0,,,,,,,,0.85,,,,,,,,,,,,,
299,2025-04-16 20:30:00+02:00,40.419999999998794,UP,3,51.72835133287742,"fed chair powell speech,balance of trade,trade balance",SINGLE_WAVE_FORT_UP,,,,,,,,,,,,0.85,68.0,1.14133,41.799999999998505,68.0,,,,,,,,,
300,2025-04-17 16:30:00+02:00,42.44000000000136,DOWN,7,107.17449603585236,"8 week bill auction,4 week bill auction,ecb lagarde speech,atlanta fed gdpnow,cpi,eia natural gas stocks change,5 year tips auction",DOUBLE_WAVE_DOWN,35.0,1.1339,39.5000000000012,35.0,44.0,1.1348,30.49999999999997,44.0,43.0,1.13569,0.4531645569620572,0.9,,,,,,,,,,,,,
301,2025-04-21 03:48:00+02:00,63.71999999999822,UP,0,0.0,,DOUBLE_WAVE_UP,,,,,,,,,,,,0.9,50.0,1.15322,63.40000000000012,50.0,124.0,1.15253,56.50000000000155,124.0,50.0,1.14996,0.514195583596185,,
302,2025-04-21 08:57:00+02:00,57.92000000000242,UP,1,16.445555555555064,consumer confidence,DOUBLE_WAVE_UP,,,,,,,,,,,,0.9,70.0,1.15673,55.70000000000075,70.0,122.0,1.15651,53.49999999999966,122.0,89.0,1.15383,0.5206463195691357,,
303,2025-04-21 11:41:00+02:00,42.36999999999824,DOWN,7,81.17997338935669,"total credit_yoy,cpi,inflation rate_mom,inflation rate_yoy,gross domestic product_qoq,gdp growth annualized,imf meeting",DOUBLE_WAVE_DOWN,107.0,1.15136,50.09999999999959,107.0,118.0,1.15282,35.49999999999942,118.0,116.0,1.15314,0.35528942115771045,0.9,,,,,,,,,,,,,
304,2025-04-22 04:10:00+02:00,43.86999999999919,UP,0,0.0,,SINGLE_WAVE_FORT_UP,,,,,,,,,,,,0.85,102.0,1.15412,44.99999999999949,102.0,,,,,,,,,
305,2025-04-22 08:05:00+02:00,46.65000000000141,DOWN,15,165.71467199154182,"unemployment rate,business confidence,employed persons,consumer confidence,inflation rate_yoy,inflation rate_mom,money supply,producer price index_yoy,6 month atb auction,atb auction,interest rate decision,balance of trade,consumer confidence,leading business cycle indicator_mom,industrial production_yoy",DOUBLE_WAVE_DOWN,110.0,1.14836,58.700000000000415,110.0,122.0,1.14974,44.90000000000105,122.0,119.0,1.15028,0.327086882453136,0.9,,,,,,,,,,,,,
306,2025-04-22 17:57:00+02:00,42.989999999998304,DOWN,0,0.0,,DOUBLE_WAVE_DOWN,83.0,1.14312,47.000000000001485,83.0,116.0,1.14324,45.80000000000028,116.0,104.0,1.14519,0.44042553191488315,0.9,,,,,,,,,,,,,
307,2025-04-22 23:29:00+02:00,110.22000000000088,DOWN,3,44.5819903381633,"api crude oil stock change,consumer confidence,fed kugler speech",DOUBLE_WAVE_DOWN,79.0,1.13082,120.8000000000009,79.0,101.0,1.13301,98.89999999999955,101.0,101.0,1.13449,0.3038079470198704,0.9,,,,,,,,,,,,,
308,2025-04-23 02:01:00+02:00,53.8700000000003,UP,0,0.0,,SINGLE_WAVE_FORT_UP,,,,,,,,,,,,0.85,123.0,1.14157,65.599999999999,123.0,,,,,,,,,
309,2025-04-23 10:20:00+02:00,55.39999999999878,UP,40,571.5210067923774,"loan growth_yoy,services pmi,pmi,deposit facility rate,hcob composite pmi,hcob manufacturing pmi,hcob services pmi,inflation rate_yoy,manufacturing pmi,interest rate decision,lending facility rate,inflation rate_yoy,retail sales_yoy,hcob services pmi,hcob manufacturing pmi,core inflation rate_yoy,cpi,hcob composite pmi,manufacturing pmi,pmi,retail sales_yoy,business confidence,inflation rate_mom,industrial production_yoy,core inflation rate_mom,services pmi,money supply,m2 money supply_yoy,s&p global manufacturing pmi,consumer confidence,inflation rate_yoy,s&p global services pmi,inflation rate_mom,s&p global composite pmi,cpi,balance of trade,construction output_mom,trade balance,interest rate decision,construction output_yoy",SINGLE_WAVE_FORT_UP,,,,,,,,,,,,0.85,82.0,1.14401,56.49999999999933,82.0,,,,,,,,,
310,2025-04-23 15:14:00+02:00,80.10000000000073,DOWN,8,182.10963279841815,"new housing price index_yoy,new housing price index_mom,fed goolsbee speech,fed waller speech,s&p global manufacturing pmi,s&p global composite pmi,s&p global services pmi,new home sales",DOUBLE_WAVE_DOWN,56.0,1.13286,77.70000000000054,56.0,113.0,1.13451,61.20000000000125,113.0,71.0,1.13816,0.6821106821106879,0.9,,,,,,,,,,,,,
311,2025-04-25 15:43:00+02:00,45.29999999999923,UP,13,227.53996770786975,"balance of trade,michigan current conditions,balance of trade,bundesbank buch speech,ecb buch speech,inflation expectations,michigan 5 year inflation expectations,michigan consumer expectations,michigan consumer sentiment,michigan inflation expectations,federal tax revenues,federal tax revenues,federal tax revenues",DOUBLE_WAVE_UP,,,,,,,,,,,,0.9,68.0,1.1381,43.39999999999789,68.0,121.0,1.13759,38.3,121.0,103.0,1.13582,0.5253456221198038,,
312,2025-04-28 07:57:00+02:00,45.679999999999055,DOWN,11,110.43052036657367,"industrial confidence,business confidence,consumer confidence,2 year ktb auction,unemployment rate,producer price index_mom,producer price index_yoy,retail sales_mom,retail sales_mom,retail sales_yoy,retail sales_yoy",DOUBLE_WAVE_DOWN,90.0,1.13384,39.400000000000546,90.0,105.0,1.13469,30.90000000000037,105.0,104.0,1.13528,0.36548223350256037,0.9,,,,,,,,,,,,,
313,2025-04-28 16:21:00+02:00,53.56000000000138,UP,1,18.311351351351703,dallas fed manufacturing index,SINGLE_WAVE_FORT_UP,,,,,,,,,,,,0.85,30.0,1.14142,53.19999999999992,30.0,,,,,,,,,
314,2025-04-29 14:21:00+02:00,43.73999999999878,UP,15,260.2139802147418,"deposit interest rate,interest rate decision,interest rate decision,wholesale inventories_mom,goods trade balance,retail inventories ex autos_mom,goods trade balance adv,redbook_yoy,s&p/case shiller home price_mom,unemployment rate,house price index_mom,house price index,s&p/case shiller home price_yoy,bank lending_yoy,house price index_yoy",DOUBLE_WAVE_UP,,,,,,,,,,,,0.9,109.0,1.1418,44.29999999999934,109.0,121.0,1.14035,29.799999999999827,121.0,119.0,1.13928,0.5688487584649872,,
315,2025-04-30 17:10:00+02:00,45.83000000000004,DOWN,25,346.3010794968132,"imports,eia weekly refinery utilization rates wow,eia refinery crude runs change,eia heating oil stocks change,eia gasoline stocks change,eia gasoline production change,eia distillate stocks change,eia cushing crude oil stocks change,eia crude oil stocks change,eia crude oil imports change,balance of trade,eia distillate fuel production change,interest rate decision,business confidence,unemployment rate,17 week bill auction,current account,m3 money supply_yoy,retail sales_yoy,unemployment rate,bank lending_yoy,business confidence,private sector loans,real wage growth_yoy,2 year bond auction",DOUBLE_WAVE_DOWN,32.0,1.13237,45.799999999998064,32.0,44.0,1.13261,43.400000000000105,44.0,39.0,1.13421,0.40174672489081215,0.9,,,,,,,,,,,,,
316,2025-05-01 09:23:00+02:00,40.48999999999747,UP,5,57.09230827067774,"retail sales_yoy,commodity prices_yoy,retail sales_mom,boj press conference,cpi",SINGLE_WAVE_FORT_UP,,,,,,,,,,,,0.85,82.0,1.13313,38.49999999999909,82.0,,,,,,,,,
317,2025-05-01 16:00:00+02:00,48.88999999999921,DOWN,9,223.7940941957928,"s&p global manufacturing pmi,s&p global manufacturing pmi,ism manufacturing prices,construction spending_mom,ism manufacturing employment,ism manufacturing new orders,ism manufacturing pmi,eia natural gas stocks change,unemployment rate",SINGLE_WAVE_FORT_DOWN,124.0,1.12661,51.20000000000013,124.0,,,,,,,,0.85,,,,,,,,,,,,,
318,2025-05-02 15:05:00+02:00,61.97999999999926,UP,22,722.0433629711105,"average hourly earnings_mom,manufacturing payrolls,u 6 unemployment rate,average weekly hours,unemployment rate,government payrolls,nonfarm payrolls private,participation rate,non farm payrolls,economic activity_yoy,imacec economic activity_yoy,average hourly earnings_yoy,s&p global manufacturing pmi,sipmm manufacturing pmi,total new vehicle sales,s&p global manufacturing pmi,total vehicle sales,all car sales,factory orders_mom,factory orders ex transportation,durable goods orders ex transp_mom,durable goods orders ex defense_mom",SINGLE_WAVE_FORT_UP,,,,,,,,,,,,0.85,66.0,1.13813,58.30000000000002,66.0,,,,,,,,,
319,2025-05-02 17:05:00+02:00,48.50000000000021,DOWN,6,76.20270512820672,"foreign exchange reserves,s&p global manufacturing pmi,davivienda manufacturing pmi,currency reserves,new car registrations_yoy,inflation rate_yoy",DOUBLE_WAVE_DOWN,71.0,1.13197,51.000000000001044,71.0,104.0,1.13243,46.39999999999978,104.0,81.0,1.13393,0.38431372549022425,0.9,,,,,,,,,,,,,
320,2025-05-06 15:16:00+02:00,40.86999999999952,UP,18,262.5358685905458,"exports,trade balance,trade balance,balance of trade,balance of trade,imports,imports,imports,exports,redbook_yoy,s&p global composite pmi,s&p global services pmi,global supply chain pressure index,ivey pmi s.a,irish exchequer returns,pmi,rcm/tipp economic optimism index,ibd/tipp economic optimism",DOUBLE_WAVE_UP,,,,,,,,,,,,0.9,70.0,1.13699,41.799999999998505,70.0,91.0,1.13629,34.79999999999927,91.0,80.0,1.13436,0.6291866028708144,,
321,2025-05-07 00:00:00+02:00,48.55555555555391,DOWN,11,90.45798229996026,"ecb financial stability review,rbnz financial stability report,unemployment rate,participation rate,employment change_qoq,labour cost index_yoy,labour cost index_qoq,ai group industry index,rbnz gov orr speech,ai group construction index,ai group manufacturing index",DOUBLE_WAVE_DOWN,34.0,1.13266,48.2999999999989,35.0,90.0,1.13337,41.199999999999015,91.0,54.0,1.135,0.4844720496894538,0.9,,,,,,,,,,,,,
322,2025-05-07 20:44:00+02:00,52.650000000002976,DOWN,10,249.9265570982284,"trade balance,balance of trade,fed interest rate decision,private sector loans,fomc minutes,m3 money supply_yoy,press conference,fed press conference,boe consumer credit,consumer credit change",SINGLE_WAVE_FORT_DOWN,101.0,1.1292,58.19999999999936,101.0,,,,,,,,0.85,,,,,,,,,,,,,
323,2025-05-08 17:19:00+02:00,62.87999999999849,DOWN,10,150.69616348329222,"motorbike sales_yoy,treasury cash balance,eia natural gas stocks change,consumer inflation expectation,4 week bill auction,8 week bill auction,atlanta fed gdpnow,15 year mortgage rate,30 year mortgage rate,5 year bond auction",SINGLE_WAVE_FORT_DOWN,122.0,1.12191,64.9999999999995,122.0,,,,,,,,0.85,,,,,,,,,,,,,
324,2025-05-12 08:59:00+02:00,122.93999999999804,DOWN,21,235.6473648923563,"balance of trade,harmonised inflation rate_yoy,cpi,producer price index_mom,producer price index_mom,producer price index_yoy,producer price index_yoy,trade balance,inflation rate_mom,inflation rate_yoy,hicp_yoy,retail sales_mom,inflation rate_yoy,inflation rate_mom,vehicle sales_yoy,auto sales_yoy,construction output_yoy,retail sales_mom,retail sales_yoy,retail sales_yoy,auto production_yoy",DOUBLE_WAVE_DOWN,85.0,1.10828,138.5000000000014,85.0,119.0,1.11264,94.89999999999998,119.0,111.0,1.1134,0.3696750902527048,0.9,,,,,,,,,,,,,
325,2025-05-12 11:44:00+02:00,55.04999999999871,DOWN,19,194.00971561479824,"balance of trade,budget balance,balance of trade,cpi,balance of trade,budget balance,consumer confidence,cpi,current account,inflation rate_mom,inflation rate_mom,inflation rate_yoy,inflation rate_yoy,interest rate decision,producer price index_yoy,trade balance,trade balance,boe greene speech,summary of the key rate discussion",SINGLE_WAVE_FORT_DOWN,74.0,1.10722,58.59999999999977,74.0,,,,,,,,0.85,,,,,,,,,,,,,
326,2025-05-13 16:35:00+02:00,40.88000000000092,UP,7,71.39423221446637,"bundesbank balz speech,boe gov bailey speech,total household debt,boe member pill speech,boe pill speech,52 week bill auction,inflation rate_mom",SINGLE_WAVE_FORT_UP,,,,,,,,,,,,0.85,96.0,1.11786,42.9999999999997,96.0,,,,,,,,,
327,2025-05-14 09:21:00+02:00,66.42000000000037,UP,29,268.26886486192666,"wpi manufacturing_yoy,industrial production_yoy,wpi inflation_yoy,construction output_yoy,wpi food index_yoy,wpi food_yoy,wpi fuel_yoy,inflation rate_yoy,core inflation rate_yoy,hicp_yoy,inflation rate_mom,inflation rate_mom,inflation rate_yoy,inflation rate_yoy,hicp_mom,harmonised inflation rate_yoy,harmonised inflation rate_mom,current account,cpi,core inflation rate_yoy,core inflation rate_mom,inflation rate_yoy,inflation rate_mom,boe breeden speech,monetary policy meeting minutes,m1 money supply_yoy,cpi,current account,bundesbank nagel speech",DOUBLE_WAVE_UP,,,,,,,,,,,,0.9,75.0,1.12524,64.50000000000067,75.0,106.0,1.12487,60.80000000000085,106.0,105.0,1.12327,0.30542635658914835,,
328,2025-05-16 15:59:00+02:00,49.87999999999992,DOWN,11,232.98373714717533,"industrial production_yoy,balance of trade,trade balance,michigan consumer sentiment,michigan inflation expectations,michigan 5 year inflation expectations,michigan current conditions,michigan consumer expectations,inflation expectations,senior loan officer survey,boc senior loan officer survey",SINGLE_WAVE_FORT_DOWN,102.0,1.11405,60.59999999999954,102.0,,,,,,,,0.85,,,,,,,,,,,,,
329,2025-05-19 08:55:00+02:00,40.01999999999839,UP,11,107.00803383877955,"harmonised inflation rate_yoy,harmonised inflation rate_yoy,harmonised inflation rate_mom,hicp_mom,hicp_yoy,harmonised inflation rate_mom,inflation rate_mom,inflation rate_yoy,cpi,cpi,balance of trade",SINGLE_WAVE_FORT_UP,,,,,,,,,,,,0.85,106.0,1.12512,43.499999999998536,106.0,,,,,,,,,
330,2025-05-21 11:33:00+02:00,44.49000000000369,UP,20,199.7151632303008,"inflation rate_yoy,tourist arrivals_yoy,retail sales_yoy,unemployment rate,inflation rate_yoy,interest rate decision,unemployment rate,inflation rate_mom,total credit_yoy,m2 money supply_yoy,10 year bund auction,interest rate decision,interest rate decision,gdp growth rate_yoy,residential property prices_yoy,cbi industrial trends orders,resi prop prices_mom,resi prop prices_yoy,inflation expectations,residential property prices_mom",DOUBLE_WAVE_UP,,,,,,,,,,,,0.9,67.0,1.13623,44.00000000000182,67.0,120.0,1.13449,26.600000000001067,120.0,98.0,1.13344,0.6340909090908988,,
331,2025-05-22 08:30:00+02:00,41.21999999999959,DOWN,16,156.50888923250145,"inflation rate_yoy,public sector net borrowing ex banks,public sector net borrowing,inflation rate_mom,unemployment rate,business climate indicator,business confidence,inflation rate_yoy,inflation rate_mom,business confidence,manufacturing confidence,capacity utilization,current account,boe breeden speech,loan growth_yoy,inflation report",DOUBLE_WAVE_DOWN,70.0,1.12961,43.5999999999992,70.0,101.0,1.13108,28.89999999999837,101.0,98.0,1.13225,0.6055045871559689,0.9,,,,,,,,,,,,,
332,2025-05-23 13:44:00+02:00,70.44999999999746,DOWN,16,199.1477135057912,"fdi,foreign exchange reserves,deposit growth_yoy,bank loan growth_yoy,foreign exchange reserves,m3 money supply_yoy,trade balance,balance of trade,building permits,retail sales_mom,new housing price index_mom,new housing price index_yoy,retail sales ex autos_mom,retail sales_mom,retail sales_mom,retail sales_yoy",SINGLE_WAVE_FORT_DOWN,35.0,1.12978,66.10000000000005,35.0,,,,,,,,0.85,,,,,,,,,,,,,
333,2025-05-27 08:30:00+02:00,46.159999999999535,DOWN,25,278.9960927815543,"retail sales_mom,retail sales_yoy,consumer confidence,money supply,balance of trade,retail sales_yoy,trade balance,retail sales_mom,cpi,harmonised inflation rate_mom,inflation rate_mom,hicp_mom,hicp_yoy,inflation rate_yoy,harmonised inflation rate_yoy,business confidence,business confidence,economic tendency indicator,manufacturing confidence,consumer confidence,consumer inflation expectation,leading business cycle indicator_mom,consumer confidence,inflation rate_yoy,inflation rate_mom",SINGLE_WAVE_FORT_DOWN,98.0,1.13372,54.799999999999294,98.0,,,,,,,,0.85,,,,,,,,,,,,,
334,2025-05-29 00:44:00+02:00,84.59999999999911,DOWN,0,0.0,,DOUBLE_WAVE_DOWN,70.0,1.12108,85.80000000000032,70.0,87.0,1.12237,72.90000000000019,87.0,81.0,1.12442,0.38927738927737593,0.9,,,,,,,,,,,,,
335,2025-05-29 08:02:00+02:00,42.42999999999997,UP,10,106.25866117313376,"trade balance,balance of trade,consumer confidence,balance of trade,imports,business confidence,retail sales_mom,exports,retail sales_yoy,trade balance",SINGLE_WAVE_FORT_UP,,,,,,,,,,,,0.85,70.0,1.1283,48.50000000000021,70.0,,,,,,,,,
336,2025-05-29 14:02:00+02:00,87.72000000000224,UP,25,517.1869215804594,"bank lending_mom,foreign exchange reserves,unemployment rate,budget balance,gdp sales_qoq,core pce prices_qoq,corporate profits_qoq,current account,fed barkin speech,gdp growth rate_qoq,gdp price index_qoq,gross domestic product_qoq,initial jobless claims,jobless claims 4 week average,pce prices_qoq,average weekly earnings,real consumer spending,real consumer spending_qoq,continuing jobless claims,prime rate,unemployment rate,interest rate decision,interest rate decision,central bank reserves $,prime overdraft rate",SINGLE_WAVE_FORT_UP,,,,,,,,,,,,0.85,69.0,1.13603,85.30000000000149,69.0,,,,,,,,,
337,2025-05-30 14:47:00+02:00,42.32999999999931,DOWN,42,683.6402651700666,"government budget value,government budget value,gdp growth rate_yoy,hicp_yoy,balance of trade,hicp_mom,inflation rate_mom,inflation rate_yoy,harmonised inflation rate_yoy,gross domestic product_qoq,gdp growth rate_qoq,gross domestic product_yoy,trade balance,retail sales_yoy,unemployment rate,cpi,harmonised inflation rate_mom,retail inventories ex autos_mom,gross domestic product_qoq,core pce price index_mom,personal income_mom,gdp growth rate_qoq,gross domestic product_mom,gdp growth annualized,pce price index_yoy,gdp implicit price_qoq,goods trade balance adv,goods trade balance,gross domestic product_mom,gross domestic product_yoy,personal spending_mom,wholesale inventories_mom,pce price index_mom,core pce price index_yoy,manufacturing production_yoy,copper production_yoy,retail sales_mom,retail sales_yoy,industrial production_yoy,balance of trade,current account,chicago pmi",DOUBLE_WAVE_DOWN,70.0,1.13128,35.09999999999902,70.0,83.0,1.13138,34.09999999999913,83.0,75.0,1.13271,0.4074074074074308,0.9,,,,,,,,,,,,,
338,2025-06-02 15:37:00+02:00,41.51000000000238,UP,14,313.1822743981434,"12 month btf auction,3 month btf auction,6 month btf auction,s&p global manufacturing pmi,s&p global manufacturing pmi,sipmm manufacturing pmi,s&p global manufacturing pmi,s&p global manufacturing pmi,construction spending_mom,ism manufacturing employment,ism manufacturing pmi,ism manufacturing prices,ism manufacturing new orders,fed logan speech",DOUBLE_WAVE_UP,,,,,,,,,,,,0.9,69.0,1.14501,41.900000000001384,69.0,118.0,1.14391,30.90000000000037,118.0,103.0,1.14298,0.48448687350833153,,
339,2025-06-05 15:05:00+02:00,69.47000000000259,UP,29,598.151627854821,"marginal lending rate,interest rate decision,ecb monetary policy statement and press conference,ecb interest rate decision,deposit facility rate,deposit facility rate,imports,balance of trade,trade balance,trade balance,imports,imports,unit labour costs_qoq,initial jobless claims,jobless claims 4 week average,continuing jobless claims,nonfarm productivity_qoq,exports,exports,balance of trade,ecb press conference,central bank reserves $,ivey pmi s.a,pmi,car production_mom,auto production_mom,auto sales_mom,new car registrations_mom,global supply chain pressure index",SINGLE_WAVE_FORT_UP,,,,,,,,,,,,0.85,34.0,1.14952,64.20000000000093,34.0,,,,,,,,,
340,2025-06-06 14:27:00+02:00,40.67000000000043,DOWN,31,720.0445354900069,"deposit growth_yoy,bank loan growth_yoy,foreign exchange reserves,cpi,foreign exchange reserves,cbr press conference,inflation rate_yoy,inflation rate_mom,producer price index_mom,producer price index_mom,core inflation rate_mom,producer price index_yoy,manufacturing payrolls,participation rate,non farm payrolls,government payrolls,nonfarm payrolls private,average hourly earnings_yoy,part time employment chg,average hourly earnings_mom,u 6 unemployment rate,unemployment rate,unemployment rate,average weekly hours,average hourly wages_yoy,employment change,full time employment chg,participation rate,used car prices_mom,foreign exchange reserves,used car prices_yoy",DOUBLE_WAVE_DOWN,69.0,1.13719,38.7000000000004,69.0,83.0,1.13835,27.099999999999902,83.0,78.0,1.13902,0.47286821705425824,0.9,,,,,,,,,,,,,
341,2025-06-11 13:55:00+02:00,61.13999999999953,UP,17,263.2292974126555,"mba purchase index,mba 30 year mortgage rate,mba mortgage applications,mba mortgage market index,mba mortgage refinance index,ecb cipollone speech,industrial production_mom,monetary policy meeting minutes,industrial production_yoy,core inflation rate_mom,building permits,core inflation rate_yoy,cpi,cpi s.a,inflation rate_mom,inflation rate_yoy,real earnings_mom",DOUBLE_WAVE_UP,,,,,,,,,,,,0.9,51.0,1.14897,59.59999999999965,51.0,94.0,1.1474,43.89999999999894,94.0,80.0,1.14532,0.6124161073825797,,
342,2025-06-12 11:51:00+02:00,51.409999999998405,UP,45,550.1354375104405,"inflation rate_yoy,harmonised inflation rate_yoy,inflation rate_mom,30 year btp auction,btp auction,7 year btp auction,3 year btp auction,mining production_mom,gold production_yoy,mining production_yoy,niesr monthly gdp tracker,cpi,hicp_mom,hicp_yoy,inflation rate_mom,inflation rate_mom,inflation rate_mom,inflation rate_yoy,inflation rate_yoy,inflation rate_yoy,interest rate,interest rate decision,thomson reuters ipsos pcsi,thomson reuters ipsos pcsi,thomson reuters ipsos pcsi,thomson reuters ipsos pcsi,thomson reuters ipsos pcsi,thomson reuters ipsos pcsi,thomson reuters ipsos pcsi,thomson reuters ipsos pcsi,thomson reuters ipsos pcsi,thomson reuters ipsos pcsi,thomson reuters ipsos pcsi,thomson reuters ipsos pcsi,thomson reuters ipsos pcsi,harmonised inflation rate_mom,gross domestic product_yoy,cpi,cpi,harmonised inflation rate_yoy,bank lending_yoy,m2 money supply_yoy,cpi,inflation rate_mom,inflation rate_yoy",DOUBLE_WAVE_UP,,,,,,,,,,,,0.9,70.0,1.16108,51.89999999999806,70.0,84.0,1.1607,48.09999999999981,84.0,76.0,1.15916,0.36994219653179067,,
343,2025-06-12 13:52:00+02:00,44.929999999998586,UP,19,312.03030505608774,"unemployment rate,consumer confidence,m3 money supply_yoy,retail sales_yoy,retail sales_mom,ecb de guindos speech,ecb guindos speech,ecb schnabel speech,core ppi_yoy,jobless claims 4 week average,initial jobless claims,continuing jobless claims,core ppi_mom,producer price index_yoy,producer price index_mom,producer price index,ppi ex food, energy and trade_yoy,ppi ex food, energy and trade_mom,current account",SINGLE_WAVE_FORT_UP,,,,,,,,,,,,0.85,48.0,1.16319,45.999999999999375,48.0,,,,,,,,,
344,2025-06-13 02:08:00+02:00,66.68000000000119,DOWN,0,0.0,,SINGLE_WAVE_FORT_DOWN,99.0,1.15375,64.4,99.0,,,,,,,,0.85,,,,,,,,,,,,,
345,2025-06-16 08:32:00+02:00,40.000000000000036,UP,24,249.6506064895816,"trade balance,trade balance,balance of trade,wpi inflation_yoy,wpi food index_yoy,wpi manufacturing_yoy,wpi food_yoy,producer & import prices_mom,producer & import prices_yoy,producer price index_mom,producer price index_yoy,wpi fuel_yoy,retail sales_mom,retail sales_mom,retail sales_yoy,retail sales_yoy,cash remittances,cpi,current account,balance of trade,producer price index_mom,producer price index_yoy,auto production_yoy,auto sales_yoy",DOUBLE_WAVE_UP,,,,,,,,,,,,0.9,89.0,1.1587,36.10000000000113,89.0,118.0,1.1582,31.09999999999946,118.0,109.0,1.15756,0.31578947368423965,,
346,2025-06-17 15:58:00+02:00,51.94999999999838,DOWN,10,184.8721612103189,"industrial production_mom,capacity utilization,industrial production_yoy,manufacturing production_mom,manufacturing production_yoy,gross domestic product_yoy,retail inventories ex autos_mom,business inventories_mom,nahb housing market index,unemployment rate",DOUBLE_WAVE_DOWN,54.0,1.15108,51.999999999998714,54.0,75.0,1.15211,41.700000000000074,75.0,73.0,1.15293,0.35576923076922173,0.9,,,,,,,,,,,,,
347,2025-06-17 18:20:00+02:00,46.479999999999855,DOWN,1,11.060999999999472,5 year tips auction,SINGLE_WAVE_FORT_DOWN,99.0,1.14786,55.79999999999919,99.0,,,,,,,,0.85,,,,,,,,,,,,,
348,2025-06-18 20:18:00+02:00,52.76999999999976,DOWN,15,523.2055857024903,"boc summary of deliberations,leading indicator_mom,bundesbank balz speech,interest rate projection   2nd yr,fomc economic projections,ecb guindos speech,fomc minutes,fed interest rate decision,ecb de guindos speech,interest rate projection   longer,interest rate projection   1st yr,interest rate projection   current,fed press conference,press conference,retail sales_yoy",DOUBLE_WAVE_DOWN,61.0,1.14612,57.79999999999896,61.0,80.0,1.14629,56.09999999999893,80.0,67.0,1.1488,0.4636678200692152,0.9,,,,,,,,,,,,,
349,2025-06-23 10:32:00+02:00,41.560000000000485,DOWN,13,191.90517021929008,"corporate sector wages_yoy,industrial production_yoy,unemployment rate,hcob services pmi,hcob composite pmi,pmi,producer price index_yoy,employment growth_yoy,services pmi,s&p global services pmi,s&p global composite pmi,9 month bubill auction,3 month bubill auction",DOUBLE_WAVE_DOWN,70.0,1.14539,42.69999999999996,70.0,99.0,1.14684,28.199999999998226,99.0,92.0,1.14771,0.5433255269321082,0.9,,,,,,,,,,,,,
350,2025-06-23 15:31:00+02:00,71.74000000000014,UP,11,193.47226065736655,"3 month btf auction,12 month btf auction,tourist arrivals_yoy,ecb president lagarde speech,ecb lagarde speech,6 month btf auction,s&p global composite pmi,s&p global services pmi,existing home sales_mom,existing home sales,fed bowman speech",SINGLE_WAVE_FORT_UP,,,,,,,,,,,,0.85,95.0,1.15409,73.49999999999967,95.0,,,,,,,,,
351,2025-06-24 15:35:00+02:00,56.49999999999933,UP,25,383.01398417772594,"redbook_yoy,ecb president lagarde speech,house price index_yoy,producer price index_yoy,ecb lagarde speech,house price index,house price index_mom,interest rate decision,m2 money supply_yoy,s&p/case shiller home price_mom,s&p/case shiller home price_yoy,business confidence,nbb business confidence,bank lending_yoy,fed hammack speech,boe ramsden speech,ecb lane speech,cb consumer confidence,richmond fed services revenues index,richmond fed manufacturing shipments index,boe gov bailey speech,richmond fed manufacturing index,boe breeden speech,fed chair powell testimony,ny fed treasury purchases 10 to 22.5 yrs",SINGLE_WAVE_FORT_UP,,,,,,,,,,,,0.85,117.0,1.16367,50.3000000000009,117.0,,,,,,,,,
352,2025-06-26 09:43:00+02:00,49.160000000001425,UP,22,253.31482016929857,"consumer inflation expectation,manufacturing confidence,ecb general council meeting,economic tendency indicator,business confidence,business confidence,consumer confidence,3 month green atb auction,atb auction,inflation rate_mom,cpi,consumer confidence,bank austria manufacturing pmi,sarb quarterly bulletin,inflation rate_yoy,exports_mom,imports_yoy,balance of trade,exports_yoy,imports_mom,trade balance,boe breeden speech",DOUBLE_WAVE_UP,,,,,,,,,,,,0.9,68.0,1.17452,48.200000000000465,68.0,97.0,1.17263,29.300000000000992,97.0,94.0,1.17216,0.48962655601657573,,
353,2025-06-27 08:13:00+02:00,40.58999999999813,UP,46,513.2159351875325,"current account,retail sales_yoy,retail sales_yoy,retail sales_mom,retail sales_mom,retail sales_mom,household consumption_mom,producer price index_yoy,producer price index_yoy,producer price index_mom,business investment_qoq,business investment_yoy,unemployment rate,unemployed persons,registered jobless rate,unemployment rate,cpi,inflation rate_mom,harmonised inflation rate_yoy,household consumption_mom,harmonised inflation rate_mom,producer price index_yoy,hicp_mom,inflation rate_yoy,producer price index_mom,hicp_yoy,consumer spending_mom,ecb general council meeting,retail sales_mom,core inflation rate_yoy,hicp_mom,gdp growth rate_qoq,harmonised inflation rate_mom,business confidence,gdp growth rate_yoy,hicp_yoy,harmonised inflation rate_yoy,consumer confidence,inflation rate_yoy,economic confidence index,retail sales_yoy,inflation rate_mom,gross domestic product_yoy,gross domestic product_qoq,consumer confidence,cpi",DOUBLE_WAVE_UP,,,,,,,,,,,,0.9,69.0,1.17271,40.000000000000036,69.0,124.0,1.17239,36.800000000001276,124.0,84.0,1.17071,0.5,,
354,2025-06-27 14:12:00+02:00,46.3799999999992,UP,20,340.21979753251406,"unemployment rate,bank lending_mom,current account,fed williams speech,foreign exchange reserves,gdp growth rate_yoy,gross domestic product_qoq,gross domestic product_qoq,unemployment rate,unemployment rate,current account,external debt,pce price index_yoy,personal income_mom,core pce price index_mom,core pce price index_yoy,personal spending_mom,gross domestic product_mom,gross domestic product_mom,pce price index_mom",DOUBLE_WAVE_UP,,,,,,,,,,,,0.9,59.0,1.17542,44.69999999999974,59.0,74.0,1.17399,30.400000000001537,74.0,70.0,1.1732,0.49664429530199145,,
355,2025-07-01 10:34:00+02:00,42.4599999999975,UP,45,604.9852912479045,"ecb guindos speech,ecb de guindos speech,unemployed persons,unemployment rate,employment change,hcob manufacturing pmi,manufacturing pmi,hcob manufacturing pmi,manufacturing pmi,unemployed persons,unemployment rate,manufacturing pmi,hcob manufacturing pmi,employment change,consumer confidence,s&p global manufacturing pmi,manufacturing pmi,current account,manufacturing pmi,dnb manufacturing pmi,manufacturing pmi,consumer inflation expectation,hcob manufacturing pmi,m2 money supply_yoy,bank lending_yoy,s&p global manufacturing pmi,12 month letras auction,6 month letras auction,ecb elderson speech,stanbic ibtc bank nigeria pmi,core inflation rate_yoy,retail sales_yoy,retail sales_yoy,m2 money supply_yoy,inflation rate_yoy,inflation rate_yoy,inflation rate_mom,hicp_yoy,hicp_mom,gdp growth rate_yoy,gdp growth rate_qoq,current account,cpi,absa manufacturing pmi,inflation rate_mom",SINGLE_WAVE_FORT_UP,,,,,,,,,,,,0.85,70.0,1.18301,42.79999999999839,70.0,,,,,,,,,
356,2025-07-03 13:32:00+02:00,76.46000000000042,DOWN,27,714.5893994502276,"new car registrations_yoy,foreign exchange reserves,ecb monetary policy meeting accounts,gross fixed investment_mom,gross fixed investment_yoy,u 6 unemployment rate,average hourly earnings_mom,participation rate,exports,nonfarm payrolls private,non farm payrolls,trade balance,continuing jobless claims,manufacturing payrolls,average hourly earnings_yoy,exports,unemployment rate,imports,imports,imports,balance of trade,government payrolls,average weekly hours,initial jobless claims,balance of trade,trade balance,jobless claims 4 week average",DOUBLE_WAVE_DOWN,70.0,1.17179,77.09999999999883,70.0,88.0,1.17195,75.49999999999946,88.0,78.0,1.17515,0.4357976653696315,0.9,,,,,,,,,,,,,
357,2025-07-07 18:19:00+02:00,50.2899999999995,DOWN,5,67.88932608695845,"3 month bill auction,6 month bill auction,gross domestic product_yoy,inflation rate_yoy,inflation rate_mom",DOUBLE_WAVE_DOWN,54.0,1.1687,48.39999999999955,54.0,81.0,1.16931,42.29999999999956,81.0,81.0,1.1709,0.4545454545454546,0.9,,,,,,,,,,,,,
358,2025-07-10 15:29:00+02:00,42.040000000000965,DOWN,8,167.8545958239881,"continuing jobless claims,initial jobless claims,jobless claims 4 week average,central bank reserves $,inflation rate_mom,gross domestic product_yoy,gross domestic product_qoq,fed musalem speech",DOUBLE_WAVE_DOWN,70.0,1.16627,45.600000000001195,70.0,79.0,1.1666,42.29999999999956,79.0,75.0,1.1677,0.31359649122807126,0.9,,,,,,,,,,,,,
359,2025-07-15 15:04:00+02:00,51.55999999999716,DOWN,24,383.4084472510048,"vehicle sales_mom,real earnings_mom,cpi,cpi s.a,cpi,inflation rate_mom,core inflation rate_yoy,inflation rate_mom,core inflation rate_mom,inflation rate_yoy,core inflation rate_yoy,inflation rate_yoy,manufacturing sales_mom,new motor vehicle sales,core inflation rate_mom,ny empire state manufacturing index,vehicle sales_mom,redbook_yoy,6 month btf auction,3 month btf auction,12 month btf auction,fed bowman speech,services pmi,manufacturing pmi",SINGLE_WAVE_FORT_DOWN,117.0,1.16155,64.5999999999991,117.0,,,,,,,,0.85,,,,,,,,,,,,,
360,2025-07-16 16:42:00+02:00,156.12000000000182,UP,16,265.19360331681185,"fed barr speech,imports,eia crude oil imports change,eia crude oil stocks change,eia cushing crude oil stocks change,eia distillate fuel production change,eia distillate stocks change,eia gasoline production change,eia gasoline stocks change,eia heating oil stocks change,eia refinery crude runs change,eia weekly refinery utilization rates wow,food inflation_yoy,inflation rate_yoy,consumer confidence,17 week bill auction",SINGLE_WAVE_FORT_UP,,,,,,,,,,,,0.85,58.0,1.17222,154.90000000000003,58.0,,,,,,,,,
361,2025-07-17 07:36:00+02:00,51.39000000000004,DOWN,10,82.24357416243048,"6 month t bill auction,hmrc payrolls change,claimant count change,balance of trade,average earnings incl. bonus,average earnings excl. bonus,trade balance,average earnings excl. bonus,employment change,unemployment rate",SINGLE_WAVE_FORT_DOWN,70.0,1.15736,50.60000000000065,70.0,,,,,,,,0.85,,,,,,,,,,,,,
362,2025-07-22 16:38:00+02:00,45.959999999998224,UP,3,60.27497297297205,"richmond fed services revenues index,richmond fed manufacturing index,richmond fed manufacturing shipments index",SINGLE_WAVE_FORT_UP,,,,,,,,,,,,0.85,122.0,1.1761,63.29999999999947,122.0,,,,,,,,,
363,2025-07-24 15:04:00+02:00,52.32999999999821,UP,25,625.1766435125842,"ecb monetary policy statement and press conference,deposit facility rate,deposit facility rate,ecb interest rate decision,marginal lending rate,interest rate decision,retail sales_mom,new housing price index_yoy,chicago fed national activity index,retail sales_yoy,continuing jobless claims,retail sales_mom,retail sales ex autos_mom,initial jobless claims,manufacturing sales_mom,jobless claims 4 week average,retail sales_mom,ecb press conference,producer price index_yoy,central bank reserves $,s&p global manufacturing pmi,s&p global composite pmi,s&p global services pmi,consumer confidence,new home sales",DOUBLE_WAVE_UP,,,,,,,,,,,,0.9,81.0,1.17891,54.299999999998235,81.0,116.0,1.17809,46.10000000000003,116.0,93.0,1.17657,0.4309392265193526,,
364,2025-07-28 09:02:00+02:00,51.810000000001025,DOWN,1,10.206666666666475,interest rate decision,DOUBLE_WAVE_DOWN,66.0,1.16706,50.499999999999986,66.0,121.0,1.16712,49.9000000000005,121.0,104.0,1.16906,0.3960396039603965,0.9,,,,,,,,,,,,,
365,2025-07-29 08:22:00+02:00,56.32000000000082,DOWN,16,216.32461802499208,"private sector credit_yoy,m3 money supply_yoy,retail sales_mom,household consumption_mom,gross domestic product_yoy,gross domestic product_qoq,gross domestic product_mom,gdp growth rate_yoy,gdp growth rate_qoq,private sector credit,gross domestic product_qoq,gdp growth rate_qoq,gdp growth rate_yoy,gross domestic product_yoy,retail sales_mom,retail sales_yoy",DOUBLE_WAVE_DOWN,58.0,1.15268,55.50000000000166,58.0,86.0,1.15318,50.499999999999986,86.0,73.0,1.15459,0.34414414414414796,0.9,,,,,,,,,,,,,
366,2025-07-29 12:42:00+02:00,42.530000000000626,DOWN,7,63.629024966263245,"retail sales_yoy,unemployment benefit claims,wage growth_yoy,retail sales_yoy,retail sales_mom,retail sales_mom,jobseekers total",SINGLE_WAVE_FORT_DOWN,124.0,1.15284,56.199999999999584,124.0,,,,,,,,0.85,,,,,,,,,,,,,
367,2025-07-30 14:13:00+02:00,70.59999999999845,DOWN,16,369.1489663299657,"business confidence,gdp growth rate_qoq,gdp growth rate_yoy,gross domestic product_qoq,gross domestic product_yoy,adp employment change,pce prices_qoq,gdp growth rate_qoq,gross domestic product_qoq,gdp price index_qoq,gdp sales_qoq,real consumer spending,real consumer spending_qoq,core pce prices_qoq,treasury refunding announcement,unemployment rate",SINGLE_WAVE_FORT_DOWN,112.0,1.14583,74.60000000000022,112.0,,,,,,,,0.85,,,,,,,,,,,,,
368,2025-07-30 20:16:00+02:00,73.25000000000247,DOWN,6,183.97378617012052,"net payrolls,unemployment rate,fomc minutes,fed interest rate decision,fed press conference,press conference",SINGLE_WAVE_FORT_DOWN,82.0,1.14143,71.0999999999995,82.0,,,,,,,,0.85,,,,,,,,,,,,,
369,2025-07-31 16:11:00+02:00,40.66000000000347,UP,11,146.02940644210472,"gdp growth rate_yoy,chicago pmi,private sector loans,interest rate decision,m3 money supply_yoy,bank lending_yoy,cpi,m3 money supply_yoy,interest rate decision,eia natural gas stocks change,unemployment rate",SINGLE_WAVE_FORT_UP,,,,,,,,,,,,0.85,53.0,1.14501,40.99999999999993,53.0,,,,,,,,,
370,2025-08-01 14:30:00+02:00,175.77999999999872,UP,26,734.1075625678083,"bank loan growth_yoy,deposit growth_yoy,foreign exchange reserves,business confidence,industrial production_mom,industrial production_yoy,budget balance,unemployment rate,participation rate,nonfarm payrolls private,non farm payrolls,average hourly earnings_yoy,average weekly hours,imacec economic activity_yoy,u 6 unemployment rate,manufacturing payrolls,total vehicle sales,government payrolls,economic activity_yoy,vehicle sales_yoy,average hourly earnings_mom,s&p global manufacturing pmi,sipmm manufacturing pmi,s&p global manufacturing pmi,consumer confidence,s&p global manufacturing pmi",SINGLE_WAVE_FORT_UP,,,,,,,,,,,,0.85,100.0,1.15888,190.29999999999882,100.0,,,,,,,,,
371,2025-08-01 18:23:00+02:00,40.5600000000006,DOWN,8,105.8648868138111,"atlanta fed gdpnow,new car registrations_yoy,new car registrations_yoy,gross domestic product_yoy,new car registrations_yoy,baker hughes oil rig count,interest rate decision,new car registrations_yoy",SINGLE_WAVE_FORT_DOWN,85.0,1.15167,42.9999999999997,85.0,,,,,,,,0.85,,,,,,,,,,,,,
372,2025-08-01 21:06:00+02:00,53.46999999999991,UP,21,191.1075062656707,"fed daly speech,cftc s&p 500 speculative net positions,cftc soybeans speculative net positions,cftc silver speculative net positions,cftc mxn speculative net positions,cftc wheat speculative net positions,cftc nasdaq 100 speculative net positions,cftc nzd speculative net positions,cftc natural gas speculative net positions,cftc aluminium speculative net positions,cftc aud speculative net positions,cftc brl speculative net positions,cftc cad speculative net positions,cftc chf speculative net positions,cftc copper speculative net positions,cftc corn speculative net positions,cftc crude oil speculative net positions,cftc eur speculative net positions,cftc gbp speculative net positions,cftc gold speculative net positions,cftc jpy speculative net positions",SINGLE_WAVE_FORT_UP,,,,,,,,,,,,0.85,113.0,1.15976,66.99999999999929,113.0,,,,,,,,,
373,2025-08-05 16:24:00+02:00,44.200000000000905,UP,21,512.2814472376687,"s&p global services pmi,s&p global composite pmi,ism services business activity,ism non manufacturing prices,ism non manufacturing employment,ism non manufacturing pmi,ism non manufacturing new orders,ism services pmi,ism non manufacturing business activity,ism services prices,ism services new orders,ism services employment,rcm/tipp economic optimism index,ibd/tipp economic optimism,exports_yoy,total household debt,foreign exchange reserves,globaldairytrade price index,milk auctions,inflation rate_mom,inflation rate_yoy",SINGLE_WAVE_FORT_UP,,,,,,,,,,,,0.85,68.0,1.1585,43.90000000000116,68.0,,,,,,,,,
374,2025-08-07 21:29:00+02:00,48.73999999999601,UP,5,62.95369467787151,"industrial production_yoy,interest rate decision,consumer credit change,boe consumer credit,interest rate decision",SINGLE_WAVE_FORT_UP,,,,,,,,,,,,0.85,114.0,1.16732,48.99999999999905,115.0,,,,,,,,,
375,2025-08-12 13:54:00+02:00,55.17000000000216,UP,15,235.42180209660123,"opec monthly report,inflation rate_mom,brazilian ipca inflation index sa_mom,brazilian ipca inflation index sa_mom,cpi,inflation rate_yoy,inflation rate_mom,building permits,core inflation rate_mom,core inflation rate_yoy,cpi,cpi s.a,real earnings_mom,inflation rate_yoy,current account",SINGLE_WAVE_FORT_UP,,,,,,,,,,,,0.85,121.0,1.16682,65.3999999999999,121.0,,,,,,,,,
376,2025-08-14 14:12:00+02:00,40.72999999999993,DOWN,17,271.77117225520936,"foreign exchange reserves,brazilian service sector growth_yoy,brazilian service sector growth_mom,core ppi_mom,core ppi_yoy,producer price index_yoy,continuing jobless claims,initial jobless claims,ppi ex food, energy and trade_mom,ppi ex food, energy and trade_yoy,producer price index_mom,producer price index,jobless claims 4 week average,trade balance,balance of trade,current account,central bank reserves $",SINGLE_WAVE_FORT_DOWN,125.0,1.16382,52.49999999999977,125.0,,,,,,,,0.85,,,,,,,,,,,,,
377,2025-08-22 16:00:00+02:00,119.13000000000284,UP,6,123.19201659451755,"fed collins speech,producer price index_yoy,fed chair powell speech,senior loan officer survey,boc senior loan officer survey,consumer confidence",SINGLE_WAVE_FORT_UP,,,,,,,,,,,,0.85,98.0,1.17323,130.90000000000046,98.0,,,,,,,,,
378,2025-08-25 20:09:00+02:00,43.40000000000232,DOWN,2,22.454552631579297,"balance of trade,producer price index_yoy",SINGLE_WAVE_FORT_DOWN,70.0,1.16031,43.90000000000116,70.0,,,,,,,,0.85,,,,,,,,,,,,,
379,2025-08-26 02:03:00+02:00,46.93333333333438,UP,1,19.53028169014043,fed williams speech,SINGLE_WAVE_FORT_UP,,,,,,,,,,,,0.85,44.0,1.16603,45.199999999998575,45.0,,,,,,,,,
380,2025-08-29 15:40:00+02:00,40.81999999999919,UP,17,275.2497132179159,"manufacturing production_yoy,retail sales_yoy,copper production_yoy,retail sales_mom,retail sales_yoy,cpi,business confidence,unemployment rate,industrial production_yoy,chicago pmi,cpi,michigan inflation expectations,michigan current conditions,michigan consumer sentiment,michigan consumer expectations,michigan 5 year inflation expectations,inflation expectations",SINGLE_WAVE_FORT_UP,,,,,,,,,,,,0.85,92.0,1.17091,51.49999999999988,92.0,,,,,,,,,
381,2025-09-02 09:07:00+02:00,68.71999999999767,DOWN,14,165.2795123427309,"gross domestic product_yoy,gdp growth rate_qoq,gdp growth rate_yoy,budget balance,cpi,inflation rate_yoy,harmonised inflation rate_mom,harmonised inflation rate_yoy,inflation rate_mom,hicp_mom,hicp_yoy,employment change,manufacturing pmi,ipc fipe inflation_mom",DOUBLE_WAVE_DOWN,89.0,1.16341,68.99999999999906,89.0,121.0,1.16437,59.40000000000056,121.0,104.0,1.1656,0.317391304347818,0.9,,,,,,,,,,,,,
382,2025-09-02 15:09:00+02:00,51.75000000000152,UP,10,251.85885048510033,"s&p global manufacturing pmi,sipmm manufacturing pmi,s&p global manufacturing pmi,s&p global manufacturing pmi,ism manufacturing pmi,ism manufacturing prices,bundesbank nagel speech,construction spending_mom,ism manufacturing employment,ism manufacturing new orders",SINGLE_WAVE_FORT_UP,,,,,,,,,,,,0.85,78.0,1.16827,65.29999999999924,78.0,,,,,,,,,
383,2025-09-03 09:29:00+02:00,43.69999999999985,UP,44,605.7647822267014,"services pmi,real wages_yoy,inflation rate_mom,inflation rate_mom,inflation rate_yoy,cpi,inflation rate_yoy,producer price index_mom,producer price index_yoy,industrial production_yoy,retail sales_yoy,real wages_yoy,hcob composite pmi,s&p global manufacturing pmi,s&p global pmi,hcob services pmi,services pmi,boe l mann speech,stanbic bank pmi,boe mann speech,ecb lagarde speech,ecb president lagarde speech,hcob services pmi,hcob composite pmi,services pmi,pmi,hcob services pmi,pmi,services pmi,hcob composite pmi,pmi,hcob services pmi,services pmi,hcob composite pmi,hcob services pmi,rba bullock speech,pmi,rba gov bullock speaks,services pmi,blom lebanon pmi,hcob composite pmi,boe breeden speech,gdp growth rate_yoy,gdp growth rate_qoq",SINGLE_WAVE_FORT_UP,,,,,,,,,,,,0.85,105.0,1.16606,43.50000000000076,105.0,,,,,,,,,
384,2025-09-05 13:57:00+02:00,69.33000000000078,UP,23,626.6003802771617,"foreign exchange reserves,leading index_mom,foreign exchange reserves,foreign exchange reserves,producer price index_mom,producer price index_yoy,unemployment rate,unemployment rate,average weekly hours,average hourly wages_yoy,average hourly earnings_yoy,average hourly earnings_mom,full time employment chg,government payrolls,non farm payrolls,nonfarm payrolls private,manufacturing payrolls,employment change,participation rate,participation rate,part time employment chg,u 6 unemployment rate,foreign exchange reserves",SINGLE_WAVE_FORT_UP,,,,,,,,,,,,0.85,43.0,1.17505,65.69999999999965,43.0,,,,,,,,,
385,2025-09-11 14:25:00+02:00,65.12999999999991,UP,26,577.6766179023597,"foreign exchange reserves,retail sales_yoy,retail sales_mom,industrial production_mom,industrial production_yoy,deposit facility rate,ecb monetary policy statement and press conference,interest rate decision,marginal lending rate,deposit facility rate,ecb interest rate decision,initial jobless claims,core inflation rate_yoy,inflation rate_mom,jobless claims 4 week average,core inflation rate_mom,continuing jobless claims,real earnings_mom,cpi,cpi s.a,inflation rate_yoy,current account,ecb press conference,central bank reserves $,trade balance,balance of trade",SINGLE_WAVE_FORT_UP,,,,,,,,,,,,0.85,112.0,1.17445,65.50000000000055,112.0,,,,,,,,,
386,2025-09-17 20:17:00+02:00,81.99999999999763,DOWN,19,572.938846153846,"leading indicator_mom,fomc economic projections,interest rate projection   2nd yr,interest rate projection   3rd yr,interest rate projection   current,interest rate projection   1st yr,interest rate projection   longer,fed interest rate decision,interest rate decision,press conference,fed press conference,interest rate decision,interest rate decision,interest rate decision,interest rate decision,interest rate decision,gdp growth rate_qoq,gdp growth rate_yoy,gross domestic product_yoy",DOUBLE_WAVE_DOWN,47.0,1.18192,88.29999999999893,47.0,105.0,1.18208,86.69999999999956,105.0,62.0,1.18573,0.4314835787089371,0.9,,,,,,,,,,,,,
387,2025-09-18 08:46:00+02:00,44.400000000002215,UP,7,86.62899134799022,"trade balance,balance of trade,gdp growth rate_yoy,current account,ecb president lagarde speech,ecb lagarde speech,unemployment rate",SINGLE_WAVE_FORT_UP,,,,,,,,,,,,0.85,94.0,1.18305,38.19999999999935,94.0,,,,,,,,,
388,2025-09-18 14:49:00+02:00,55.790000000000006,DOWN,14,301.8953297421141,"initial jobless claims,continuing jobless claims,philly fed prices paid,philly fed new orders,philly fed employment,philly fed capex index,philly fed business conditions,philadelphia fed manufacturing index,jobless claims 4 week average,interest rate decision,prime overdraft rate,central bank reserves $,interest rate decision,prime rate",DOUBLE_WAVE_DOWN,66.0,1.17503,58.400000000000674,66.0,123.0,1.17677,40.99999999999993,123.0,113.0,1.17819,0.5410958904109615,0.9,,,,,,,,,,,,,
389,2025-09-25 14:06:00+02:00,53.26000000000164,DOWN,31,721.6951022691821,"foreign exchange reserves,balance of trade,cpi,bcb national monetary council meeting,ipca mid month cpi_yoy,ipca mid month cpi_mom,fed goolsbee speech,retail inventories ex autos_mom,durable goods orders_mom,goods trade balance adv,pce prices_qoq,non defense goods orders ex air,real consumer spending_qoq,gdp growth rate_qoq,gdp price index_qoq,core pce prices_qoq,corporate profits_qoq,jobless claims 4 week average,average weekly earnings,wholesale inventories_mom,initial jobless claims,gdp sales_qoq,continuing jobless claims,durable goods orders ex transp_mom,durable goods orders ex defense_mom,goods trade balance,real consumer spending,gross domestic product_qoq,fed schmid speech,central bank reserves $,fed williams speech",SINGLE_WAVE_FORT_DOWN,55.0,1.16879,51.09999999999948,55.0,,,,,,,,0.85,,,,,,,,,,,,,
390,2025-10-01 14:15:00+02:00,43.539999999999694,UP,14,191.20327148404232,"economic activity_yoy,imacec economic activity_yoy,m3 money supply_yoy,business confidence,budget balance,adp employment change,inflation rate_yoy,wholesale prices_yoy,inflation rate_mom,inflation rate_yoy,inflation rate_mom,s&p global manufacturing pmi,interest rate,snb quarterly bulletin",DOUBLE_WAVE_UP,,,,,,,,,,,,0.9,13.0,1.17692,41.400000000000325,13.0,27.0,1.17642,36.40000000000087,27.0,23.0,1.17472,0.5314009661835658,,
391,2025-10-06 09:40:00+02:00,56.430000000000646,DOWN,29,505.36072930702926,"inflation rate_mom,industrial production_yoy,trade balance,cpi,retail sales_yoy,retail sales_mom,unemployment rate,inflation rate_yoy,ecb de guindos speech,ecb guindos speech,hcob construction pmi,construction pmi,construction pmi,hcob construction pmi,hcob construction pmi,construction pmi,construction pmi,construction pmi,foreign exchange reserves,construction pmi,hcob construction pmi,new car registrations_yoy,producer price index_yoy,new passenger car registrations,new car sales_yoy,new car registrations_yoy,ecb lane speech,s&p global construction pmi,sentix investors sentiment",SINGLE_WAVE_FORT_DOWN,47.0,1.16519,55.899999999999835,47.0,,,,,,,,0.85,,,,,,,,,,,,,
392,2025-10-10 16:31:00+02:00,62.32000000000015,UP,7,172.88709868837935,"fed goolsbee speech,michigan consumer expectations,inflation expectations,michigan inflation expectations,michigan current conditions,michigan consumer sentiment,michigan 5 year inflation expectations",DOUBLE_WAVE_UP,,,,,,,,,,,,0.9,75.0,1.16312,64.89999999999884,75.0,110.0,1.16259,59.59999999999965,110.0,91.0,1.16089,0.3436055469953766,,
393,2025-10-24 15:52:00+02:00,40.270000000000024,UP,15,325.5355482259579,"business confidence,nbb business confidence,s&p global manufacturing pmi flash,s&p global services pmi flash,s&p global manufacturing pmi,s&p global services pmi,s&p global composite pmi,s&p global composite pmi flash,michigan current conditions,michigan consumer sentiment,new home sales,inflation expectations,michigan 5 year inflation expectations,michigan inflation expectations,michigan consumer expectations",SINGLE_WAVE_FORT_UP,,,,,,,,,,,,0.85,48.0,1.16499,39.199999999999235,48.0,,,,,,,,,
394,2025-10-29 21:04:00+01:00,65.73999999999857,DOWN,2,20.41333333333295,"interest rate decision,interest rate decision",SINGLE_WAVE_FORT_DOWN,71.0,1.15803,67.60000000000099,71.0,,,,,,,,0.85,,,,,,,,,,,,,
395,2025-10-30 15:12:00+01:00,50.60999999999982,DOWN,12,307.0362057828207,"marginal lending rate,deposit facility rate,ecb interest rate decision,ecb press conference,fed bowman speech,m3 money supply_yoy,cpi,ecb lagarde speech,bank lending_yoy,ny fed treasury purchases tips 7.5 to 30 yrs,m3 money supply_yoy,eia natural gas stocks change",DOUBLE_WAVE_DOWN,69.0,1.15472,48.6999999999993,69.0,105.0,1.1567,28.89999999999837,105.0,102.0,1.15768,0.6078028747433504,0.9,,,,,,,,,,,,,
